<?xml version="1.0" encoding="UTF-8"?>
<kml xmlns="http://www.opengis.net/kml/2.2">
<Document>
<LookAt>
<longitude>-110.28692908</longitude>
<latitude>34.13584268</latitude>
<range>256553</range>
</LookAt>
<Style id="Filled_Label_00">
<IconStyle>
<scale>0.0</scale>
<Icon>
<href>https://www.topografix.com/symbols/blank.png</href>
</Icon>
</IconStyle>
<LabelStyle>
<scale>0.0</scale>
</LabelStyle>
</Style>
<Style id="Filled_Label_01">
<IconStyle>
<scale>0.0</scale>
<Icon>
<href>https://www.topografix.com/symbols/blank.png</href>
</Icon>
</IconStyle>
<LabelStyle>
<scale>0.3</scale>
</LabelStyle>
</Style>
<Style id="Filled_Label_02">
<IconStyle>
<scale>0.0</scale>
<Icon>
<href>https://www.topografix.com/symbols/blank.png</href>
</Icon>
</IconStyle>
<LabelStyle>
<scale>0.4</scale>
</LabelStyle>
</Style>
<Style id="Filled_Label_03">
<IconStyle>
<scale>0.0</scale>
<Icon>
<href>https://www.topografix.com/symbols/blank.png</href>
</Icon>
</IconStyle>
<LabelStyle>
<scale>0.5</scale>
</LabelStyle>
</Style>
<Style id="Filled_Label_04">
<IconStyle>
<scale>0.0</scale>
<Icon>
<href>https://www.topografix.com/symbols/blank.png</href>
</Icon>
</IconStyle>
<LabelStyle>
<scale>0.6</scale>
</LabelStyle>
</Style>
<Style id="Filled_Label_05">
<IconStyle>
<scale>0.0</scale>
<Icon>
<href>https://www.topografix.com/symbols/blank.png</href>
</Icon>
</IconStyle>
<LabelStyle>
<scale>0.7</scale>
</LabelStyle>
</Style>
<Style id="Filled_Label_06">
<IconStyle>
<scale>0.0</scale>
<Icon>
<href>https://www.topografix.com/symbols/blank.png</href>
</Icon>
</IconStyle>
<LabelStyle>
<scale>0.8</scale>
</LabelStyle>
</Style>
<Style id="Filled_Label_07">
<IconStyle>
<scale>0.0</scale>
<Icon>
<href>https://www.topografix.com/symbols/blank.png</href>
</Icon>
</IconStyle>
<LabelStyle>
<scale>0.9</scale>
</LabelStyle>
</Style>
<Style id="Filled_Label_08">
<IconStyle>
<scale>0.0</scale>
<Icon>
<href>https://www.topografix.com/symbols/blank.png</href>
</Icon>
</IconStyle>
<LabelStyle>
<scale>1.0</scale>
</LabelStyle>
</Style>
<Style id="Filled_Label_09">
<IconStyle>
<scale>0.0</scale>
<Icon>
<href>https://www.topografix.com/symbols/blank.png</href>
</Icon>
</IconStyle>
<LabelStyle>
<scale>1.1</scale>
</LabelStyle>
</Style>
<Style id="Point_Trail_description_145_05">
<IconStyle>
<scale>0.50</scale>
<Icon>
<href>https://www.topografix.com/symbols/Garmin/Flag_Red.png</href>
</Icon>
</IconStyle>
<LabelStyle>
<scale>0.7</scale>
</LabelStyle>
<BalloonStyle>
<text>
<![CDATA[<style>td{font-size:1.5em; } table{border-collapse:collapse; border:1px;}</style><b><font color="#eb6b0b" size="+5">$[name]</font></b><br /><br /><font size="+3">$[description]</font><br /><br /><table width="1000px" border="1px"><tr style="background-color:FFFFFF"><td width="20%">Type</td><td>$[Type]</td></tr><tr style="background-color:D8E6E6"><td width="20%">Symbol</td><td>$[Symbol]</td></tr><tr style="background-color:FFFFFF"><td width="20%">Name on GPS</td><td>$[Name on GPS]</td></tr><tr style="background-color:D8E6E6"><td width="20%">Comment</td><td>$[Comment]</td></tr><tr style="background-color:FFFFFF"><td width="20%">Latitude</td><td>$[Latitude]</td></tr><tr style="background-color:D8E6E6"><td width="20%">Longitude</td><td>$[Longitude]</td></tr><tr style="background-color:FFFFFF"><td width="20%">Elevation</td><td>$[Elevation]</td></tr><tr style="background-color:D8E6E6"><td width="20%">Distance to Active Point</td><td>$[Distance to Active Point]</td></tr><tr style="background-color:FFFFFF"><td width="20%">Bearing</td><td>$[Bearing]</td></tr></table></body>]]></text>
</BalloonStyle>
</Style>
<Style id="Line_Forest_Service_Rd_level_2_or_higher_000000_04">
<LineStyle>
<color>ff000000</color>
<width>4.0</width>
</LineStyle>
<PolyStyle>
<fill>0</fill>
</PolyStyle>
<BalloonStyle>
<text>
<![CDATA[<style>td{font-size:1.5em; } table{border-collapse:collapse; border:1px;}</style><b><font color="#eb6b0b" size="+5">$[name]</font></b><br /><br /><font size="+3">$[description]</font><br /><br /><table width="1000px" border="1px"><tr style="background-color:FFFFFF"><td width="20%">Type</td><td>$[Type]</td></tr><tr style="background-color:D8E6E6"><td width="20%">Name on GPS</td><td>$[Name on GPS]</td></tr><tr style="background-color:FFFFFF"><td width="20%">Total Distance</td><td>$[Total Distance]</td></tr><tr style="background-color:D8E6E6"><td width="20%">Number of Trackpoints</td><td>$[Number of Trackpoints]</td></tr></table></body>]]></text>
</BalloonStyle>
</Style>
<Style id="Line_Forest_Service_Rd_level_2_or_higher_0dd5fc_04">
<LineStyle>
<color>fffcd50d</color>
<width>4.0</width>
</LineStyle>
<PolyStyle>
<fill>0</fill>
</PolyStyle>
<BalloonStyle>
<text>
<![CDATA[<style>td{font-size:1.5em; } table{border-collapse:collapse; border:1px;}</style><b><font color="#eb6b0b" size="+5">$[name]</font></b><br /><br /><font size="+3">$[description]</font><br /><br /><table width="1000px" border="1px"><tr style="background-color:FFFFFF"><td width="20%">Type</td><td>$[Type]</td></tr><tr style="background-color:D8E6E6"><td width="20%">Name on GPS</td><td>$[Name on GPS]</td></tr><tr style="background-color:FFFFFF"><td width="20%">Total Distance</td><td>$[Total Distance]</td></tr><tr style="background-color:D8E6E6"><td width="20%">Number of Trackpoints</td><td>$[Number of Trackpoints]</td></tr></table></body>]]></text>
</BalloonStyle>
</Style>
<Style id="Line_Forest_Service_Rd_level_2_or_higher_e6e6fa_04">
<LineStyle>
<color>fffae6e6</color>
<width>4.0</width>
</LineStyle>
<PolyStyle>
<fill>0</fill>
</PolyStyle>
<BalloonStyle>
<text>
<![CDATA[<style>td{font-size:1.5em; } table{border-collapse:collapse; border:1px;}</style><b><font color="#eb6b0b" size="+5">$[name]</font></b><br /><br /><font size="+3">$[description]</font><br /><br /><table width="1000px" border="1px"><tr style="background-color:FFFFFF"><td width="20%">Type</td><td>$[Type]</td></tr><tr style="background-color:D8E6E6"><td width="20%">Name on GPS</td><td>$[Name on GPS]</td></tr><tr style="background-color:FFFFFF"><td width="20%">Total Distance</td><td>$[Total Distance]</td></tr><tr style="background-color:D8E6E6"><td width="20%">Number of Trackpoints</td><td>$[Number of Trackpoints]</td></tr></table></body>]]></text>
</BalloonStyle>
</Style>
<Style id="Line_Forest_Service_Rd_level_2_or_higher_0000ff_04">
<LineStyle>
<color>ffff0000</color>
<width>4.0</width>
</LineStyle>
<PolyStyle>
<fill>0</fill>
</PolyStyle>
<BalloonStyle>
<text>
<![CDATA[<style>td{font-size:1.5em; } table{border-collapse:collapse; border:1px;}</style><b><font color="#eb6b0b" size="+5">$[name]</font></b><br /><br /><font size="+3">$[description]</font><br /><br /><table width="1000px" border="1px"><tr style="background-color:FFFFFF"><td width="20%">Type</td><td>$[Type]</td></tr><tr style="background-color:D8E6E6"><td width="20%">Name on GPS</td><td>$[Name on GPS]</td></tr><tr style="background-color:FFFFFF"><td width="20%">Total Distance</td><td>$[Total Distance]</td></tr><tr style="background-color:D8E6E6"><td width="20%">Number of Trackpoints</td><td>$[Number of Trackpoints]</td></tr></table></body>]]></text>
</BalloonStyle>
</Style>
<Folder>
<name>Waypoints</name>
<Folder>
<name>Trail description</name>
<Placemark>
<name>AZAT-01 Rye Creek</name>
<LookAt>
<longitude>-111.27776949</longitude>
<latitude>34.11036337</latitude>
<range>200</range>
</LookAt>
<styleUrl>#Point_Trail_description_145_05</styleUrl>
<ExtendedData>
<Data name="Type">
<value>Trail description</value>
</Data>
<Data name="Symbol">
<value>Flag, Red</value>
</Data>
<Data name="Name on GPS">
<value>AZAT-Rye Creek</value>
</Data>
<Data name="Comment">
</Data>
<Data name="Latitude">
<value>N34.1103634</value>
</Data>
<Data name="Longitude">
<value>W111.2777695</value>
</Data>
<Data name="Elevation">
<value>2939 ft</value>
</Data>
<Data name="Distance to Active Point">
<value>113.7 mi</value>
</Data>
<Data name="Bearing">
<value>273.37° True</value>
</Data>
</ExtendedData>
<Point>
<coordinates>-111.27776949,34.11036337</coordinates>
</Point>
</Placemark>
<Placemark>
<name>AZAT-02 Tonto Basin</name>
<LookAt>
<longitude>-111.31258222</longitude>
<latitude>33.94474114</latitude>
<range>200</range>
</LookAt>
<styleUrl>#Point_Trail_description_145_05</styleUrl>
<ExtendedData>
<Data name="Type">
<value>Trail description</value>
</Data>
<Data name="Symbol">
<value>Flag, Red</value>
</Data>
<Data name="Name on GPS">
<value>AZAT-Tonto Basin</value>
</Data>
<Data name="Comment">
</Data>
<Data name="Latitude">
<value>N33.9447411</value>
</Data>
<Data name="Longitude">
<value>W111.3125822</value>
</Data>
<Data name="Elevation">
<value>2481 ft</value>
</Data>
<Data name="Distance to Active Point">
<value>115.8 mi</value>
</Data>
<Data name="Bearing">
<value>267.68° True</value>
</Data>
</ExtendedData>
<Point>
<coordinates>-111.31258222,33.94474114</coordinates>
</Point>
</Placemark>
<Placemark>
<name>AZAT-03 Juniper Canyon</name>
<LookAt>
<longitude>-111.13714429</longitude>
<latitude>33.95718703</latitude>
<range>200</range>
</LookAt>
<styleUrl>#Point_Trail_description_145_05</styleUrl>
<ExtendedData>
<Data name="Type">
<value>Trail description</value>
</Data>
<Data name="Symbol">
<value>Flag, Red</value>
</Data>
<Data name="Name on GPS">
<value>AZAT0-Juniper Canyon</value>
</Data>
<Data name="Comment">
</Data>
<Data name="Latitude">
<value>N33.9571870</value>
</Data>
<Data name="Longitude">
<value>W111.1371443</value>
</Data>
<Data name="Elevation">
<value>5762 ft</value>
</Data>
<Data name="Distance to Active Point">
<value>105.7 mi</value>
</Data>
<Data name="Bearing">
<value>267.82° True</value>
</Data>
</ExtendedData>
<Point>
<coordinates>-111.13714429,33.95718703</coordinates>
</Point>
</Placemark>
<Placemark>
<name>AZAT-04 Cherry Creek</name>
<LookAt>
<longitude>-110.81700253</longitude>
<latitude>34.05545455</latitude>
<range>200</range>
</LookAt>
<styleUrl>#Point_Trail_description_145_05</styleUrl>
<ExtendedData>
<Data name="Type">
<value>Trail description</value>
</Data>
<Data name="Symbol">
<value>Flag, Red</value>
</Data>
<Data name="Name on GPS">
<value>AZAT-Cherry Creek</value>
</Data>
<Data name="Comment">
</Data>
<Data name="Latitude">
<value>N34.0554545</value>
</Data>
<Data name="Longitude">
<value>W110.8170025</value>
</Data>
<Data name="Elevation">
<value>5588 ft</value>
</Data>
<Data name="Distance to Active Point">
<value>87.2 mi</value>
</Data>
<Data name="Bearing">
<value>271.61° True</value>
</Data>
</ExtendedData>
<Point>
<coordinates>-110.81700253,34.05545455</coordinates>
</Point>
</Placemark>
<Placemark>
<name>AZAT-05 Canyon Point</name>
<LookAt>
<longitude>-110.83863186</longitude>
<latitude>34.26080509</latitude>
<range>200</range>
</LookAt>
<styleUrl>#Point_Trail_description_145_05</styleUrl>
<ExtendedData>
<Data name="Type">
<value>Trail description</value>
</Data>
<Data name="Symbol">
<value>Flag, Red</value>
</Data>
<Data name="Name on GPS">
<value>AZAT-Canyon Point</value>
</Data>
<Data name="Comment">
</Data>
<Data name="Latitude">
<value>N34.2608051</value>
</Data>
<Data name="Longitude">
<value>W110.8386319</value>
</Data>
<Data name="Elevation">
<value>7596 ft</value>
</Data>
<Data name="Distance to Active Point">
<value>89.7 mi</value>
</Data>
<Data name="Bearing">
<value>280.68° True</value>
</Data>
</ExtendedData>
<Point>
<coordinates>-110.83863186,34.26080509</coordinates>
</Point>
</Placemark>
<Placemark>
<name>AZAT-06 Legacy Ranch</name>
<LookAt>
<longitude>-110.64324903</longitude>
<latitude>34.32741940</latitude>
<range>200</range>
</LookAt>
<styleUrl>#Point_Trail_description_145_05</styleUrl>
<ExtendedData>
<Data name="Type">
<value>Trail description</value>
</Data>
<Data name="Symbol">
<value>Flag, Red</value>
</Data>
<Data name="Name on GPS">
<value>AZAT-Legacy Ranch</value>
</Data>
<Data name="Comment">
</Data>
<Data name="Latitude">
<value>N34.3274194</value>
</Data>
<Data name="Longitude">
<value>W110.6432490</value>
</Data>
<Data name="Elevation">
<value>6962 ft</value>
</Data>
<Data name="Distance to Active Point">
<value>79.8 mi</value>
</Data>
<Data name="Bearing">
<value>285.31° True</value>
</Data>
</ExtendedData>
<Point>
<coordinates>-110.64324903,34.32741940</coordinates>
</Point>
</Placemark>
<Placemark>
<name>AZAT-07 Deer Springs Lookout</name>
<LookAt>
<longitude>-110.34021138</longitude>
<latitude>34.31934698</latitude>
<range>200</range>
</LookAt>
<styleUrl>#Point_Trail_description_145_05</styleUrl>
<ExtendedData>
<Data name="Type">
<value>Trail description</value>
</Data>
<Data name="Symbol">
<value>Flag, Red</value>
</Data>
<Data name="Name on GPS">
<value>AZAT-Deer Springs Lookout</value>
</Data>
<Data name="Comment">
</Data>
<Data name="Latitude">
<value>N34.3193470</value>
</Data>
<Data name="Longitude">
<value>W110.3402114</value>
</Data>
<Data name="Elevation">
<value>6555 ft</value>
</Data>
<Data name="Distance to Active Point">
<value>63.0 mi</value>
</Data>
<Data name="Bearing">
<value>288.81° True</value>
</Data>
</ExtendedData>
<Point>
<coordinates>-110.34021138,34.31934698</coordinates>
</Point>
</Placemark>
<Placemark>
<name>AZAT-12 Black River</name>
<LookAt>
<longitude>-109.44958924</longitude>
<latitude>33.79689546</latitude>
<range>200</range>
</LookAt>
<styleUrl>#Point_Trail_description_145_05</styleUrl>
<ExtendedData>
<Data name="Type">
<value>Trail description</value>
</Data>
<Data name="Symbol">
<value>Flag, Red</value>
</Data>
<Data name="Name on GPS">
<value>AZAT-Black River</value>
</Data>
<Data name="Comment">
</Data>
<Data name="Latitude">
<value>N33.7968955</value>
</Data>
<Data name="Longitude">
<value>W109.4495892</value>
</Data>
<Data name="Elevation">
<value>8390 ft</value>
</Data>
<Data name="Distance to Active Point">
<value>18.2 mi</value>
</Data>
<Data name="Bearing">
<value>208.65° True</value>
</Data>
</ExtendedData>
<Point>
<coordinates>-109.44958924,33.79689546</coordinates>
</Point>
</Placemark>
<Placemark>
<name>AZAT-13 Hannagan</name>
<LookAt>
<longitude>-109.41525696</longitude>
<latitude>33.62991048</latitude>
<range>200</range>
</LookAt>
<styleUrl>#Point_Trail_description_145_05</styleUrl>
<ExtendedData>
<Data name="Type">
<value>Trail description</value>
</Data>
<Data name="Symbol">
<value>Flag, Red</value>
</Data>
<Data name="Name on GPS">
<value>AZAT-Hannagan</value>
</Data>
<Data name="Comment">
</Data>
<Data name="Latitude">
<value>N33.6299105</value>
</Data>
<Data name="Longitude">
<value>W109.4152570</value>
</Data>
<Data name="Elevation">
<value>8445 ft</value>
</Data>
<Data name="Distance to Active Point">
<value>28.3 mi</value>
</Data>
<Data name="Bearing">
<value>193.85° True</value>
</Data>
</ExtendedData>
<Point>
<coordinates>-109.41525696,33.62991048</coordinates>
</Point>
</Placemark>
<Placemark>
<name>AZAT-14 Balke Cabin</name>
<LookAt>
<longitude>-109.35349500</longitude>
<latitude>33.71875400</latitude>
<range>200</range>
</LookAt>
<styleUrl>#Point_Trail_description_145_05</styleUrl>
<ExtendedData>
<Data name="Type">
<value>Trail description</value>
</Data>
<Data name="Symbol">
<value>Flag, Red</value>
</Data>
<Data name="Name on GPS">
<value>AZAT-Balke Cabin</value>
</Data>
<Data name="Comment">
</Data>
<Data name="Latitude">
<value>N33.7187540</value>
</Data>
<Data name="Longitude">
<value>W109.3534950</value>
</Data>
<Data name="Elevation">
<value>7582 ft</value>
</Data>
<Data name="Distance to Active Point">
<value>21.6 mi</value>
</Data>
<Data name="Bearing">
<value>188.55° True</value>
</Data>
</ExtendedData>
<Point>
<coordinates>-109.35349500,33.71875400</coordinates>
</Point>
</Placemark>
<Placemark>
<name>AZAT-15 Johns Canyon</name>
<LookAt>
<longitude>-109.25569900</longitude>
<latitude>33.82990700</latitude>
<range>200</range>
</LookAt>
<styleUrl>#Point_Trail_description_145_05</styleUrl>
<ExtendedData>
<Data name="Type">
<value>Trail description</value>
</Data>
<Data name="Symbol">
<value>Flag, Red</value>
</Data>
<Data name="Name on GPS">
<value>AZAT-Johns Canyon</value>
</Data>
<Data name="Comment">
</Data>
<Data name="Latitude">
<value>N33.8299070</value>
</Data>
<Data name="Longitude">
<value>W109.2556990</value>
</Data>
<Data name="Elevation">
<value>8520 ft</value>
</Data>
<Data name="Distance to Active Point">
<value>13.9 mi</value>
</Data>
<Data name="Bearing">
<value>170.04° True</value>
</Data>
</ExtendedData>
<Point>
<coordinates>-109.25569900,33.82990700</coordinates>
</Point>
</Placemark>
<Placemark>
<name>AZAT-16 Mamie Creek</name>
<LookAt>
<longitude>-109.08215723</longitude>
<latitude>33.91579246</latitude>
<range>200</range>
</LookAt>
<styleUrl>#Point_Trail_description_145_05</styleUrl>
<ExtendedData>
<Data name="Type">
<value>Trail description</value>
</Data>
<Data name="Symbol">
<value>Flag, Red</value>
</Data>
<Data name="Name on GPS">
<value>AZAT-Mamie Creek</value>
</Data>
<Data name="Comment">
</Data>
<Data name="Latitude">
<value>N33.9157925</value>
</Data>
<Data name="Longitude">
<value>W109.0821572</value>
</Data>
<Data name="Elevation">
<value>8537 ft</value>
</Data>
<Data name="Distance to Active Point">
<value>14.6 mi</value>
</Data>
<Data name="Bearing">
<value>122.22° True</value>
</Data>
</ExtendedData>
<Point>
<coordinates>-109.08215723,33.91579246</coordinates>
</Point>
</Placemark>
<Placemark>
<name>AZAT-17 Milligan Valley</name>
<LookAt>
<longitude>-109.15906152</longitude>
<latitude>34.00987440</latitude>
<range>200</range>
</LookAt>
<styleUrl>#Point_Trail_description_145_05</styleUrl>
<ExtendedData>
<Data name="Type">
<value>Trail description</value>
</Data>
<Data name="Symbol">
<value>Flag, Red</value>
</Data>
<Data name="Name on GPS">
<value>AZAT-Milligan Valley</value>
</Data>
<Data name="Comment">
</Data>
<Data name="Latitude">
<value>N34.0098744</value>
</Data>
<Data name="Longitude">
<value>W109.1590615</value>
</Data>
<Data name="Elevation">
<value>7953 ft</value>
</Data>
<Data name="Distance to Active Point">
<value>8.1 mi</value>
</Data>
<Data name="Bearing">
<value>99.47° True</value>
</Data>
</ExtendedData>
<Point>
<coordinates>-109.15906152,34.00987440</coordinates>
</Point>
</Placemark>
<Placemark>
<name>AZAT-18 South Fork</name>
<LookAt>
<longitude>-109.36528585</longitude>
<latitude>33.99168579</latitude>
<range>200</range>
</LookAt>
<styleUrl>#Point_Trail_description_145_05</styleUrl>
<ExtendedData>
<Data name="Type">
<value>Trail description</value>
</Data>
<Data name="Symbol">
<value>Flag, Red</value>
</Data>
<Data name="Name on GPS">
<value>AZAT-South Fork</value>
</Data>
<Data name="Comment">
</Data>
<Data name="Latitude">
<value>N33.9916858</value>
</Data>
<Data name="Longitude">
<value>W109.3652859</value>
</Data>
<Data name="Elevation">
<value>9288 ft</value>
</Data>
<Data name="Distance to Active Point">
<value>4.7 mi</value>
</Data>
<Data name="Bearing">
<value>236.37° True</value>
</Data>
</ExtendedData>
<Point>
<coordinates>-109.36528585,33.99168579</coordinates>
</Point>
</Placemark>
<Placemark>
<name>AZAT-20 Canero Lake</name>
<LookAt>
<longitude>-109.51868106</longitude>
<latitude>34.14568484</latitude>
<range>200</range>
</LookAt>
<styleUrl>#Point_Trail_description_145_05</styleUrl>
<ExtendedData>
<Data name="Type">
<value>Trail description</value>
</Data>
<Data name="Symbol">
<value>Flag, Red</value>
</Data>
<Data name="Name on GPS">
<value>AZAT- Canero Lake</value>
</Data>
<Data name="Comment">
</Data>
<Data name="Latitude">
<value>N34.1456848</value>
</Data>
<Data name="Longitude">
<value>W109.5186811</value>
</Data>
<Data name="Elevation">
<value>8284 ft</value>
</Data>
<Data name="Distance to Active Point">
<value>15.0 mi</value>
</Data>
<Data name="Bearing">
<value>302.41° True</value>
</Data>
</ExtendedData>
<Point>
<coordinates>-109.51868106,34.14568484</coordinates>
</Point>
</Placemark>
<Placemark>
<name>AZAT-21 Land of the Pioneers</name>
<LookAt>
<longitude>-109.71777200</longitude>
<latitude>34.21163701</latitude>
<range>200</range>
</LookAt>
<styleUrl>#Point_Trail_description_145_05</styleUrl>
<ExtendedData>
<Data name="Type">
<value>Trail description</value>
</Data>
<Data name="Symbol">
<value>Flag, Red</value>
</Data>
<Data name="Name on GPS">
<value>AZAT-Land of the Pioneers</value>
</Data>
<Data name="Comment">
</Data>
<Data name="Latitude">
<value>N34.2116370</value>
</Data>
<Data name="Longitude">
<value>W109.7177720</value>
</Data>
<Data name="Elevation">
<value>7474 ft</value>
</Data>
<Data name="Distance to Active Point">
<value>27.2 mi</value>
</Data>
<Data name="Bearing">
<value>297.69° True</value>
</Data>
</ExtendedData>
<Point>
<coordinates>-109.71777200,34.21163701</coordinates>
</Point>
</Placemark>
<Placemark>
<name>AZAT-09 Porter Mountain</name>
<LookAt>
<longitude>-109.94067353</longitude>
<latitude>34.22796076</latitude>
<range>200</range>
</LookAt>
<styleUrl>#Point_Trail_description_145_05</styleUrl>
<ExtendedData>
<Data name="Type">
<value>Trail description</value>
</Data>
<Data name="Symbol">
<value>Flag, Red</value>
</Data>
<Data name="Name on GPS">
<value>AZAT-Porter Mountain</value>
</Data>
<Data name="Comment">
</Data>
<Data name="Latitude">
<value>N34.2279608</value>
</Data>
<Data name="Longitude">
<value>W109.9406735</value>
</Data>
<Data name="Elevation">
<value>6760 ft</value>
</Data>
<Data name="Distance to Active Point">
<value>39.3 mi</value>
</Data>
<Data name="Bearing">
<value>290.57° True</value>
</Data>
</ExtendedData>
<Point>
<coordinates>-109.94067353,34.22796076</coordinates>
</Point>
</Placemark>
<Placemark>
<name>AZAT-23 Lone Pine Dam</name>
<LookAt>
<longitude>-110.05314500</longitude>
<latitude>34.34186300</latitude>
<range>200</range>
</LookAt>
<styleUrl>#Point_Trail_description_145_05</styleUrl>
<ExtendedData>
<Data name="Type">
<value>Trail description</value>
</Data>
<Data name="Symbol">
<value>Flag, Red</value>
</Data>
<Data name="Name on GPS">
<value>AZAT-Lone Pine Dam</value>
</Data>
<Data name="Comment">
</Data>
<Data name="Latitude">
<value>N34.3418630</value>
</Data>
<Data name="Longitude">
<value>W110.0531450</value>
</Data>
<Data name="Elevation">
<value>6230 ft</value>
</Data>
<Data name="Distance to Active Point">
<value>48.3 mi</value>
</Data>
<Data name="Bearing">
<value>296.68° True</value>
</Data>
</ExtendedData>
<Point>
<coordinates>-110.05314500,34.34186300</coordinates>
</Point>
</Placemark>
<Placemark>
<name>AZAT-25 Many Draws</name>
<LookAt>
<longitude>-110.51676911</longitude>
<latitude>34.47256117</latitude>
<range>200</range>
</LookAt>
<styleUrl>#Point_Trail_description_145_05</styleUrl>
<ExtendedData>
<Data name="Type">
<value>Trail description</value>
</Data>
<Data name="Symbol">
<value>Flag, Red</value>
</Data>
<Data name="Name on GPS">
<value>AZAT- Many Draws</value>
</Data>
<Data name="Comment">
</Data>
<Data name="Latitude">
<value>N34.4725612</value>
</Data>
<Data name="Longitude">
<value>W110.5167691</value>
</Data>
<Data name="Elevation">
<value>6439 ft</value>
</Data>
<Data name="Distance to Active Point">
<value>76.2 mi</value>
</Data>
<Data name="Bearing">
<value>293.99° True</value>
</Data>
</ExtendedData>
<Point>
<coordinates>-110.51676911,34.47256117</coordinates>
</Point>
</Placemark>
<Placemark>
<name>AZAT-26 Chevelon Crossing</name>
<LookAt>
<longitude>-110.68715900</longitude>
<latitude>34.50003500</latitude>
<range>200</range>
</LookAt>
<styleUrl>#Point_Trail_description_145_05</styleUrl>
<ExtendedData>
<Data name="Type">
<value>Trail description</value>
</Data>
<Data name="Symbol">
<value>Flag, Red</value>
</Data>
<Data name="Name on GPS">
<value>AZAT-Chevelon Crossing</value>
</Data>
<Data name="Comment">
</Data>
<Data name="Latitude">
<value>N34.5000350</value>
</Data>
<Data name="Longitude">
<value>W110.6871590</value>
</Data>
<Data name="Elevation">
<value>6713 ft</value>
</Data>
<Data name="Distance to Active Point">
<value>85.9 mi</value>
</Data>
<Data name="Bearing">
<value>292.59° True</value>
</Data>
</ExtendedData>
<Point>
<coordinates>-110.68715900,34.50003500</coordinates>
</Point>
</Placemark>
<Placemark>
<name>AZAT-27 Canyon Lands</name>
<LookAt>
<longitude>-110.91829300</longitude>
<latitude>34.59554900</latitude>
<range>200</range>
</LookAt>
<styleUrl>#Point_Trail_description_145_05</styleUrl>
<ExtendedData>
<Data name="Type">
<value>Trail description</value>
</Data>
<Data name="Symbol">
<value>Flag, Red</value>
</Data>
<Data name="Name on GPS">
<value>AZAT-Canyon Lands</value>
</Data>
<Data name="Comment">
</Data>
<Data name="Latitude">
<value>N34.5955490</value>
</Data>
<Data name="Longitude">
<value>W110.9182930</value>
</Data>
<Data name="Elevation">
<value>6840 ft</value>
</Data>
<Data name="Distance to Active Point">
<value>100.6 mi</value>
</Data>
<Data name="Bearing">
<value>293.29° True</value>
</Data>
</ExtendedData>
<Point>
<coordinates>-110.91829300,34.59554900</coordinates>
</Point>
</Placemark>
<Placemark>
<name>AZAT-28 View After View</name>
<LookAt>
<longitude>-111.25275100</longitude>
<latitude>34.45506300</latitude>
<range>200</range>
</LookAt>
<styleUrl>#Point_Trail_description_145_05</styleUrl>
<ExtendedData>
<Data name="Type">
<value>Trail description</value>
</Data>
<Data name="Symbol">
<value>Flag, Red</value>
</Data>
<Data name="Name on GPS">
<value>AZAT-View After View</value>
</Data>
<Data name="Comment">
</Data>
<Data name="Latitude">
<value>N34.4550630</value>
</Data>
<Data name="Longitude">
<value>W111.2527510</value>
</Data>
<Data name="Elevation">
<value>7372 ft</value>
</Data>
<Data name="Distance to Active Point">
<value>115.7 mi</value>
</Data>
<Data name="Bearing">
<value>285.25° True</value>
</Data>
</ExtendedData>
<Point>
<coordinates>-111.25275100,34.45506300</coordinates>
</Point>
</Placemark>
<Placemark>
<name>AZAT-29 The Rim</name>
<LookAt>
<longitude>-111.49523896</longitude>
<latitude>34.43274527</latitude>
<range>200</range>
</LookAt>
<styleUrl>#Point_Trail_description_145_05</styleUrl>
<ExtendedData>
<Data name="Type">
<value>Trail description</value>
</Data>
<Data name="Symbol">
<value>Flag, Red</value>
</Data>
<Data name="Name on GPS">
<value>AZAT-The Rim</value>
</Data>
<Data name="Comment">
</Data>
<Data name="Latitude">
<value>N34.4327453</value>
</Data>
<Data name="Longitude">
<value>W111.4952390</value>
</Data>
<Data name="Elevation">
<value>6713 ft</value>
</Data>
<Data name="Distance to Active Point">
<value>128.8 mi</value>
</Data>
<Data name="Bearing">
<value>283.08° True</value>
</Data>
</ExtendedData>
<Point>
<coordinates>-111.49523896,34.43274527</coordinates>
</Point>
</Placemark>
<Placemark>
<name>AZAT-30 Doll Baby</name>
<LookAt>
<longitude>-111.41844946</longitude>
<latitude>34.31250682</latitude>
<range>200</range>
</LookAt>
<styleUrl>#Point_Trail_description_145_05</styleUrl>
<ExtendedData>
<Data name="Type">
<value>Trail description</value>
</Data>
<Data name="Symbol">
<value>Flag, Red</value>
</Data>
<Data name="Name on GPS">
<value>AZAT-Doll Baby</value>
</Data>
<Data name="Comment">
</Data>
<Data name="Latitude">
<value>N34.3125068</value>
</Data>
<Data name="Longitude">
<value>W111.4184495</value>
</Data>
<Data name="Elevation">
<value>5243 ft</value>
</Data>
<Data name="Distance to Active Point">
<value>123.1 mi</value>
</Data>
<Data name="Bearing">
<value>279.73° True</value>
</Data>
</ExtendedData>
<Point>
<coordinates>-111.41844946,34.31250682</coordinates>
</Point>
</Placemark>
<Placemark>
<name>AZAT-08 Borderline</name>
<LookAt>
<longitude>-110.21650973</longitude>
<latitude>34.23861074</latitude>
<range>200</range>
</LookAt>
<styleUrl>#Point_Trail_description_145_05</styleUrl>
<ExtendedData>
<Data name="Type">
<value>Trail description</value>
</Data>
<Data name="Symbol">
<value>Flag, Red</value>
</Data>
<Data name="Name on GPS">
<value>AZAT-Borderline</value>
</Data>
<Data name="Comment">
</Data>
<Data name="Latitude">
<value>N34.2386107</value>
</Data>
<Data name="Longitude">
<value>W110.2165097</value>
</Data>
<Data name="Elevation">
<value>6823 ft</value>
</Data>
<Data name="Distance to Active Point">
<value>54.6 mi</value>
</Data>
<Data name="Bearing">
<value>285.58° True</value>
</Data>
</ExtendedData>
<Point>
<coordinates>-110.21650973,34.23861074</coordinates>
</Point>
</Placemark>
<Placemark>
<name>AZAT-10 Greens Peak</name>
<LookAt>
<longitude>-109.78869618</longitude>
<latitude>34.16403679</latitude>
<range>200</range>
</LookAt>
<styleUrl>#Point_Trail_description_145_05</styleUrl>
<ExtendedData>
<Data name="Type">
<value>Trail description</value>
</Data>
<Data name="Symbol">
<value>Flag, Red</value>
</Data>
<Data name="Name on GPS">
<value>AZAT-Greens Peak</value>
</Data>
<Data name="Comment">
</Data>
<Data name="Latitude">
<value>N34.1640368</value>
</Data>
<Data name="Longitude">
<value>W109.7886962</value>
</Data>
<Data name="Elevation">
<value>7735 ft</value>
</Data>
<Data name="Distance to Active Point">
<value>29.7 mi</value>
</Data>
<Data name="Bearing">
<value>288.40° True</value>
</Data>
</ExtendedData>
<Point>
<coordinates>-109.78869618,34.16403679</coordinates>
</Point>
</Placemark>
<Placemark>
<name>AZAT-24 Maverick West</name>
<LookAt>
<longitude>-110.22502266</longitude>
<latitude>34.42540267</latitude>
<range>200</range>
</LookAt>
<styleUrl>#Point_Trail_description_145_05</styleUrl>
<ExtendedData>
<Data name="Type">
<value>Trail description</value>
</Data>
<Data name="Symbol">
<value>Flag, Red</value>
</Data>
<Data name="Name on GPS">
<value>AZAT-Maverick West</value>
</Data>
<Data name="Comment">
</Data>
<Data name="Latitude">
<value>N34.4254027</value>
</Data>
<Data name="Longitude">
<value>W110.2250227</value>
</Data>
<Data name="Elevation">
<value>6021 ft</value>
</Data>
<Data name="Distance to Active Point">
<value>59.7 mi</value>
</Data>
<Data name="Bearing">
<value>297.48° True</value>
</Data>
</ExtendedData>
<Point>
<coordinates>-110.22502266,34.42540267</coordinates>
</Point>
</Placemark>
<Placemark>
<name>AZAT-11 Little Colorado River</name>
<LookAt>
<longitude>-109.51533237</longitude>
<latitude>34.03453555</latitude>
<range>200</range>
</LookAt>
<styleUrl>#Point_Trail_description_145_05</styleUrl>
<ExtendedData>
<Data name="Type">
<value>Trail description</value>
</Data>
<Data name="Symbol">
<value>Flag, Red</value>
</Data>
<Data name="Name on GPS">
<value>AZAT-Little Colorado River</value>
</Data>
<Data name="Comment">
</Data>
<Data name="Latitude">
<value>N34.0345355</value>
</Data>
<Data name="Longitude">
<value>W109.5153324</value>
</Data>
<Data name="Elevation">
<value>9287 ft</value>
</Data>
<Data name="Distance to Active Point">
<value>12.5 mi</value>
</Data>
<Data name="Bearing">
<value>271.75° True</value>
</Data>
</ExtendedData>
<Point>
<coordinates>-109.51533237,34.03453555</coordinates>
</Point>
</Placemark>
</Folder>
</Folder>
<Folder>
<name>Tracks</name>
<Folder>
<name>Forest Service Rd level 2 or higher</name>
<Placemark>
<name>AZAT-01 Rye Creek</name>
<LookAt>
<longitude>-111.33266850</longitude>
<latitude>34.11436350</latitude>
<range>25008</range>
</LookAt>
<styleUrl>#Line_Forest_Service_Rd_level_2_or_higher_000000_04</styleUrl>
<ExtendedData>
<Data name="Type">
<value>Forest Service Rd level 2 or higher</value>
</Data>
<Data name="Name on GPS">
<value>AZAT01-Rye Creek</value>
</Data>
<Data name="Total Distance">
<value>25.4 mi</value>
</Data>
<Data name="Number of Trackpoints">
<value>2683</value>
</Data>
</ExtendedData>
<LineString>
<coordinates>-111.38604400,34.21797900 -111.38602100,34.21795300 -111.38588800,34.21788400 -111.38582200,34.21785400 -111.38568800,34.21777200 -111.38563900,34.21772300 -111.38560500,34.21767400 -111.38558900,34.21762600 -111.38556600,34.21750800 -111.38556300,34.21748300 -111.38556600,34.21735800 -111.38557600,34.21731100 -111.38561500,34.21722200 -111.38569200,34.21709700 -111.38571000,34.21705100 -111.38570900,34.21692800 -111.38569000,34.21686000 -111.38561900,34.21674600 -111.38547800,34.21658300 -111.38545100,34.21655700 -111.38538500,34.21651200 -111.38534600,34.21641600 -111.38532500,34.21631700 -111.38532200,34.21628200 -111.38531800,34.21608400 -111.38534900,34.21592600 -111.38540200,34.21581700 -111.38543200,34.21576800 -111.38552200,34.21563000 -111.38556800,34.21559900 -111.38562700,34.21558000 -111.38573100,34.21552600 -111.38575900,34.21548700 -111.38578000,34.21540000 -111.38577800,34.21535300 -111.38577700,34.21514500 -111.38574300,34.21488100 -111.38573100,34.21483300 -111.38570700,34.21478800 -111.38557900,34.21462300 -111.38547800,34.21443400 -111.38544900,34.21437900 -111.38519300,34.21398200 -111.38517100,34.21393400 -111.38517000,34.21388300 -111.38518500,34.21383400 -111.38519600,34.21379000 -111.38518500,34.21374100 -111.38515800,34.21369100 -111.38502400,34.21350700 -111.38495200,34.21343900 -111.38491700,34.21340900 -111.38486400,34.21333700 -111.38481600,34.21323500 -111.38479700,34.21308200 -111.38480900,34.21298000 -111.38481700,34.21292700 -111.38480600,34.21281600 -111.38476800,34.21271100 -111.38470000,34.21262100 -111.38448300,34.21247300 -111.38441600,34.21244300 -111.38416700,34.21234500 -111.38407600,34.21225800 -111.38395800,34.21210800 -111.38392100,34.21205400 -111.38389300,34.21200500 -111.38388200,34.21195900 -111.38387700,34.21187300 -111.38389300,34.21168700 -111.38388600,34.21165800 -111.38381200,34.21146500 -111.38377100,34.21138600 -111.38374900,34.21135400 -111.38363100,34.21126000 -111.38357500,34.21123900 -111.38343500,34.21120800 -111.38321800,34.21118100 -111.38315400,34.21117500 -111.38288800,34.21115000 -111.38253800,34.21117400 -111.38248100,34.21117500 -111.38242700,34.21115600 -111.38237700,34.21112500 -111.38227700,34.21101700 -111.38216800,34.21093900 -111.38213800,34.21090700 -111.38212600,34.21089000 -111.38204800,34.21075400 -111.38185900,34.21053400 -111.38182600,34.21049400 -111.38177900,34.21045800 -111.38171900,34.21043300 -111.38128500,34.21034300 -111.38122400,34.21031900 -111.38117100,34.21029000 -111.38110500,34.21020800 -111.38097300,34.21008500 -111.38094100,34.21005600 -111.38080200,34.20993100 -111.38066200,34.20982400 -111.38058600,34.20974500 -111.38055600,34.20970100 -111.38048200,34.20961800 -111.38042100,34.20958600 -111.38034500,34.20956500 -111.37997100,34.20950800 -111.37990200,34.20949000 -111.37976800,34.20944100 -111.37970400,34.20942500 -111.37963600,34.20942200 -111.37956500,34.20943000 -111.37924400,34.20952500 -111.37915100,34.20953600 -111.37897600,34.20953800 -111.37889600,34.20954800 -111.37874000,34.20959500 -111.37851600,34.20963600 -111.37845200,34.20965700 -111.37839200,34.20968100 -111.37806100,34.20989900 -111.37803900,34.20991500 -111.37796900,34.20994500 -111.37793400,34.20994900 -111.37789300,34.20994600 -111.37775400,34.20988300 -111.37769700,34.20987700 -111.37763600,34.20988400 -111.37757700,34.20990400 -111.37747900,34.20993300 -111.37738900,34.20994200 -111.37721000,34.20992700 -111.37709900,34.20993500 -111.37703800,34.20995000 -111.37690300,34.20999100 -111.37681500,34.21000000 -111.37672700,34.20998500 -111.37663800,34.20994300 -111.37659100,34.20991000 -111.37633000,34.20966800 -111.37627300,34.20962600 -111.37620900,34.20959800 -111.37606300,34.20957200 -111.37599500,34.20957100 -111.37581400,34.20958700 -111.37564600,34.20961800 -111.37546500,34.20966700 -111.37539700,34.20968800 -111.37532900,34.20971300 -111.37520700,34.20977900 -111.37490000,34.21000100 -111.37485500,34.21004100 -111.37476900,34.21011100 -111.37461300,34.21026700 -111.37455800,34.21030800 -111.37441100,34.21038800 -111.37436700,34.21041100 -111.37419800,34.21048300 -111.37409400,34.21054900 -111.37401100,34.21063400 -111.37394700,34.21074900 -111.37392200,34.21081300 -111.37388700,34.21092800 -111.37383700,34.21115700 -111.37383200,34.21118200 -111.37378800,34.21140900 -111.37376400,34.21145700 -111.37373900,34.21148200 -111.37365400,34.21152100 -111.37355100,34.21154400 -111.37344200,34.21153700 -111.37328900,34.21149400 -111.37324800,34.21147800 -111.37310000,34.21139100 -111.37301700,34.21136300 -111.37295500,34.21136300 -111.37289300,34.21137600 -111.37284300,34.21140000 -111.37280200,34.21143300 -111.37273500,34.21150700 -111.37257800,34.21161600 -111.37254900,34.21165100 -111.37251300,34.21173300 -111.37250100,34.21176600 -111.37245700,34.21191800 -111.37238900,34.21200500 -111.37236800,34.21203000 -111.37234200,34.21205800 -111.37226800,34.21209400 -111.37208300,34.21213800 -111.37202600,34.21215000 -111.37175300,34.21222600 -111.37171100,34.21222900 -111.37151900,34.21225500 -111.37139700,34.21230400 -111.37137100,34.21231800 -111.37109200,34.21243200 -111.37105600,34.21245000 -111.37082400,34.21254300 -111.37072600,34.21259800 -111.37069200,34.21261900 -111.37062500,34.21265200 -111.37052900,34.21267700 -111.37039600,34.21268600 -111.37035800,34.21268500 -111.37026200,34.21268900 -111.37019200,34.21272200 -111.37012100,34.21278100 -111.37006700,34.21285000 -111.37004400,34.21288600 -111.36986400,34.21314900 -111.36983100,34.21318100 -111.36960600,34.21337500 -111.36951300,34.21349500 -111.36948700,34.21353700 -111.36941800,34.21363300 -111.36924900,34.21377000 -111.36921900,34.21379500 -111.36918600,34.21381900 -111.36910800,34.21384900 -111.36894200,34.21386300 -111.36888600,34.21386500 -111.36881800,34.21387100 -111.36847400,34.21394300 -111.36826700,34.21400000 -111.36819800,34.21401500 -111.36805500,34.21401400 -111.36780100,34.21398700 -111.36761800,34.21400100 -111.36756500,34.21401300 -111.36744300,34.21403500 -111.36731700,34.21401800 -111.36712700,34.21396200 -111.36706600,34.21393400 -111.36701400,34.21389100 -111.36696700,34.21385200 -111.36691700,34.21381900 -111.36679600,34.21376700 -111.36665300,34.21373300 -111.36651000,34.21374700 -111.36639800,34.21379000 -111.36636300,34.21381400 -111.36626100,34.21390500 -111.36621200,34.21391400 -111.36617700,34.21389700 -111.36617700,34.21389700 -111.36616200,34.21388500 -111.36586800,34.21384100 -111.36582100,34.21383800 -111.36548800,34.21380100 -111.36530900,34.21379800 -111.36525200,34.21379900 -111.36481300,34.21380400 -111.36477100,34.21380900 -111.36453200,34.21382900 -111.36437300,34.21383200 -111.36431600,34.21382900 -111.36381500,34.21379400 -111.36375600,34.21378900 -111.36363700,34.21376500 -111.36357200,34.21373900 -111.36334500,34.21362000 -111.36324000,34.21357600 -111.36319000,34.21356700 -111.36307100,34.21357200 -111.36283800,34.21361300 -111.36267600,34.21362500 -111.36262600,34.21362300 -111.36253000,34.21363000 -111.36243700,34.21362300 -111.36229900,34.21357600 -111.36222200,34.21356600 -111.36222200,34.21356600 -111.36226400,34.21355300 -111.36233500,34.21356800 -111.36232700,34.21359200 -111.36228000,34.21358200 -111.36225900,34.21357800 -111.36208400,34.21352300 -111.36206600,34.21351600 -111.36183700,34.21343800 -111.36179800,34.21342600 -111.36161700,34.21335800 -111.36157900,34.21333400 -111.36155900,34.21330600 -111.36155900,34.21330600 -111.36144700,34.21307300 -111.36143500,34.21305000 -111.36127100,34.21279300 -111.36121300,34.21272800 -111.36118500,34.21269000 -111.36115100,34.21262400 -111.36113400,34.21249000 -111.36111800,34.21244900 -111.36108700,34.21241900 -111.36105700,34.21239200 -111.36096600,34.21226000 -111.36083500,34.21213700 -111.36080500,34.21210300 -111.36071200,34.21199600 -111.36057200,34.21188200 -111.36050100,34.21180500 -111.36046000,34.21176600 -111.36032900,34.21164400 -111.36022900,34.21159100 -111.36006000,34.21153400 -111.36003400,34.21152700 -111.35997800,34.21149400 -111.35994200,34.21145400 -111.35994200,34.21138500 -111.35994000,34.21135400 -111.35992100,34.21122600 -111.35987500,34.21109700 -111.35985900,34.21107100 -111.35981600,34.21101800 -111.35974600,34.21097500 -111.35954400,34.21090500 -111.35949700,34.21089200 -111.35915400,34.21082000 -111.35905200,34.21079000 -111.35900000,34.21077100 -111.35881200,34.21069400 -111.35859900,34.21058200 -111.35855300,34.21055800 -111.35836900,34.21047800 -111.35811400,34.21044000 -111.35805800,34.21043400 -111.35772100,34.21038600 -111.35754600,34.21035200 -111.35749000,34.21033500 -111.35734400,34.21028700 -111.35710200,34.21012800 -111.35706300,34.21010400 -111.35687500,34.20999100 -111.35672700,34.20988200 -111.35668700,34.20985700 -111.35647400,34.20973000 -111.35643300,34.20969600 -111.35638400,34.20963200 -111.35637300,34.20961700 -111.35633300,34.20953100 -111.35629500,34.20935000 -111.35622900,34.20925900 -111.35618900,34.20922400 -111.35606700,34.20912600 -111.35591200,34.20897700 -111.35586200,34.20895400 -111.35563000,34.20889800 -111.35557800,34.20887700 -111.35546400,34.20873400 -111.35543700,34.20869900 -111.35536800,34.20859900 -111.35524200,34.20835500 -111.35516200,34.20828800 -111.35511900,34.20826500 -111.35491200,34.20818900 -111.35481300,34.20813900 -111.35475300,34.20809100 -111.35472600,34.20806900 -111.35461900,34.20801700 -111.35451600,34.20798300 -111.35445300,34.20798000 -111.35429000,34.20801600 -111.35424500,34.20801600 -111.35412600,34.20798500 -111.35402500,34.20792300 -111.35390100,34.20786400 -111.35385600,34.20783700 -111.35374900,34.20774600 -111.35361600,34.20758100 -111.35359300,34.20755300 -111.35354100,34.20749900 -111.35347200,34.20745200 -111.35321600,34.20738800 -111.35316900,34.20737600 -111.35307600,34.20735500 -111.35301400,34.20733000 -111.35295300,34.20725400 -111.35293200,34.20718100 -111.35292400,34.20714400 -111.35290600,34.20706500 -111.35290900,34.20695200 -111.35288400,34.20686700 -111.35284000,34.20678900 -111.35280500,34.20674700 -111.35276500,34.20671400 -111.35263700,34.20667100 -111.35260300,34.20666000 -111.35252400,34.20665900 -111.35250400,34.20666300 -111.35239600,34.20666100 -111.35230000,34.20663500 -111.35228200,34.20663200 -111.35217800,34.20659400 -111.35207100,34.20657200 -111.35203700,34.20656500 -111.35177000,34.20651000 -111.35175000,34.20649900 -111.35171700,34.20645800 -111.35170000,34.20641700 -111.35170700,34.20632600 -111.35171200,34.20630300 -111.35178800,34.20610000 -111.35179100,34.20606600 -111.35177400,34.20598800 -111.35169100,34.20584500 -111.35167800,34.20575700 -111.35168300,34.20572500 -111.35169100,34.20569500 -111.35176200,34.20558600 -111.35177300,34.20551400 -111.35174600,34.20543000 -111.35171300,34.20539600 -111.35145400,34.20516800 -111.35143000,34.20514600 -111.35135700,34.20506100 -111.35130600,34.20501800 -111.35126700,34.20499600 -111.35116600,34.20497800 -111.35111500,34.20497500 -111.35080100,34.20499800 -111.35076800,34.20499900 -111.35069000,34.20499900 -111.35066200,34.20498500 -111.35065100,34.20496000 -111.35064200,34.20484300 -111.35066900,34.20472400 -111.35068000,34.20468400 -111.35069500,34.20456300 -111.35067800,34.20452400 -111.35065300,34.20448300 -111.35061700,34.20445000 -111.35048600,34.20435800 -111.35043500,34.20434000 -111.35017700,34.20429600 -111.35005300,34.20425100 -111.35001200,34.20422300 -111.34981800,34.20404600 -111.34972800,34.20392600 -111.34971000,34.20390300 -111.34953100,34.20365300 -111.34953100,34.20361800 -111.34955400,34.20358000 -111.34968900,34.20345000 -111.34978100,34.20333300 -111.34983000,34.20324700 -111.34984700,34.20320900 -111.34993600,34.20302700 -111.34994700,34.20292400 -111.34995800,34.20289600 -111.34996100,34.20286400 -111.35003200,34.20270400 -111.35006600,34.20265600 -111.35035200,34.20252400 -111.35038000,34.20250100 -111.35040000,34.20246600 -111.35047200,34.20221300 -111.35048000,34.20216800 -111.35048500,34.20212900 -111.35047700,34.20208600 -111.35040700,34.20198300 -111.35038500,34.20193300 -111.35038000,34.20191100 -111.35033800,34.20176100 -111.35036200,34.20170500 -111.35036900,34.20167700 -111.35042200,34.20154700 -111.35046900,34.20147400 -111.35048400,34.20144000 -111.35049800,34.20140400 -111.35047000,34.20132200 -111.35040000,34.20123800 -111.35031500,34.20117400 -111.35030300,34.20116300 -111.35019800,34.20109900 -111.35006200,34.20099700 -111.35003700,34.20097300 -111.34996700,34.20092700 -111.34983800,34.20086200 -111.34981300,34.20086100 -111.34971800,34.20090400 -111.34964900,34.20097900 -111.34963500,34.20099800 -111.34950500,34.20114800 -111.34947500,34.20116100 -111.34944000,34.20117300 -111.34908000,34.20126600 -111.34908000,34.20126600 -111.34883000,34.20133600 -111.34882000,34.20133700 -111.34878300,34.20134400 -111.34873400,34.20133400 -111.34864800,34.20129100 -111.34863300,34.20127900 -111.34849900,34.20109000 -111.34849000,34.20108000 -111.34841100,34.20098100 -111.34836600,34.20095300 -111.34825100,34.20091700 -111.34814200,34.20090300 -111.34810700,34.20089400 -111.34795000,34.20086700 -111.34780900,34.20076200 -111.34778500,34.20074400 -111.34763800,34.20065000 -111.34742000,34.20054400 -111.34738100,34.20052800 -111.34721700,34.20044700 -111.34704100,34.20033000 -111.34700500,34.20030400 -111.34691600,34.20024600 -111.34686600,34.20023200 -111.34659200,34.20019200 -111.34654100,34.20018000 -111.34632800,34.20013200 -111.34628400,34.20010900 -111.34615400,34.19998200 -111.34612500,34.19995500 -111.34595300,34.19980700 -111.34586300,34.19975200 -111.34581900,34.19972500 -111.34573800,34.19966800 -111.34570800,34.19963700 -111.34564300,34.19951600 -111.34552400,34.19938700 -111.34547000,34.19934600 -111.34517100,34.19911500 -111.34515400,34.19909000 -111.34515400,34.19906800 -111.34515400,34.19906800 -111.34515200,34.19898200 -111.34513200,34.19889200 -111.34511000,34.19885200 -111.34506500,34.19880500 -111.34506500,34.19880500 -111.34501700,34.19877400 -111.34487800,34.19858500 -111.34479900,34.19850100 -111.34467100,34.19840600 -111.34430400,34.19827100 -111.34424800,34.19825700 -111.34414600,34.19823500 -111.34392300,34.19820900 -111.34377000,34.19816200 -111.34372200,34.19814300 -111.34355100,34.19807200 -111.34342100,34.19798400 -111.34332500,34.19793500 -111.34327600,34.19790400 -111.34302400,34.19773000 -111.34289500,34.19768100 -111.34276500,34.19765600 -111.34270000,34.19763800 -111.34259400,34.19760100 -111.34239500,34.19750000 -111.34237800,34.19748900 -111.34221000,34.19734700 -111.34214000,34.19730300 -111.34209600,34.19727800 -111.34177800,34.19709100 -111.34176800,34.19708300 -111.34169400,34.19701700 -111.34155900,34.19685500 -111.34147500,34.19678600 -111.34143500,34.19676400 -111.34128300,34.19671500 -111.34125100,34.19669400 -111.34126100,34.19668900 -111.34110600,34.19657400 -111.34105500,34.19653800 -111.34092900,34.19646400 -111.34046400,34.19623900 -111.34039100,34.19620400 -111.34024800,34.19614800 -111.33984500,34.19604600 -111.33980800,34.19603400 -111.33971500,34.19599900 -111.33945800,34.19593300 -111.33926400,34.19582800 -111.33920600,34.19579400 -111.33880400,34.19551900 -111.33876600,34.19549100 -111.33864800,34.19538500 -111.33854800,34.19523700 -111.33849400,34.19519700 -111.33846100,34.19518500 -111.33842800,34.19516700 -111.33831400,34.19505700 -111.33821600,34.19494900 -111.33819000,34.19491600 -111.33801200,34.19474000 -111.33800000,34.19472800 -111.33790300,34.19460000 -111.33786200,34.19456000 -111.33780700,34.19452600 -111.33774500,34.19450600 -111.33768600,34.19449200 -111.33755000,34.19447000 -111.33724600,34.19446700 -111.33714400,34.19445400 -111.33708100,34.19442900 -111.33704800,34.19440100 -111.33691100,34.19421700 -111.33666700,34.19402000 -111.33662100,34.19398800 -111.33652800,34.19392800 -111.33647800,34.19390700 -111.33621400,34.19384300 -111.33615800,34.19382900 -111.33602100,34.19379600 -111.33595500,34.19376800 -111.33584800,34.19370000 -111.33563200,34.19354000 -111.33558300,34.19350000 -111.33554700,34.19346300 -111.33552900,34.19341800 -111.33547300,34.19319000 -111.33544800,34.19314800 -111.33536500,34.19308700 -111.33532000,34.19305700 -111.33527200,34.19301900 -111.33523300,34.19297300 -111.33512700,34.19278300 -111.33508700,34.19273600 -111.33506700,34.19271200 -111.33491900,34.19241000 -111.33490100,34.19238000 -111.33484400,34.19229300 -111.33477500,34.19204100 -111.33474900,34.19199400 -111.33468500,34.19190200 -111.33458000,34.19178400 -111.33452300,34.19169800 -111.33450600,34.19167400 -111.33441600,34.19155000 -111.33433700,34.19140700 -111.33432400,34.19137100 -111.33424900,34.19107600 -111.33424000,34.19096100 -111.33423800,34.19091900 -111.33423800,34.19080000 -111.33421000,34.19075000 -111.33415800,34.19069800 -111.33414500,34.19068700 -111.33407500,34.19062700 -111.33382700,34.19049500 -111.33380000,34.19047700 -111.33374900,34.19035600 -111.33370900,34.19028800 -111.33370000,34.19027100 -111.33365600,34.19016800 -111.33360900,34.19010400 -111.33359100,34.19008700 -111.33355500,34.19006000 -111.33339900,34.18999200 -111.33336900,34.18998500 -111.33313300,34.18993300 -111.33310400,34.18992500 -111.33286600,34.18983000 -111.33284900,34.18982200 -111.33275500,34.18980300 -111.33258900,34.18982000 -111.33256400,34.18981500 -111.33250500,34.18975300 -111.33248000,34.18974000 -111.33244900,34.18973400 -111.33233000,34.18974100 -111.33228300,34.18973900 -111.33215900,34.18972100 -111.33200000,34.18963300 -111.33198000,34.18961800 -111.33193200,34.18956600 -111.33182200,34.18933000 -111.33181100,34.18930700 -111.33179683,34.18928007 -111.33186197,34.18917766 -111.33198804,34.18903501 -111.33206314,34.18889236 -111.33213019,34.18878760 -111.33221871,34.18868284 -111.33224016,34.18854688 -111.33219188,34.18845103 -111.33210605,34.18840423 -111.33202022,34.18840423 -111.33193171,34.18837302 -111.33144891,34.18815904 -111.33141492,34.18814514 -111.33136800,34.18813100 -111.33125600,34.18805900 -111.33121500,34.18801400 -111.33120600,34.18796400 -111.33121100,34.18790200 -111.33123500,34.18783100 -111.33125500,34.18775800 -111.33130400,34.18751800 -111.33129100,34.18744300 -111.33124500,34.18735600 -111.33120400,34.18730700 -111.33115100,34.18726300 -111.33107900,34.18723300 -111.33099400,34.18721100 -111.33078700,34.18719800 -111.33034100,34.18720900 -111.33023600,34.18721600 -111.32991500,34.18723500 -111.32970600,34.18723200 -111.32949900,34.18720100 -111.32931500,34.18713700 -111.32923300,34.18709300 -111.32868400,34.18671400 -111.32853000,34.18659300 -111.32845600,34.18653300 -111.32823700,34.18632900 -111.32796000,34.18603500 -111.32782700,34.18587400 -111.32776100,34.18579100 -111.32749200,34.18547200 -111.32733500,34.18533300 -111.32708800,34.18514300 -111.32700800,34.18508400 -111.32652200,34.18472400 -111.32630000,34.18453300 -111.32622600,34.18446900 -111.32551500,34.18389100 -111.32544400,34.18382800 -111.32523300,34.18363700 -111.32507800,34.18353500 -111.32490000,34.18345200 -111.32471700,34.18339800 -111.32462100,34.18338400 -111.32415900,34.18334000 -111.32398700,34.18328900 -111.32381300,34.18321700 -111.32372600,34.18317500 -111.32341000,34.18299000 -111.32305600,34.18273300 -111.32297500,34.18268800 -111.32280000,34.18261900 -111.32260800,34.18258100 -111.32232100,34.18254200 -111.32214700,34.18248400 -111.32206200,34.18245000 -111.32134400,34.18208500 -111.32127000,34.18204300 -111.32089500,34.18184800 -111.32061100,34.18165600 -111.32054800,34.18159900 -111.32043300,34.18146600 -111.32013400,34.18091100 -111.32008000,34.18083900 -111.32001700,34.18077500 -111.31994300,34.18071800 -111.31976600,34.18062700 -111.31967600,34.18059500 -111.31949500,34.18056100 -111.31931400,34.18056200 -111.31922700,34.18057000 -111.31841400,34.18061000 -111.31832500,34.18061400 -111.31777700,34.18062600 -111.31748600,34.18061100 -111.31739700,34.18059800 -111.31722200,34.18054900 -111.31705200,34.18048100 -111.31679900,34.18035600 -111.31664000,34.18026300 -111.31656600,34.18021200 -111.31619700,34.17997700 -111.31590100,34.17981200 -111.31582200,34.17977200 -111.31559100,34.17964300 -111.31510300,34.17940800 -111.31501900,34.17936600 -111.31459400,34.17915400 -111.31424800,34.17901200 -111.31416600,34.17898100 -111.31339400,34.17873300 -111.31331000,34.17870300 -111.31305400,34.17860700 -111.31247400,34.17842200 -111.31239200,34.17839400 -111.31196300,34.17824400 -111.31179800,34.17817600 -111.31163700,34.17809500 -111.31156000,34.17805600 -111.31140700,34.17796800 -111.31133900,34.17791600 -111.31100900,34.17761000 -111.31095700,34.17756400 -111.31048000,34.17715600 -111.31042600,34.17711000 -111.30992500,34.17670700 -111.30986900,34.17666300 -111.30956600,34.17644800 -111.30931100,34.17628300 -111.30923900,34.17623900 -111.30875500,34.17593700 -111.30870800,34.17589400 -111.30868000,34.17584100 -111.30867200,34.17578900 -111.30869500,34.17570200 -111.30861500,34.17554300 -111.30860200,34.17551600 -111.30848100,34.17533900 -111.30843700,34.17525600 -111.30841800,34.17521800 -111.30824300,34.17489600 -111.30822400,34.17485900 -111.30814300,34.17470100 -111.30812400,34.17458800 -111.30811600,34.17457100 -111.30804100,34.17440800 -111.30792300,34.17419900 -111.30789800,34.17415600 -111.30771500,34.17392600 -111.30752700,34.17373100 -111.30748000,34.17368200 -111.30721200,34.17341400 -111.30706800,34.17328700 -111.30701400,34.17325900 -111.30673500,34.17313000 -111.30637000,34.17297700 -111.30631200,34.17295600 -111.30594400,34.17283300 -111.30580400,34.17280600 -111.30566700,34.17279500 -111.30560700,34.17280200 -111.30550000,34.17282200 -111.30545800,34.17282200 -111.30520300,34.17277000 -111.30515700,34.17276200 -111.30507000,34.17276500 -111.30499400,34.17278800 -111.30484300,34.17285900 -111.30475200,34.17291300 -111.30469900,34.17293500 -111.30458700,34.17294000 -111.30448000,34.17291300 -111.30425000,34.17278800 -111.30421300,34.17276500 -111.30412700,34.17273100 -111.30402100,34.17270600 -111.30371100,34.17266800 -111.30364700,34.17266400 -111.30350900,34.17266700 -111.30324100,34.17269600 -111.30306600,34.17274600 -111.30300900,34.17277300 -111.30284200,34.17284500 -111.30243800,34.17289300 -111.30237000,34.17290300 -111.30180500,34.17304000 -111.30174600,34.17305300 -111.30155700,34.17308200 -111.30143000,34.17308500 -111.30129900,34.17307300 -111.30111800,34.17303600 -111.30105300,34.17302300 -111.30070300,34.17294700 -111.30051100,34.17289500 -111.30044800,34.17288700 -111.30039100,34.17288200 -111.30021100,34.17286700 -111.30008000,34.17286800 -111.29985900,34.17290200 -111.29981300,34.17291200 -111.29957000,34.17296100 -111.29935700,34.17298100 -111.29930100,34.17298200 -111.29870800,34.17294600 -111.29864500,34.17294400 -111.29806000,34.17295600 -111.29799500,34.17294600 -111.29745600,34.17279000 -111.29741600,34.17277500 -111.29725900,34.17273500 -111.29693200,34.17268500 -111.29687900,34.17267300 -111.29674800,34.17260800 -111.29663500,34.17257000 -111.29646000,34.17253500 -111.29640400,34.17253400 -111.29635300,34.17253100 -111.29608100,34.17250600 -111.29583200,34.17251900 -111.29577000,34.17251300 -111.29534200,34.17240600 -111.29528800,34.17239600 -111.29507400,34.17234500 -111.29476800,34.17229100 -111.29470900,34.17227500 -111.29446100,34.17223300 -111.29425200,34.17221800 -111.29422100,34.17221900 -111.29396000,34.17222600 -111.29379800,34.17224200 -111.29374500,34.17225600 -111.29360000,34.17231400 -111.29334800,34.17248200 -111.29331300,34.17250500 -111.29316800,34.17261100 -111.29295300,34.17274500 -111.29290800,34.17277300 -111.29268400,34.17290300 -111.29250600,34.17292100 -111.29246100,34.17292000 -111.29226200,34.17288600 -111.29211600,34.17284300 -111.29201500,34.17279600 -111.29196800,34.17277100 -111.29182100,34.17268600 -111.29169600,34.17264000 -111.29156200,34.17260200 -111.29135700,34.17256600 -111.29128900,34.17256000 -111.29114800,34.17256600 -111.29108100,34.17257900 -111.29068900,34.17271400 -111.29062900,34.17273400 -111.29035100,34.17281400 -111.29011300,34.17284800 -111.29004800,34.17285200 -111.28983100,34.17286100 -111.28976300,34.17285200 -111.28968900,34.17282600 -111.28967200,34.17282400 -111.28948700,34.17280600 -111.28934900,34.17282300 -111.28931500,34.17282600 -111.28888500,34.17288800 -111.28884000,34.17289200 -111.28875700,34.17290000 -111.28869100,34.17292000 -111.28859800,34.17289600 -111.28856000,34.17288400 -111.28840200,34.17285500 -111.28822900,34.17284200 -111.28815400,34.17282200 -111.28812800,34.17281500 -111.28775200,34.17271000 -111.28770300,34.17269300 -111.28748400,34.17257300 -111.28736700,34.17252300 -111.28736700,34.17252300 -111.28720700,34.17245500 -111.28710500,34.17245000 -111.28706400,34.17245000 -111.28698400,34.17243500 -111.28691900,34.17240200 -111.28687200,34.17236400 -111.28681200,34.17228200 -111.28679200,34.17224700 -111.28672800,34.17209900 -111.28663200,34.17197500 -111.28658800,34.17193600 -111.28646700,34.17181000 -111.28628400,34.17149500 -111.28624600,34.17144700 -111.28602700,34.17120600 -111.28582600,34.17106100 -111.28577400,34.17102400 -111.28545900,34.17076500 -111.28543200,34.17072600 -111.28541300,34.17064600 -111.28541300,34.17059500 -111.28544700,34.17050200 -111.28552600,34.17036400 -111.28558500,34.17028900 -111.28566000,34.17022100 -111.28568600,34.17017900 -111.28572800,34.17004500 -111.28575800,34.16976800 -111.28576800,34.16971900 -111.28577900,34.16967300 -111.28580300,34.16963200 -111.28595900,34.16943300 -111.28598500,34.16933100 -111.28599100,34.16928400 -111.28599400,34.16918200 -111.28602100,34.16897200 -111.28601700,34.16892200 -111.28601400,34.16890800 -111.28595800,34.16866800 -111.28595300,34.16864000 -111.28590900,34.16826400 -111.28590000,34.16823800 -111.28583700,34.16803600 -111.28582600,34.16795000 -111.28581900,34.16789800 -111.28579600,34.16775500 -111.28577700,34.16751400 -111.28577800,34.16748200 -111.28578000,34.16737900 -111.28576900,34.16725800 -111.28578200,34.16717600 -111.28578700,34.16714900 -111.28582600,34.16688400 -111.28583000,34.16684400 -111.28582800,34.16659900 -111.28582800,34.16657000 -111.28581700,34.16640600 -111.28582900,34.16634800 -111.28584800,34.16631200 -111.28589900,34.16625700 -111.28599500,34.16620400 -111.28611000,34.16616900 -111.28619900,34.16615800 -111.28622900,34.16615200 -111.28638300,34.16610900 -111.28658800,34.16599100 -111.28665500,34.16597300 -111.28672600,34.16596700 -111.28679100,34.16596900 -111.28692000,34.16599400 -111.28697500,34.16601700 -111.28729000,34.16624900 -111.28734600,34.16628600 -111.28740400,34.16631400 -111.28751800,34.16635000 -111.28763600,34.16635800 -111.28773200,34.16634700 -111.28788100,34.16627800 -111.28791200,34.16625100 -111.28796500,34.16616100 -111.28813800,34.16591500 -111.28817500,34.16587200 -111.28829100,34.16574000 -111.28836400,34.16563000 -111.28839800,34.16551000 -111.28840400,34.16545300 -111.28839700,34.16539200 -111.28839100,34.16533000 -111.28838100,34.16520200 -111.28839300,34.16514700 -111.28845100,34.16505400 -111.28855200,34.16500100 -111.28868900,34.16498200 -111.28875200,34.16497600 -111.28903400,34.16496000 -111.28930600,34.16499800 -111.28937100,34.16500300 -111.28968700,34.16493500 -111.28974000,34.16493200 -111.28985900,34.16495300 -111.28991600,34.16495100 -111.28997300,34.16493200 -111.29003100,34.16491000 -111.29010100,34.16489900 -111.29030700,34.16490400 -111.29050700,34.16493400 -111.29056300,34.16495800 -111.29060800,34.16498400 -111.29064400,34.16499500 -111.29067300,34.16499300 -111.29072600,34.16492700 -111.29074000,34.16487900 -111.29073000,34.16484600 -111.29071200,34.16479600 -111.29066900,34.16468300 -111.29063700,34.16462900 -111.29059100,34.16458600 -111.29047600,34.16452300 -111.29040500,34.16450300 -111.29026200,34.16448400 -111.29020300,34.16445300 -111.28990100,34.16421400 -111.28981100,34.16415700 -111.28975300,34.16413200 -111.28969100,34.16410500 -111.28922600,34.16386100 -111.28918900,34.16384100 -111.28913200,34.16379900 -111.28895900,34.16362200 -111.28893600,34.16359500 -111.28889300,34.16352000 -111.28884300,34.16335300 -111.28883800,34.16323700 -111.28885000,34.16313600 -111.28886100,34.16308900 -111.28892700,34.16287400 -111.28895900,34.16260900 -111.28895600,34.16255700 -111.28892800,34.16251700 -111.28888600,34.16250100 -111.28883700,34.16251100 -111.28863000,34.16262300 -111.28843500,34.16264100 -111.28835900,34.16264400 -111.28813500,34.16268500 -111.28786500,34.16271000 -111.28763600,34.16274800 -111.28757600,34.16275800 -111.28750200,34.16276200 -111.28729200,34.16273500 -111.28707400,34.16268300 -111.28692100,34.16267700 -111.28684200,34.16266500 -111.28676400,34.16263300 -111.28669000,34.16258900 -111.28663200,34.16253600 -111.28652600,34.16235100 -111.28647700,34.16230500 -111.28641500,34.16227800 -111.28634700,34.16227400 -111.28628200,34.16228600 -111.28613600,34.16233300 -111.28597200,34.16236100 -111.28572000,34.16236400 -111.28564000,34.16234800 -111.28556400,34.16231600 -111.28549500,34.16227500 -111.28535500,34.16214700 -111.28527300,34.16205100 -111.28518900,34.16194000 -111.28511800,34.16181600 -111.28508900,34.16175000 -111.28497100,34.16135800 -111.28490400,34.16117600 -111.28488000,34.16111100 -111.28483900,34.16097900 -111.28483800,34.16092200 -111.28485200,34.16088000 -111.28487200,34.16085200 -111.28499400,34.16078500 -111.28503200,34.16075400 -111.28514700,34.16065700 -111.28536400,34.16058900 -111.28542300,34.16058300 -111.28563400,34.16060900 -111.28567900,34.16060500 -111.28576600,34.16056300 -111.28583100,34.16050700 -111.28586100,34.16047000 -111.28603400,34.16030700 -111.28610400,34.16022000 -111.28615800,34.16013200 -111.28618100,34.16008500 -111.28620500,34.16003100 -111.28620800,34.15996400 -111.28617600,34.15977800 -111.28617000,34.15966500 -111.28617700,34.15956100 -111.28619000,34.15951200 -111.28627800,34.15926500 -111.28630100,34.15921400 -111.28636300,34.15912000 -111.28640300,34.15906800 -111.28644800,34.15902300 -111.28661600,34.15891200 -111.28665200,34.15887200 -111.28666000,34.15882800 -111.28665600,34.15877400 -111.28662600,34.15863800 -111.28661800,34.15857600 -111.28663100,34.15836200 -111.28665300,34.15818800 -111.28667800,34.15814400 -111.28677800,34.15808600 -111.28683800,34.15805900 -111.28690400,34.15803100 -111.28696900,34.15801700 -111.28710500,34.15800100 -111.28727400,34.15796200 -111.28738500,34.15796100 -111.28743800,34.15795700 -111.28748000,34.15794000 -111.28750300,34.15790900 -111.28749200,34.15787000 -111.28743100,34.15780100 -111.28732400,34.15776500 -111.28721400,34.15774000 -111.28716200,34.15772500 -111.28692500,34.15764000 -111.28685800,34.15759100 -111.28683600,34.15755300 -111.28681800,34.15750900 -111.28671300,34.15711500 -111.28671200,34.15707300 -111.28670200,34.15684300 -111.28667400,34.15673700 -111.28665900,34.15663500 -111.28665600,34.15658400 -111.28666000,34.15629500 -111.28664500,34.15618700 -111.28662100,34.15613200 -111.28658500,34.15608400 -111.28648900,34.15595100 -111.28644000,34.15591600 -111.28633500,34.15586500 -111.28629200,34.15583200 -111.28623200,34.15574200 -111.28620100,34.15570100 -111.28614100,34.15561600 -111.28612300,34.15556100 -111.28608700,34.15521100 -111.28608700,34.15517900 -111.28607900,34.15512500 -111.28605700,34.15508400 -111.28598700,34.15500700 -111.28589300,34.15483400 -111.28586800,34.15479700 -111.28547000,34.15442500 -111.28544500,34.15438000 -111.28543600,34.15433800 -111.28544400,34.15429700 -111.28550900,34.15414600 -111.28553800,34.15402600 -111.28552300,34.15390300 -111.28551500,34.15385600 -111.28551300,34.15382700 -111.28549700,34.15381400 -111.28545800,34.15367200 -111.28533500,34.15345000 -111.28531500,34.15341300 -111.28530300,34.15336400 -111.28533600,34.15332200 -111.28539300,34.15329800 -111.28546000,34.15330400 -111.28552100,34.15333200 -111.28560000,34.15338900 -111.28564700,34.15344000 -111.28567200,34.15347200 -111.28571900,34.15353300 -111.28576900,34.15354200 -111.28581300,34.15353700 -111.28588200,34.15350800 -111.28593900,34.15345700 -111.28595700,34.15342400 -111.28596300,34.15338000 -111.28596500,34.15333700 -111.28593500,34.15317900 -111.28594100,34.15313200 -111.28596300,34.15309700 -111.28607100,34.15300300 -111.28608200,34.15296400 -111.28607700,34.15293500 -111.28605700,34.15290200 -111.28599000,34.15283600 -111.28593500,34.15275600 -111.28589300,34.15260300 -111.28588400,34.15254500 -111.28585700,34.15242300 -111.28575600,34.15215200 -111.28574800,34.15205400 -111.28573800,34.15200400 -111.28569300,34.15164500 -111.28564400,34.15144400 -111.28563000,34.15136500 -111.28561300,34.15129200 -111.28552500,34.15104500 -111.28551100,34.15093300 -111.28549600,34.15088700 -111.28546700,34.15084500 -111.28542000,34.15080400 -111.28530000,34.15075400 -111.28505900,34.15072200 -111.28498500,34.15073800 -111.28493800,34.15073900 -111.28484200,34.15073000 -111.28481800,34.15071400 -111.28481100,34.15068500 -111.28482000,34.15065600 -111.28486900,34.15061100 -111.28494900,34.15059200 -111.28500200,34.15057100 -111.28506100,34.15054100 -111.28516700,34.15046000 -111.28523800,34.15037900 -111.28528000,34.15025700 -111.28529600,34.15012600 -111.28529600,34.15005800 -111.28531800,34.14987000 -111.28532800,34.14963500 -111.28535600,34.14952700 -111.28536600,34.14947500 -111.28536900,34.14941200 -111.28533100,34.14913400 -111.28531700,34.14885400 -111.28531400,34.14878500 -111.28531500,34.14865300 -111.28533100,34.14858700 -111.28538700,34.14846700 -111.28543100,34.14830600 -111.28542100,34.14814400 -111.28541800,34.14807300 -111.28538900,34.14789400 -111.28539100,34.14783900 -111.28540600,34.14777700 -111.28551500,34.14750200 -111.28551300,34.14743100 -111.28550800,34.14736400 -111.28548700,34.14730000 -111.28542900,34.14718400 -111.28542900,34.14711800 -111.28546100,34.14697000 -111.28552700,34.14682600 -111.28557000,34.14675000 -111.28561600,34.14668300 -111.28567000,34.14663700 -111.28579400,34.14655600 -111.28583700,34.14651000 -111.28591800,34.14625100 -111.28591100,34.14618800 -111.28586200,34.14603300 -111.28577800,34.14588900 -111.28576200,34.14575400 -111.28577000,34.14569500 -111.28580100,34.14563300 -111.28583100,34.14561000 -111.28593400,34.14557800 -111.28599500,34.14558000 -111.28637300,34.14564600 -111.28643100,34.14564900 -111.28653000,34.14562300 -111.28657200,34.14558600 -111.28660300,34.14553900 -111.28660300,34.14548600 -111.28653100,34.14539100 -111.28652700,34.14533200 -111.28654700,34.14528500 -111.28656900,34.14524200 -111.28656700,34.14518800 -111.28653000,34.14513200 -111.28634700,34.14497000 -111.28617400,34.14479000 -111.28610800,34.14473700 -111.28604500,34.14470000 -111.28585900,34.14460300 -111.28582100,34.14457400 -111.28577100,34.14444600 -111.28569900,34.14437000 -111.28565900,34.14433000 -111.28555800,34.14425400 -111.28540200,34.14417800 -111.28535600,34.14414600 -111.28532100,34.14409900 -111.28528000,34.14397800 -111.28525400,34.14390500 -111.28519800,34.14377400 -111.28516400,34.14353600 -111.28509200,34.14337200 -111.28506100,34.14331700 -111.28497000,34.14321500 -111.28490500,34.14317500 -111.28475100,34.14312600 -111.28467200,34.14311500 -111.28458700,34.14311900 -111.28450400,34.14314100 -111.28443700,34.14318700 -111.28438300,34.14324500 -111.28429000,34.14336400 -111.28417700,34.14355200 -111.28413300,34.14360900 -111.28408300,34.14365400 -111.28401600,34.14369500 -111.28394000,34.14372300 -111.28386500,34.14374600 -111.28379500,34.14376600 -111.28364100,34.14378900 -111.28331200,34.14380300 -111.28315500,34.14380100 -111.28307600,34.14379400 -111.28290600,34.14374700 -111.28266100,34.14362300 -111.28253000,34.14352800 -111.28247700,34.14346800 -111.28243300,34.14339700 -111.28238900,34.14332500 -111.28208100,34.14285900 -111.28198000,34.14272700 -111.28193000,34.14266100 -111.28162000,34.14216700 -111.28157700,34.14211100 -111.28149200,34.14201100 -111.28134600,34.14180000 -111.28121200,34.14164300 -111.28117100,34.14158900 -111.28105300,34.14145200 -111.28100800,34.14141600 -111.28084200,34.14133400 -111.28071000,34.14130100 -111.28065400,34.14129000 -111.28045200,34.14121300 -111.28014900,34.14111700 -111.27991300,34.14107400 -111.27983700,34.14107100 -111.27976100,34.14106200 -111.27968600,34.14103900 -111.27956500,34.14097400 -111.27947300,34.14088500 -111.27938200,34.14075100 -111.27936500,34.14070700 -111.27933100,34.14062100 -111.27929300,34.14043500 -111.27930100,34.14032400 -111.27930600,34.14027800 -111.27933100,34.14017600 -111.27938300,34.14011100 -111.27946000,34.14006300 -111.27952500,34.14005700 -111.27957600,34.14006100 -111.27971900,34.14007600 -111.27987300,34.14011300 -111.27994900,34.14013900 -111.28017300,34.14026200 -111.28021900,34.14028100 -111.28049300,34.14030700 -111.28080200,34.14040000 -111.28087800,34.14041000 -111.28095400,34.14041200 -111.28103300,34.14039900 -111.28125000,34.14030800 -111.28165100,34.14017400 -111.28173000,34.14013600 -111.28185500,34.14003300 -111.28190700,34.13997400 -111.28192700,34.13990900 -111.28190400,34.13983900 -111.28184900,34.13977800 -111.28177900,34.13973800 -111.28162800,34.13967200 -111.28156100,34.13963600 -111.28131200,34.13948200 -111.28124500,34.13944900 -111.28100000,34.13925400 -111.28093000,34.13919700 -111.28073800,34.13900800 -111.28063100,34.13888700 -111.28054100,34.13875600 -111.28047100,34.13860900 -111.28043500,34.13853300 -111.28012400,34.13789700 -111.28009600,34.13783200 -111.28004800,34.13768600 -111.28004200,34.13762200 -111.28003800,34.13750800 -111.28005700,34.13740800 -111.28007500,34.13736100 -111.28020700,34.13710000 -111.28023100,34.13701500 -111.28025100,34.13692800 -111.28026400,34.13667800 -111.28027400,34.13658500 -111.28027700,34.13649100 -111.28018500,34.13608400 -111.28017700,34.13600000 -111.28018500,34.13584100 -111.28019400,34.13576700 -111.28023900,34.13562400 -111.28031100,34.13546900 -111.28044100,34.13525400 -111.28054200,34.13515500 -111.28059000,34.13511800 -111.28071800,34.13504800 -111.28086400,34.13500800 -111.28108600,34.13502400 -111.28116400,34.13504500 -111.28123700,34.13508100 -111.28130100,34.13513300 -111.28148700,34.13530400 -111.28155000,34.13535300 -111.28161300,34.13538300 -111.28168100,34.13539600 -111.28175000,34.13539300 -111.28181100,34.13536500 -111.28186200,34.13532300 -111.28189700,34.13527400 -111.28191300,34.13522300 -111.28191300,34.13516800 -111.28187100,34.13505000 -111.28180100,34.13492900 -111.28165400,34.13474900 -111.28159100,34.13469600 -111.28138500,34.13456700 -111.28132600,34.13451900 -111.28105900,34.13422000 -111.28099800,34.13416400 -111.28094500,34.13410200 -111.28091400,34.13402800 -111.28082000,34.13371600 -111.28077000,34.13348600 -111.28075700,34.13341700 -111.28074000,34.13334700 -111.28071200,34.13328100 -111.28067300,34.13322500 -111.28055900,34.13312300 -111.28052200,34.13306500 -111.28050900,34.13291500 -111.28051900,34.13284400 -111.28058500,34.13272400 -111.28071700,34.13265400 -111.28086500,34.13260600 -111.28102600,34.13258300 -111.28126100,34.13258100 -111.28134000,34.13258200 -111.28148900,34.13258200 -111.28155500,34.13255900 -111.28159700,34.13251000 -111.28161600,34.13244400 -111.28160500,34.13229800 -111.28162900,34.13215000 -111.28166400,34.13208100 -111.28182300,34.13182400 -111.28188900,34.13167200 -111.28196100,34.13143500 -111.28198800,34.13136000 -111.28205100,34.13112300 -111.28212200,34.13067100 -111.28214900,34.13059700 -111.28221600,34.13045900 -111.28233400,34.13026100 -111.28250000,34.13006200 -111.28253900,34.12999000 -111.28256200,34.12991100 -111.28276400,34.12921100 -111.28279100,34.12913300 -111.28288700,34.12892900 -111.28292200,34.12887200 -111.28297000,34.12883000 -111.28302700,34.12880500 -111.28308900,34.12879300 -111.28321800,34.12881600 -111.28328300,34.12883900 -111.28345100,34.12893100 -111.28351900,34.12893700 -111.28358800,34.12892600 -111.28365400,34.12890100 -111.28370800,34.12885500 -111.28375300,34.12879900 -111.28377500,34.12873100 -111.28379000,34.12865200 -111.28381500,34.12857800 -111.28386000,34.12851100 -111.28391900,34.12844700 -111.28412400,34.12826400 -111.28422000,34.12814100 -111.28425200,34.12807200 -111.28427000,34.12800100 -111.28434600,34.12730600 -111.28433800,34.12723400 -111.28425900,34.12685800 -111.28429500,34.12668100 -111.28432000,34.12661500 -111.28451200,34.12605400 -111.28460500,34.12590200 -111.28467700,34.12583200 -111.28482100,34.12572700 -111.28490200,34.12568200 -111.28513000,34.12559000 -111.28520200,34.12554900 -111.28526500,34.12549800 -111.28531700,34.12543900 -111.28535000,34.12537600 -111.28538100,34.12530900 -111.28540000,34.12523700 -111.28542600,34.12506200 -111.28541700,34.12500000 -111.28541300,34.12498100 -111.28541600,34.12495100 -111.28538500,34.12475800 -111.28538500,34.12463600 -111.28540000,34.12457900 -111.28542800,34.12452900 -111.28564100,34.12426900 -111.28584200,34.12405900 -111.28589100,34.12400900 -111.28614700,34.12377100 -111.28619200,34.12371800 -111.28628800,34.12355300 -111.28630900,34.12349800 -111.28632600,34.12344000 -111.28635200,34.12327300 -111.28637000,34.12322700 -111.28647100,34.12317200 -111.28652500,34.12317600 -111.28661200,34.12322700 -111.28664200,34.12326400 -111.28666700,34.12339000 -111.28667000,34.12351800 -111.28663700,34.12377200 -111.28663000,34.12383200 -111.28658300,34.12407100 -111.28651300,34.12421300 -111.28650800,34.12425600 -111.28652500,34.12429300 -111.28656100,34.12431800 -111.28668500,34.12433100 -111.28676300,34.12431700 -111.28699100,34.12425700 -111.28721900,34.12418100 -111.28729400,34.12416800 -111.28736600,34.12417900 -111.28742900,34.12420400 -111.28748000,34.12424100 -111.28751100,34.12429200 -111.28753500,34.12441400 -111.28753000,34.12459200 -111.28752800,34.12464900 -111.28753100,34.12480500 -111.28755800,34.12497800 -111.28755800,34.12506500 -111.28747500,34.12514500 -111.28743600,34.12518800 -111.28742400,34.12524300 -111.28744100,34.12529900 -111.28748400,34.12534500 -111.28759300,34.12543200 -111.28762700,34.12548600 -111.28763600,34.12554300 -111.28760900,34.12566800 -111.28761300,34.12573400 -111.28771900,34.12592800 -111.28775200,34.12597800 -111.28779200,34.12600600 -111.28784400,34.12602600 -111.28791000,34.12601100 -111.28799200,34.12596900 -111.28802400,34.12593200 -111.28805200,34.12588300 -111.28809600,34.12569500 -111.28820600,34.12545500 -111.28826300,34.12529100 -111.28828200,34.12522200 -111.28834400,34.12512000 -111.28848100,34.12497400 -111.28848100,34.12497400 -111.28864100,34.12482300 -111.28879400,34.12464700 -111.28884400,34.12459200 -111.28897000,34.12444500 -111.28913600,34.12421900 -111.28925700,34.12411700 -111.28931500,34.12407200 -111.28947700,34.12394200 -111.28952300,34.12389500 -111.28951300,34.12379500 -111.28952500,34.12366300 -111.28953000,34.12358800 -111.28952800,34.12350000 -111.28948900,34.12323600 -111.28943800,34.12299400 -111.28938400,34.12282700 -111.28935300,34.12274800 -111.28928600,34.12259700 -111.28909500,34.12236500 -111.28899900,34.12227200 -111.28897800,34.12221800 -111.28898700,34.12215500 -111.28902300,34.12209200 -111.28918900,34.12195100 -111.28922200,34.12188400 -111.28923900,34.12181200 -111.28923700,34.12174700 -111.28922400,34.12168300 -111.28918700,34.12162100 -111.28914300,34.12155900 -111.28905100,34.12145600 -111.28902800,34.12140100 -111.28902900,34.12133100 -111.28907500,34.12111900 -111.28910100,34.12092700 -111.28910700,34.12087400 -111.28913600,34.12072600 -111.28913500,34.12066600 -111.28916300,34.12051100 -111.28917100,34.12044200 -111.28917700,34.12029000 -111.28916400,34.12020100 -111.28900900,34.11963100 -111.28898100,34.11955000 -111.28894300,34.11947600 -111.28887400,34.11940900 -111.28879000,34.11935100 -111.28868500,34.11930400 -111.28844400,34.11922400 -111.28818000,34.11916600 -111.28804700,34.11912700 -111.28792800,34.11907600 -111.28769500,34.11899600 -111.28748100,34.11893500 -111.28739100,34.11890100 -111.28732800,34.11886300 -111.28729500,34.11880500 -111.28728600,34.11873200 -111.28729100,34.11865000 -111.28732100,34.11857500 -111.28740500,34.11840400 -111.28742100,34.11831400 -111.28742000,34.11821900 -111.28738500,34.11796800 -111.28736000,34.11789800 -111.28732100,34.11783700 -111.28728000,34.11778000 -111.28723800,34.11772600 -111.28713500,34.11762600 -111.28707800,34.11757600 -111.28700400,34.11753800 -111.28667300,34.11751000 -111.28662900,34.11749400 -111.28653800,34.11740700 -111.28650500,34.11736300 -111.28644400,34.11725600 -111.28641400,34.11715000 -111.28640300,34.11711200 -111.28636800,34.11699400 -111.28632100,34.11689300 -111.28624100,34.11681400 -111.28611000,34.11673700 -111.28604600,34.11670100 -111.28561500,34.11644100 -111.28547600,34.11633300 -111.28541600,34.11627200 -111.28536000,34.11621000 -111.28523800,34.11608900 -111.28516600,34.11603400 -111.28470700,34.11571500 -111.28463700,34.11566700 -111.28457600,34.11561200 -111.28453300,34.11554200 -111.28445900,34.11522100 -111.28440900,34.11506500 -111.28437600,34.11499400 -111.28433200,34.11493000 -111.28423400,34.11481200 -111.28419900,34.11474500 -111.28416700,34.11452900 -111.28408600,34.11432000 -111.28404000,34.11424500 -111.28386200,34.11395800 -111.28364400,34.11354400 -111.28361900,34.11347500 -111.28358500,34.11333200 -111.28353400,34.11320200 -111.28350900,34.11315800 -111.28343200,34.11307500 -111.28341400,34.11305300 -111.28299600,34.11257500 -111.28293200,34.11250800 -111.28274200,34.11232800 -111.28250500,34.11208100 -111.28236900,34.11195900 -111.28230100,34.11190000 -111.28202700,34.11168100 -111.28195400,34.11156500 -111.28192900,34.11150500 -111.28191600,34.11135700 -111.28192000,34.11128100 -111.28192100,34.11106000 -111.28189800,34.11090500 -111.28183100,34.11074100 -111.28175300,34.11060300 -111.28171700,34.11054300 -111.28155300,34.11035200 -111.28155600,34.11033000 -111.28159100,34.11026900 -111.28163300,34.11023200 -111.28168900,34.11019500 -111.28219900,34.10989300 -111.28247700,34.10969800 -111.28256200,34.10963600 -111.28274000,34.10948900 -111.28293300,34.10931400 -111.28341800,34.10883700 -111.28350400,34.10874000 -111.28391700,34.10821000 -111.28435000,34.10768400 -111.28443800,34.10757400 -111.28476800,34.10713300 -111.28512200,34.10670100 -111.28522000,34.10659800 -111.28531700,34.10649400 -111.28582900,34.10598200 -111.28621200,34.10553800 -111.28631100,34.10542500 -111.28651300,34.10521700 -111.28661900,34.10512000 -111.28674100,34.10502700 -111.28700300,34.10485500 -111.28743300,34.10461000 -111.28756400,34.10454400 -111.28791900,34.10437200 -111.28868300,34.10396500 -111.28881000,34.10389300 -111.28904600,34.10374700 -111.28914900,34.10366200 -111.28924200,34.10356800 -111.28932000,34.10346700 -111.28938800,34.10335600 -111.28957100,34.10296400 -111.28961500,34.10282300 -111.28975000,34.10244200 -111.28981200,34.10232500 -111.28999000,34.10211200 -111.29009700,34.10201600 -111.29031700,34.10184900 -111.29042600,34.10177600 -111.29130100,34.10121500 -111.29140500,34.10114500 -111.29162200,34.10102000 -111.29184800,34.10092000 -111.29208800,34.10083500 -111.29244500,34.10075100 -111.29257000,34.10072800 -111.29292700,34.10065900 -111.29327100,34.10057600 -111.29366500,34.10049600 -111.29378500,34.10047500 -111.29403500,34.10044700 -111.29416400,34.10044700 -111.29429300,34.10046100 -111.29442000,34.10048700 -111.29491300,34.10068300 -111.29503800,34.10073400 -111.29577100,34.10105900 -111.29614300,34.10125300 -111.29625200,34.10131300 -111.29685100,34.10162000 -111.29750100,34.10192100 -111.29763000,34.10198600 -111.29788200,34.10211600 -111.29811300,34.10225600 -111.29866300,34.10266600 -111.29877500,34.10275000 -111.29911400,34.10299100 -111.29983400,34.10339700 -111.29995400,34.10346600 -111.30019700,34.10359300 -111.30032700,34.10365000 -111.30115500,34.10397500 -111.30128600,34.10403300 -111.30152700,34.10417800 -111.30163600,34.10425800 -111.30183600,34.10444000 -111.30211500,34.10472000 -111.30223500,34.10480300 -111.30236400,34.10486300 -111.30250400,34.10491200 -111.30323500,34.10511400 -111.30368400,34.10526400 -111.30383100,34.10531600 -111.30426200,34.10548100 -111.30468300,34.10565700 -111.30522400,34.10591800 -111.30536000,34.10599000 -111.30657900,34.10662400 -111.30671600,34.10669500 -111.30709900,34.10688700 -111.30720300,34.10693100 -111.30731800,34.10695300 -111.30744100,34.10696100 -111.30756700,34.10694600 -111.30768900,34.10690600 -111.30780300,34.10683500 -111.30790800,34.10674200 -111.30799800,34.10664400 -111.30828800,34.10620800 -111.30838300,34.10612200 -111.30850800,34.10606900 -111.30865500,34.10605000 -111.30880300,34.10605400 -111.30895300,34.10606200 -111.30939900,34.10606700 -111.30953600,34.10605000 -111.30968200,34.10601400 -111.30981400,34.10595700 -111.30993200,34.10588500 -111.31013400,34.10572000 -111.31023500,34.10563400 -111.31045100,34.10548000 -111.31057400,34.10542200 -111.31070800,34.10537800 -111.31084800,34.10535800 -111.31098100,34.10536300 -111.31117700,34.10541100 -111.31126400,34.10540300 -111.31133700,34.10535400 -111.31137800,34.10527000 -111.31138300,34.10517300 -111.31134300,34.10506900 -111.31120300,34.10490700 -111.31116200,34.10483100 -111.31115800,34.10475800 -111.31129000,34.10462100 -111.31137300,34.10456900 -111.31146700,34.10454000 -111.31157900,34.10453000 -111.31204300,34.10455000 -111.31219900,34.10456700 -111.31228400,34.10457300 -111.31236600,34.10457600 -111.31245000,34.10456000 -111.31251600,34.10451600 -111.31254600,34.10444100 -111.31254800,34.10436000 -111.31251900,34.10428200 -111.31245700,34.10420500 -111.31230600,34.10407800 -111.31227100,34.10400300 -111.31226600,34.10392600 -111.31228500,34.10384800 -111.31232100,34.10377100 -111.31247200,34.10352700 -111.31253200,34.10345300 -111.31260900,34.10339200 -111.31269600,34.10335800 -111.31279300,34.10335900 -111.31299000,34.10342800 -111.31345700,34.10372100 -111.31355500,34.10376900 -111.31366400,34.10380400 -111.31378200,34.10382300 -111.31389400,34.10382200 -111.31400600,34.10380000 -111.31410200,34.10374200 -111.31418500,34.10366100 -111.31424400,34.10357000 -111.31439400,34.10317100 -111.31440200,34.10306100 -111.31437800,34.10295300 -111.31432000,34.10285700 -111.31423200,34.10278000 -111.31401800,34.10266900 -111.31393400,34.10261100 -111.31388200,34.10254200 -111.31386400,34.10246800 -111.31386800,34.10239700 -111.31390300,34.10233200 -111.31395400,34.10226700 -111.31410800,34.10214800 -111.31417700,34.10208000 -111.31430300,34.10192400 -111.31436900,34.10186700 -111.31438800,34.10183800 -111.31439600,34.10179500 -111.31438800,34.10176000 -111.31426400,34.10164400 -111.31423300,34.10159900 -111.31421800,34.10154100 -111.31422200,34.10147400 -111.31423000,34.10140400 -111.31424200,34.10133700 -111.31428700,34.10121100 -111.31445800,34.10087700 -111.31449900,34.10081300 -111.31453500,34.10074600 -111.31464000,34.10050500 -111.31465600,34.10044900 -111.31461200,34.10027700 -111.31461800,34.10021600 -111.31463800,34.10015500 -111.31466900,34.10009300 -111.31490900,34.09979400 -111.31516700,34.09949800 -111.31521900,34.09943800 -111.31544500,34.09915700 -111.31557200,34.09895800 -111.31559900,34.09888300 -111.31560800,34.09879000 -111.31558300,34.09851600 -111.31558000,34.09833400 -111.31551100,34.09798700 -111.31550300,34.09789800 -111.31549500,34.09776400 -111.31548200,34.09772800 -111.31533500,34.09761600 -111.31526200,34.09758600 -111.31519700,34.09757300 -111.31513300,34.09758400 -111.31506200,34.09760500 -111.31471400,34.09771800 -111.31463300,34.09773400 -111.31455700,34.09773900 -111.31447900,34.09772700 -111.31441000,34.09769000 -111.31435000,34.09765000 -111.31407500,34.09751800 -111.31382500,34.09733400 -111.31377800,34.09729700 -111.31362100,34.09718600 -111.31344400,34.09709000 -111.31327900,34.09698200 -111.31323300,34.09693900 -111.31300600,34.09674200 -111.31285200,34.09655700 -111.31281700,34.09651100 -111.31271100,34.09637200 -111.31267700,34.09622400 -111.31266900,34.09614000 -111.31268100,34.09605400 -111.31272800,34.09588300 -111.31274700,34.09579500 -111.31280300,34.09554100 -111.31288000,34.09511300 -111.31287700,34.09506500 -111.31285800,34.09502900 -111.31282800,34.09500100 -111.31274800,34.09497100 -111.31247300,34.09493100 -111.31243100,34.09492800 -111.31235900,34.09494600 -111.31233100,34.09493700 -111.31229400,34.09487100 -111.31220100,34.09479700 -111.31217300,34.09477300 -111.31209200,34.09469800 -111.31206700,34.09465200 -111.31205500,34.09458400 -111.31206700,34.09449500 -111.31208300,34.09444700 -111.31213000,34.09434000 -111.31226200,34.09418300 -111.31228000,34.09412400 -111.31226900,34.09406100 -111.31229700,34.09394800 -111.31232000,34.09389200 -111.31234100,34.09382800 -111.31234600,34.09376100 -111.31230200,34.09349700 -111.31228400,34.09344100 -111.31225400,34.09339300 -111.31220300,34.09335100 -111.31214700,34.09331800 -111.31173300,34.09306700 -111.31158000,34.09299900 -111.31150400,34.09298200 -111.31142700,34.09297900 -111.31107500,34.09297400 -111.31101200,34.09295000 -111.31095400,34.09291000 -111.31091800,34.09285600 -111.31090200,34.09279100 -111.31088400,34.09273300 -111.31086100,34.09267500 -111.31076000,34.09254700 -111.31070400,34.09251800 -111.31057100,34.09251100 -111.31047700,34.09249000 -111.31043300,34.09246600 -111.31037900,34.09243600 -111.31032800,34.09240100 -111.31010600,34.09216600 -111.31001400,34.09209700 -111.30998900,34.09206400 -111.30998700,34.09202900 -111.30992600,34.09190400 -111.30990100,34.09179600 -111.30990600,34.09171600 -111.30991300,34.09168300 -111.30993300,34.09165400 -111.30997300,34.09162800 -111.31002100,34.09161100 -111.31022900,34.09158200 -111.31029600,34.09156400 -111.31040800,34.09151400 -111.31051300,34.09142500 -111.31056900,34.09137300 -111.31101500,34.09094200 -111.31107000,34.09088700 -111.31111900,34.09083500 -111.31116900,34.09070700 -111.31118100,34.09063200 -111.31117000,34.09055400 -111.31104200,34.09026500 -111.31100600,34.09020500 -111.31091300,34.09004600 -111.31074500,34.08979700 -111.31065700,34.08970900 -111.31063600,34.08965300 -111.31065800,34.08931300 -111.31065500,34.08925000 -111.31062200,34.08918600 -111.31060211,34.08915340 -111.31060010,34.08902035 -111.31061083,34.08892216 -111.31051427,34.08882843 -111.31040698,34.08877934 -111.31021386,34.08873471 -111.31006366,34.08866329 -111.30995637,34.08852940 -111.30981690,34.08841336 -111.30965060,34.08831517 -111.30947357,34.08831517 -111.30930191,34.08837765 -111.30914634,34.08840889 -111.30902296,34.08827946 -111.30895859,34.08812325 -111.30887276,34.08794472 -111.30879229,34.08776173 -111.30881912,34.08761890 -111.30873865,34.08741805 -111.30872792,34.08716811 -111.30877620,34.08695387 -111.30886739,34.08676195 -111.30889958,34.08660127 -111.30892635,34.08650372 -111.30895000,34.08645400 -111.30896500,34.08641500 -111.30901900,34.08630400 -111.30901700,34.08622700 -111.30899400,34.08615500 -111.30898200,34.08611000 -111.30897700,34.08589100 -111.30900500,34.08563900 -111.30899800,34.08558900 -111.30884200,34.08503400 -111.30883000,34.08497000 -111.30879900,34.08480100 -111.30876900,34.08470700 -111.30870400,34.08463900 -111.30860300,34.08456800 -111.30855800,34.08452200 -111.30852500,34.08446800 -111.30850700,34.08441100 -111.30842800,34.08413500 -111.30840800,34.08402100 -111.30840600,34.08396900 -111.30838600,34.08376000 -111.30835200,34.08361400 -111.30835900,34.08350900 -111.30837000,34.08345300 -111.30839100,34.08319400 -111.30839000,34.08304900 -111.30836800,34.08284600 -111.30834000,34.08278600 -111.30824300,34.08261000 -111.30816400,34.08235400 -111.30816000,34.08229700 -111.30816900,34.08217700 -111.30816200,34.08204800 -111.30806100,34.08174200 -111.30804100,34.08168000 -111.30794000,34.08151100 -111.30792600,34.08145400 -111.30794700,34.08132700 -111.30794400,34.08127200 -111.30790200,34.08116100 -111.30787300,34.08111500 -111.30784800,34.08106500 -111.30782900,34.08096900 -111.30782900,34.08092000 -111.30788000,34.08075600 -111.30788100,34.08068900 -111.30786500,34.08062300 -111.30784900,34.08055600 -111.30780900,34.08043300 -111.30773700,34.08033400 -111.30771000,34.08027400 -111.30767500,34.08005600 -111.30765400,34.08000400 -111.30761500,34.07990100 -111.30761700,34.07980800 -111.30768400,34.07967600 -111.30775200,34.07959900 -111.30779200,34.07954700 -111.30802800,34.07917000 -111.30809900,34.07895600 -111.30812200,34.07888300 -111.30815300,34.07873500 -111.30814500,34.07859300 -111.30816300,34.07841200 -111.30815800,34.07835000 -111.30813900,34.07829100 -111.30812900,34.07823200 -111.30814800,34.07816900 -111.30827000,34.07798000 -111.30832700,34.07786400 -111.30834900,34.07780600 -111.30835500,34.07775500 -111.30834500,34.07770000 -111.30833600,34.07764100 -111.30831900,34.07750500 -111.30826600,34.07734300 -111.30826700,34.07729300 -111.30830700,34.07719300 -111.30831400,34.07714000 -111.30830000,34.07707900 -111.30827700,34.07701800 -111.30826500,34.07681000 -111.30824000,34.07667200 -111.30823600,34.07660500 -111.30824800,34.07647500 -111.30822800,34.07641100 -111.30818400,34.07635700 -111.30815300,34.07629700 -111.30814800,34.07623300 -111.30816900,34.07616600 -111.30817400,34.07609200 -111.30816200,34.07594200 -111.30818800,34.07579300 -111.30820000,34.07572000 -111.30826000,34.07535200 -111.30826200,34.07519100 -111.30828600,34.07513900 -111.30832600,34.07505600 -111.30830500,34.07496100 -111.30828700,34.07491300 -111.30816700,34.07474200 -111.30815100,34.07469800 -111.30810700,34.07426800 -111.30810800,34.07413000 -111.30811600,34.07406100 -111.30812300,34.07393500 -111.30812000,34.07374700 -111.30814200,34.07349600 -111.30816500,34.07343400 -111.30828500,34.07324500 -111.30843400,34.07315100 -111.30856500,34.07310000 -111.30863600,34.07307700 -111.30878500,34.07301800 -111.30885200,34.07297000 -111.30890100,34.07290600 -111.30893200,34.07282900 -111.30894600,34.07273300 -111.30893100,34.07248700 -111.30890700,34.07241300 -111.30886600,34.07233700 -111.30873400,34.07216100 -111.30870800,34.07209900 -111.30870000,34.07204100 -111.30871400,34.07198700 -111.30877900,34.07186500 -111.30881500,34.07178800 -111.30896000,34.07148400 -111.30911100,34.07110300 -111.30913700,34.07104300 -111.30924800,34.07077000 -111.30931400,34.07051100 -111.30932400,34.07044600 -111.30933700,34.07029200 -111.30933500,34.06998800 -111.30936600,34.06978300 -111.30937600,34.06970800 -111.30944200,34.06939200 -111.30944600,34.06902200 -111.30944700,34.06895200 -111.30940300,34.06864400 -111.30939600,34.06856700 -111.30940300,34.06840300 -111.30938400,34.06824000 -111.30937200,34.06815600 -111.30935800,34.06789500 -111.30932200,34.06764100 -111.30930600,34.06739200 -111.30931300,34.06731300 -111.30934400,34.06714700 -111.30936000,34.06699000 -111.30948700,34.06672000 -111.30950900,34.06661400 -111.30949900,34.06657600 -111.30944700,34.06643600 -111.30946400,34.06635100 -111.30945300,34.06623200 -111.30944700,34.06617300 -111.30938900,34.06596000 -111.30939100,34.06577400 -111.30937000,34.06561800 -111.30936100,34.06554200 -111.30934800,34.06523200 -111.30935500,34.06494000 -111.30934500,34.06486400 -111.30932700,34.06479000 -111.30927600,34.06449400 -111.30922200,34.06407300 -111.30921600,34.06399500 -111.30925600,34.06377900 -111.30924500,34.06369800 -111.30916300,34.06348800 -111.30907800,34.06336300 -111.30903700,34.06330200 -111.30897400,34.06317600 -111.30884500,34.06284600 -111.30877000,34.06268700 -111.30873400,34.06259900 -111.30870700,34.06251500 -111.30862400,34.06213600 -111.30857700,34.06202500 -111.30854300,34.06197800 -111.30850300,34.06193400 -111.30846300,34.06188300 -111.30840600,34.06175500 -111.30827900,34.06153700 -111.30825800,34.06145800 -111.30818000,34.06131000 -111.30814100,34.06124600 -111.30811100,34.06118500 -111.30807000,34.06104600 -111.30801700,34.06092000 -111.30784700,34.06065700 -111.30781000,34.06058700 -111.30768500,34.06039700 -111.30752000,34.06010900 -111.30741600,34.05996500 -111.30736500,34.05989600 -111.30731900,34.05982800 -111.30728200,34.05969800 -111.30719300,34.05953200 -111.30717100,34.05940500 -111.30715000,34.05935000 -111.30712700,34.05929900 -111.30692000,34.05881400 -111.30683500,34.05867300 -111.30680700,34.05860900 -111.30680400,34.05854800 -111.30688300,34.05837000 -111.30689500,34.05831500 -111.30685200,34.05820700 -111.30683100,34.05807800 -111.30682300,34.05801300 -111.30678900,34.05788500 -111.30672200,34.05771900 -111.30672700,34.05750200 -111.30672300,34.05744300 -111.30669300,34.05727300 -111.30668500,34.05709100 -111.30665700,34.05690200 -111.30665700,34.05683900 -111.30666900,34.05676800 -111.30674900,34.05655400 -111.30679800,34.05634300 -111.30678700,34.05622700 -111.30679100,34.05617100 -111.30683900,34.05597600 -111.30686200,34.05574400 -111.30686000,34.05569500 -111.30684300,34.05564500 -111.30683000,34.05559000 -111.30682900,34.05527700 -111.30676200,34.05504600 -111.30675000,34.05498500 -111.30674100,34.05486600 -111.30670100,34.05475100 -111.30666500,34.05439600 -111.30665400,34.05433200 -111.30661500,34.05417000 -111.30662100,34.05407800 -111.30660900,34.05402800 -111.30653200,34.05392000 -111.30650400,34.05385600 -111.30648900,34.05379000 -111.30646500,34.05372900 -111.30630400,34.05356900 -111.30609900,34.05325800 -111.30606500,34.05320000 -111.30595500,34.05303900 -111.30569400,34.05280700 -111.30565200,34.05277400 -111.30543100,34.05258300 -111.30540800,34.05255700 -111.30532300,34.05248500 -111.30524900,34.05238200 -111.30523900,34.05237300 -111.30508900,34.05219700 -111.30508000,34.05218700 -111.30496200,34.05207900 -111.30474600,34.05182500 -111.30470100,34.05176900 -111.30451200,34.05148100 -111.30436500,34.05122900 -111.30432300,34.05116800 -111.30424200,34.05105600 -111.30421000,34.05099500 -111.30417200,34.05086600 -111.30413800,34.05081100 -111.30409300,34.05075700 -111.30397800,34.05066600 -111.30392100,34.05062800 -111.30383300,34.05055800 -111.30380200,34.05051900 -111.30378600,34.05046800 -111.30376400,34.05008500 -111.30375100,34.05001000 -111.30373500,34.04994400 -111.30370700,34.04988100 -111.30366700,34.04982500 -111.30361900,34.04977300 -111.30335500,34.04956000 -111.30331900,34.04951700 -111.30329400,34.04946500 -111.30326200,34.04934900 -111.30316200,34.04916800 -111.30314500,34.04910600 -111.30313800,34.04900000 -111.30312800,34.04896300 -111.30306900,34.04881600 -111.30304500,34.04871200 -111.30303000,34.04865300 -111.30296000,34.04843200 -111.30273600,34.04797400 -111.30270600,34.04790900 -111.30257700,34.04759100 -111.30256100,34.04752500 -111.30256500,34.04746000 -111.30259600,34.04734300 -111.30260800,34.04729300 -111.30261500,34.04724900 -111.30257400,34.04708800 -111.30257600,34.04705800 -111.30261700,34.04701700 -111.30264500,34.04701100 -111.30264500,34.04701100 -111.30273000,34.04700600 -111.30286600,34.04698000 -111.30293700,34.04696000 -111.30322700,34.04683700 -111.30336100,34.04676600 -111.30351900,34.04666000 -111.30356500,34.04662900 -111.30362300,34.04662200 -111.30381100,34.04666900 -111.30412900,34.04680200 -111.30419000,34.04683300 -111.30447200,34.04696700 -111.30461000,34.04705500 -111.30465100,34.04707700 -111.30492400,34.04720800 -111.30508800,34.04724200 -111.30515000,34.04725000 -111.30527200,34.04726100 -111.30532600,34.04725600 -111.30541900,34.04720800 -111.30562900,34.04713600 -111.30568200,34.04711500 -111.30589000,34.04701400 -111.30601800,34.04693100 -111.30620300,34.04673100 -111.30623800,34.04668700 -111.30627500,34.04664500 -111.30632000,34.04661500 -111.30641400,34.04658500 -111.30643200,34.04656400 -111.30643100,34.04652300 -111.30639200,34.04648000 -111.30635500,34.04644700 -111.30618800,34.04632000 -111.30609600,34.04623500 -111.30609600,34.04623500 -111.30601000,34.04617600 -111.30584200,34.04602300 -111.30571900,34.04586700 -111.30565600,34.04577800 -111.30522800,34.04514100 -111.30494800,34.04478100 -111.30485400,34.04466300 -111.30455800,34.04430800 -111.30435000,34.04407800 -111.30413300,34.04386300 -111.30390300,34.04365700 -111.30379100,34.04355200 -111.30282300,34.04264100 -111.30270900,34.04254100 -111.30259700,34.04244400 -111.30236000,34.04226800 -111.30223900,34.04218700 -111.30187600,34.04197500 -111.30176900,34.04190000 -111.30167600,34.04181600 -111.30160800,34.04172400 -111.30155400,34.04162100 -111.30147500,34.04141800 -111.30141800,34.04120000 -111.30140800,34.04108500 -111.30141500,34.04097400 -111.30147500,34.04075700 -111.30150400,34.04065600 -111.30151300,34.04055300 -111.30149400,34.04045100 -111.30144300,34.04035300 -111.30119600,34.04001000 -111.30118700,34.04000200 -111.30107200,34.03990600 -111.30094100,34.03981500 -111.30076300,34.03973300 -111.30066500,34.03970200 -111.30049100,34.03963800 -111.30035600,34.03955600 -111.30030900,34.03951200 -111.30029000,34.03945400 -111.30028600,34.03939300 -111.30030000,34.03933900 -111.30033100,34.03928600 -111.30037800,34.03923000 -111.30052300,34.03902900 -111.30055200,34.03895500 -111.30055700,34.03888100 -111.30052500,34.03881600 -111.30039100,34.03863700 -111.30035200,34.03857400 -111.30032600,34.03851100 -111.30030000,34.03837800 -111.30029100,34.03797800 -111.30028600,34.03791000 -111.30026500,34.03776200 -111.30018500,34.03746300 -111.30009200,34.03731400 -111.30002500,34.03724700 -111.29995900,34.03718400 -111.29984800,34.03706700 -111.29982300,34.03700200 -111.29982900,34.03694100 -111.29986600,34.03689600 -111.29992300,34.03687300 -111.30010600,34.03689400 -111.30016500,34.03690300 -111.30043600,34.03692000 -111.30078400,34.03696000 -111.30085200,34.03696900 -111.30145100,34.03709200 -111.30152700,34.03711400 -111.30159900,34.03714300 -111.30166000,34.03718000 -111.30183700,34.03731500 -111.30201100,34.03746600 -111.30207600,34.03749000 -111.30215000,34.03748400 -111.30221200,34.03744200 -111.30225200,34.03738200 -111.30225700,34.03731200 -111.30224000,34.03724700 -111.30220400,34.03719000 -111.30200400,34.03694000 -111.30195400,34.03686200 -111.30184600,34.03669700 -111.30177000,34.03652800 -111.30172500,34.03636000 -111.30167400,34.03608100 -111.30165900,34.03598900 -111.30158500,34.03562500 -111.30144000,34.03516700 -111.30141400,34.03507700 -111.30134100,34.03490300 -111.30124100,34.03473500 -111.30111500,34.03457300 -111.30089300,34.03434200 -111.30082100,34.03426800 -111.30060500,34.03404300 -111.30054600,34.03395500 -111.30050200,34.03386300 -111.30046700,34.03377400 -111.30045300,34.03368800 -111.30046000,34.03361300 -111.30048400,34.03355400 -111.30052300,34.03350000 -111.30062600,34.03338000 -111.30090300,34.03311100 -111.30096500,34.03303200 -111.30107200,34.03285800 -111.30111200,34.03276600 -111.30150800,34.03195200 -111.30154800,34.03185700 -111.30165800,34.03156700 -111.30174200,34.03138000 -111.30186900,34.03121700 -111.30202600,34.03105500 -111.30212000,34.03098900 -111.30222900,34.03093200 -111.30234100,34.03088700 -111.30290700,34.03071000 -111.30302000,34.03066800 -111.30312200,34.03061500 -111.30320100,34.03054500 -111.30325900,34.03045700 -111.30338500,34.03016400 -111.30361200,34.02971500 -111.30364800,34.02962900 -111.30374000,34.02938000 -111.30378600,34.02930800 -111.30386800,34.02926400 -111.30397800,34.02924200 -111.30409300,34.02924100 -111.30420000,34.02927000 -111.30430200,34.02932200 -111.30440200,34.02938400 -111.30448700,34.02945200 -111.30456100,34.02952700 -111.30462000,34.02960800 -111.30465500,34.02969300 -111.30466300,34.02985800 -111.30464100,34.02999500 -111.30465200,34.03005300 -111.30469000,34.03009700 -111.30475300,34.03013100 -111.30483800,34.03014500 -111.30494000,34.03014100 -111.30504500,34.03011900 -111.30537200,34.03002300 -111.30559100,34.02998500 -111.30569800,34.02997100 -111.30580300,34.02995000 -111.30590300,34.02991300 -111.30599800,34.02986500 -111.30633600,34.02965200 -111.30641900,34.02961900 -111.30650600,34.02960300 -111.30658500,34.02960800 -111.30674700,34.02961900 -111.30682900,34.02964300 -111.30691100,34.02968200 -111.30730200,34.02991300 -111.30738100,34.02996000 -111.30746400,34.02999100 -111.30755600,34.03001200 -111.30766600,34.03001600 -111.30777700,34.03000600 -111.30811900,34.02994700 -111.30823000,34.02992100 -111.30834100,34.02987700 -111.30845700,34.02982300 -111.30903100,34.02951000 -111.30947700,34.02929200 -111.30959700,34.02923300 -111.30984500,34.02909300 -111.31028100,34.02876700 -111.31047300,34.02859700 -111.31055800,34.02850200 -111.31062900,34.02839500 -111.31099000,34.02781900 -111.31124100,34.02733700 -111.31130100,34.02721000 -111.31162500,34.02644100 -111.31181000,34.02607400 -111.31187900,34.02595400 -111.31195000,34.02583600 -111.31212200,34.02559500 -111.31265300,34.02491400 -111.31273800,34.02480300 -111.31281400,34.02469300 -111.31293000,34.02444700 -111.31302900,34.02418300 -111.31320600,34.02365400 -111.31324800,34.02352000 -111.31363000,34.02232000 -111.31367200,34.02219000 -111.31395900,34.02126900 -111.31405000,34.02101400 -111.31410800,34.02088300 -111.31453800,34.02000600 -111.31464800,34.01974600 -111.31469200,34.01961800 -111.31478300,34.01922100 -111.31490100,34.01838800 -111.31491900,34.01825300 -111.31498300,34.01785400 -111.31513800,34.01708600 -111.31517300,34.01696500 -111.31553400,34.01594100 -111.31557900,34.01583400 -111.31563500,34.01572700 -111.31599200,34.01517700 -111.31612400,34.01497900 -111.31619300,34.01489500 -111.31626900,34.01481700 -111.31642200,34.01467300 -111.31648300,34.01459600 -111.31651200,34.01450900 -111.31652800,34.01441600 -111.31652300,34.01432100 -111.31650300,34.01422200 -111.31642900,34.01403800 -111.31638300,34.01394800 -111.31620400,34.01362000 -111.31618000,34.01353900 -111.31618000,34.01346200 -111.31620400,34.01339200 -111.31629700,34.01324900 -111.31635300,34.01317300 -111.31658000,34.01284400 -111.31672000,34.01257700 -111.31683000,34.01240500 -111.31690300,34.01233500 -111.31699700,34.01228700 -111.31730800,34.01219100 -111.31750800,34.01210500 -111.31760100,34.01204300 -111.31776100,34.01189200 -111.31784100,34.01182000 -111.31826000,34.01143600 -111.31841000,34.01132000 -111.31849000,34.01126900 -111.31857800,34.01122600 -111.31923600,34.01085200 -111.31928700,34.01082700 -111.31945500,34.01074800 </coordinates>
</LineString>
</Placemark>
<Placemark>
<name>AZAT-02 Tonto Basin</name>
<LookAt>
<longitude>-111.31784150</longitude>
<latitude>33.93925291</latitude>
<range>15892</range>
</LookAt>
<styleUrl>#Line_Forest_Service_Rd_level_2_or_higher_0dd5fc_04</styleUrl>
<ExtendedData>
<Data name="Type">
<value>Forest Service Rd level 2 or higher</value>
</Data>
<Data name="Name on GPS">
<value>AZAT02-Tonto Basin</value>
</Data>
<Data name="Total Distance">
<value>10.7 mi</value>
</Data>
<Data name="Number of Trackpoints">
<value>278</value>
</Data>
</ExtendedData>
<LineString>
<coordinates>-111.31956000,34.01058000 -111.31882700,34.01014200 -111.31789100,34.00958300 -111.31723700,34.00915600 -111.31671100,34.00881500 -111.31615800,34.00833000 -111.31578200,34.00800100 -111.31527800,34.00745400 -111.31503700,34.00712900 -111.31473600,34.00674200 -111.31445700,34.00633300 -111.31424300,34.00594200 -111.31381900,34.00486600 -111.31381900,34.00486600 -111.31363700,34.00412700 -111.31349700,34.00325100 -111.31354000,34.00267300 -111.31358300,34.00205900 -111.31366900,34.00155200 -111.31393700,34.00009400 -111.31417300,33.99896400 -111.31490700,33.99555500 -111.31498700,33.99521700 -111.31507300,33.99485700 -111.31519300,33.99414100 -111.31521900,33.99335200 -111.31516700,33.99285600 -111.31511500,33.99248900 -111.31484000,33.99145500 -111.31433600,33.99047100 -111.31406800,33.99004600 -111.31269300,33.98786500 -111.31239100,33.98730200 -111.31212800,33.98659200 -111.31196900,33.98550700 -111.31199500,33.98447400 -111.31215700,33.98356100 -111.31245100,33.98277200 -111.31256900,33.98255000 -111.31285300,33.98208000 -111.31326300,33.98140300 -111.31473600,33.97982400 -111.31550400,33.97887700 -111.31695500,33.97718900 -111.31855700,33.97517800 -111.31918600,33.97430200 -111.32047500,33.97221300 -111.32136400,33.97054600 -111.32157600,33.97015000 -111.32168100,33.96997100 -111.32179200,33.96977700 -111.32213400,33.96917700 -111.32249200,33.96847700 -111.32284900,33.96776200 -111.32395800,33.96565500 -111.32408900,33.96540400 -111.32408900,33.96540400 -111.32408900,33.96540400 -111.32408900,33.96540400 -111.32408900,33.96540400 -111.32408900,33.96540400 -111.32408900,33.96540400 -111.32408900,33.96540400 -111.32411800,33.96534800 -111.32467200,33.96429600 -111.32537900,33.96295100 -111.32584700,33.96114900 -111.32581900,33.96070900 -111.32573300,33.95931600 -111.32571400,33.95925900 -111.32571400,33.95925900 -111.32571400,33.95925900 -111.32571400,33.95925900 -111.32571400,33.95925900 -111.32571400,33.95925900 -111.32571400,33.95925900 -111.32571400,33.95925900 -111.32521500,33.95778500 -111.32426200,33.95496500 -111.32432300,33.95495600 -111.32432300,33.95495600 -111.32432300,33.95495600 -111.32432300,33.95495600 -111.32432300,33.95495600 -111.32432300,33.95495600 -111.32432300,33.95495600 -111.32432300,33.95495600 -111.32426200,33.95496500 -111.32402200,33.95430400 -111.32388900,33.95388300 -111.32381500,33.95359200 -111.32375800,33.95342400 -111.32366900,33.95320500 -111.32348600,33.95274700 -111.32324600,33.95199600 -111.32317200,33.95154000 -111.32307700,33.95112500 -111.32300400,33.95072900 -111.32286900,33.95027100 -111.32279200,33.95006500 -111.32270100,33.94985100 -111.32258900,33.94962200 -111.32244800,33.94939700 -111.32228700,33.94917700 -111.32210900,33.94895600 -111.32174200,33.94857100 -111.32146100,33.94833500 -111.32103300,33.94806700 -111.32078900,33.94794200 -111.32060400,33.94784600 -111.32007900,33.94762300 -111.31936800,33.94735100 -111.31912400,33.94724500 -111.31884500,33.94710400 -111.31824900,33.94671900 -111.31804000,33.94654800 -111.31792500,33.94645400 -111.31760100,33.94612000 -111.31731100,33.94573700 -111.31708100,33.94536600 -111.31695800,33.94509200 -111.31692700,33.94500400 -111.31685300,33.94479100 -111.31675100,33.94433500 -111.31665800,33.94375300 -111.31659700,33.94339900 -111.31646400,33.94258100 -111.31640100,33.94234200 -111.31636700,33.94203400 -111.31637800,33.94146500 -111.31642100,33.94102400 -111.31649600,33.94031500 -111.31653100,33.93999400 -111.31654500,33.93961500 -111.31654000,33.93923300 -111.31652100,33.93902700 -111.31649300,33.93880500 -111.31644500,33.93859400 -111.31638400,33.93838100 -111.31627000,33.93806800 -111.31588400,33.93726800 -111.31537700,33.93632300 -111.31494300,33.93555300 -111.31452300,33.93465000 -111.31438800,33.93427900 -111.31438800,33.93427900 -111.31438000,33.93428100 -111.31429100,33.93393900 -111.31421900,33.93358000 -111.31418000,33.93312400 -111.31418700,33.93274200 -111.31420500,33.93247600 -111.31424100,33.93223400 -111.31429500,33.93195700 -111.31436300,33.93167700 -111.31446000,33.93139400 -111.31460000,33.93104500 -111.31540000,33.92920500 -111.31554400,33.92889600 -111.31568000,33.92858900 -111.31581700,33.92825000 -111.31585400,33.92816300 -111.31599300,33.92783600 -111.31622600,33.92732600 -111.31636600,33.92706200 -111.31647800,33.92682700 -111.31654600,33.92666400 -111.31659500,33.92652400 -111.31665000,33.92636700 -111.31678100,33.92605300 -111.31684900,33.92591500 -111.31690500,33.92581400 -111.31695300,33.92574500 -111.31702000,33.92562800 -111.31747700,33.92450600 -111.31772400,33.92402900 -111.31783100,33.92376300 -111.31798500,33.92334200 -111.31804200,33.92317500 -111.31806000,33.92311200 -111.31808100,33.92303800 -111.31811900,33.92287800 -111.31814700,33.92267300 -111.31818600,33.92241200 -111.31820200,33.92224200 -111.31820800,33.92210000 -111.31821300,33.92190600 -111.31820200,33.92174200 -111.31817500,33.92153800 -111.31813600,33.92135000 -111.31809000,33.92111400 -111.31804400,33.92095800 -111.31798800,33.92080200 -111.31791900,33.92065900 -111.31788000,33.92059300 -111.31785500,33.92055700 -111.31783200,33.92052300 -111.31780500,33.92046700 -111.31769400,33.92024100 -111.31761800,33.92010400 -111.31755400,33.92000300 -111.31749300,33.91991100 -111.31741200,33.91981200 -111.31735700,33.91974300 -111.31730400,33.91967000 -111.31727000,33.91961900 -111.31703800,33.91934900 -111.31685300,33.91915200 -111.31673500,33.91902800 -111.31662200,33.91889500 -111.31651600,33.91876100 -111.31643700,33.91865400 -111.31635600,33.91855900 -111.31624500,33.91844800 -111.31598400,33.91819000 -111.31588500,33.91809300 -111.31578800,33.91796800 -111.31570700,33.91784500 -111.31559700,33.91769600 -111.31544300,33.91747300 -111.31531200,33.91724900 -111.31516100,33.91693600 -111.31499000,33.91650400 -111.31491300,33.91628200 -111.31477900,33.91597100 -111.31458000,33.91555600 -111.31424800,33.91495100 -111.31399600,33.91452100 -111.31400300,33.91446300 -111.31395800,33.91445700 -111.31393200,33.91441500 -111.31393200,33.91441500 -111.31271900,33.91246700 -111.31145600,33.91061700 -111.31046700,33.90873900 -111.31027500,33.90800600 -111.31024700,33.90592100 -111.31038500,33.90301200 -111.31054300,33.90168700 -111.31057800,33.90123900 -111.31062200,33.90066500 -111.31068000,33.89990400 -111.31063500,33.89928700 -111.31047100,33.89852000 -111.31014600,33.89724200 -111.30995400,33.89646100 -111.30987300,33.89600300 -111.30983600,33.89541800 -111.30986200,33.89492100 -111.30992700,33.89458900 -111.31003600,33.89420600 -111.31012200,33.89394500 -111.31055300,33.89264400 -111.31079200,33.89193300 -111.31112700,33.89105400 -111.31153400,33.88972700 -111.31179800,33.88891100 -111.31189000,33.88827100 -111.31179400,33.88511600 -111.31178800,33.88455400 -111.31179300,33.88397200 -111.31188800,33.88319500 -111.31201900,33.88280900 -111.31217600,33.88244200 -111.31264900,33.88161000 -111.31372100,33.88023200 -111.31425200,33.87954100 -111.31470100,33.87895200 -111.31480300,33.87881900 -111.31525500,33.87812600 -111.31533400,33.87800500 -111.31563000,33.87734100 -111.31570600,33.87680700 -111.31570600,33.87680700 -111.31570547,33.87255722 -111.31581276,33.87221715 -111.31506174,33.86999768 -111.31507247,33.86792582 </coordinates>
</LineString>
</Placemark>
<Placemark>
<name>AZAT-03 Juniper Canyon</name>
<LookAt>
<longitude>-111.13978601</longitude>
<latitude>33.91301250</latitude>
<range>33943</range>
</LookAt>
<styleUrl>#Line_Forest_Service_Rd_level_2_or_higher_000000_04</styleUrl>
<ExtendedData>
<Data name="Type">
<value>Forest Service Rd level 2 or higher</value>
</Data>
<Data name="Name on GPS">
<value>AZAT03-Juniper Canyon</value>
</Data>
<Data name="Total Distance">
<value>30.5 mi</value>
</Data>
<Data name="Number of Trackpoints">
<value>1763</value>
</Data>
</ExtendedData>
<LineString>
<coordinates>-111.31502273,33.86768706 -111.31383300,33.86760800 -111.31331400,33.86757300 -111.31306700,33.86758400 -111.31293500,33.86760500 -111.31288628,33.86763532 -111.31262600,33.86775900 -111.31234400,33.86789300 -111.31206200,33.86802700 -111.31178000,33.86816100 -111.31149800,33.86829400 -111.31142900,33.86832700 -111.31142900,33.86832700 -111.31112500,33.86842200 -111.31082000,33.86851600 -111.31051600,33.86861100 -111.31037200,33.86865600 -111.31037200,33.86865600 -111.31004700,33.86866100 -111.30972200,33.86866700 -111.30939700,33.86867200 -111.30907300,33.86867800 -111.30874800,33.86868300 -111.30842300,33.86868900 -111.30809800,33.86869400 -111.30777300,33.86870000 -111.30744800,33.86870500 -111.30712300,33.86871100 -111.30679800,33.86871600 -111.30651500,33.86872100 -111.30651500,33.86872100 -111.30619000,33.86872600 -111.30586500,33.86873100 -111.30554000,33.86873500 -111.30521500,33.86874000 -111.30489100,33.86874500 -111.30456600,33.86875000 -111.30424100,33.86875500 -111.30391600,33.86875900 -111.30359100,33.86876400 -111.30326600,33.86876900 -111.30305400,33.86877200 -111.30305400,33.86877200 -111.30274300,33.86885100 -111.30243300,33.86893000 -111.30218800,33.86899200 -111.30218800,33.86899200 -111.30219900,33.86898800 -111.30155000,33.86955300 -111.30117400,33.86984300 -111.30117400,33.86984300 -111.30114500,33.86985300 -111.30088400,33.86994100 -111.30060800,33.86994800 -111.30025900,33.86989400 -111.30018500,33.86988800 -111.30009100,33.86993000 -111.29990400,33.87005900 -111.29980500,33.87017200 -111.29968400,33.87033400 -111.29954900,33.87047600 -111.29943300,33.87056800 -111.29930300,33.87064200 -111.29915700,33.87070900 -111.29897600,33.87074700 -111.29882700,33.87077200 -111.29857500,33.87079700 -111.29833900,33.87085900 -111.29822900,33.87089400 -111.29802300,33.87095900 -111.29790200,33.87095500 -111.29778200,33.87094300 -111.29762100,33.87090500 -111.29756500,33.87088700 -111.29730000,33.87080100 -111.29710900,33.87073400 -111.29696600,33.87070100 -111.29684500,33.87068800 -111.29660900,33.87071100 -111.29645200,33.87074800 -111.29635000,33.87078100 -111.29605300,33.87090700 -111.29577700,33.87103300 -111.29572400,33.87105800 -111.29536900,33.87127700 -111.29501700,33.87158200 -111.29445200,33.87204800 -111.29384600,33.87269000 -111.29337400,33.87329400 -111.29328400,33.87339500 -111.29319600,33.87349500 -111.29297200,33.87369400 -111.29215400,33.87397900 -111.29130300,33.87423300 -111.29087400,33.87423000 -111.29004800,33.87414900 -111.28956800,33.87418300 -111.28919300,33.87423300 -111.28852400,33.87448000 -111.28715500,33.87514400 -111.28548500,33.87599100 -111.28196400,33.87825500 -111.28127700,33.87858900 -111.28041000,33.87892700 -111.27964700,33.87915100 -111.27821500,33.87950300 -111.27744400,33.87966800 -111.26738700,33.88241900 -111.26556500,33.88293500 -111.26390800,33.88337400 -111.26157100,33.88398700 -111.26015900,33.88435900 -111.25809700,33.88491700 -111.25773800,33.88500900 -111.25755600,33.88510700 -111.25736100,33.88531900 -111.25725100,33.88550700 -111.25668900,33.88714500 -111.25485500,33.89218700 -111.25417500,33.89401800 -111.25379400,33.89510600 -111.25348600,33.89587800 -111.25336300,33.89621500 -111.25324900,33.89645300 -111.25289400,33.89703200 -111.25260200,33.89741100 -111.25243300,33.89762500 -111.25230600,33.89777000 -111.25225600,33.89785300 -111.25218400,33.89802100 -111.25212000,33.89827000 -111.25207800,33.89860000 -111.25201500,33.89895400 -111.25196400,33.89907000 -111.25185800,33.89926700 -111.25169800,33.89956800 -111.25143600,33.90003500 -111.25125400,33.90025600 -111.25112300,33.90037500 -111.25092400,33.90047000 -111.25060700,33.90052900 -111.25019300,33.90051900 -111.24996100,33.90049400 -111.24964800,33.90045100 -111.24943200,33.90045200 -111.24904800,33.90046600 -111.24854900,33.90047300 -111.24820300,33.90046600 -111.24787300,33.90047300 -111.24765700,33.90048000 -111.24746300,33.90051600 -111.24707400,33.90069400 -111.24660100,33.90088000 -111.24619500,33.90100300 -111.24525200,33.90139300 -111.24423400,33.90179900 -111.24342700,33.90197800 -111.24314600,33.90200500 -111.24237400,33.90201300 -111.24205300,33.90202400 -111.24163900,33.90209400 -111.24113600,33.90216800 -111.24086500,33.90217500 -111.24056900,33.90209100 -111.23834600,33.90110100 -111.23691400,33.90047300 -111.23671900,33.90041400 -111.23653700,33.90036400 -111.23633900,33.90036400 -111.23617000,33.90038900 -111.23582300,33.90052200 -111.23547200,33.90079600 -111.23497800,33.90131900 -111.23473700,33.90155700 -111.23456800,33.90172200 -111.23399700,33.90204500 -111.23248000,33.90258200 -111.23171900,33.90277800 -111.23146100,33.90278900 -111.23126700,33.90277100 -111.23081000,33.90267600 -111.23062000,33.90264500 -111.23005000,33.90279200 -111.22957600,33.90296000 -111.22926400,33.90310800 -111.22823600,33.90372700 -111.22797000,33.90388700 -111.22770400,33.90404800 -111.22701900,33.90447600 -111.22593300,33.90540900 -111.22566300,33.90569000 -111.22541000,33.90599300 -111.22521000,33.90626900 -111.22457600,33.90703000 -111.22424700,33.90726100 -111.22393000,33.90745100 -111.22354900,33.90766400 -111.22321500,33.90782600 -111.22291100,33.90797300 -111.22259400,33.90808200 -111.22211200,33.90818200 -111.22171100,33.90832800 -111.21931300,33.90937700 -111.21502200,33.91118300 -111.21462800,33.91155500 -111.21436000,33.91217200 -111.21373400,33.91237300 -111.21312800,33.91268700 -111.21266600,33.91286100 -111.21228700,33.91354300 -111.21185800,33.91382300 -111.21110900,33.91408900 -111.21056400,33.91455600 -111.21023200,33.91468200 -111.20933100,33.91566200 -111.20884300,33.91616100 -111.20744400,33.91601400 -111.20651500,33.91552700 -111.20431600,33.91487100 -111.20335200,33.91497900 -111.20294400,33.91518900 -111.20230000,33.91501500 -111.20122900,33.91528400 -111.19933800,33.91557100 -111.19866300,33.91584400 -111.19819400,33.91596900 -111.19788100,33.91618000 -111.19723500,33.91634500 -111.19668200,33.91706500 -111.19647100,33.91718700 -111.19521800,33.91750400 -111.19399300,33.91780300 -111.19294900,33.91802500 -111.19270300,33.91811600 -111.19255700,33.91816800 -111.19244700,33.91823100 -111.19236900,33.91856300 -111.19227300,33.91881600 -111.19212200,33.91910500 -111.19155000,33.91979100 -111.19150700,33.91988100 -111.19143200,33.92027800 -111.19133500,33.92045000 -111.19116200,33.92061200 -111.19090300,33.92080200 -111.19056800,33.92100100 -111.19024400,33.92137100 -111.19006100,33.92148000 -111.18978000,33.92159800 -111.18954200,33.92165200 -111.18928200,33.92164300 -111.18916300,33.92167100 -111.18910900,33.92170700 -111.18901200,33.92186000 -111.18890400,33.92196900 -111.18850400,33.92221300 -111.18791100,33.92280000 -111.18758700,33.92305300 -111.18692700,33.92345100 -111.18665700,33.92356900 -111.18636600,33.92375800 -111.18588000,33.92434500 -111.18574000,33.92445400 -111.18534000,33.92461700 -111.18471300,33.92484300 -111.18414000,33.92525900 -111.18380500,33.92544000 -111.18327500,33.92561200 -111.18309200,33.92572900 -111.18272500,33.92609100 -111.18217300,33.92643400 -111.18183900,33.92666900 -111.18167700,33.92680500 -111.18148200,33.92686800 -111.18134100,33.92689600 -111.18125500,33.92697700 -111.18108200,33.92705800 -111.18045500,33.92711300 -111.18037900,33.92715800 -111.18032500,33.92738400 -111.18022800,33.92746500 -111.17996900,33.92756500 -111.17957900,33.92757400 -111.17942800,33.92763800 -111.17904900,33.92771100 -111.17829200,33.92771200 -111.17801100,33.92779300 -111.17777300,33.92797400 -111.17755700,33.92806400 -111.17717800,33.92811000 -111.17681100,33.92821900 -111.17651900,33.92841800 -111.17580600,33.92868000 -111.17548100,33.92883400 -111.17534100,33.92897900 -111.17497400,33.92962900 -111.17481200,33.92974600 -111.17455300,33.92989100 -111.17448800,33.92997200 -111.17443500,33.93021600 -111.17438100,33.93030600 -111.17419700,33.93040500 -111.17414300,33.93050500 -111.17411100,33.93064000 -111.17424100,33.93074800 -111.17445700,33.93077500 -111.17451200,33.93087400 -111.17451200,33.93120800 -111.17449100,33.93139700 -111.17441600,33.93151400 -111.17437300,33.93171300 -111.17433000,33.93178500 -111.17422200,33.93185700 -111.17400500,33.93194800 -111.17356200,33.93204800 -111.17325900,33.93213800 -111.17277300,33.93231900 -111.17214600,33.93260000 -111.17173500,33.93282600 -111.17151900,33.93301600 -111.17120600,33.93346700 -111.17101100,33.93360200 -111.17078500,33.93380100 -111.17048200,33.93400000 -111.17043900,33.93406300 -111.17043900,33.93423500 -111.17039600,33.93445100 -111.17035300,33.93457700 -111.17026700,33.93473100 -111.17028900,33.93488400 -111.17027900,33.93505600 -111.17021400,33.93513700 -111.17008400,33.93521800 -111.16988900,33.93530900 -111.16979300,33.93557000 -111.16965300,33.93581400 -111.16962000,33.93591300 -111.16962100,33.93629200 -111.16951300,33.93642800 -111.16901600,33.93678900 -111.16876700,33.93695200 -111.16853000,33.93707800 -111.16836700,33.93713300 -111.16807500,33.93713300 -111.16791300,33.93716000 -111.16749100,33.93735900 -111.16741600,33.93744100 -111.16741600,33.93760300 -111.16746000,33.93792800 -111.16739600,33.93809900 -111.16712500,33.93837900 -111.16714700,33.93849600 -111.16724500,33.93879400 -111.16724600,33.93900100 -111.16727900,33.93916300 -111.16734400,33.93923600 -111.16758200,33.93937000 -111.16771200,33.93953300 -111.16777700,33.93965900 -111.16792900,33.93975800 -111.16823300,33.94010000 -111.16841700,33.94047900 -111.16850400,33.94075800 -111.16847300,33.94108300 -111.16849500,33.94129900 -111.16860300,33.94154300 -111.16855000,33.94177700 -111.16845300,33.94198500 -111.16837800,33.94224600 -111.16817300,33.94269800 -111.16816200,33.94288700 -111.16801200,33.94327500 -111.16803400,33.94360900 -111.16802400,33.94387900 -111.16797400,33.94407200 -111.16792700,33.94417400 -111.16735000,33.94424100 -111.16699000,33.94441800 -111.16652100,33.94446800 -111.16606600,33.94457700 -111.16577400,33.94470300 -111.16537100,33.94500700 -111.16524300,33.94509900 -111.16509000,33.94515200 -111.16495900,33.94515100 -111.16479000,33.94511900 -111.16467300,33.94514600 -111.16445500,33.94537200 -111.16402300,33.94559000 -111.16379600,33.94564400 -111.16350400,33.94566200 -111.16317900,33.94560800 -111.16296200,33.94555500 -111.16273500,33.94540200 -111.16247500,33.94529400 -111.16211800,33.94519500 -111.16183600,33.94512300 -111.16153300,33.94513300 -111.16124100,33.94500700 -111.16108900,33.94488100 -111.16100200,33.94485400 -111.16091600,33.94488100 -111.16087300,33.94498000 -111.16091600,33.94511600 -111.16086300,33.94521800 -111.16089400,33.94532200 -111.16106900,33.94557000 -111.16112300,33.94569400 -111.16119300,33.94594900 -111.16135000,33.94639400 -111.16141400,33.94666200 -111.16141800,33.94679800 -111.16136000,33.94693800 -111.16125600,33.94708300 -111.16114700,33.94722700 -111.16091100,33.94744500 -111.16055200,33.94762600 -111.16038700,33.94775300 -111.15991800,33.94820500 -111.15959000,33.94848100 -111.15908100,33.94882600 -111.15863500,33.94906400 -111.15846100,33.94913100 -111.15813000,33.94934200 -111.15798300,33.94947200 -111.15778900,33.94968300 -111.15764700,33.94979100 -111.15755500,33.94988400 -111.15728800,33.95020200 -111.15698000,33.95031700 -111.15680900,33.95041100 -111.15644900,33.95057400 -111.15631000,33.95061500 -111.15597400,33.95062900 -111.15570100,33.95069600 -111.15558300,33.95074100 -111.15537700,33.95078000 -111.15508200,33.95088400 -111.15474900,33.95092800 -111.15443400,33.95099200 -111.15428300,33.95104800 -111.15401300,33.95108500 -111.15385700,33.95115800 -111.15374900,33.95119900 -111.15359900,33.95123200 -111.15347600,33.95128900 -111.15335100,33.95131000 -111.15321100,33.95136600 -111.15303900,33.95140200 -111.15278300,33.95148400 -111.15200300,33.95168900 -111.15152400,33.95188300 -111.15137100,33.95196300 -111.15127700,33.95206500 -111.15089400,33.95231200 -111.15080400,33.95241400 -111.15067000,33.95250300 -111.15060300,33.95258200 -111.15050000,33.95266100 -111.15036900,33.95271300 -111.14973600,33.95307800 -111.14965100,33.95328200 -111.14950700,33.95356500 -111.14941000,33.95364900 -111.14935200,33.95373700 -111.14914200,33.95390200 -111.14906200,33.95399800 -111.14901600,33.95413500 -111.14892400,33.95424300 -111.14881900,33.95430800 -111.14868800,33.95433800 -111.14857300,33.95427400 -111.14848400,33.95417200 -111.14834800,33.95413300 -111.14808900,33.95425000 -111.14791800,33.95428900 -111.14762800,33.95430600 -111.14749000,33.95429700 -111.14737100,33.95434200 -111.14673400,33.95442100 -111.14663700,33.95438600 -111.14615700,33.95440600 -111.14599300,33.95439500 -111.14580300,33.95435300 -111.14540600,33.95419200 -111.14524600,33.95424500 -111.14522200,33.95436100 -111.14515900,33.95451800 -111.14507500,33.95459700 -111.14483700,33.95469600 -111.14466100,33.95472000 -111.14458200,33.95472200 -111.14458200,33.95472200 -111.14448700,33.95472400 -111.14423000,33.95468000 -111.14406200,33.95471300 -111.14388100,33.95467900 -111.14370200,33.95461700 -111.14356000,33.95454700 -111.14348300,33.95445200 -111.14344800,33.95434200 -111.14342500,33.95406100 -111.14337900,33.95381400 -111.14342200,33.95352900 -111.14346800,33.95337700 -111.14342000,33.95296900 -111.14342300,33.95284800 -111.14350200,33.95260300 -111.14351300,33.95243500 -111.14350000,33.95218000 -111.14342400,33.95174100 -111.14338300,33.95163000 -111.14339600,33.95136900 -111.14333900,33.95123500 -111.14334600,33.95109900 -111.14338500,33.95094600 -111.14357400,33.95075500 -111.14401800,33.95040700 -111.14406700,33.95027100 -111.14401200,33.95000500 -111.14412500,33.94973400 -111.14374500,33.94915700 -111.14354000,33.94889600 -111.14351000,33.94848300 -111.14348800,33.94827600 -111.14346900,33.94822400 -111.14347800,33.94818800 -111.14356100,33.94808700 -111.14366200,33.94797000 -111.14377400,33.94787500 -111.14385700,33.94776500 -111.14392500,33.94765600 -111.14389200,33.94754500 -111.14375500,33.94746000 -111.14361500,33.94741500 -111.14347800,33.94736100 -111.14332900,33.94732900 -111.14322300,33.94726400 -111.14314000,33.94717200 -111.14310600,33.94702600 -111.14313100,33.94688400 -111.14316100,33.94675300 -111.14321100,33.94660100 -111.14323100,33.94648100 -111.14323000,33.94634200 -111.14320100,33.94624300 -111.14318500,33.94612300 -111.14317400,33.94599500 -111.14313500,33.94586800 -111.14310500,33.94572600 -111.14308600,33.94558400 -111.14307200,33.94545500 -111.14304200,33.94533600 -111.14298400,33.94521300 -111.14294200,33.94511300 -111.14288400,33.94500200 -111.14280300,33.94488500 -111.14274800,33.94478000 -111.14266200,33.94468000 -111.14256000,33.94456700 -111.14247700,33.94446900 -111.14239500,33.94437100 -111.14231900,33.94425100 -111.14224900,33.94412600 -111.14218800,33.94400700 -111.14212400,33.94389100 -111.14207900,33.94378900 -111.14202100,33.94367100 -111.14195600,33.94356400 -111.14191300,33.94343000 -111.14188100,33.94330400 -111.14166800,33.94296800 -111.14156600,33.94278800 -111.14151300,33.94266900 -111.14148800,33.94255900 -111.14142400,33.94245100 -111.14140800,33.94231900 -111.14140300,33.94227300 -111.14139400,33.94219600 -111.14140900,33.94207000 -111.14142800,33.94194500 -111.14142600,33.94180700 -111.14144400,33.94167400 -111.14144800,33.94154700 -111.14145200,33.94140300 -111.14145100,33.94129300 -111.14145500,33.94117500 -111.14148000,33.94102900 -111.14150000,33.94090100 -111.14148400,33.94077000 -111.14142700,33.94064700 -111.14137800,33.94052500 -111.14128900,33.94040600 -111.14119200,33.94027600 -111.14107200,33.94015400 -111.14096500,33.94003100 -111.14090500,33.93993300 -111.14085600,33.93983200 -111.14077200,33.93970300 -111.14077100,33.93970100 -111.14072700,33.93954000 -111.14049300,33.93934900 -111.14035400,33.93926500 -111.14022000,33.93917800 -111.14010800,33.93907700 -111.13999000,33.93900400 -111.13989000,33.93889400 -111.13987300,33.93876400 -111.13990800,33.93865100 -111.13994400,33.93850200 -111.13993100,33.93840000 -111.13991600,33.93822100 -111.13964300,33.93814400 -111.13945400,33.93814900 -111.13930300,33.93808100 -111.13918100,33.93796900 -111.13910700,33.93788300 -111.13896900,33.93784000 -111.13884900,33.93778400 -111.13881600,33.93766800 -111.13871200,33.93756500 -111.13854100,33.93755200 -111.13842500,33.93754900 -111.13827400,33.93751100 -111.13809000,33.93746100 -111.13795700,33.93736900 -111.13795800,33.93724300 -111.13803700,33.93711100 -111.13815300,33.93700100 -111.13821100,33.93689500 -111.13809800,33.93663800 -111.13796000,33.93659000 -111.13782000,33.93660600 -111.13764900,33.93659300 -111.13758900,33.93661100 -111.13746700,33.93664700 -111.13716900,33.93664100 -111.13705300,33.93658500 -111.13698800,33.93644800 -111.13700800,33.93631200 -111.13707400,33.93619700 -111.13707800,33.93606900 -111.13702600,33.93595500 -111.13696900,33.93584500 -111.13691400,33.93573700 -111.13681500,33.93563300 -111.13666700,33.93552800 -111.13643500,33.93537400 -111.13630600,33.93530200 -111.13617200,33.93520700 -111.13605400,33.93510100 -111.13601800,33.93496500 -111.13581800,33.93456800 -111.13569000,33.93449200 -111.13567500,33.93434000 -111.13578200,33.93422300 -111.13587800,33.93409700 -111.13584300,33.93389700 -111.13564400,33.93393100 -111.13552700,33.93401400 -111.13534700,33.93408200 -111.13526700,33.93418300 -111.13510500,33.93424100 -111.13494600,33.93426100 -111.13483500,33.93437100 -111.13466300,33.93452000 -111.13451800,33.93460200 -111.13442800,33.93468700 -111.13446600,33.93480200 -111.13447900,33.93489800 -111.13441900,33.93505100 -111.13440000,33.93518300 -111.13432400,33.93529200 -111.13421600,33.93539300 -111.13409800,33.93547100 -111.13398800,33.93553800 -111.13380200,33.93564900 -111.13353900,33.93578200 -111.13348300,33.93588400 -111.13344600,33.93601200 -111.13351400,33.93610500 -111.13357700,33.93620500 -111.13360600,33.93631700 -111.13360900,33.93643500 -111.13359200,33.93655700 -111.13354800,33.93666800 -111.13348400,33.93677600 -111.13338600,33.93686600 -111.13326400,33.93693400 -111.13312600,33.93695800 -111.13294300,33.93699100 -111.13275100,33.93701500 -111.13259100,33.93704500 -111.13245000,33.93709300 -111.13230700,33.93717200 -111.13214500,33.93722400 -111.13202600,33.93730000 -111.13190000,33.93735000 -111.13171800,33.93742600 -111.13157200,33.93747800 -111.13144300,33.93755300 -111.13130800,33.93763400 -111.13118300,33.93763500 -111.13099500,33.93759400 -111.13085300,33.93756600 -111.13070900,33.93759300 -111.13059200,33.93766400 -111.13046200,33.93770300 -111.13033700,33.93774800 -111.13022000,33.93780400 -111.13009600,33.93788100 -111.12994600,33.93788800 -111.12979800,33.93781900 -111.12968800,33.93771500 -111.12960200,33.93762200 -111.12947100,33.93759000 -111.12931900,33.93761900 -111.12917500,33.93762100 -111.12903300,33.93755400 -111.12889300,33.93746000 -111.12878400,33.93736400 -111.12870600,33.93726300 -111.12860900,33.93717500 -111.12845600,33.93713100 -111.12828800,33.93711500 -111.12814300,33.93707300 -111.12809100,33.93705500 -111.12800600,33.93702500 -111.12790300,33.93694400 -111.12778500,33.93686700 -111.12767400,33.93676900 -111.12752800,33.93667100 -111.12736700,33.93662800 -111.12720900,33.93660300 -111.12708200,33.93656200 -111.12692500,33.93650900 -111.12677700,33.93644100 -111.12666900,33.93637000 -111.12662700,33.93624200 -111.12619400,33.93632600 -111.12603800,33.93651100 -111.12617000,33.93664500 -111.12622300,33.93678200 -111.12631600,33.93690800 -111.12639100,33.93701900 -111.12638300,33.93711900 -111.12638000,33.93725000 -111.12637200,33.93730400 -111.12637900,33.93733900 -111.12638600,33.93737700 -111.12635900,33.93749500 -111.12631000,33.93759700 -111.12622600,33.93768400 -111.12612800,33.93775800 -111.12605100,33.93786100 -111.12593600,33.93795400 -111.12579700,33.93800700 -111.12569800,33.93807100 -111.12558200,33.93814600 -111.12545000,33.93821600 -111.12531800,33.93828200 -111.12518100,33.93832800 -111.12503700,33.93836700 -111.12487400,33.93840900 -111.12470800,33.93840300 -111.12463700,33.93838800 -111.12459900,33.93839300 -111.12444500,33.93839400 -111.12432900,33.93839400 -111.12406900,33.93827700 -111.12387400,33.93812400 -111.12378400,33.93809300 -111.12364700,33.93814200 -111.12354900,33.93820500 -111.12354900,33.93831300 -111.12361500,33.93848500 -111.12353900,33.93870100 -111.12343100,33.93880900 -111.12309600,33.93896300 -111.12279300,33.93913500 -111.12240900,33.93928500 -111.12229300,33.93932300 -111.12222300,33.93956600 -111.12217700,33.93976100 -111.12214500,33.93985900 -111.12213400,33.93992000 -111.12211600,33.94005600 -111.12205400,33.94021800 -111.12203300,33.94049800 -111.12200100,33.94070500 -111.12213600,33.94098500 -111.12216700,33.94130700 -111.12214300,33.94160200 -111.12216700,33.94178200 -111.12212600,33.94202200 -111.12196400,33.94215700 -111.12168300,33.94238300 -111.12127300,33.94265400 -111.12124200,33.94267600 -111.12082900,33.94297900 -111.12042900,33.94330400 -111.12017000,33.94357500 -111.11990000,33.94382800 -111.11966200,33.94396300 -111.11946700,33.94399100 -111.11931400,33.94398200 -111.11914300,33.94397300 -111.11887200,33.94406300 -111.11855800,33.94422600 -111.11806100,33.94435300 -111.11756700,33.94452700 -111.11742300,33.94457900 -111.11705500,33.94479600 -111.11683800,33.94484600 -111.11657700,33.94493300 -111.11617900,33.94503100 -111.11591900,33.94500400 -111.11561600,33.94506700 -111.11543200,33.94518500 -111.11534700,33.94525600 -111.11529200,33.94530200 -111.11520600,33.94547400 -111.11504300,33.94560900 -111.11487000,33.94571800 -111.11456800,33.94595200 -111.11438400,33.94607000 -111.11423200,33.94614200 -111.11388600,33.94626000 -111.11334800,33.94643700 -111.11299900,33.94645900 -111.11267500,33.94645000 -111.11233900,33.94637800 -111.11212200,33.94635100 -111.11198200,33.94637900 -111.11175500,33.94642400 -111.11160300,33.94646000 -111.11146300,33.94655100 -111.11129000,33.94668600 -111.11109500,33.94695700 -111.11095500,33.94714600 -111.11080300,33.94723600 -111.11055400,33.94730900 -111.11025100,33.94737200 -111.10985100,33.94743600 -111.10937500,33.94749900 -111.10887700,33.94752700 -111.10859600,33.94759000 -111.10843400,33.94764400 -111.10819600,33.94778000 -111.10786000,33.94785200 -111.10715700,33.94790700 -111.10678900,33.94796200 -111.10646500,33.94810600 -111.10585900,33.94838600 -111.10535500,33.94854000 -111.10533600,33.94854600 -111.10509100,33.94862100 -111.10456100,33.94870300 -111.10426900,33.94869400 -111.10411700,33.94865800 -111.10394400,33.94856800 -111.10382400,33.94840600 -111.10372700,33.94821700 -111.10366200,33.94797300 -111.10364000,33.94775700 -111.10366100,33.94748600 -111.10376900,33.94715300 -111.10388800,33.94685500 -111.10403900,33.94664700 -111.10425500,33.94644000 -111.10462300,33.94619600 -111.10499000,33.94594300 -111.10528200,33.94569900 -111.10533900,33.94562100 -111.10546600,33.94544600 -111.10562800,33.94528400 -111.10575700,33.94498600 -111.10596200,33.94458000 -111.10616700,33.94412000 -111.10634000,33.94378600 -111.10652400,33.94347900 -111.10666400,33.94326300 -111.10711800,33.94268500 -111.10716600,33.94263000 -111.10747500,33.94227000 -111.10786400,33.94189100 -111.10814500,33.94166500 -111.10842600,33.94149300 -111.10876100,33.94133100 -111.10939900,33.94106000 -111.10981000,33.94080700 -111.10999400,33.94060800 -111.11014500,33.94040100 -111.11026400,33.94012100 -111.11029600,33.93994000 -111.11030700,33.93977800 -111.11027200,33.93969900 -111.11023100,33.93960700 -111.11012700,33.93952700 -111.11007900,33.93949000 -111.10989500,33.93941800 -111.10965700,33.93943600 -111.10941900,33.93948100 -111.10915900,33.93950000 -111.10886700,33.93948200 -111.10858600,33.93944600 -111.10826100,33.93932900 -111.10800100,33.93923000 -111.10784900,33.93909500 -111.10769700,33.93878800 -111.10754500,33.93834600 -111.10743700,33.93802200 -111.10730700,33.93772400 -111.10730500,33.93772300 -111.10704900,33.93746800 -111.10693000,33.93737200 -111.10683000,33.93728300 -111.10672400,33.93719100 -111.10661300,33.93709400 -111.10640700,33.93695900 -111.10579000,33.93648100 -111.10525000,33.93605300 -111.10511800,33.93595000 -111.10496600,33.93579900 -111.10489100,33.93572400 -111.10459800,33.93537300 -111.10433800,33.93513800 -111.10397000,33.93498500 -111.10357000,33.93483300 -111.10334200,33.93466100 -111.10321200,33.93450800 -111.10314700,33.93431900 -111.10306000,33.93412000 -111.10292800,33.93400000 -111.10273100,33.93392500 -111.10244100,33.93387200 -111.10230800,33.93369700 -111.10222000,33.93339400 -111.10209600,33.93323300 -111.10187700,33.93299500 -111.10187900,33.93266900 -111.10182100,33.93232500 -111.10181400,33.93228200 -111.10182400,33.93211000 -111.10190000,33.93188500 -111.10198600,33.93169500 -111.10202100,33.93162900 -111.10207300,33.93153300 -111.10196400,33.93143400 -111.10186700,33.93141600 -111.10162900,33.93140700 -111.10144500,33.93140700 -111.10133700,33.93135300 -111.10120700,33.93124500 -111.10104400,33.93108300 -111.10092500,33.93102000 -111.10085700,33.93099500 -111.10082800,33.93098400 -111.10078400,33.93098900 -111.10068700,33.93100200 -111.10059000,33.93117300 -111.10036300,33.93162400 -111.10020100,33.93186800 -111.10008200,33.93222900 -111.09996400,33.93252700 -111.09991000,33.93268000 -111.09980200,33.93276100 -111.09961800,33.93284300 -111.09946600,33.93281600 -111.09926100,33.93271700 -111.09897900,33.93250900 -111.09868700,33.93226600 -111.09844900,33.93206800 -111.09821000,33.93192400 -111.09802600,33.93185200 -111.09791800,33.93188800 -111.09786400,33.93192400 -111.09783600,33.93201900 -111.09783200,33.93203200 -111.09779900,33.93222200 -111.09773500,33.93253700 -111.09773700,33.93257300 -111.09775700,33.93283500 -111.09782200,33.93333100 -111.09796400,33.93379100 -111.09796400,33.93393500 -111.09799600,33.93406100 -111.09795300,33.93418800 -111.09783400,33.93423300 -111.09759600,33.93423300 -111.09727100,33.93411600 -111.09713100,33.93398100 -111.09693600,33.93378300 -111.09668600,33.93353900 -111.09651300,33.93340400 -111.09636200,33.93328700 -111.09615600,33.93321500 -111.09593900,33.93318800 -111.09572300,33.93321500 -111.09556900,33.93329700 -111.09556500,33.93329900 -111.09551800,33.93332400 -111.09529100,33.93345900 -111.09506300,33.93356800 -111.09450100,33.93366700 -111.09398200,33.93372200 -111.09343000,33.93373100 -111.09309400,33.93373100 -111.09295400,33.93379500 -111.09290000,33.93384900 -111.09288900,33.93393000 -111.09290000,33.93399000 -111.09291100,33.93404700 -111.09286800,33.93417400 -111.09285700,33.93427300 -111.09293300,33.93436300 -111.09311700,33.93450700 -111.09336600,33.93473200 -111.09352900,33.93502100 -111.09370200,33.93522800 -111.09391900,33.93549900 -111.09395100,33.93567900 -111.09390300,33.93578900 -111.09387600,33.93585100 -111.09372400,33.93601300 -111.09342200,33.93615700 -111.09306500,33.93637400 -111.09291300,33.93650100 -111.09285900,33.93663600 -111.09287000,33.93675300 -111.09293600,33.93695100 -111.09296800,33.93704200 -111.09303300,33.93721300 -111.09321800,33.93755500 -111.09332600,33.93773600 -111.09333700,33.93782600 -111.09321800,33.93809700 -111.09307800,33.93844800 -111.09287300,33.93890900 -111.09278700,33.93921500 -111.09275400,33.93936000 -111.09274400,33.93959400 -111.09274400,33.93987400 -111.09279800,33.94011700 -111.09279900,33.94019800 -111.09276600,33.94028000 -111.09262600,33.94032500 -111.09246300,33.94032500 -111.09226800,33.94028900 -111.09213800,33.94023500 -111.09203000,33.94011800 -111.09186700,33.93984800 -111.09180200,33.93959500 -111.09173700,33.93924300 -111.09160700,33.93902700 -111.09142300,33.93881000 -111.09107600,33.93856700 -111.09077300,33.93831500 -111.09051300,33.93816200 -111.09037200,33.93810800 -111.09013400,33.93802700 -111.08989600,33.93800900 -111.08960400,33.93803600 -111.08950400,33.93806200 -111.08945600,33.93807400 -111.08941900,33.93808400 -111.08932300,33.93810900 -111.08899800,33.93828000 -111.08847000,33.93846800 -111.08801600,33.93868600 -111.08798900,33.93871500 -111.08761800,33.93885800 -111.08734300,33.93891500 -111.08689000,33.93892700 -111.08660100,33.93908800 -111.08614800,33.93909900 -111.08573500,33.93905400 -111.08543900,33.93911200 -111.08519900,33.93923700 -111.08488400,33.93942100 -111.08469100,33.93960400 -111.08445500,33.93971800 -111.08422400,33.93979900 -111.08389500,33.93993700 -111.08374400,33.94012000 -111.08351000,33.94031500 -111.08334500,33.94053300 -111.08325000,33.94088800 -111.08322200,33.94114000 -111.08303000,33.94135800 -111.08285200,33.94164400 -111.08263200,33.94192000 -111.08259100,33.94219400 -111.08248100,33.94238900 -111.08253700,33.94276700 -111.08257800,33.94307600 -111.08245500,33.94329400 -111.08227300,33.94357900 -111.08209800,33.94369500 -111.08175500,33.94419900 -111.08161800,33.94453200 -111.08149400,33.94479500 -111.08146700,33.94501300 -111.08139800,33.94523900 -111.08135500,33.94547400 -111.08138400,33.94561200 -111.08126900,33.94575500 -111.08110900,33.94586100 -111.08099500,33.94603300 -111.08098300,33.94626200 -111.08104100,33.94639500 -111.08128200,33.94661500 -111.08129300,33.94677700 -111.08135100,33.94686300 -111.08143100,33.94706300 -111.08135100,33.94717800 -111.08113800,33.94717800 -111.08093600,33.94719300 -111.08064300,33.94716300 -111.08032200,33.94717800 -111.08009300,33.94718600 -111.07995700,33.94718600 -111.07980200,33.94717700 -111.07955300,33.94713300 -111.07943300,33.94704900 -111.07930500,33.94698800 -111.07915900,33.94697300 -111.07896600,33.94695000 -111.07870900,33.94690400 -111.07847100,33.94677500 -111.07829700,33.94662200 -111.07812300,33.94653800 -111.07799400,33.94644700 -111.07782000,33.94636300 -111.07752700,33.94625600 -111.07728000,33.94611100 -111.07696300,33.94595500 -111.07664700,33.94588700 -111.07649500,33.94585200 -111.07633000,33.94582900 -111.07612400,33.94568000 -111.07549200,33.94566900 -111.07492800,33.94571600 -111.07464000,33.94567000 -111.07429600,33.94572700 -111.07391100,33.94569300 -111.07327100,33.94581300 -111.07282600,33.94586600 -111.07244100,33.94593500 -111.07205600,33.94600400 -111.07171300,33.94609600 -111.07138300,33.94615300 -111.07113600,33.94631300 -111.07105300,33.94645100 -111.07098500,33.94663400 -111.07097100,33.94679500 -111.07094400,33.94689800 -111.07079300,33.94700100 -111.07062800,33.94715000 -111.07055900,33.94727600 -111.07050400,33.94739100 -111.07036700,33.94745900 -111.07018800,33.94745600 -111.07003700,33.94757400 -111.06991400,33.94771200 -111.06981800,33.94783800 -111.06976300,33.94796400 -111.06966900,33.94804300 -111.06954300,33.94807800 -111.06939200,33.94811300 -111.06924100,33.94813600 -111.06900700,33.94797600 -111.06884200,33.94786100 -111.06859400,33.94777000 -111.06831900,33.94766700 -111.06799000,33.94761000 -111.06775600,33.94757500 -111.06741200,33.94743800 -111.06694500,33.94735800 -111.06668400,33.94735800 -111.06627100,33.94723300 -111.06585900,33.94711800 -111.06546000,33.94688900 -111.06521200,33.94660300 -111.06506100,33.94648900 -111.06488200,33.94642000 -111.06458000,33.94639700 -111.06425000,33.94638600 -111.06389300,33.94636300 -111.06353500,33.94626000 -111.06321900,33.94632900 -111.06295800,33.94637500 -111.06261500,33.94639800 -111.06225700,33.94641000 -111.06191400,33.94646700 -111.06143300,33.94661600 -111.06091100,33.94678900 -111.06036100,33.94692600 -111.06000400,33.94698400 -111.05977000,33.94706400 -111.05949600,33.94717300 -111.05934400,33.94723600 -111.05912800,33.94731700 -111.05886300,33.94734000 -111.05843700,33.94728200 -111.05810700,33.94726000 -111.05783200,33.94723700 -111.05761300,33.94721000 -111.05736500,33.94714500 -111.05706300,33.94715700 -111.05680200,33.94713400 -111.05651300,33.94714600 -111.05626500,33.94710000 -111.05607300,33.94714600 -111.05582600,33.94714600 -111.05545500,33.94708900 -111.05529000,33.94696300 -111.05513800,33.94687200 -111.05499400,33.94671500 -111.05484200,33.94661600 -111.05468700,33.94646900 -111.05468000,33.94646300 -111.05449200,33.94637900 -111.05424500,33.94625300 -111.05397000,33.94612700 -111.05375000,33.94597900 -111.05353000,33.94586400 -111.05330100,33.94575200 -111.05287900,33.94570700 -111.05273300,33.94570400 -111.05259500,33.94573900 -111.05248500,33.94580700 -111.05252100,33.94589000 -111.05252000,33.94589000 -111.05254000,33.94593300 -111.05259500,33.94608200 -111.05277400,33.94626600 -111.05295300,33.94644900 -111.05309000,33.94659800 -111.05344800,33.94691800 -111.05349000,33.94708600 -111.05352200,33.94721200 -111.05351100,33.94726200 -111.05350000,33.94731100 -111.05342100,33.94745700 -111.05335200,33.94762800 -111.05327000,33.94780000 -111.05309100,33.94799500 -111.05292700,33.94817700 -111.05281700,33.94836200 -111.05266500,33.94852200 -111.05245900,33.94862500 -111.05228100,33.94870500 -111.05211600,33.94890000 -111.05199200,33.94911800 -111.05184100,33.94929000 -111.05168400,33.94943100 -111.05148400,33.94972500 -111.05131900,33.95000000 -111.05112700,33.95019500 -111.05096200,33.95031000 -111.05063300,33.95050400 -111.05003900,33.95077600 -111.04965000,33.95095600 -111.04939000,33.95110100 -111.04928200,33.95112800 -111.04901200,33.95113700 -111.04882800,33.95119100 -111.04856800,33.95128200 -111.04831900,33.95134500 -111.04798100,33.95137800 -111.04786500,33.95139000 -111.04731300,33.95139900 -111.04710900,33.95138700 -111.04688000,33.95137200 -111.04657700,33.95128200 -111.04602400,33.95109300 -111.04583600,33.95102400 -111.04555900,33.95092200 -111.04521300,33.95079600 -111.04495300,33.95074200 -111.04459600,33.95079600 -111.04446200,33.95083200 -111.04409800,33.95093100 -111.04395400,33.95099700 -111.04388200,33.95103100 -111.04367600,33.95121100 -111.04352500,33.95148200 -111.04337300,33.95165300 -111.04335900,33.95166200 -111.04322200,33.95175300 -111.04297300,33.95182500 -111.04268100,33.95183400 -111.04214400,33.95181100 -111.04185800,33.95177100 -111.04156600,33.95171700 -111.04126300,33.95163600 -111.04100300,33.95155500 -111.04080800,33.95150100 -111.04060300,33.95138400 -111.04038600,33.95128500 -111.04012600,33.95117600 -111.03959600,33.95100500 -111.03895700,33.95087900 -111.03816700,33.95076200 -111.03770800,33.95071100 -111.03759700,33.95069100 -111.03742200,33.95066500 -111.03723800,33.95063000 -111.03708400,33.95060300 -111.03705800,33.95059900 -111.03686900,33.95056400 -111.03675400,33.95053700 -111.03661900,33.95051000 -111.03628400,33.95042900 -111.03619600,33.95040400 -111.03614900,33.95039400 -111.03597000,33.95035000 -111.03580000,33.95031700 -111.03563200,33.95028500 -111.03546300,33.95025600 -111.03529600,33.95022700 -111.03512700,33.95018600 -111.03496200,33.95014400 -111.03480300,33.95010100 -111.03464600,33.95005500 -111.03449400,33.95001000 -111.03434500,33.94996500 -111.03419900,33.94992300 -111.03414200,33.94990800 -111.03405600,33.94988700 -111.03391300,33.94985700 -111.03376200,33.94982500 -111.03361200,33.94980200 -111.03346200,33.94978200 -111.03331100,33.94976500 -111.03316100,33.94975600 -111.03301200,33.94974500 -111.03285800,33.94973900 -111.03270000,33.94973400 -111.03254000,33.94972900 -111.03237700,33.94971800 -111.03221600,33.94970700 -111.03205300,33.94968900 -111.03189500,33.94966600 -111.03173600,33.94962500 -111.03158600,33.94958400 -111.03144100,33.94953900 -111.03129700,33.94949100 -111.03115600,33.94944400 -111.03101600,33.94940100 -111.03087600,33.94936300 -111.03073300,33.94933200 -111.03058700,33.94930300 -111.03044100,33.94928900 -111.03029700,33.94929400 -111.03015400,33.94930900 -111.03001200,33.94931600 -111.02986700,33.94931100 -111.02972700,33.94930000 -111.02959100,33.94928400 -111.02945700,33.94926600 -111.02932300,33.94924600 -111.02918000,33.94922800 -111.02902700,33.94921200 -111.02886300,33.94919000 -111.02869400,33.94916100 -111.02853200,33.94911500 -111.02837300,33.94905300 -111.02822300,33.94897300 -111.02808500,33.94887800 -111.02795600,33.94877000 -111.02783700,33.94865800 -111.02778100,33.94860200 -111.02772100,33.94854400 -111.02760700,33.94843000 -111.02749300,33.94831800 -111.02737600,33.94821100 -111.02725200,33.94811300 -111.02711900,33.94802300 -111.02698000,33.94794400 -111.02683600,33.94786600 -111.02669200,33.94779200 -111.02655000,33.94771600 -111.02640700,33.94764600 -111.02626200,33.94758500 -111.02611200,33.94753400 -111.02596600,33.94748700 -111.02582000,33.94744400 -111.02567600,33.94739900 -111.02553800,33.94735600 -111.02540300,33.94731500 -111.02527200,33.94727200 -111.02514300,33.94723200 -111.02501500,33.94721100 -111.02487900,33.94720700 -111.02474400,33.94722800 -111.02461700,33.94726400 -111.02449700,33.94731600 -111.02438100,33.94737400 -111.02431800,33.94740700 -111.02425900,33.94742900 -111.02415800,33.94748500 -111.02414800,33.94749000 -111.02402800,33.94754000 -111.02390000,33.94757500 -111.02376700,33.94759500 -111.02363000,33.94760100 -111.02348200,33.94759500 -111.02333000,33.94758400 -111.02317500,33.94755600 -111.02301800,33.94752300 -111.02286000,33.94748700 -111.02270300,33.94745600 -111.02254600,33.94742400 -111.02239100,33.94739000 -111.02223900,33.94735900 -111.02209100,33.94732500 -111.02194500,33.94728500 -111.02180500,33.94724500 -111.02166600,33.94720500 -111.02152900,33.94716600 -111.02139000,33.94713200 -111.02125400,33.94711700 -111.02110900,33.94711300 -111.02096100,33.94711500 -111.02080900,33.94712100 -111.02065900,33.94712800 -111.02051000,33.94713200 -111.02036500,33.94713400 -111.02021600,33.94713000 -111.02007300,33.94712600 -111.02005400,33.94712500 -111.01992800,33.94711800 -111.01978700,33.94710700 -111.01965000,33.94709400 -111.01938500,33.94705500 -111.01925100,33.94703500 -111.01900000,33.94700200 -111.01875900,33.94696300 -111.01854500,33.94691200 -111.01833800,33.94683700 -111.01814600,33.94676200 -111.01801600,33.94670900 -111.01796500,33.94668800 -111.01780400,33.94661400 -111.01767600,33.94652300 -111.01756700,33.94642800 -111.01745800,33.94633800 -111.01734400,33.94626200 -111.01722700,33.94618800 -111.01709000,33.94614900 -111.01694500,33.94609600 -111.01680600,33.94604300 -111.01669700,33.94598900 -111.01656700,33.94588700 -111.01641100,33.94573600 -111.01631100,33.94563200 -111.01619000,33.94552500 -111.01608600,33.94545300 -111.01599800,33.94543500 -111.01583400,33.94540200 -111.01564800,33.94541900 -111.01552100,33.94544600 -111.01539300,33.94547600 -111.01526200,33.94550000 -111.01500500,33.94553600 -111.01475200,33.94556100 -111.01451400,33.94558600 -111.01428400,33.94559900 -111.01407600,33.94560900 -111.01361100,33.94563600 -111.01346700,33.94564900 -111.01330500,33.94566100 -111.01315600,33.94566900 -111.01300700,33.94567800 -111.01284000,33.94567100 -111.01269000,33.94566900 -111.01251000,33.94567800 -111.01234300,33.94575100 -111.01223000,33.94581000 -111.01211500,33.94587900 -111.01200000,33.94595400 -111.01185300,33.94603900 -111.01179300,33.94606200 -111.01172100,33.94608900 -111.01155800,33.94613500 -111.01141300,33.94617200 -111.01127100,33.94621200 -111.01111200,33.94624500 -111.01097000,33.94628400 -111.01084300,33.94633000 -111.01069500,33.94636800 -111.01052900,33.94641100 -111.01034100,33.94646000 -111.01015300,33.94650300 -111.00999200,33.94654300 -111.00985100,33.94657700 -111.00971100,33.94661000 -111.00958200,33.94664200 -111.00939500,33.94667200 -111.00920500,33.94668800 -111.00900400,33.94670500 -111.00872200,33.94673600 -111.00850700,33.94675400 -111.00836000,33.94675400 -111.00819700,33.94676800 -111.00775000,33.94683100 -111.00759800,33.94683400 -111.00738900,33.94680500 -111.00725400,33.94678600 -111.00718800,33.94677200 -111.00696900,33.94669500 -111.00693300,33.94668200 -111.00662700,33.94661700 -111.00657700,33.94660600 -111.00651100,33.94659900 -111.00625500,33.94658500 -111.00612000,33.94662900 -111.00598800,33.94667400 -111.00585600,33.94673000 -111.00571700,33.94678100 -111.00558600,33.94684100 -111.00545700,33.94692000 -111.00480500,33.94746400 -111.00474100,33.94751800 -111.00418000,33.94846900 -111.00353000,33.94957200 -111.00351300,33.94961400 -111.00347000,33.94973100 -111.00340500,33.94983900 -111.00327700,33.94995500 -111.00312600,33.94996200 -111.00311100,33.94996700 -111.00291800,33.94996600 -111.00271600,33.94991500 -111.00252700,33.94983500 -111.00233500,33.94975700 -111.00214700,33.94969200 -111.00193300,33.94963300 -111.00171300,33.94954800 -111.00151800,33.94946000 -111.00131900,33.94942600 -111.00102200,33.94940000 -111.00082500,33.94938800 -111.00053000,33.94938300 -111.00035100,33.94938000 -111.00015700,33.94938200 -110.99995900,33.94941300 -110.99987100,33.94944200 -110.99966600,33.94946600 -110.99948600,33.94952100 -110.99930900,33.94956300 -110.99904100,33.94974600 -110.99895600,33.94988300 -110.99884200,33.95001500 -110.99869700,33.95011800 -110.99856700,33.95017400 -110.99853800,33.95018600 -110.99837700,33.95023700 -110.99819500,33.95023700 -110.99802000,33.95023300 -110.99785000,33.95022000 -110.99767500,33.95018300 -110.99751700,33.95015100 -110.99748500,33.95014600 -110.99730600,33.95008800 -110.99665900,33.95020200 -110.99655000,33.95034100 -110.99641700,33.95047100 -110.99615600,33.95059000 -110.99596400,33.95063100 -110.99575900,33.95064900 -110.99568800,33.95065400 -110.99555900,33.95067800 -110.99536800,33.95069300 -110.99521300,33.95070500 -110.99494200,33.95076800 -110.99460700,33.95085800 -110.99431500,33.95104800 -110.99413200,33.95124500 -110.99412300,33.95125400 -110.99402200,33.95136400 -110.99396800,33.95152600 -110.99401500,33.95168800 -110.99415200,33.95186000 -110.99427100,33.95205800 -110.99441200,33.95239200 -110.99448800,33.95277000 -110.99448800,33.95288800 -110.99446600,33.95300500 -110.99440100,33.95316700 -110.99424900,33.95331200 -110.99407600,33.95354600 -110.99374100,33.95387100 -110.99332900,33.95419500 -110.99302600,33.95441200 -110.99289600,33.95461000 -110.99278800,33.95479100 -110.99272300,33.95493500 -110.99264800,33.95511500 -110.99260400,33.95532300 -110.99257200,33.95561100 -110.99262500,33.95595300 -110.99242000,33.95624300 -110.99238500,33.95628400 -110.99207400,33.95664900 -110.99192100,33.95685700 -110.99183600,33.95697300 -110.99157600,33.95725300 -110.99141300,33.95754100 -110.99118600,33.95799200 -110.99105600,33.95818200 -110.99088300,33.95835300 -110.99072100,33.95842500 -110.99072100,33.95842500 -110.99069500,33.95842700 -110.99067900,33.95842900 -110.99037400,33.95845200 -110.99003900,33.95839800 -110.98979000,33.95829000 -110.98948700,33.95815500 -110.98927000,33.95801900 -110.98901100,33.95782100 -110.98874000,33.95749600 -110.98859900,33.95729800 -110.98849100,33.95719000 -110.98836500,33.95711500 -110.98823200,33.95703600 -110.98804200,33.95681800 -110.98791800,33.95667500 -110.98773400,33.95635100 -110.98766900,33.95618800 -110.98759400,33.95597700 -110.98758200,33.95594500 -110.98755000,33.95562900 -110.98751700,33.95515100 -110.98746300,33.95476300 -110.98740900,33.95459200 -110.98719300,33.95439300 -110.98686800,33.95427600 -110.98639200,33.95419500 -110.98588300,33.95416800 -110.98562400,33.95412300 -110.98535300,33.95401500 -110.98512600,33.95379800 -110.98485500,33.95351800 -110.98467100,33.95324800 -110.98453100,33.95311200 -110.98429300,33.95295000 -110.98406500,33.95277900 -110.98377300,33.95252600 -110.98350300,33.95227400 -110.98323200,33.95210200 -110.98285300,33.95190400 -110.98279200,33.95186600 -110.98259400,33.95174100 -110.98243100,33.95155200 -110.98228000,33.95130800 -110.98216100,33.95097500 -110.98206400,33.95061400 -110.98195500,33.95019000 -110.98189100,33.94999100 -110.98180400,33.94988300 -110.98177000,33.94986700 -110.98165200,33.94981100 -110.98136000,33.94963100 -110.98094900,33.94944100 -110.98047300,33.94922500 -110.98028900,33.94911600 -110.98012700,33.94894500 -110.98008200,33.94888300 -110.97996400,33.94871900 -110.97984500,33.94846700 -110.97979100,33.94832300 -110.97979100,33.94804300 -110.97979200,33.94764600 -110.97974800,33.94749300 -110.97959700,33.94725800 -110.97937000,33.94689800 -110.97909900,33.94646500 -110.97899100,33.94615800 -110.97894500,33.94603600 -110.97891500,33.94596000 -110.97882900,33.94585100 -110.97861200,33.94575200 -110.97841800,33.94569700 -110.97813600,33.94561700 -110.97784400,33.94550800 -110.97750900,33.94533700 -110.97718400,33.94501200 -110.97709400,33.94495400 -110.97693500,33.94485000 -110.97652400,33.94468700 -110.97590700,33.94449800 -110.97564800,33.94443500 -110.97542000,33.94431700 -110.97522500,33.94416400 -110.97512800,33.94396600 -110.97500900,33.94373100 -110.97482500,33.94356900 -110.97465200,33.94340600 -110.97455500,33.94330700 -110.97449800,33.94325100 -110.97413300,33.94289200 -110.97366800,33.94236900 -110.97359900,33.94228600 -110.97339700,33.94204400 -110.97325700,33.94184600 -110.97299700,33.94162000 -110.97289100,33.94156900 -110.97271600,33.94148500 -110.97248800,33.94146700 -110.97221800,33.94146700 -110.97204500,33.94144000 -110.97179600,33.94128600 -110.97167700,33.94109700 -110.97167700,33.94094300 -110.97169900,33.94081700 -110.97173100,33.94070000 -110.97165500,33.94061000 -110.97155800,33.94059200 -110.97129800,33.94059200 -110.97100600,33.94059200 -110.97096200,33.94057800 -110.97083300,33.94053700 -110.97061700,33.94041100 -110.97041100,33.94027600 -110.97015100,33.94015800 -110.96977300,33.94001400 -110.96960600,33.93999700 -110.96935200,33.93998000 -110.96874000,33.94001100 -110.96849300,33.94010200 -110.96799600,33.93998400 -110.96794500,33.93977100 -110.96765000,33.93955000 -110.96716500,33.93989100 -110.96675900,33.94055200 -110.96656700,33.94090700 -110.96644300,33.94111100 -110.96640800,33.94111600 -110.96621300,33.94110400 -110.96608600,33.94085600 -110.96600200,33.94058800 -110.96581200,33.94032100 -110.96562400,33.94009700 -110.96551200,33.93999700 -110.96540400,33.93997200 -110.96532900,33.94000300 -110.96529200,33.94007700 -110.96529700,33.94017000 -110.96534300,33.94025900 -110.96535300,33.94040100 -110.96533200,33.94056600 -110.96525900,33.94077300 -110.96519000,33.94105100 -110.96509300,33.94119600 -110.96496200,33.94133400 -110.96480900,33.94147600 -110.96466400,33.94161200 -110.96456700,33.94167200 -110.96454929,33.94167934 </coordinates>
</LineString>
</Placemark>
<Placemark>
<name>AZAT-04 Cherry Creek</name>
<LookAt>
<longitude>-110.87399673</longitude>
<latitude>34.05240631</latitude>
<range>29694</range>
</LookAt>
<styleUrl>#Line_Forest_Service_Rd_level_2_or_higher_0dd5fc_04</styleUrl>
<ExtendedData>
<Data name="Type">
<value>Forest Service Rd level 2 or higher</value>
</Data>
<Data name="Name on GPS">
<value>AZAT04-Cherry Creek</value>
</Data>
<Data name="Total Distance">
<value>38.5 mi</value>
</Data>
<Data name="Number of Trackpoints">
<value>1170</value>
</Data>
</ExtendedData>
<LineString>
<coordinates>-110.96453857,33.94179153 -110.96418762,33.94218063 -110.96374512,33.94282150 -110.96341705,33.94354248 -110.96310425,33.94423676 -110.96337128,33.94486618 -110.96402740,33.94543839 -110.96426392,33.94615173 -110.96428680,33.94699097 -110.96429443,33.94784164 -110.96418762,33.94870377 -110.96392822,33.94953537 -110.96375275,33.95036316 -110.96360779,33.95118713 -110.96338654,33.95198822 -110.96313477,33.95280075 -110.96293640,33.95366287 -110.96245575,33.95446014 -110.96154022,33.95489502 -110.96066284,33.95536423 -110.95996857,33.95604324 -110.95924377,33.95669937 -110.95855713,33.95734787 -110.95785522,33.95802307 -110.95712280,33.95871735 -110.95634460,33.95941925 -110.95558929,33.96012497 -110.95496368,33.96080017 -110.95478821,33.96162033 -110.95476532,33.96246719 -110.95463562,33.96327209 -110.95441437,33.96401978 -110.95414734,33.96471405 -110.95374298,33.96533966 -110.95326996,33.96591568 -110.95273590,33.96643066 -110.95223999,33.96692657 -110.95201111,33.96753311 -110.95203400,33.96811676 -110.95202637,33.96846771 -110.95196533,33.96848297 -110.95171356,33.96840668 -110.95127869,33.96837616 -110.95079041,33.96850586 -110.95030975,33.96862030 -110.94982147,33.96875000 -110.94943237,33.96896744 -110.94905090,33.96924591 -110.94869232,33.96957779 -110.94840240,33.96992493 -110.94829559,33.97035980 -110.94809723,33.97073746 -110.94771576,33.97103882 -110.94757843,33.97146225 -110.94750214,33.97188187 -110.94733429,33.97227097 -110.94714355,33.97264099 -110.94686127,33.97297287 -110.94655609,33.97324753 -110.94625092,33.97350311 -110.94596863,33.97378159 -110.94569397,33.97409058 -110.94548798,33.97428513 -110.94555664,33.97393036 -110.94567108,33.97349167 -110.94572449,33.97305679 -110.94567871,33.97259521 -110.94589996,33.97216034 -110.94617462,33.97177505 -110.94623566,33.97134399 -110.94618988,33.97088242 -110.94627380,33.97045517 -110.94642639,33.97010040 -110.94636536,33.96965027 -110.94647217,33.96926117 -110.94660187,33.96880722 -110.94658661,33.96850586 -110.94618225,33.96826553 -110.94582367,33.96793365 -110.94559479,33.96754837 -110.94549561,33.96710205 -110.94525146,33.96670532 -110.94536591,33.96631622 -110.94514465,33.96605301 -110.94496155,33.96569443 -110.94496155,33.96532440 -110.94451904,33.96514130 -110.94441986,33.96485138 -110.94413757,33.96463013 -110.94412994,33.96425247 -110.94378662,33.96403885 -110.94351959,33.96364975 -110.94343567,33.96316528 -110.94335938,33.96271133 -110.94307709,33.96234512 -110.94252777,33.96222305 -110.94192505,33.96217728 -110.94128418,33.96213531 -110.94067383,33.96208572 -110.94013214,33.96199036 -110.93972778,33.96170425 -110.93931580,33.96145248 -110.93896484,33.96117401 -110.93908691,33.96080017 -110.93917084,33.96057129 -110.93912506,33.96047211 -110.93879700,33.96028900 -110.93855286,33.96034622 -110.93862152,33.96068192 -110.93840790,33.96099472 -110.93819427,33.96137238 -110.93781281,33.96158981 -110.93740845,33.96167374 -110.93709564,33.96188354 -110.93678284,33.96212006 -110.93654633,33.96237183 -110.93624878,33.96238327 -110.93613434,33.96235657 -110.93572235,33.96227264 -110.93534851,33.96219635 -110.93502045,33.96215439 -110.93473816,33.96198654 -110.93458557,33.96177292 -110.93431854,33.96183395 -110.93431854,33.96213150 -110.93470001,33.96243286 -110.93489075,33.96281052 -110.93506622,33.96318054 -110.93511963,33.96346664 -110.93486786,33.96367264 -110.93460083,33.96392441 -110.93445587,33.96433640 -110.93428040,33.96471786 -110.93406677,33.96509552 -110.93401337,33.96549606 -110.93386078,33.96587372 -110.93352509,33.96573639 -110.93325806,33.96582794 -110.93325043,33.96626282 -110.93315125,33.96671295 -110.93301392,33.96710587 -110.93293762,33.96751022 -110.93292999,33.96792221 -110.93290710,33.96822357 -110.93289185,33.96828842 -110.93288422,33.96841049 -110.93292999,33.96864700 -110.93295288,33.96887970 -110.93285370,33.96903229 -110.93251801,33.96921921 -110.93222809,33.96952057 -110.93211365,33.96988297 -110.93235016,33.97021103 -110.93254852,33.97049713 -110.93269348,33.97080994 -110.93288422,33.97107697 -110.93292236,33.97137451 -110.93313599,33.97165680 -110.93334961,33.97193909 -110.93352509,33.97227097 -110.93368530,33.97259521 -110.93368530,33.97289658 -110.93401337,33.97307968 -110.93392181,33.97338486 -110.93357086,33.97360611 -110.93330383,33.97393036 -110.93331146,33.97428894 -110.93324280,33.97460556 -110.93306732,33.97486877 -110.93296051,33.97506714 -110.93275452,33.97520828 -110.93250275,33.97531128 -110.93228149,33.97544098 -110.93216705,33.97552490 -110.93212128,33.97554779 -110.93202972,33.97558975 -110.93196106,33.97560883 -110.93188477,33.97562027 -110.93166351,33.97564697 -110.93125153,33.97568512 -110.93082428,33.97575760 -110.93032837,33.97579575 -110.92984772,33.97586060 -110.92939758,33.97611237 -110.92898560,33.97630692 -110.92855835,33.97641373 -110.92815399,33.97644043 -110.92779541,33.97652435 -110.92746735,33.97655869 -110.92738342,33.97654724 -110.92731476,33.97654343 -110.92724609,33.97652435 -110.92692566,33.97658539 -110.92650604,33.97660828 -110.92616272,33.97668076 -110.92588806,33.97676086 -110.92566681,33.97694397 -110.92579651,33.97731781 -110.92576599,33.97757721 -110.92549896,33.97760773 -110.92529297,33.97740936 -110.92497253,33.97729492 -110.92460632,33.97722626 -110.92432404,33.97703171 -110.92403412,33.97702789 -110.92381287,33.97716904 -110.92369080,33.97712326 -110.92364502,33.97692871 -110.92346191,33.97679901 -110.92303467,33.97673416 -110.92258453,33.97678757 -110.92212677,33.97692871 -110.92165375,33.97700882 -110.92119598,33.97706604 -110.92076111,33.97721100 -110.92047882,33.97751999 -110.92008209,33.97768784 -110.91973114,33.97763824 -110.91955566,33.97754669 -110.91933441,33.97752380 -110.91896057,33.97757339 -110.91859436,33.97780228 -110.91828918,33.97798920 -110.91787720,33.97793198 -110.91751862,33.97797012 -110.91729736,33.97774887 -110.91701508,33.97748566 -110.91654968,33.97742462 -110.91609955,33.97737503 -110.91566467,33.97747421 -110.91521454,33.97761154 -110.91484833,33.97773361 -110.91452789,33.97803116 -110.91440582,33.97837830 -110.91416168,33.97842407 -110.91383362,33.97817993 -110.91340637,33.97798538 -110.91300964,33.97798538 -110.91257477,33.97813797 -110.91201019,33.97820282 -110.91145325,33.97837067 -110.91097260,33.97876358 -110.91068268,33.97924423 -110.91042328,33.97971725 -110.91000366,33.98011017 -110.90956879,33.98041916 -110.90917206,33.98065948 -110.90870667,33.98083115 -110.90865326,33.98118591 -110.90904236,33.98156357 -110.90901184,33.98198700 -110.90882874,33.98244476 -110.90868378,33.98291779 -110.90849304,33.98340607 -110.90828705,33.98379135 -110.90804291,33.98412704 -110.90789032,33.98451614 -110.90750885,33.98472595 -110.90731049,33.98514175 -110.90699005,33.98557663 -110.90662384,33.98596954 -110.90626526,33.98632813 -110.90632629,33.98670578 -110.90656281,33.98698807 -110.90681458,33.98726273 -110.90674591,33.98755264 -110.90660095,33.98778152 -110.90641785,33.98801422 -110.90631104,33.98826981 -110.90601349,33.98844910 -110.90567017,33.98857117 -110.90533447,33.98863983 -110.90520477,33.98896408 -110.90509796,33.98931503 -110.90502167,33.98970032 -110.90477753,33.98997498 -110.90441132,33.98997116 -110.90393066,33.99011230 -110.90354919,33.99038696 -110.90325928,33.99071884 -110.90285492,33.99103165 -110.90243530,33.99104691 -110.90188599,33.99098206 -110.90138245,33.99097443 -110.90083313,33.99104691 -110.90038300,33.99125290 -110.90006256,33.99105072 -110.89974976,33.99065781 -110.89931488,33.99036407 -110.89881134,33.99022675 -110.89833069,33.99050903 -110.89791107,33.99071884 -110.89752197,33.99096680 -110.89743042,33.99132156 -110.89743805,33.99166870 -110.89702606,33.99153519 -110.89653015,33.99129868 -110.89609528,33.99097061 -110.89576721,33.99071121 -110.89546967,33.99052429 -110.89519501,33.99050903 -110.89518738,33.99055862 -110.89485168,33.99067307 -110.89435577,33.99087524 -110.89402771,33.99123764 -110.89355469,33.99130249 -110.89301300,33.99129486 -110.89262390,33.99174118 -110.89215851,33.99203873 -110.89175415,33.99237442 -110.89138031,33.99274063 -110.89112854,33.99316025 -110.89122772,33.99361038 -110.89156342,33.99394608 -110.89185333,33.99415207 -110.89179993,33.99447632 -110.89152527,33.99476624 -110.89112091,33.99481583 -110.89060974,33.99477768 -110.89016724,33.99481583 -110.88983154,33.99510956 -110.88956451,33.99551392 -110.88929749,33.99591827 -110.88908386,33.99626160 -110.88911438,33.99664688 -110.88920593,33.99708557 -110.88922119,33.99737930 -110.88898468,33.99779892 -110.88884735,33.99827194 -110.88853455,33.99866104 -110.88808441,33.99880981 -110.88750458,33.99892044 -110.88695526,33.99915314 -110.88654327,33.99953461 -110.88624573,34.00001144 -110.88622284,34.00048828 -110.88661194,34.00079727 -110.88693237,34.00113297 -110.88674927,34.00156403 -110.88658905,34.00200653 -110.88649750,34.00240707 -110.88662720,34.00275803 -110.88700104,34.00301743 -110.88745117,34.00296402 -110.88785553,34.00304413 -110.88817596,34.00331116 -110.88857269,34.00354767 -110.88897705,34.00386810 -110.88949585,34.00401306 -110.88935089,34.00423813 -110.88879395,34.00428391 -110.88830566,34.00452042 -110.88786316,34.00473404 -110.88768768,34.00513458 -110.88745880,34.00550461 -110.88711548,34.00579071 -110.88666534,34.00598145 -110.88620758,34.00613785 -110.88581085,34.00646210 -110.88547516,34.00676727 -110.88496399,34.00687790 -110.88443756,34.00701904 -110.88401794,34.00724411 -110.88400269,34.00764084 -110.88426208,34.00791931 -110.88464355,34.00806808 -110.88487244,34.00824356 -110.88484955,34.00847626 -110.88481140,34.00891495 -110.88488007,34.00938034 -110.88505554,34.00981522 -110.88521576,34.01025009 -110.88540649,34.01057816 -110.88521576,34.01080704 -110.88513947,34.01084900 -110.88476563,34.01086807 -110.88439178,34.01095963 -110.88426971,34.01120377 -110.88430786,34.01143265 -110.88440704,34.01167679 -110.88434601,34.01191711 -110.88408661,34.01211166 -110.88397980,34.01238251 -110.88412476,34.01271439 -110.88454437,34.01291656 -110.88494873,34.01311874 -110.88527679,34.01330566 -110.88544464,34.01347733 -110.88539124,34.01373291 -110.88560486,34.01400757 -110.88571167,34.01436996 -110.88599396,34.01479340 -110.88605499,34.01522827 -110.88599396,34.01567078 -110.88588715,34.01604462 -110.88552094,34.01622391 -110.88539886,34.01644516 -110.88532257,34.01666260 -110.88488770,34.01674271 -110.88439941,34.01691818 -110.88398743,34.01696014 -110.88392639,34.01696396 -110.88375092,34.01703644 -110.88365173,34.01724625 -110.88318634,34.01752090 -110.88265991,34.01770401 -110.88210297,34.01778030 -110.88164520,34.01787567 -110.88129425,34.01790619 -110.88095856,34.01792526 -110.88058472,34.01799011 -110.88019562,34.01784134 -110.87999725,34.01751328 -110.88004303,34.01708221 -110.88018799,34.01668930 -110.88018036,34.01630783 -110.88008118,34.01589584 -110.87997437,34.01539993 -110.87992859,34.01487732 -110.87987518,34.01435089 -110.87973785,34.01381302 -110.87957001,34.01329041 -110.87950897,34.01275635 -110.87940216,34.01225662 -110.87906647,34.01177216 -110.87876129,34.01128387 -110.87848663,34.01080704 -110.87834167,34.01034546 -110.87833405,34.00998306 -110.87831879,34.00964737 -110.87813568,34.00921249 -110.87781525,34.00876999 -110.87755585,34.00830460 -110.87728882,34.00788116 -110.87684631,34.00766373 -110.87635803,34.00778961 -110.87594604,34.00799561 -110.87561035,34.00801849 -110.87527466,34.00802231 -110.87491608,34.00825882 -110.87449646,34.00835800 -110.87405396,34.00828552 -110.87369537,34.00799561 -110.87338257,34.00773239 -110.87331390,34.00741959 -110.87350464,34.00699234 -110.87358093,34.00650024 -110.87340546,34.00606155 -110.87339783,34.00563431 -110.87371826,34.00519943 -110.87397766,34.00473404 -110.87411499,34.00422287 -110.87412262,34.00370789 -110.87384796,34.00332260 -110.87363434,34.00288773 -110.87329102,34.00260544 -110.87279510,34.00256729 -110.87246704,34.00236511 -110.87228394,34.00201035 -110.87195587,34.00177383 -110.87187958,34.00158310 -110.87223053,34.00137711 -110.87241364,34.00102997 -110.87245941,34.00081253 -110.87240601,34.00051498 -110.87213898,34.00020218 -110.87184906,33.99998093 -110.87172699,33.99969482 -110.87149048,33.99950790 -110.87117767,33.99927139 -110.87078094,33.99909973 -110.87052917,33.99886703 -110.87032318,33.99863434 -110.87005615,33.99861908 -110.86999512,33.99841309 -110.87002563,33.99810791 -110.86982727,33.99787521 -110.86946869,33.99779892 -110.86929321,33.99781799 -110.86898804,33.99771500 -110.86873627,33.99761200 -110.86854553,33.99742508 -110.86832428,33.99717331 -110.86839294,33.99686432 -110.86849213,33.99659729 -110.86851501,33.99653625 -110.86854553,33.99645233 -110.86856842,33.99641037 -110.86850739,33.99634552 -110.86828613,33.99658203 -110.86779022,33.99682999 -110.86726379,33.99689484 -110.86673737,33.99688339 -110.86628723,33.99675369 -110.86592102,33.99658203 -110.86568451,33.99648285 -110.86538696,33.99670029 -110.86518860,33.99710464 -110.86504364,33.99750519 -110.86496735,33.99796295 -110.86470795,33.99840164 -110.86440277,33.99879074 -110.86428833,33.99918365 -110.86423492,33.99954987 -110.86406708,33.99993896 -110.86395264,34.00025558 -110.86364746,34.00020599 -110.86334229,34.00038147 -110.86296844,34.00040436 -110.86264801,34.00050354 -110.86230469,34.00049973 -110.86204529,34.00074005 -110.86154938,34.00107956 -110.86103058,34.00136185 -110.86053467,34.00148010 -110.86034393,34.00155258 -110.86014557,34.00168228 -110.85969543,34.00173569 -110.85924530,34.00181580 -110.85876465,34.00194550 -110.85842133,34.00196838 -110.85844421,34.00215530 -110.85868073,34.00246429 -110.85884094,34.00277710 -110.85855865,34.00304794 -110.85853577,34.00338745 -110.85871124,34.00383377 -110.85838318,34.00411606 -110.85775757,34.00437546 -110.85712433,34.00469208 -110.85651398,34.00496674 -110.85604095,34.00526428 -110.85581970,34.00573349 -110.85592651,34.00627136 -110.85594940,34.00677490 -110.85586548,34.00715637 -110.85549164,34.00742722 -110.85514832,34.00775909 -110.85475159,34.00817108 -110.85428619,34.00856781 -110.85371399,34.00883102 -110.85351563,34.00926208 -110.85333252,34.00973129 -110.85274506,34.00993347 -110.85215759,34.01003647 -110.85160065,34.01008987 -110.85128021,34.01041412 -110.85109711,34.01062012 -110.85073090,34.01103210 -110.85054016,34.01150131 -110.85025024,34.01194763 -110.84980774,34.01225662 -110.84938812,34.01247406 -110.84901428,34.01273346 -110.84875488,34.01311874 -110.84851837,34.01350784 -110.84825134,34.01380539 -110.84799194,34.01408768 -110.84793854,34.01413345 -110.84770203,34.01430893 -110.84743500,34.01469421 -110.84704590,34.01509476 -110.84668732,34.01549530 -110.84637451,34.01591492 -110.84629059,34.01633835 -110.84627533,34.01669312 -110.84622192,34.01701736 -110.84621429,34.01742172 -110.84614563,34.01776886 -110.84612274,34.01782227 -110.84609222,34.01788330 -110.84607697,34.01805878 -110.84600830,34.01819229 -110.84599304,34.01823807 -110.84593201,34.01863861 -110.84569550,34.01903152 -110.84523773,34.01895523 -110.84490204,34.01863098 -110.84455109,34.01828384 -110.84411621,34.01808167 -110.84384918,34.01780319 -110.84364319,34.01745224 -110.84317017,34.01716995 -110.84253693,34.01712418 -110.84197235,34.01722336 -110.84134674,34.01743317 -110.84075928,34.01768494 -110.84025574,34.01795959 -110.83975220,34.01820374 -110.83959198,34.01859665 -110.83930206,34.01893234 -110.83907318,34.01946259 -110.83896637,34.01990891 -110.83861542,34.02013779 -110.83828735,34.02039719 -110.83806610,34.02077866 -110.83791351,34.02122879 -110.83802032,34.02171326 -110.83779907,34.02202225 -110.83719635,34.02197266 -110.83651733,34.02194977 -110.83583069,34.02194595 -110.83529663,34.02217865 -110.83496094,34.02262115 -110.83478546,34.02301025 -110.83440399,34.02315903 -110.83404541,34.02326584 -110.83380127,34.02342987 -110.83371735,34.02361298 -110.83375549,34.02393723 -110.83371735,34.02433014 -110.83364868,34.02474976 -110.83359528,34.02518082 -110.83365631,34.02558899 -110.83376312,34.02600098 -110.83354187,34.02629852 -110.83327715,34.02652841 -110.83307369,34.02660974 -110.83262634,34.02658844 -110.83213043,34.02643967 -110.83163452,34.02626038 -110.83117676,34.02607727 -110.83075714,34.02592087 -110.83038330,34.02581787 -110.83007050,34.02598572 -110.82978821,34.02616882 -110.82953644,34.02638245 -110.82929230,34.02659225 -110.82914734,34.02688980 -110.82917786,34.02719498 -110.82898712,34.02733231 -110.82866669,34.02713013 -110.82817841,34.02687454 -110.82762909,34.02670670 -110.82708740,34.02660370 -110.82659149,34.02656555 -110.82606506,34.02660370 -110.82563019,34.02684021 -110.82521820,34.02700806 -110.82483673,34.02710724 -110.82456970,34.02738571 -110.82444000,34.02766800 -110.82419586,34.02775574 -110.82382202,34.02767944 -110.82373810,34.02765274 -110.82364655,34.02758026 -110.82347870,34.02755356 -110.82341766,34.02754593 -110.82299805,34.02757645 -110.82247162,34.02773666 -110.82205963,34.02792740 -110.82158661,34.02838516 -110.82114410,34.02883911 -110.82077789,34.02926254 -110.82039642,34.02965546 -110.81990051,34.03001022 -110.81925201,34.03009796 -110.81887054,34.03033447 -110.81882477,34.03037262 -110.81877899,34.03041077 -110.81871796,34.03047562 -110.81858826,34.03055573 -110.81859589,34.03016663 -110.81836700,34.02965164 -110.81778717,34.02933502 -110.81723785,34.02896500 -110.81678772,34.02866745 -110.81690216,34.02820587 -110.81684113,34.02770615 -110.81674194,34.02710342 -110.81664276,34.02658844 -110.81671143,34.02624893 -110.81719208,34.02598953 -110.81685638,34.02565002 -110.81636810,34.02532959 -110.81606293,34.02482224 -110.81575775,34.02443314 -110.81612396,34.02413177 -110.81658173,34.02372742 -110.81677246,34.02328873 -110.81626892,34.02297974 -110.81581116,34.02268219 -110.81533051,34.02245712 -110.81511688,34.02203751 -110.81461334,34.02182007 -110.81422424,34.02142715 -110.81413269,34.02087021 -110.81435394,34.02028275 -110.81452942,34.01971054 -110.81470490,34.01920319 -110.81478882,34.01879501 -110.81478119,34.01871490 -110.81468201,34.01866913 -110.81428528,34.01888275 -110.81375122,34.01913834 -110.81331635,34.01946259 -110.81276703,34.01953125 -110.81232452,34.01926041 -110.81177521,34.01938248 -110.81111908,34.01945114 -110.81043243,34.01937866 -110.80973816,34.01932144 -110.80905914,34.01932144 -110.80857849,34.01939392 -110.80819702,34.01978302 -110.80772400,34.02016830 -110.80727386,34.02053070 -110.80679321,34.02081299 -110.80625153,34.02101517 -110.80572510,34.02118683 -110.80518341,34.02149200 -110.80468750,34.02175903 -110.80420685,34.02192307 -110.80374146,34.02208710 -110.80326080,34.02231598 -110.80272675,34.02251816 -110.80221558,34.02282715 -110.80169678,34.02294922 -110.80124664,34.02320480 -110.80085754,34.02359772 -110.80043793,34.02398682 -110.80010223,34.02439117 -110.79965210,34.02461624 -110.79907227,34.02466202 -110.79848480,34.02473831 -110.79792786,34.02480698 -110.79750061,34.02505875 -110.79700470,34.02510071 -110.79648590,34.02509308 -110.79590607,34.02521896 -110.79545593,34.02551270 -110.79511261,34.02587509 -110.79482269,34.02625656 -110.79471588,34.02670670 -110.79475403,34.02718735 -110.79463959,34.02766037 -110.79475403,34.02816772 -110.79515839,34.02856445 -110.79576111,34.02878571 -110.79613495,34.02920914 -110.79615784,34.02970123 -110.79605865,34.03014374 -110.79619598,34.03067017 -110.79636383,34.03115845 -110.79640198,34.03158951 -110.79666138,34.03201675 -110.79694366,34.03253174 -110.79680634,34.03302383 -110.79695129,34.03353500 -110.79685974,34.03401184 -110.79690552,34.03450394 -110.79725647,34.03481293 -110.79779053,34.03495407 -110.79833984,34.03505707 -110.79887390,34.03511047 -110.79916382,34.03540039 -110.79906464,34.03591537 -110.79888916,34.03640747 -110.79872894,34.03689194 -110.79877472,34.03736496 -110.79888153,34.03784561 -110.79894257,34.03833008 -110.79889679,34.03882217 -110.79876709,34.03930664 -110.79866028,34.03979874 -110.79836273,34.04026031 -110.79785156,34.04057693 -110.79729462,34.04055023 -110.79700470,34.04082108 -110.79727173,34.04129028 -110.79751587,34.04175186 -110.79772186,34.04225922 -110.79772186,34.04280090 -110.79737091,34.04317474 -110.79676056,34.04322433 -110.79620361,34.04344940 -110.79588318,34.04382706 -110.79599762,34.04428101 -110.79613495,34.04473495 -110.79635620,34.04518509 -110.79621887,34.04567719 -110.79608917,34.04613495 -110.79628754,34.04659271 -110.79598999,34.04702759 -110.79538727,34.04710388 -110.79474640,34.04703140 -110.79426575,34.04712677 -110.79380798,34.04746628 -110.79324341,34.04760742 -110.79257202,34.04781342 -110.79187775,34.04813004 -110.79114532,34.04837418 -110.79040527,34.04838943 -110.78973389,34.04823685 -110.78906250,34.04802322 -110.78835297,34.04787445 -110.78770447,34.04768753 -110.78698730,34.04760361 -110.78627014,34.04750443 -110.78559875,34.04733658 -110.78495026,34.04725266 -110.78447723,34.04751587 -110.78421783,34.04792786 -110.78411102,34.04840088 -110.78382111,34.04875565 -110.78359222,34.04922867 -110.78345490,34.04973602 -110.78349304,34.05027008 -110.78345490,34.05084991 -110.78357697,34.05139542 -110.78379822,34.05185699 -110.78424072,34.05210495 -110.78481293,34.05219650 -110.78493500,34.05248260 -110.78480530,34.05292511 -110.78503418,34.05337906 -110.78545380,34.05369568 -110.78557587,34.05377197 -110.78568268,34.05391693 -110.78586578,34.05435562 -110.78606415,34.05478668 -110.78643036,34.05507278 -110.78674316,34.05533981 -110.78704071,34.05580521 -110.78747559,34.05619812 -110.78768921,34.05669022 -110.78793335,34.05713654 -110.78827667,34.05746078 -110.78856659,34.05787659 -110.78852081,34.05836487 -110.78840637,34.05885696 -110.78827667,34.05933380 -110.78831482,34.05979538 -110.78865051,34.06019974 -110.78911591,34.06045532 -110.78958893,34.06060410 -110.79012299,34.06080627 -110.79032135,34.06120682 -110.79006195,34.06159592 -110.78961182,34.06187439 -110.78910828,34.06214142 -110.78855896,34.06235123 -110.78808594,34.06263733 -110.78765869,34.06297302 -110.78754425,34.06343842 -110.78755188,34.06392670 -110.78771973,34.06440735 -110.78775787,34.06489563 -110.78778839,34.06531143 -110.78800201,34.06571198 -110.78829193,34.06604767 -110.78868866,34.06632996 -110.78905487,34.06662750 -110.78928375,34.06702423 -110.78928375,34.06739426 -110.78913879,34.06777191 -110.78896332,34.06818008 -110.78887939,34.06861496 -110.78894043,34.06904221 -110.78901672,34.06949234 -110.78916931,34.06995010 -110.78934479,34.07036209 -110.78942108,34.07060623 -110.78941345,34.07066727 -110.78934479,34.07099915 -110.78909302,34.07135010 -110.78896332,34.07181931 -110.78887177,34.07230759 -110.78854370,34.07273865 -110.78852844,34.07308578 -110.78911591,34.07313156 -110.78972626,34.07318878 -110.79031372,34.07339096 -110.79087830,34.07361984 -110.79119110,34.07405090 -110.79144287,34.07452011 -110.79162598,34.07500076 -110.79197693,34.07541275 -110.79193115,34.07586670 -110.79168701,34.07633591 -110.79145813,34.07676697 -110.79119110,34.07720184 -110.79088593,34.07762909 -110.79063416,34.07804871 -110.79042816,34.07846069 -110.79042816,34.07898712 -110.79063416,34.07942200 -110.79083252,34.07986450 -110.79081726,34.08032990 -110.79118347,34.08076859 -110.79162598,34.08116150 -110.79216003,34.08153152 -110.79264069,34.08184433 -110.79312897,34.08205795 -110.79379272,34.08215332 -110.79450989,34.08205795 -110.79517365,34.08197784 -110.79573822,34.08195114 -110.79622650,34.08201218 -110.79669952,34.08218002 -110.79712677,34.08252335 -110.79761505,34.08280563 -110.79796600,34.08321762 -110.79833221,34.08360291 -110.79891205,34.08382034 -110.79951477,34.08386230 -110.80006409,34.08398438 -110.80056763,34.08408356 -110.80115509,34.08415222 -110.80171967,34.08422470 -110.80222321,34.08440018 -110.80269623,34.08456421 -110.80313873,34.08464432 -110.80361176,34.08461380 -110.80408478,34.08457565 -110.80439758,34.08483887 -110.80472565,34.08502960 -110.80507660,34.08485031 -110.80532837,34.08452225 -110.80558014,34.08425903 -110.80599976,34.08422470 -110.80644226,34.08429337 -110.80661774,34.08439636 -110.80667877,34.08442307 -110.80677795,34.08446121 -110.80694580,34.08451843 -110.80720520,34.08454895 -110.80737305,34.08451462 -110.80745697,34.08506393 -110.80763245,34.08570480 -110.80786133,34.08641052 -110.80817413,34.08705139 -110.80851746,34.08766556 -110.80888367,34.08831787 -110.80939484,34.08886337 -110.80992126,34.08942032 -110.81024933,34.09003448 -110.81056976,34.09068680 -110.81093597,34.09131241 -110.81128693,34.09192276 -110.81163025,34.09254074 -110.81185150,34.09319305 -110.81220245,34.09371948 -110.81296539,34.09379196 -110.81365967,34.09407806 -110.81420898,34.09452820 -110.81435394,34.09511566 -110.81431580,34.09573364 -110.81400299,34.09622192 -110.81345367,34.09656143 -110.81281281,34.09669113 -110.81227112,34.09698105 -110.81182098,34.09738159 -110.81125641,34.09766769 -110.81079102,34.09805679 -110.81043243,34.09857941 -110.81019592,34.09917831 -110.81015778,34.09983444 -110.81041718,34.10048294 -110.81069946,34.10115433 -110.81089020,34.10182190 -110.81099701,34.10243607 -110.81095123,34.10298157 -110.81069183,34.10351181 -110.81048584,34.10406494 -110.81068420,34.10462952 -110.81080627,34.10521698 -110.81091309,34.10580444 -110.81077576,34.10641479 -110.81083679,34.10707092 -110.81111908,34.10771561 -110.81140900,34.10831451 -110.81173706,34.10891724 -110.81207275,34.10949326 -110.81243134,34.11001968 -110.81251526,34.11063766 -110.81240845,34.11128235 -110.81232452,34.11189270 -110.81227875,34.11249542 -110.81259155,34.11302567 -110.81312561,34.11346817 -110.81365204,34.11394882 -110.81421661,34.11443710 -110.81479645,34.11488342 -110.81549072,34.11516571 -110.81617737,34.11550903 -110.81687164,34.11575699 -110.81755829,34.11603165 -110.81820679,34.11638641 -110.81885529,34.11676407 -110.81952667,34.11694717 -110.82009125,34.11724091 -110.82062531,34.11755371 -110.82130432,34.11775208 -110.82188416,34.11814880 -110.82250977,34.11853790 -110.82315063,34.11892319 -110.82378387,34.11933136 -110.82432556,34.11977768 -110.82487488,34.12012100 -110.82563019,34.12003708 -110.82642365,34.11991882 -110.82727814,34.12000656 -110.82807159,34.12020111 -110.82878876,34.12057114 -110.82956696,34.12072754 -110.83039856,34.12081909 -110.83125305,34.12086487 -110.83202362,34.12099075 -110.83276367,34.12118912 -110.83345795,34.12143707 -110.83414459,34.12170410 -110.83481598,34.12197495 -110.83547974,34.12222672 -110.83612061,34.12247849 -110.83672333,34.12267685 -110.83739471,34.12268066 -110.83809662,34.12260437 -110.83871460,34.12283707 -110.83925629,34.12322617 -110.83949280,34.12377548 -110.83976746,34.12436295 -110.83997345,34.12496948 -110.84063721,34.12534714 -110.84104156,34.12589645 -110.84150696,34.12643433 -110.84210968,34.12680435 -110.84265900,34.12699509 -110.84252167,34.12759399 -110.84210968,34.12820435 -110.84172058,34.12878036 -110.84146881,34.12938690 -110.84136963,34.13008881 -110.84131622,34.13076401 -110.84128571,34.13142014 -110.84147644,34.13199615 -110.84176636,34.13252258 -110.84140778,34.13296890 -110.84084320,34.13331223 -110.84027863,34.13340759 -110.83969879,34.13317108 -110.83898926,34.13331223 -110.83831024,34.13357544 -110.83768463,34.13385010 -110.83727264,34.13433075 -110.83717346,34.13490295 -110.83721924,34.13555527 -110.83755493,34.13608932 -110.83787537,34.13653564 -110.83769226,34.13700485 -110.83780670,34.13752747 -110.83774567,34.13802338 -110.83815765,34.13838577 -110.83856201,34.13881302 -110.83860779,34.13942719 -110.83854675,34.14001083 -110.83811951,34.14053345 -110.83773804,34.14109802 -110.83725739,34.14153290 -110.83726501,34.14207077 -110.83744812,34.14267349 -110.83758545,34.14330673 -110.83749390,34.14383698 -110.83732605,34.14430618 -110.83730628,34.14435683 -110.83720703,34.14453858 -110.83715607,34.14468577 -110.83731538,34.14474353 -110.83780670,34.14490509 -110.83853912,34.14533997 -110.83953094,34.14534378 -110.84055328,34.14548492 -110.84137726,34.14587402 -110.84228516,34.14563370 -110.84320068,34.14526367 -110.84400940,34.14523315 -110.84436798,34.14471054 -110.84500885,34.14426041 -110.84602356,34.14449310 -110.84708405,34.14495850 -110.84817505,34.14542389 -110.84928894,34.14583969 -110.85046387,34.14616013 -110.85172272,34.14648056 -110.85295105,34.14680481 -110.85393524,34.14729309 -110.85453796,34.14807510 -110.85506439,34.14895248 -110.85556793,34.14982986 -110.85630798,34.15058517 -110.85725403,34.15117645 -110.85823822,34.15160751 -110.85929871,34.15192795 -110.86034393,34.15239334 -110.86141205,34.15288162 -110.86241913,34.15342331 -110.86305237,34.15425491 -110.86388397,34.15494156 -110.86500549,34.15524292 -110.86597443,34.15562057 -110.86676025,34.15615463 -110.86762238,34.15664673 -110.86860657,34.15707016 -110.86948395,34.15773392 -110.87014008,34.15856171 -110.87104034,34.15914536 -110.87186432,34.15980530 -110.87263489,34.16057968 -110.87344360,34.16134262 -110.87442780,34.16187668 -110.87558746,34.16207123 -110.87676239,34.16210938 -110.87790680,34.16233826 -110.87892914,34.16271591 -110.87992096,34.16302109 -110.88088226,34.16274643 -110.88175201,34.16239548 -110.88265228,34.16248703 -110.88344574,34.16199112 -110.88436127,34.16197586 -110.88510132,34.16204834 -110.88538361,34.16150284 -110.88459015,34.16104889 -110.88355255,34.16064453 -110.88278198,34.15998840 -110.88264465,34.15905762 -110.88307190,34.15818024 -110.88397980,34.15757370 -110.88508606,34.15745926 -110.88605499,34.15784454 -110.88712311,34.15776062 -110.88805389,34.15811157 -110.88890076,34.15879059 -110.88968658,34.15947342 -110.89073181,34.15987778 -110.89186859,34.16019440 -110.89285278,34.16073227 -110.89383698,34.16121674 -110.89488983,34.16144562 -110.89592743,34.16148376 -110.89672089,34.16093063 -110.89757538,34.16043472 -110.89861298,34.16057205 -110.89965820,34.16044998 -110.90055084,34.15982437 -110.90146637,34.15917969 -110.90241241,34.15859604 -110.90347290,34.15829849 -110.90451050,34.15787506 -110.90545654,34.15727615 -110.90640259,34.15668106 -110.90734863,34.15619278 -110.90839386,34.15607834 -110.90947723,34.15610886 -110.91055298,34.15619278 -110.91138458,34.15627670 -110.91188049,34.15635681 -110.91239166,34.15636444 -110.91290283,34.15625381 -110.91330719,34.15604782 -110.91336823,34.15599823 -110.91384888,34.15558243 -110.91451263,34.15476990 -110.91516113,34.15398788 -110.91574860,34.15326309 -110.91618347,34.15258789 -110.91636658,34.15192413 -110.91645813,34.15133286 -110.91651154,34.15090942 -110.91651917,34.15082550 </coordinates>
</LineString>
</Placemark>
<Placemark>
<name>AZAT-05 Canyon Point</name>
<LookAt>
<longitude>-110.87713400</longitude>
<latitude>34.27186150</latitude>
<range>32701</range>
</LookAt>
<styleUrl>#Line_Forest_Service_Rd_level_2_or_higher_000000_04</styleUrl>
<ExtendedData>
<Data name="Type">
<value>Forest Service Rd level 2 or higher</value>
</Data>
<Data name="Name on GPS">
<value>AZAT05-Canyon Point</value>
</Data>
<Data name="Total Distance">
<value>44.1 mi</value>
</Data>
<Data name="Number of Trackpoints">
<value>1472</value>
</Data>
</ExtendedData>
<LineString>
<coordinates>-110.91654500,34.15073000 -110.91654500,34.15073000 -110.91658600,34.15080300 -110.91679600,34.15088700 -110.91748400,34.15133200 -110.91775400,34.15147500 -110.91799200,34.15155200 -110.91974200,34.15167000 -110.92062700,34.15168100 -110.92205300,34.15189100 -110.92293300,34.15210400 -110.92347500,34.15207800 -110.92415000,34.15233700 -110.92547200,34.15234100 -110.92547200,34.15234100 -110.92547200,34.15234100 -110.92547200,34.15234100 -110.92650200,34.15223200 -110.92676700,34.15214600 -110.92711700,34.15196100 -110.92764300,34.15177400 -110.92843400,34.15162500 -110.92884300,34.15150700 -110.92939000,34.15142200 -110.92960800,34.15127600 -110.93014400,34.15072500 -110.93045000,34.15054400 -110.93099700,34.15035800 -110.93160500,34.15024200 -110.93264800,34.14993300 -110.93293400,34.14989300 -110.93310900,34.14991700 -110.93310900,34.14991700 -110.93310900,34.14991700 -110.93310900,34.14991700 -110.93369800,34.15021000 -110.93420700,34.15056700 -110.93487500,34.15086300 -110.93516600,34.15109800 -110.93549700,34.15148900 -110.93589300,34.15180600 -110.93635700,34.15211600 -110.93645400,34.15222000 -110.93660700,34.15244300 -110.93670100,34.15267000 -110.93734200,34.15455800 -110.93750100,34.15481600 -110.93773000,34.15501600 -110.93799700,34.15514400 -110.94179100,34.15631300 -110.94368200,34.15685900 -110.94368200,34.15685900 -110.94368200,34.15685900 -110.94368200,34.15685900 -110.94465600,34.15707900 -110.94565200,34.15725900 -110.94702400,34.15740600 -110.94884000,34.15733300 -110.95239200,34.15707900 -110.95349500,34.15702900 -110.95398200,34.15712500 -110.95474100,34.15753400 -110.95521700,34.15771500 -110.95593200,34.15783000 -110.95645600,34.15782700 -110.95767100,34.15770000 -110.95835500,34.15753400 -110.95866500,34.15741600 -110.95892900,34.15725700 -110.95949100,34.15679100 -110.96025400,34.15625100 -110.96080300,34.15607800 -110.96172900,34.15601100 -110.96172900,34.15601100 -110.96172900,34.15601100 -110.96172900,34.15601100 -110.96184900,34.15602300 -110.96201600,34.15610000 -110.96206300,34.15616400 -110.96210200,34.15641400 -110.96214600,34.15649900 -110.96221400,34.15657000 -110.96238700,34.15666300 -110.96298400,34.15674100 -110.96336700,34.15671700 -110.96350200,34.15673600 -110.96362200,34.15677000 -110.96382300,34.15689100 -110.96428900,34.15732000 -110.96447000,34.15757200 -110.96448200,34.15766500 -110.96444600,34.15775600 -110.96429600,34.15790600 -110.96421700,34.15806200 -110.96422200,34.15815300 -110.96432900,34.15834900 -110.96449300,34.15849200 -110.96510200,34.15867500 -110.96528900,34.15880700 -110.96528900,34.15880700 -110.96528900,34.15880700 -110.96528900,34.15880700 -110.96536300,34.15899800 -110.96522800,34.15967000 -110.96497100,34.16010500 -110.96485000,34.16047500 -110.96461200,34.16095900 -110.96455400,34.16119000 -110.96454900,34.16129800 -110.96461500,34.16151500 -110.96496900,34.16218900 -110.96498400,34.16240700 -110.96484200,34.16284300 -110.96456500,34.16327700 -110.96441200,34.16371800 -110.96441100,34.16381100 -110.96447800,34.16396700 -110.96475600,34.16418100 -110.96484200,34.16430200 -110.96497500,34.16441000 -110.96508000,34.16459500 -110.96510700,34.16470900 -110.96509500,34.16517600 -110.96517500,34.16583800 -110.96527100,34.16646800 -110.96539100,34.16700200 -110.96537500,34.16719800 -110.96529400,34.16739300 -110.96522400,34.16769700 -110.96525700,34.16815200 -110.96553200,34.16942400 -110.96636900,34.17495000 -110.96647000,34.17518300 -110.96673000,34.17547000 -110.96679900,34.17566900 -110.96679200,34.17589600 -110.96658000,34.17637600 -110.96656700,34.17664700 -110.96664200,34.17704300 -110.96665400,34.17732600 -110.96644100,34.17857900 -110.96644400,34.17894600 -110.96644400,34.17894600 -110.96644400,34.17894600 -110.96644400,34.17894600 -110.96653200,34.17914500 -110.96672400,34.17927000 -110.96696300,34.17931800 -110.96748200,34.17935200 -110.96785000,34.17951100 -110.96798300,34.17967300 -110.96848000,34.18078800 -110.96865500,34.18092200 -110.96970100,34.18147200 -110.96984300,34.18157400 -110.96998800,34.18175100 -110.97003500,34.18185400 -110.97003400,34.18207400 -110.96991100,34.18244000 -110.96979400,34.18300800 -110.96976300,34.18490200 -110.96970300,34.18533200 -110.96972000,34.18541000 -110.96982300,34.18554600 -110.97010400,34.18574400 -110.97041100,34.18602700 -110.97059700,34.18624600 -110.97130300,34.18747800 -110.97144200,34.18778200 -110.97147700,34.18793100 -110.97147700,34.18793100 -110.97147700,34.18793100 -110.97147700,34.18793100 -110.97148500,34.18808400 -110.97141100,34.18836200 -110.97118300,34.18879100 -110.97098000,34.18907400 -110.97039700,34.18968400 -110.97017400,34.19010300 -110.96980700,34.19118600 -110.96973600,34.19148800 -110.96970300,34.19178700 -110.96971800,34.19208600 -110.96982000,34.19252300 -110.96982000,34.19252300 -110.96982000,34.19252300 -110.96982000,34.19252300 -110.97031400,34.19390700 -110.97056300,34.19475800 -110.97062100,34.19485600 -110.97080100,34.19500800 -110.97103600,34.19506200 -110.97139900,34.19501200 -110.97260100,34.19459400 -110.97310100,34.19451000 -110.97337000,34.19456000 -110.97402400,34.19484000 -110.97435400,34.19492400 -110.97449200,34.19484500 -110.97454600,34.19451100 -110.97459300,34.19443200 -110.97477300,34.19435900 -110.97503200,34.19438400 -110.97514600,34.19429900 -110.97520800,34.19415000 -110.97528300,34.19409700 -110.97548400,34.19406200 -110.97621100,34.19430900 -110.97643500,34.19442700 -110.97657600,34.19460400 -110.97682800,34.19519400 -110.97682800,34.19519400 -110.97682800,34.19519400 -110.97682800,34.19519400 -110.97677500,34.19533500 -110.97654300,34.19552600 -110.97642700,34.19588000 -110.97619900,34.19606600 -110.97599200,34.19630400 -110.97574100,34.19652300 -110.97546800,34.19689200 -110.97527400,34.19700400 -110.97481300,34.19706800 -110.97450400,34.19716300 -110.97427200,34.19734800 -110.97416400,34.19757700 -110.97385400,34.19789000 -110.97364000,34.19828700 -110.97357300,34.19860300 -110.97352100,34.19868900 -110.97334000,34.19880000 -110.97311900,34.19902800 -110.97259800,34.20002100 -110.97228300,34.20052800 -110.97228300,34.20052800 -110.97228300,34.20052800 -110.97228300,34.20052800 -110.97217100,34.20122500 -110.97216000,34.20182200 -110.97218900,34.20200600 -110.97233400,34.20218000 -110.97266300,34.20237700 -110.97301600,34.20273400 -110.97309400,34.20308200 -110.97355700,34.20368400 -110.97363000,34.20398600 -110.97360200,34.20418700 -110.97355500,34.20427500 -110.97355500,34.20427500 -110.97355500,34.20427500 -110.97355500,34.20427500 -110.97280300,34.20504400 -110.97249700,34.20543100 -110.97203100,34.20588700 -110.97161300,34.20640100 -110.97040300,34.20751400 -110.97022600,34.20781800 -110.96983900,34.20888800 -110.96975300,34.20936700 -110.96968700,34.20954000 -110.96954200,34.20977100 -110.96938200,34.20985200 -110.96869100,34.20999000 -110.96793500,34.21040800 -110.96715200,34.21078900 -110.96673500,34.21112500 -110.96661200,34.21132000 -110.96640400,34.21154600 -110.96561900,34.21225800 -110.96520100,34.21286500 -110.96484100,34.21307000 -110.96439500,34.21324800 -110.96424900,34.21336600 -110.96411100,34.21355700 -110.96370600,34.21376100 -110.96355400,34.21387700 -110.96338000,34.21409700 -110.96313400,34.21471100 -110.96313400,34.21471100 -110.96313400,34.21471100 -110.96313400,34.21471100 -110.96309800,34.21490100 -110.96311500,34.21508700 -110.96343500,34.21602800 -110.96353000,34.21641600 -110.96345800,34.21678100 -110.96355100,34.21712400 -110.96346600,34.21743300 -110.96314500,34.21788400 -110.96312200,34.21800000 -110.96315100,34.21810600 -110.96327100,34.21825900 -110.96359300,34.21841400 -110.96366900,34.21842400 -110.96391100,34.21833600 -110.96399900,34.21833700 -110.96422100,34.21846600 -110.96432100,34.21854500 -110.96433200,34.21858900 -110.96420500,34.21892000 -110.96331400,34.22054800 -110.96319800,34.22081500 -110.96310700,34.22115000 -110.96291500,34.22224200 -110.96298600,34.22236900 -110.96322100,34.22251200 -110.96327100,34.22265500 -110.96302900,34.22288700 -110.96294100,34.22305100 -110.96283800,34.22352800 -110.96265400,34.22386600 -110.96255900,34.22411700 -110.96251200,34.22470100 -110.96236800,34.22540400 -110.96265100,34.22640100 -110.96264000,34.22646600 -110.96258800,34.22650900 -110.96230800,34.22650900 -110.96218700,34.22656900 -110.96216300,34.22662300 -110.96216900,34.22668700 -110.96227700,34.22688300 -110.96230200,34.22705400 -110.96257300,34.22730200 -110.96264600,34.22748000 -110.96258500,34.22765800 -110.96233700,34.22801400 -110.96228500,34.22822700 -110.96228500,34.22844700 -110.96228500,34.22844700 -110.96228500,34.22844700 -110.96228500,34.22844700 -110.96238100,34.22874900 -110.96284400,34.22949100 -110.96312900,34.22970300 -110.96370100,34.22994900 -110.96380300,34.23001400 -110.96395100,34.23018800 -110.96401900,34.23037600 -110.96393600,34.23066500 -110.96396200,34.23080200 -110.96434800,34.23120900 -110.96469300,34.23150800 -110.96498700,34.23185300 -110.96525200,34.23225800 -110.96570400,34.23238800 -110.96591900,34.23255900 -110.96606600,34.23275400 -110.96609000,34.23298500 -110.96600700,34.23326400 -110.96582600,34.23364100 -110.96562400,34.23395100 -110.96556100,34.23411900 -110.96555600,34.23421000 -110.96568300,34.23474900 -110.96565600,34.23499100 -110.96550700,34.23546700 -110.96550500,34.23557000 -110.96554400,34.23566500 -110.96569900,34.23581100 -110.96657100,34.23620500 -110.96678000,34.23635500 -110.96696500,34.23654000 -110.96705800,34.23674900 -110.96710800,34.23738300 -110.96723000,34.23752700 -110.96778600,34.23793300 -110.96789000,34.23813000 -110.96792900,34.23871400 -110.96795600,34.23882800 -110.96808500,34.23903800 -110.96809800,34.23919600 -110.96804900,34.23927900 -110.96805200,34.23933900 -110.96811400,34.23943300 -110.96816500,34.23961500 -110.96816500,34.23961500 -110.96816500,34.23961500 -110.96816500,34.23961500 -110.96804900,34.23969500 -110.96780000,34.23978700 -110.96755100,34.23980500 -110.96610200,34.23960600 -110.96568600,34.23948400 -110.96516300,34.23946600 -110.96480900,34.23959100 -110.96471000,34.23969300 -110.96466200,34.23980000 -110.96458700,34.23984500 -110.96451100,34.23984000 -110.96439800,34.23960800 -110.96421700,34.23950200 -110.96348000,34.23936800 -110.96243600,34.23892000 -110.96201400,34.23866100 -110.96144500,34.23841400 -110.96078700,34.23824300 -110.96059500,34.23823800 -110.96059500,34.23823800 -110.96059500,34.23823800 -110.96059500,34.23823800 -110.96043500,34.23827800 -110.96030300,34.23835500 -110.96019000,34.23845500 -110.96002100,34.23873000 -110.95988900,34.23883100 -110.95964200,34.23889400 -110.95880000,34.23894800 -110.95868600,34.23898400 -110.95856300,34.23942900 -110.95847400,34.23958700 -110.95822300,34.23986400 -110.95772500,34.24020100 -110.95702700,34.24055500 -110.95653000,34.24068100 -110.95503400,34.24072700 -110.95503400,34.24072700 -110.95503400,34.24072700 -110.95503400,34.24072700 -110.95501400,34.24082700 -110.95512100,34.24098900 -110.95533500,34.24115900 -110.95549900,34.24124400 -110.95622900,34.24148000 -110.95677100,34.24161000 -110.95693400,34.24172500 -110.95710100,34.24192000 -110.95723800,34.24202000 -110.95778500,34.24221600 -110.95822600,34.24249200 -110.95880100,34.24265200 -110.95928000,34.24283500 -110.95966800,34.24287400 -110.95978800,34.24298000 -110.95978800,34.24298000 -110.95978800,34.24298000 -110.95978800,34.24298000 -110.95936300,34.24346200 -110.95916200,34.24358600 -110.95873300,34.24373200 -110.95865400,34.24384000 -110.95866100,34.24390300 -110.95892100,34.24431800 -110.95900600,34.24452100 -110.95904300,34.24473600 -110.95904400,34.24513700 -110.95927700,34.24597100 -110.95925800,34.24614200 -110.95918100,34.24627400 -110.95889700,34.24635300 -110.95882900,34.24643500 -110.95884800,34.24655700 -110.95894600,34.24676300 -110.95894400,34.24684000 -110.95880800,34.24715700 -110.95880100,34.24728200 -110.95910900,34.24781600 -110.95920700,34.24812300 -110.95924000,34.24842900 -110.95916200,34.24858400 -110.95883400,34.24887400 -110.95844700,34.24952400 -110.95834600,34.24976600 -110.95831400,34.25011900 -110.95834200,34.25118200 -110.95825800,34.25132500 -110.95825800,34.25132500 -110.95825800,34.25132500 -110.95825800,34.25132500 -110.95806800,34.25142000 -110.95716800,34.25149400 -110.95619600,34.25168100 -110.95598600,34.25180400 -110.95548400,34.25249100 -110.95530900,34.25256300 -110.95498300,34.25257300 -110.95419600,34.25246400 -110.95350400,34.25241500 -110.95321300,34.25233500 -110.95305100,34.25225000 -110.95283300,34.25205800 -110.95253900,34.25163900 -110.95237900,34.25147700 -110.95176400,34.25109200 -110.95159000,34.25094700 -110.95135600,34.25069600 -110.95101500,34.25021700 -110.95092300,34.25014100 -110.95063300,34.24999900 -110.95054100,34.24998500 -110.95034800,34.25004700 -110.94957800,34.25044000 -110.94925900,34.25056900 -110.94892100,34.25062200 -110.94831400,34.25065700 -110.94794400,34.25073300 -110.94770900,34.25081800 -110.94770900,34.25081800 -110.94770900,34.25081800 -110.94770900,34.25081800 -110.94732700,34.25104900 -110.94720300,34.25115800 -110.94717800,34.25121800 -110.94733600,34.25176100 -110.94735400,34.25199900 -110.94731000,34.25236200 -110.94720900,34.25263400 -110.94705000,34.25273400 -110.94639100,34.25281800 -110.94601900,34.25296200 -110.94594200,34.25303300 -110.94580200,34.25329100 -110.94553700,34.25366000 -110.94511600,34.25413300 -110.94429600,34.25496300 -110.94401600,34.25518300 -110.94385900,34.25535200 -110.94325100,34.25677900 -110.94318400,34.25699100 -110.94312300,34.25767100 -110.94305400,34.25788300 -110.94265700,34.25861900 -110.94256600,34.25895100 -110.94243900,34.25913200 -110.94186500,34.25961500 -110.94161700,34.25999800 -110.94135500,34.26016200 -110.94115800,34.26023200 -110.94043000,34.26038400 -110.93994600,34.26062900 -110.93924500,34.26075800 -110.93891600,34.26084300 -110.93876100,34.26091800 -110.93863800,34.26104300 -110.93854000,34.26129500 -110.93841100,34.26142500 -110.93815900,34.26160000 -110.93760600,34.26184700 -110.93744800,34.26200500 -110.93739600,34.26219700 -110.93742500,34.26300300 -110.93734000,34.26310900 -110.93716900,34.26312100 -110.93609000,34.26296300 -110.93570100,34.26295700 -110.93482200,34.26305900 -110.93407700,34.26326400 -110.93387200,34.26338800 -110.93363300,34.26361200 -110.93353200,34.26378400 -110.93342700,34.26405600 -110.93336800,34.26445500 -110.93289200,34.26527400 -110.93280100,34.26564800 -110.93277800,34.26601800 -110.93221900,34.26675100 -110.93218000,34.26692000 -110.93220400,34.26732200 -110.93216900,34.26742400 -110.93189300,34.26781100 -110.93178700,34.26815200 -110.93171700,34.26825500 -110.93171700,34.26825500 -110.93171700,34.26825500 -110.93171700,34.26825500 -110.93124700,34.26828600 -110.93089600,34.26848900 -110.93060600,34.26849500 -110.93028500,34.26857700 -110.93007700,34.26866700 -110.92966100,34.26897000 -110.92929800,34.26915900 -110.92800500,34.26966800 -110.92776800,34.26971600 -110.92727300,34.26969700 -110.92727300,34.26969700 -110.92727300,34.26969700 -110.92727300,34.26969700 -110.92694900,34.26961600 -110.92665600,34.26947900 -110.92651000,34.26937300 -110.92641000,34.26924600 -110.92611700,34.26871000 -110.92600500,34.26835100 -110.92601400,34.26811900 -110.92617400,34.26762000 -110.92614100,34.26745900 -110.92597000,34.26711800 -110.92584100,34.26694000 -110.92494600,34.26617800 -110.92494600,34.26617800 -110.92494600,34.26617800 -110.92494600,34.26617800 -110.92476800,34.26612500 -110.92422900,34.26617500 -110.92319900,34.26647100 -110.92302500,34.26647500 -110.92254300,34.26628300 -110.92245600,34.26617000 -110.92233700,34.26583800 -110.92223300,34.26576100 -110.92210300,34.26574300 -110.92182600,34.26580300 -110.92044800,34.26624400 -110.92044800,34.26624400 -110.92044800,34.26624400 -110.92044800,34.26624400 -110.92027100,34.26634300 -110.91987300,34.26700200 -110.91973200,34.26716200 -110.91932400,34.26744200 -110.91915400,34.26751500 -110.91898100,34.26757600 -110.91880900,34.26756800 -110.91863100,34.26747800 -110.91834400,34.26722400 -110.91822000,34.26720000 -110.91773100,34.26735500 -110.91675000,34.26758200 -110.91651100,34.26766800 -110.91641400,34.26773500 -110.91634500,34.26782700 -110.91624300,34.26811800 -110.91622500,34.26829800 -110.91626000,34.26848300 -110.91623100,34.26862600 -110.91605000,34.26876100 -110.91575700,34.26881500 -110.91543200,34.26896500 -110.91507100,34.26926400 -110.91494600,34.26944400 -110.91479200,34.26995000 -110.91459100,34.27021100 -110.91371300,34.27087400 -110.91354600,34.27104700 -110.91323200,34.27181700 -110.91308800,34.27206500 -110.91280500,34.27231500 -110.91237900,34.27256300 -110.91224600,34.27268000 -110.91217200,34.27282600 -110.91216900,34.27290700 -110.91236000,34.27354500 -110.91233800,34.27392400 -110.91176800,34.27475400 -110.91170500,34.27480900 -110.91158400,34.27483100 -110.91158400,34.27483100 -110.91158400,34.27483100 -110.91158400,34.27483100 -110.91143500,34.27480700 -110.91049500,34.27435500 -110.90834200,34.27274000 -110.90715600,34.27220800 -110.90660500,34.27208500 -110.90520400,34.27197200 -110.90478300,34.27196600 -110.90384800,34.27206700 -110.90250500,34.27254700 -110.90226500,34.27255900 -110.90214100,34.27253400 -110.90088000,34.27167800 -110.90053800,34.27152800 -110.89910700,34.27125700 -110.89885500,34.27116500 -110.89874500,34.27109000 -110.89853900,34.27080000 -110.89838400,34.27040000 -110.89827300,34.26997800 -110.89809900,34.26969500 -110.89784700,34.26945000 -110.89742100,34.26922500 -110.89680700,34.26908300 -110.89643600,34.26906300 -110.89594200,34.26909700 -110.89457200,34.26928900 -110.89413400,34.26919400 -110.89389600,34.26906900 -110.89389600,34.26906900 -110.89389600,34.26906900 -110.89389600,34.26906900 -110.89388300,34.26896400 -110.89405900,34.26877700 -110.89409900,34.26869300 -110.89409700,34.26851200 -110.89400400,34.26803700 -110.89401000,34.26789200 -110.89407400,34.26762400 -110.89422100,34.26725100 -110.89428500,34.26673100 -110.89431000,34.26640400 -110.89421400,34.26572600 -110.89421200,34.26549200 -110.89426200,34.26529600 -110.89463700,34.26473600 -110.89454300,34.26434300 -110.89454900,34.26405700 -110.89439000,34.26383300 -110.89431300,34.26349600 -110.89437700,34.26331500 -110.89456600,34.26320200 -110.89474100,34.26302600 -110.89483700,34.26273400 -110.89484300,34.26259600 -110.89472200,34.26234700 -110.89440900,34.26210400 -110.89321100,34.26149700 -110.89299600,34.26121400 -110.89300700,34.26113900 -110.89313000,34.26102300 -110.89311900,34.26095800 -110.89275000,34.26066900 -110.89260600,34.26042100 -110.89256200,34.26019800 -110.89256200,34.26019800 -110.89256200,34.26019800 -110.89256200,34.26019800 -110.89275700,34.25985700 -110.89292300,34.25963900 -110.89327800,34.25933200 -110.89393400,34.25897800 -110.89465300,34.25837700 -110.89528900,34.25806700 -110.89567000,34.25782000 -110.89571300,34.25770000 -110.89570600,34.25758300 -110.89559800,34.25741800 -110.89545600,34.25732100 -110.89471500,34.25700200 -110.89458400,34.25690000 -110.89457700,34.25684800 -110.89464100,34.25678100 -110.89513400,34.25665200 -110.89525800,34.25658100 -110.89527400,34.25647000 -110.89505600,34.25619300 -110.89506000,34.25609900 -110.89520400,34.25601700 -110.89583900,34.25596000 -110.89673200,34.25573200 -110.89693200,34.25566300 -110.89699000,34.25557400 -110.89699000,34.25557400 -110.89699000,34.25557400 -110.89699000,34.25557400 -110.89661400,34.25509200 -110.89644800,34.25501300 -110.89588300,34.25492300 -110.89581000,34.25488600 -110.89554100,34.25456900 -110.89540500,34.25447200 -110.89527500,34.25446900 -110.89498200,34.25473800 -110.89481800,34.25477300 -110.89470600,34.25472700 -110.89464000,34.25462900 -110.89473100,34.25447600 -110.89474700,34.25433700 -110.89468900,34.25391300 -110.89459700,34.25372800 -110.89459700,34.25372800 -110.89459700,34.25372800 -110.89459700,34.25372800 -110.89454600,34.25370500 -110.89445300,34.25372700 -110.89428800,34.25391700 -110.89401400,34.25405600 -110.89342600,34.25410800 -110.89282200,34.25410400 -110.89274000,34.25406400 -110.89272700,34.25398300 -110.89327000,34.25352500 -110.89331700,34.25338100 -110.89320900,34.25331500 -110.89286300,34.25342900 -110.89232200,34.25335600 -110.89194000,34.25344000 -110.89153900,34.25343800 -110.89135200,34.25349000 -110.89090800,34.25380500 -110.89068700,34.25406400 -110.89045900,34.25412900 -110.89029200,34.25407000 -110.89013900,34.25386600 -110.88957900,34.25344500 -110.88909000,34.25332600 -110.88881800,34.25336900 -110.88863000,34.25344800 -110.88848400,34.25397400 -110.88839600,34.25413700 -110.88826500,34.25426900 -110.88808300,34.25431100 -110.88787100,34.25425700 -110.88772600,34.25426100 -110.88766400,34.25429000 -110.88743600,34.25456300 -110.88721900,34.25464900 -110.88698800,34.25469100 -110.88687300,34.25464700 -110.88631500,34.25419500 -110.88609500,34.25381500 -110.88598000,34.25372600 -110.88571300,34.25366400 -110.88517800,34.25376000 -110.88479300,34.25392500 -110.88463000,34.25393100 -110.88433400,34.25368600 -110.88390700,34.25340400 -110.88271900,34.25271700 -110.88192000,34.25253700 -110.88172100,34.25253400 -110.88067700,34.25279400 -110.88037300,34.25281200 -110.87999500,34.25263600 -110.87940800,34.25227400 -110.87908600,34.25220100 -110.87852400,34.25220300 -110.87796300,34.25196600 -110.87770500,34.25193600 -110.87736800,34.25200300 -110.87704900,34.25216800 -110.87684400,34.25247800 -110.87669300,34.25284200 -110.87657700,34.25295500 -110.87647500,34.25295300 -110.87640200,34.25288300 -110.87638100,34.25278500 -110.87642100,34.25259500 -110.87640000,34.25249800 -110.87609000,34.25213200 -110.87601200,34.25211100 -110.87596800,34.25212300 -110.87591700,34.25219500 -110.87601200,34.25262600 -110.87600200,34.25272700 -110.87591500,34.25281300 -110.87545600,34.25295500 -110.87493400,34.25321600 -110.87424400,34.25327100 -110.87424400,34.25327100 -110.87424400,34.25327100 -110.87424400,34.25327100 -110.87415600,34.25323500 -110.87409200,34.25314400 -110.87393600,34.25261000 -110.87374500,34.25215300 -110.87369300,34.25195600 -110.87370400,34.25167300 -110.87364400,34.25149500 -110.87350300,34.25134400 -110.87320200,34.25116900 -110.87313500,34.25078100 -110.87303900,34.25070600 -110.87287500,34.25065000 -110.87287500,34.25065000 -110.87287500,34.25065000 -110.87287500,34.25065000 -110.87273200,34.25068100 -110.87262800,34.25080900 -110.87256400,34.25101500 -110.87264000,34.25115800 -110.87292600,34.25146800 -110.87291300,34.25164100 -110.87280600,34.25174700 -110.87166100,34.25111200 -110.87154500,34.25114000 -110.87155000,34.25126500 -110.87189300,34.25169400 -110.87194500,34.25188000 -110.87192600,34.25245100 -110.87188800,34.25256200 -110.87176000,34.25261200 -110.87176000,34.25261200 -110.87176000,34.25261200 -110.87176000,34.25261200 -110.87165000,34.25250800 -110.87160600,34.25232700 -110.87152000,34.25220100 -110.87099000,34.25183300 -110.87037000,34.25113100 -110.87011300,34.25074800 -110.86991000,34.25063500 -110.86967900,34.25039500 -110.86956000,34.25034000 -110.86944800,34.25035200 -110.86906500,34.25052100 -110.86884100,34.25056200 -110.86753800,34.25061600 -110.86708000,34.25052500 -110.86674100,34.25050800 -110.86649500,34.25052800 -110.86565600,34.25070800 -110.86508800,34.25075900 -110.86489900,34.25072900 -110.86426500,34.25049300 -110.86342600,34.25024900 -110.86314400,34.25010600 -110.86275800,34.24984500 -110.86232200,34.24945000 -110.86205800,34.24902300 -110.86179500,34.24875000 -110.86150800,34.24831300 -110.86119700,34.24798600 -110.86084100,34.24773700 -110.86029400,34.24766400 -110.85928600,34.24772500 -110.85849500,34.24762600 -110.85783500,34.24743300 -110.85713300,34.24729200 -110.85685800,34.24719200 -110.85640500,34.24696100 -110.85621100,34.24691500 -110.85598800,34.24692700 -110.85558600,34.24701400 -110.85492200,34.24731400 -110.85445200,34.24742700 -110.85428400,34.24742200 -110.85404800,34.24736000 -110.85360700,34.24713300 -110.85345900,34.24708900 -110.85317700,34.24710900 -110.85304900,34.24720700 -110.85304900,34.24720700 -110.85304900,34.24720700 -110.85304900,34.24720700 -110.85303900,34.24731600 -110.85310500,34.24738200 -110.85379700,34.24784400 -110.85439200,34.24834800 -110.85477400,34.24851000 -110.85545400,34.24869600 -110.85647700,34.24918200 -110.85700900,34.24931300 -110.85766600,34.24955800 -110.85780700,34.24964200 -110.85788700,34.24974900 -110.85789500,34.24981200 -110.85789500,34.24981200 -110.85789500,34.24981200 -110.85789500,34.24981200 -110.85782000,34.24993300 -110.85769300,34.25001300 -110.85677400,34.25031400 -110.85614200,34.25066400 -110.85597600,34.25068500 -110.85576700,34.25059900 -110.85551900,34.25060300 -110.85514300,34.25068700 -110.85477900,34.25082300 -110.85440600,34.25089500 -110.85340300,34.25158900 -110.85303000,34.25166900 -110.85242000,34.25171100 -110.85205900,34.25183900 -110.85163600,34.25185400 -110.85140200,34.25191100 -110.85114800,34.25210000 -110.85106000,34.25221500 -110.85100700,34.25235500 -110.85100700,34.25235500 -110.85100700,34.25235500 -110.85100700,34.25235500 -110.85093700,34.25283000 -110.85094400,34.25314500 -110.85098000,34.25331100 -110.85119400,34.25383500 -110.85149700,34.25419700 -110.85169800,34.25432900 -110.85181100,34.25445100 -110.85199800,34.25504600 -110.85236700,34.25566800 -110.85259000,34.25637200 -110.85295000,34.25696900 -110.85292800,34.25708700 -110.85278500,34.25726300 -110.85231600,34.25753900 -110.85219200,34.25768700 -110.85216200,34.25778600 -110.85216300,34.25810300 -110.85223000,34.25829000 -110.85248000,34.25848500 -110.85256900,34.25860200 -110.85260000,34.25873100 -110.85257600,34.25954100 -110.85273800,34.25995600 -110.85310300,34.26043600 -110.85325900,34.26119400 -110.85323200,34.26136600 -110.85313200,34.26155900 -110.85324600,34.26178300 -110.85332800,34.26179500 -110.85335800,34.26183900 -110.85335800,34.26183900 -110.85335800,34.26183900 -110.85335800,34.26183900 -110.85316500,34.26164500 -110.85309800,34.26162400 -110.85292000,34.26171800 -110.85271300,34.26174900 -110.85212000,34.26161700 -110.85176300,34.26157600 -110.85125400,34.26162600 -110.85102400,34.26161500 -110.85082200,34.26155200 -110.85064200,34.26145400 -110.85013900,34.26107600 -110.84963800,34.26046100 -110.84931000,34.26022600 -110.84892500,34.26000400 -110.84879900,34.25985000 -110.84864200,34.25949800 -110.84850200,34.25927100 -110.84794600,34.25861400 -110.84778700,34.25854100 -110.84778700,34.25854100 -110.84778700,34.25854100 -110.84778700,34.25854100 -110.84766700,34.25855200 -110.84755900,34.25860300 -110.84726800,34.25890200 -110.84716900,34.25916500 -110.84708800,34.25970800 -110.84690000,34.26002300 -110.84636500,34.26061900 -110.84557900,34.26137900 -110.84531600,34.26159000 -110.84500200,34.26174100 -110.84494400,34.26184100 -110.84494400,34.26184100 -110.84494400,34.26184100 -110.84494400,34.26184100 -110.84498300,34.26192900 -110.84514500,34.26211100 -110.84687600,34.26388800 -110.84705800,34.26410000 -110.84728400,34.26444000 -110.84740500,34.26469500 -110.84756600,34.26521600 -110.84762500,34.26577000 -110.84752100,34.26661100 -110.84742200,34.26703700 -110.84740200,34.26732100 -110.84754800,34.26788100 -110.84768400,34.26813600 -110.84799800,34.26845900 -110.84919500,34.26955500 -110.84955900,34.26994700 -110.84999100,34.27048500 -110.85365900,34.27629700 -110.85401000,34.27669200 -110.85647700,34.27880200 -110.85688900,34.27932900 -110.85688900,34.27932900 -110.85688900,34.27932900 -110.85688900,34.27932900 -110.85706400,34.27967300 -110.85722500,34.28017500 -110.85740100,34.28157200 -110.85754800,34.28204600 -110.85793200,34.28263300 -110.85964400,34.28487700 -110.85984300,34.28522200 -110.86017500,34.28596900 -110.86036300,34.28662000 -110.86149900,34.29132000 -110.86155700,34.29160300 -110.86157600,34.29214800 -110.86157600,34.29214800 -110.86157600,34.29214800 -110.86157600,34.29214800 -110.86146900,34.29257900 -110.86134900,34.29287600 -110.86108500,34.29333000 -110.86081500,34.29366200 -110.85806200,34.29643300 -110.85754700,34.29704100 -110.85718700,34.29735400 -110.85673100,34.29781700 -110.85648300,34.29818400 -110.85641100,34.29857100 -110.85644000,34.29879200 -110.85747600,34.30183400 -110.85760800,34.30218200 -110.85784000,34.30249800 -110.85783600,34.30262500 -110.85619400,34.30599600 -110.85496300,34.30839400 -110.85448800,34.30918000 -110.85353000,34.31048800 -110.85121000,34.31324500 -110.85121000,34.31324500 -110.85121000,34.31324500 -110.85121000,34.31324500 -110.84855000,34.31626900 -110.84741700,34.31744100 -110.84357700,34.32117400 -110.84243900,34.32223800 -110.84172800,34.32277700 -110.84172800,34.32277700 -110.84172800,34.32277700 -110.84172800,34.32277700 -110.84114800,34.32316600 -110.83987900,34.32386800 -110.83875400,34.32435200 -110.83807100,34.32460600 -110.83695600,34.32495200 -110.83608800,34.32515200 -110.83524000,34.32529500 -110.83304700,34.32555200 -110.83288100,34.32559400 -110.83278200,34.32570200 -110.83278200,34.32570200 -110.83278200,34.32570200 -110.83278200,34.32570200 -110.83282200,34.32592700 -110.83288500,34.32607700 -110.83325500,34.32661100 -110.83381500,34.32822900 -110.83454600,34.32975400 -110.83466900,34.32980900 -110.83489900,34.32983600 -110.83495700,34.32995300 -110.83504800,34.33004700 -110.83505800,34.33013700 -110.83481900,34.33031700 -110.83553500,34.33206600 -110.83633900,34.33439600 -110.83653300,34.33486700 -110.83665100,34.33522600 -110.83667700,34.33545500 -110.83667700,34.33545500 -110.83667700,34.33545500 -110.83667700,34.33545500 -110.83643700,34.33668500 -110.83633200,34.33712700 -110.83624500,34.33735500 -110.83598200,34.33777900 -110.83478300,34.33932700 -110.83434300,34.34003400 -110.83396500,34.34096900 -110.83381400,34.34124900 -110.83312300,34.34213100 -110.83301100,34.34232300 -110.83295700,34.34252800 -110.83293600,34.34296800 -110.83296000,34.34350900 -110.83329100,34.34488000 -110.83329100,34.34488000 -110.83329100,34.34488000 -110.83329100,34.34488000 -110.83369600,34.34579200 -110.83445000,34.34779000 -110.83473800,34.34823500 -110.83503500,34.34854600 -110.83521500,34.34867600 -110.83561000,34.34891200 -110.83658300,34.34940300 -110.83698400,34.34965600 -110.83714900,34.34980600 -110.83739900,34.35020100 -110.83759900,34.35075100 -110.83786500,34.35191700 -110.83802100,34.35285600 -110.83818300,34.35345000 -110.83846200,34.35413300 -110.83951900,34.35641800 -110.83968500,34.35711600 -110.84034200,34.35828900 -110.84162300,34.36018500 -110.84265300,34.36256400 -110.84305400,34.36381900 -110.84328000,34.36430400 -110.84341500,34.36446000 -110.84360800,34.36458400 -110.84519100,34.36537400 -110.84539500,34.36550500 -110.84572100,34.36581700 -110.84579200,34.36610000 -110.84579200,34.36610000 -110.84579200,34.36610000 -110.84579200,34.36610000 -110.84553500,34.36829800 -110.84545000,34.36834700 -110.84518500,34.36838600 -110.84498400,34.36847000 -110.84346600,34.37053500 -110.84318600,34.37077500 -110.84224400,34.37141300 -110.84202200,34.37170100 -110.84197300,34.37185200 -110.84197300,34.37185200 -110.84197300,34.37185200 -110.84197300,34.37185200 -110.84198000,34.37234300 -110.84226000,34.37492300 -110.84226000,34.37532200 -110.84219100,34.37603800 -110.84222300,34.37618000 -110.84235500,34.37637900 -110.84277300,34.37670600 -110.84318500,34.37708800 -110.84353000,34.37750500 -110.84363000,34.37775400 -110.84370900,34.37810400 -110.84371700,34.37844000 -110.84378800,34.37875200 -110.84390700,34.37897000 -110.84447900,34.37973600 -110.84457800,34.37994500 -110.84461300,34.38010100 -110.84457900,34.38056200 -110.84435800,34.38139000 -110.84392600,34.38269700 -110.84354200,34.38366000 -110.84354200,34.38366000 -110.84354200,34.38366000 -110.84354200,34.38366000 -110.84335200,34.38394200 -110.84276700,34.38455900 -110.84233000,34.38536100 -110.84157000,34.38608000 -110.84141600,34.38635100 -110.84123000,34.38657300 -110.84068500,34.38707900 -110.84036400,34.38724500 -110.83865700,34.38782900 -110.83809100,34.38817900 -110.83714600,34.38845200 -110.83682300,34.38864400 -110.83644700,34.38892900 -110.83587300,34.38949800 -110.83508600,34.39056300 -110.83488300,34.39096800 -110.83446400,34.39195700 -110.83420900,34.39216400 -110.83420900,34.39216400 -110.83420900,34.39216400 -110.83420900,34.39216400 -110.83392800,34.39223000 -110.83372800,34.39222500 -110.83345200,34.39214400 -110.83331900,34.39204200 -110.83279700,34.39105000 -110.83269800,34.39079000 -110.83269900,34.39053000 -110.83274500,34.39036800 -110.83331600,34.38948700 -110.83338300,34.38913100 -110.83331300,34.38850700 -110.83331300,34.38795400 -110.83326500,34.38747000 -110.83294200,34.38667100 -110.83273200,34.38639600 -110.83273200,34.38639600 -110.83273200,34.38639600 -110.83273200,34.38639600 -110.83246800,34.38622300 -110.83147600,34.38590000 -110.83118700,34.38573000 -110.83086700,34.38526100 -110.83078600,34.38463100 -110.83066400,34.38439400 -110.83052900,34.38423000 -110.83031700,34.38405200 -110.82978400,34.38374500 -110.82903500,34.38355700 -110.82736000,34.38332900 -110.82638900,34.38303300 -110.82571700,34.38302600 -110.82571700,34.38302600 -110.82571700,34.38302600 -110.82571700,34.38302600 -110.82525400,34.38306600 -110.82500300,34.38312700 -110.82445900,34.38339800 -110.82430500,34.38351200 -110.82409700,34.38373900 -110.82399300,34.38393700 -110.82381900,34.38437500 -110.82375300,34.38472500 -110.82375300,34.38472500 -110.82375300,34.38472500 -110.82375300,34.38472500 -110.82398400,34.38537300 -110.82407900,34.38554300 -110.82442600,34.38575000 -110.82474600,34.38577500 -110.82507200,34.38564300 -110.82546200,34.38537700 -110.82566400,34.38518500 -110.82592900,34.38484500 -110.82614000,34.38474200 -110.82639400,34.38477800 -110.82655100,34.38485800 -110.82743100,34.38537500 -110.82760400,34.38555500 -110.82760400,34.38555500 -110.82760400,34.38555500 -110.82760400,34.38555500 -110.82770400,34.38582900 -110.82763500,34.38618500 -110.82741100,34.38656200 -110.82725100,34.38694800 -110.82700600,34.38789600 -110.82696100,34.38818200 -110.82682600,34.38842300 -110.82682600,34.38842300 -110.82682600,34.38842300 -110.82682600,34.38842300 -110.82665700,34.38855700 -110.82653700,34.38860700 -110.82627100,34.38856200 -110.82586300,34.38826900 -110.82563700,34.38814700 -110.82534700,34.38803300 -110.82502900,34.38796700 -110.82461400,34.38799900 -110.82322000,34.38835100 -110.82254000,34.38869500 -110.82235900,34.38883400 -110.82208300,34.38911500 -110.82179000,34.38953200 -110.82125200,34.39045200 -110.82106500,34.39105700 -110.82089200,34.39145200 -110.82055900,34.39185300 -110.82028600,34.39204700 -110.81999600,34.39216600 -110.81908200,34.39233900 -110.81607000,34.39242800 -110.81547900,34.39250300 -110.81505200,34.39263300 -110.81466200,34.39279300 -110.81326100,34.39354300 -110.81286100,34.39380600 -110.81279500,34.39383000 -110.81268900,34.39380000 -110.81268900,34.39380000 -110.81268900,34.39380000 -110.81268900,34.39380000 -110.81264400,34.39365500 -110.81264500,34.39183100 -110.81255000,34.38814700 -110.81249100,34.38405800 -110.81234800,34.38363200 -110.81115000,34.38126100 -110.81108800,34.38096700 -110.81106200,34.38061600 -110.81091900,34.37798200 -110.81072200,34.37528700 -110.81050200,34.37089400 -110.81052500,34.37054700 -110.81062300,34.37019900 -110.81098500,34.36919900 -110.81100600,34.36909700 -110.81097200,34.36889800 -110.81097200,34.36889800 -110.81097200,34.36889800 -110.81097200,34.36889800 -110.81086900,34.36870700 -110.81070600,34.36855600 -110.81050300,34.36845800 -110.81028600,34.36842300 -110.80977800,34.36843600 -110.80701800,34.36864800 -110.80671500,34.36878900 -110.80647500,34.36898100 -110.80532400,34.37075300 -110.80527300,34.37081500 -110.80516100,34.37087200 -110.80504900,34.37085500 -110.80496200,34.37077300 -110.80441100,34.36984800 -110.80431700,34.36962900 -110.80427700,34.36941600 -110.80427700,34.36941600 -110.80427700,34.36941600 -110.80427700,34.36941600 -110.80435900,34.36842600 -110.80445400,34.36799100 -110.80483800,34.36698000 -110.80503400,34.36655700 -110.80589200,34.36516100 -110.80606500,34.36482200 -110.80642000,34.36375200 -110.80657600,34.36298600 -110.80660500,34.36235900 -110.80643000,34.35980500 -110.80637500,34.35911600 -110.80616000,34.35769600 -110.80614300,34.35741400 -110.80622400,34.35606800 -110.80632500,34.35572400 -110.80650500,34.35544100 -110.80702000,34.35483600 -110.80740000,34.35454500 -110.80760200,34.35426000 -110.80790300,34.35367900 -110.80796700,34.35320800 -110.80788000,34.35187900 -110.80781200,34.35170100 -110.80735800,34.35092900 -110.80711200,34.35039500 -110.80711200,34.35039500 -110.80711200,34.35039500 -110.80711200,34.35039500 -110.80696100,34.35023900 -110.80647500,34.35002300 -110.80623600,34.34978600 -110.80586500,34.34923500 -110.80578700,34.34915900 -110.80559200,34.34907300 -110.80537300,34.34904200 -110.80489300,34.34904000 -110.80450800,34.34910100 -110.80409400,34.34911100 -110.80277700,34.34891400 -110.80205100,34.34885300 -110.80133500,34.34884100 -110.80045100,34.34897200 -110.79747900,34.34929000 -110.79693200,34.34918700 -110.79670900,34.34909700 -110.79594400,34.34863000 -110.79594400,34.34863000 -110.79594400,34.34863000 -110.79594400,34.34863000 -110.79544400,34.34825000 -110.79453000,34.34746800 -110.79393000,34.34681800 -110.79356800,34.34628000 -110.79299300,34.34506100 -110.79278000,34.34474300 -110.79229000,34.34417600 -110.79194700,34.34346200 -110.79183700,34.34327000 -110.79169100,34.34310900 -110.79141800,34.34289000 -110.79108800,34.34268700 -110.78937500,34.34195900 -110.78917000,34.34184700 -110.78891200,34.34165100 -110.78860500,34.34131700 -110.78780500,34.34067900 -110.78718500,34.33993600 -110.78649000,34.33875800 -110.78629700,34.33856000 -110.78574400,34.33815800 -110.78557800,34.33798200 -110.78523100,34.33747400 -110.78487300,34.33680300 -110.78425200,34.33594600 -110.78317400,34.33435500 -110.78303100,34.33400700 -110.78298900,34.33378400 -110.78300600,34.33356700 -110.78315800,34.33321300 -110.78321200,34.33292900 -110.78316300,34.33277600 -110.78310100,34.33269200 -110.78310100,34.33269200 -110.78310100,34.33269200 -110.78310100,34.33269200 -110.78278800,34.33250000 -110.78169300,34.33224000 -110.78102400,34.33195200 -110.77952300,34.33098300 -110.77893100,34.33066100 -110.77879400,34.33044300 -110.77876200,34.33022300 -110.77744000,34.33012100 -110.77744000,34.33012100 </coordinates>
</LineString>
</Placemark>
<Placemark>
<name>AZAT-06 Legacy Ranch</name>
<LookAt>
<longitude>-110.63142450</longitude>
<latitude>34.32077450</latitude>
<range>26999</range>
</LookAt>
<styleUrl>#Line_Forest_Service_Rd_level_2_or_higher_0dd5fc_04</styleUrl>
<ExtendedData>
<Data name="Type">
<value>Forest Service Rd level 2 or higher</value>
</Data>
<Data name="Name on GPS">
<value>AZAT06-Legacy Ranch</value>
</Data>
<Data name="Total Distance">
<value>24.5 mi</value>
</Data>
<Data name="Number of Trackpoints">
<value>1984</value>
</Data>
</ExtendedData>
<LineString>
<coordinates>-110.77667500,34.32983800 -110.77662000,34.32977500 -110.77652000,34.32974800 -110.77649300,34.32974100 -110.77644100,34.32973600 -110.77623800,34.32968100 -110.77611300,34.32963600 -110.77605500,34.32961500 -110.77586600,34.32956000 -110.77567800,34.32953900 -110.77553800,34.32953900 -110.77545000,34.32952100 -110.77537000,34.32951600 -110.77514000,34.32948000 -110.77469800,34.32935600 -110.77462600,34.32934600 -110.77402000,34.32925100 -110.77395900,34.32923600 -110.77365400,34.32917600 -110.77354800,34.32913600 -110.77344000,34.32911500 -110.77339300,34.32909800 -110.77305000,34.32893000 -110.77287000,34.32881500 -110.77280800,34.32877600 -110.77252800,34.32852100 -110.77228800,34.32824100 -110.77223300,34.32818500 -110.77218300,34.32812500 -110.77208000,34.32796500 -110.77190000,34.32772900 -110.77185600,34.32767800 -110.77169500,34.32752300 -110.77153500,34.32739100 -110.77141300,34.32724800 -110.77137600,34.32719400 -110.77125000,34.32704500 -110.77109000,34.32691100 -110.77090600,34.32678300 -110.77085800,34.32674300 -110.77065800,34.32659000 -110.77037300,34.32640300 -110.77032300,34.32637500 -110.77011400,34.32628100 -110.77003500,34.32626600 -110.76998000,34.32627300 -110.76995000,34.32627500 -110.76988600,34.32626800 -110.76982000,34.32623600 -110.76975300,34.32615100 -110.76970300,34.32610500 -110.76968000,34.32607800 -110.76965300,34.32605300 -110.76960600,34.32602900 -110.76913500,34.32583100 -110.76905300,34.32580100 -110.76892000,34.32573800 -110.76877100,34.32568500 -110.76861000,34.32564100 -110.76835800,34.32559000 -110.76829000,34.32557100 -110.76816000,34.32554800 -110.76797000,34.32549500 -110.76783100,34.32547500 -110.76770800,34.32547000 -110.76765100,34.32547500 -110.76743600,34.32552000 -110.76736100,34.32552100 -110.76726000,34.32549800 -110.76722300,34.32549100 -110.76700800,34.32548600 -110.76682800,34.32543600 -110.76678300,34.32542300 -110.76658600,34.32533600 -110.76647100,34.32524600 -110.76637500,34.32520600 -110.76631600,34.32518300 -110.76625800,34.32515800 -110.76610100,34.32512000 -110.76587900,34.32504600 -110.76583500,34.32503300 -110.76557400,34.32492600 -110.76543300,34.32484300 -110.76538500,34.32481600 -110.76504600,34.32457400 -110.76500000,34.32454000 -110.76480500,34.32438500 -110.76470300,34.32431600 -110.76458000,34.32419500 -110.76454600,34.32415600 -110.76423600,34.32391600 -110.76421300,34.32388800 -110.76402800,34.32376800 -110.76386800,34.32363600 -110.76381500,34.32360500 -110.76326400,34.32330100 -110.76322000,34.32326800 -110.76302000,34.32313800 -110.76272100,34.32298500 -110.76266000,34.32295500 -110.76234600,34.32281500 -110.76208300,34.32271300 -110.76201800,34.32269600 -110.76180800,34.32262500 -110.76174500,34.32261300 -110.76145100,34.32250100 -110.76138800,34.32248500 -110.76114800,34.32244500 -110.76093800,34.32239000 -110.76088600,34.32236800 -110.76083100,34.32235800 -110.76040100,34.32230500 -110.76017600,34.32229100 -110.76010100,34.32229300 -110.75976300,34.32229300 -110.75963500,34.32227600 -110.75948800,34.32228100 -110.75942500,34.32228000 -110.75897300,34.32229600 -110.75884600,34.32228600 -110.75878600,34.32228600 -110.75864800,34.32227500 -110.75816800,34.32228100 -110.75809400,34.32228300 -110.75794300,34.32227800 -110.75756100,34.32228900 -110.75740300,34.32227600 -110.75733100,34.32226500 -110.75720300,34.32224300 -110.75677600,34.32226000 -110.75672000,34.32226500 -110.75660100,34.32227500 -110.75631300,34.32226800 -110.75621000,34.32227800 -110.75616000,34.32228100 -110.75588600,34.32229300 -110.75575500,34.32228600 -110.75571300,34.32228600 -110.75541500,34.32228300 -110.75532300,34.32227300 -110.75528000,34.32227500 -110.75483000,34.32226100 -110.75478600,34.32226300 -110.75438300,34.32226100 -110.75432300,34.32226100 -110.75399600,34.32226300 -110.75377500,34.32227600 -110.75372500,34.32227100 -110.75319400,34.32223100 -110.75314800,34.32223100 -110.75300100,34.32223800 -110.75285000,34.32226500 -110.75268400,34.32226600 -110.75263300,34.32226600 -110.75210800,34.32226500 -110.75205100,34.32227300 -110.75180800,34.32233400 -110.75161100,34.32235500 -110.75155800,34.32236300 -110.75134800,34.32237800 -110.75107100,34.32242100 -110.75101600,34.32243500 -110.75083800,34.32247300 -110.75071100,34.32248800 -110.75069000,34.32248500 -110.75067100,34.32248100 -110.75063600,34.32244600 -110.75054600,34.32222000 -110.75053300,34.32218000 -110.75036900,34.32166100 -110.75035500,34.32160000 -110.75026600,34.32130300 -110.75023100,34.32111500 -110.75022400,34.32106500 -110.75023500,34.32093100 -110.75037800,34.32060000 -110.75040400,34.32053300 -110.75071000,34.31985300 -110.75075000,34.31977300 -110.75090100,34.31945800 -110.75105800,34.31909600 -110.75108900,34.31903100 -110.75136800,34.31841000 -110.75140300,34.31833100 -110.75173800,34.31760000 -110.75177500,34.31751800 -110.75211600,34.31676800 -110.75215800,34.31668800 -110.75236300,34.31627600 -110.75250600,34.31594300 -110.75254100,34.31585500 -110.75287600,34.31508500 -110.75290800,34.31500300 -110.75307500,34.31461600 -110.75322900,34.31430000 -110.75326100,34.31421500 -110.75358300,34.31348000 -110.75361800,34.31339300 -110.75379900,34.31296500 -110.75386100,34.31278600 -110.75390800,34.31260800 -110.75393500,34.31252000 -110.75403800,34.31219400 -110.75410300,34.31189300 -110.75412900,34.31181800 -110.75415600,34.31174100 -110.75420600,34.31158800 -110.75435900,34.31102100 -110.75438500,34.31093600 -110.75447000,34.31068600 -110.75462100,34.31012500 -110.75464500,34.31002800 -110.75483000,34.30935000 -110.75487300,34.30915500 -110.75489800,34.30905800 -110.75498500,34.30877500 -110.75500600,34.30867300 -110.75510000,34.30839500 -110.75513800,34.30822600 -110.75516500,34.30813800 -110.75523300,34.30788500 -110.75526500,34.30771500 -110.75525800,34.30756300 -110.75521100,34.30741000 -110.75518300,34.30734100 -110.75514500,34.30727100 -110.75506600,34.30716300 -110.75497100,34.30705300 -110.75486600,34.30696000 -110.75473800,34.30688300 -110.75466600,34.30684100 -110.75434300,34.30667300 -110.75399300,34.30644100 -110.75389500,34.30638600 -110.75379800,34.30633100 -110.75371600,34.30627000 -110.75297000,34.30583100 -110.75288600,34.30578500 -110.75262300,34.30565000 -110.75211800,34.30535000 -110.75203300,34.30529800 -110.75177100,34.30514800 -110.75169000,34.30509000 -110.75125800,34.30483100 -110.75117000,34.30478100 -110.75073400,34.30452800 -110.75054500,34.30443500 -110.75035100,34.30435800 -110.75025300,34.30433000 -110.75004300,34.30428300 -110.74928000,34.30417900 -110.74915800,34.30416100 -110.74808400,34.30402800 -110.74796500,34.30401300 -110.74730100,34.30392100 -110.74701600,34.30389100 -110.74692600,34.30388300 -110.74665600,34.30386100 -110.74647600,34.30388100 -110.74638300,34.30390900 -110.74630100,34.30395000 -110.74613600,34.30406000 -110.74607300,34.30411300 -110.74566300,34.30453100 -110.74552900,34.30465300 -110.74546600,34.30472600 -110.74505300,34.30515600 -110.74485500,34.30540000 -110.74478500,34.30547900 -110.74429600,34.30605300 -110.74414800,34.30621400 -110.74407500,34.30630000 -110.74392500,34.30646100 -110.74383800,34.30652800 -110.74373800,34.30658500 -110.74352800,34.30666800 -110.74321400,34.30677100 -110.74311800,34.30680100 -110.74267300,34.30695500 -110.74228900,34.30705300 -110.74219500,34.30708500 -110.74172100,34.30722100 -110.74134800,34.30736300 -110.74125100,34.30740100 -110.74063600,34.30767800 -110.74032600,34.30783500 -110.74022600,34.30788500 -110.73972100,34.30814600 -110.73931100,34.30833800 -110.73921000,34.30838600 -110.73870300,34.30861800 -110.73850600,34.30872300 -110.73828800,34.30881400 -110.73818600,34.30885900 -110.73797100,34.30893100 -110.73775400,34.30898300 -110.73753500,34.30901300 -110.73717800,34.30902600 -110.73706300,34.30903500 -110.73672500,34.30907000 -110.73651500,34.30912100 -110.73630600,34.30920500 -110.73611600,34.30932100 -110.73603300,34.30939000 -110.73595600,34.30945600 -110.73574000,34.30968800 -110.73558800,34.30983500 -110.73537800,34.31007000 -110.73531900,34.31014300 -110.73512000,34.31047500 -110.73506300,34.31055300 -110.73499500,34.31063300 -110.73484800,34.31076800 -110.73476300,34.31081500 -110.73466500,34.31085800 -110.73397300,34.31113800 -110.73376000,34.31120300 -110.73365800,34.31121800 -110.73355100,34.31122000 -110.73334300,34.31119800 -110.73315100,34.31115100 -110.73298300,34.31109100 -110.73280800,34.31104600 -110.73272500,34.31102000 -110.73188800,34.31076600 -110.73179600,34.31074000 -110.73154000,34.31065300 -110.73138100,34.31062400 -110.73121600,34.31063300 -110.73103100,34.31066900 -110.73093500,34.31069000 -110.73074300,34.31073300 -110.73044900,34.31083600 -110.73026100,34.31092000 -110.73016800,34.31097000 -110.73008400,34.31102900 -110.73000800,34.31110300 -110.72986000,34.31125800 -110.72963100,34.31146500 -110.72928100,34.31171800 -110.72918900,34.31177600 -110.72861400,34.31211500 -110.72853500,34.31217100 -110.72839500,34.31230500 -110.72832100,34.31238000 -110.72816800,34.31253300 -110.72796300,34.31276500 -110.72774600,34.31313500 -110.72769500,34.31323000 -110.72758600,34.31341100 -110.72754300,34.31350500 -110.72740600,34.31388600 -110.72731900,34.31408300 -110.72727300,34.31417600 -110.72715500,34.31436100 -110.72702100,34.31454400 -110.72680900,34.31480800 -110.72667600,34.31499800 -110.72661300,34.31508800 -110.72651800,34.31529600 -110.72633800,34.31580800 -110.72630000,34.31589600 -110.72625100,34.31597100 -110.72619000,34.31603600 -110.72605600,34.31615000 -110.72590600,34.31624300 -110.72572100,34.31631100 -110.72537800,34.31640600 -110.72526500,34.31643900 -110.72503800,34.31649300 -110.72468100,34.31654800 -110.72445300,34.31656100 -110.72422300,34.31655600 -110.72410500,34.31655300 -110.72310600,34.31651100 -110.72297800,34.31649500 -110.72284900,34.31647600 -110.72211500,34.31637000 -110.72199500,34.31636800 -110.72175500,34.31638600 -110.72163100,34.31640000 -110.72140800,34.31644600 -110.72118000,34.31651000 -110.72094100,34.31659100 -110.72060100,34.31672500 -110.72049600,34.31677800 -110.72038300,34.31682900 -110.71997600,34.31706100 -110.71988500,34.31712800 -110.71962000,34.31735300 -110.71953000,34.31742800 -110.71944100,34.31750100 -110.71918800,34.31775100 -110.71895300,34.31802000 -110.71883100,34.31819400 -110.71876600,34.31828600 -110.71836100,34.31906000 -110.71830600,34.31915000 -110.71824900,34.31924600 -110.71799100,34.31961800 -110.71776900,34.31988300 -110.71763000,34.32006800 -110.71756100,34.32016400 -110.71736600,34.32043400 -110.71713900,34.32069500 -110.71697100,34.32083600 -110.71687600,34.32090000 -110.71677300,34.32095600 -110.71644800,34.32111100 -110.71621300,34.32118600 -110.71597500,34.32123900 -110.71572300,34.32127500 -110.71558800,34.32129500 -110.71506000,34.32136300 -110.71438100,34.32148600 -110.71424100,34.32150800 -110.71297300,34.32172300 -110.71283600,34.32174800 -110.71259100,34.32180000 -110.71234100,34.32187100 -110.71197600,34.32200300 -110.71174100,34.32211100 -110.71162100,34.32216800 -110.71055600,34.32267600 -110.71043800,34.32273600 -110.71019600,34.32284000 -110.70981600,34.32297600 -110.70968900,34.32300600 -110.70956400,34.32302100 -110.70932100,34.32302100 -110.70919600,34.32301500 -110.70870600,34.32296500 -110.70838800,34.32294100 -110.70818400,34.32293800 -110.70807800,34.32293300 -110.70708600,34.32287600 -110.70697600,34.32288300 -110.70679100,34.32289800 -110.70670900,34.32291400 -110.70656300,34.32295800 -110.70634500,34.32305500 -110.70628300,34.32307600 -110.70616500,34.32309100 -110.70604900,34.32311800 -110.70574300,34.32314500 -110.70570600,34.32315000 -110.70564300,34.32316000 -110.70553800,34.32314300 -110.70546500,34.32314800 -110.70542100,34.32315000 -110.70516800,34.32315800 -110.70496900,34.32315000 -110.70494300,34.32314600 -110.70472300,34.32311100 -110.70470800,34.32311000 -110.70468100,34.32311100 -110.70464100,34.32311500 -110.70460100,34.32302000 -110.70444100,34.32286100 -110.70431100,34.32267800 -110.70428800,34.32260800 -110.70425800,34.32246600 -110.70424900,34.32232800 -110.70426800,34.32207100 -110.70428600,34.32200100 -110.70430800,34.32194000 -110.70444600,34.32152100 -110.70456300,34.32131000 -110.70460600,34.32124300 -110.70483600,34.32089000 -110.70499500,34.32059300 -110.70504100,34.32053100 -110.70513500,34.32041500 -110.70540000,34.32001300 -110.70542800,34.31994800 -110.70545100,34.31982000 -110.70544800,34.31974500 -110.70542300,34.31960000 -110.70533500,34.31938300 -110.70529100,34.31931400 -110.70526300,34.31924500 -110.70524300,34.31903100 -110.70534800,34.31859600 -110.70535300,34.31852800 -110.70539800,34.31831600 -110.70541400,34.31809000 -110.70541800,34.31786800 -110.70541800,34.31779500 -110.70543500,34.31729300 -110.70541800,34.31704800 -110.70540300,34.31696800 -110.70535100,34.31679800 -110.70527500,34.31659300 -110.70528600,34.31647300 -110.70531600,34.31642100 -110.70535800,34.31638800 -110.70542300,34.31637100 -110.70564000,34.31632500 -110.70571000,34.31630100 -110.70576800,34.31626100 -110.70581600,34.31620800 -110.70585500,34.31614500 -110.70590500,34.31599800 -110.70592500,34.31592600 -110.70597300,34.31561900 -110.70598100,34.31522800 -110.70598600,34.31515000 -110.70599500,34.31481100 -110.70598300,34.31454800 -110.70595400,34.31437500 -110.70594100,34.31428800 -110.70586800,34.31393100 -110.70584100,34.31368900 -110.70583500,34.31353800 -110.70583000,34.31346100 -110.70580300,34.31325000 -110.70575300,34.31313100 -110.70571600,34.31308500 -110.70566500,34.31304500 -110.70559800,34.31301300 -110.70551800,34.31299300 -110.70543800,34.31297500 -110.70526000,34.31294600 -110.70509500,34.31288500 -110.70501800,34.31284000 -110.70490600,34.31274500 -110.70482600,34.31264300 -110.70479600,34.31259600 -110.70476600,34.31255100 -110.70467600,34.31247800 -110.70461600,34.31246100 -110.70454500,34.31246000 -110.70448000,34.31247800 -110.70442000,34.31252000 -110.70437600,34.31257000 -110.70435800,34.31262600 -110.70435300,34.31269500 -110.70435000,34.31276600 -110.70431500,34.31297600 -110.70424600,34.31326800 -110.70421900,34.31334000 -110.70420000,34.31340100 -110.70413600,34.31351500 -110.70401100,34.31367800 -110.70393600,34.31379600 -110.70388400,34.31392600 -110.70386600,34.31400000 -110.70384000,34.31433500 -110.70391100,34.31472100 -110.70390600,34.31479100 -110.70390100,34.31485600 -110.70387300,34.31493300 -110.70382300,34.31500600 -110.70376800,34.31505800 -110.70355900,34.31521000 -110.70340900,34.31533500 -110.70333800,34.31540000 -110.70289100,34.31578500 -110.70266300,34.31596500 -110.70258000,34.31602100 -110.70240500,34.31614300 -110.70208000,34.31641100 -110.70200300,34.31648600 -110.70187000,34.31664900 -110.70181100,34.31673600 -110.70154600,34.31708000 -110.70124100,34.31751900 -110.70117300,34.31760100 -110.70086600,34.31793500 -110.70071100,34.31812500 -110.70055100,34.31829300 -110.70045900,34.31837300 -110.70037800,34.31845600 -110.69982800,34.31905100 -110.69966600,34.31921500 -110.69958300,34.31929300 -110.69916500,34.31969000 -110.69908300,34.31977800 -110.69888100,34.32003600 -110.69881800,34.32012800 -110.69834900,34.32065100 -110.69826600,34.32072800 -110.69816800,34.32080100 -110.69805300,34.32087100 -110.69794800,34.32093800 -110.69743600,34.32126600 -110.69709900,34.32143600 -110.69697800,34.32148500 -110.69686300,34.32151600 -110.69654500,34.32157800 -110.69621000,34.32161800 -110.69599000,34.32162800 -110.69588500,34.32161600 -110.69578100,34.32159500 -110.69537800,34.32147600 -110.69507300,34.32141300 -110.69485800,34.32138600 -110.69475100,34.32138100 -110.69453900,34.32137600 -110.69407500,34.32141000 -110.69396000,34.32142300 -110.69374800,34.32147300 -110.69364500,34.32150100 -110.69345800,34.32158000 -110.69308500,34.32175600 -110.69280600,34.32190600 -110.69271100,34.32196100 -110.69213500,34.32231000 -110.69195500,34.32243100 -110.69187300,34.32249800 -110.69179000,34.32256600 -110.69137600,34.32290500 -110.69119600,34.32302600 -110.69101000,34.32313100 -110.69091600,34.32317300 -110.69063000,34.32328600 -110.69033800,34.32338000 -110.69003100,34.32343600 -110.68993100,34.32344600 -110.68983100,34.32345000 -110.68932100,34.32340300 -110.68900600,34.32338600 -110.68889800,34.32338100 -110.68878600,34.32337000 -110.68845300,34.32331000 -110.68794000,34.32317500 -110.68784100,34.32315100 -110.68764500,34.32309800 -110.68737500,34.32300000 -110.68700800,34.32291300 -110.68690900,34.32288800 -110.68648000,34.32280300 -110.68627900,34.32277300 -110.68599500,34.32271100 -110.68590500,34.32269300 -110.68561000,34.32264000 -110.68499300,34.32260100 -110.68489300,34.32259800 -110.68467100,34.32261800 -110.68447300,34.32268300 -110.68431800,34.32276800 -110.68415500,34.32289100 -110.68411100,34.32292000 -110.68397500,34.32300100 -110.68381100,34.32306300 -110.68375600,34.32308600 -110.68345000,34.32323500 -110.68321100,34.32333600 -110.68314600,34.32336800 -110.68303100,34.32342600 -110.68289500,34.32347300 -110.68270600,34.32358000 -110.68255800,34.32364800 -110.68248900,34.32368300 -110.68173000,34.32400100 -110.68162800,34.32403600 -110.68105300,34.32421600 -110.68078300,34.32431500 -110.68069300,34.32435600 -110.68043000,34.32451500 -110.67990400,34.32487100 -110.67982100,34.32493100 -110.67956300,34.32511500 -110.67930100,34.32532500 -110.67904100,34.32550800 -110.67895600,34.32556300 -110.67851800,34.32585500 -110.67825900,34.32606100 -110.67817800,34.32614300 -110.67809500,34.32622100 -110.67782600,34.32644000 -110.67753800,34.32664500 -110.67730600,34.32686500 -110.67722800,34.32693600 -110.67716100,34.32701100 -110.67700100,34.32725000 -110.67694300,34.32743800 -110.67689900,34.32772100 -110.67688000,34.32781500 -110.67685800,34.32790900 -110.67679100,34.32809500 -110.67669400,34.32828300 -110.67658500,34.32846300 -110.67650800,34.32863800 -110.67646300,34.32873100 -110.67628600,34.32907300 -110.67614400,34.32931300 -110.67606400,34.32948800 -110.67603000,34.32957300 -110.67589100,34.32983300 -110.67557600,34.33036800 -110.67552100,34.33045300 -110.67540000,34.33060500 -110.67525400,34.33074300 -110.67481100,34.33104600 -110.67471500,34.33111600 -110.67453800,34.33125800 -110.67435300,34.33136800 -110.67394300,34.33157600 -110.67383100,34.33161500 -110.67371400,34.33165100 -110.67327600,34.33174800 -110.67296100,34.33179800 -110.67276300,34.33185300 -110.67266500,34.33188600 -110.67247000,34.33196100 -110.67237100,34.33202100 -110.67227000,34.33208800 -110.67181500,34.33243300 -110.67172300,34.33250500 -110.67147500,34.33274100 -110.67132600,34.33289600 -110.67125300,34.33298500 -110.67119000,34.33307600 -110.67114100,34.33317000 -110.67107100,34.33326100 -110.67100500,34.33335600 -110.67093500,34.33345600 -110.67077100,34.33363600 -110.67067900,34.33371600 -110.67060100,34.33380100 -110.67051600,34.33387500 -110.67024100,34.33405100 -110.67013800,34.33410300 -110.66991800,34.33420300 -110.66969100,34.33428100 -110.66934500,34.33435600 -110.66911000,34.33438100 -110.66899500,34.33438000 -110.66888100,34.33437000 -110.66876600,34.33434600 -110.66821800,34.33419600 -110.66799000,34.33416100 -110.66786300,34.33416000 -110.66774500,34.33415600 -110.66735600,34.33418000 -110.66698100,34.33423000 -110.66672800,34.33427800 -110.66660600,34.33430300 -110.66545500,34.33450300 -110.66531800,34.33453000 -110.66490900,34.33458800 -110.66414800,34.33463100 -110.66402500,34.33464300 -110.66378300,34.33466800 -110.66367000,34.33469000 -110.66331500,34.33478000 -110.66320300,34.33482600 -110.66299600,34.33495800 -110.66290100,34.33502900 -110.66272800,34.33517600 -110.66223600,34.33575600 -110.66217300,34.33584100 -110.66182500,34.33627600 -110.66167100,34.33644800 -110.66149600,34.33661600 -110.66140300,34.33670500 -110.66121500,34.33687300 -110.66082400,34.33714000 -110.66055900,34.33733800 -110.66048100,34.33738800 -110.66026800,34.33751500 -110.66009300,34.33759000 -110.65982000,34.33767000 -110.65972100,34.33768000 -110.65962900,34.33768600 -110.65952800,34.33768800 -110.65925600,34.33766100 -110.65903800,34.33759600 -110.65891500,34.33754600 -110.65885500,34.33752800 -110.65853600,34.33742800 -110.65841500,34.33737800 -110.65830100,34.33731100 -110.65824800,34.33727800 -110.65811000,34.33715600 -110.65799100,34.33700800 -110.65784800,34.33686800 -110.65779600,34.33682100 -110.65751000,34.33656000 -110.65728100,34.33629800 -110.65722300,34.33624000 -110.65716100,34.33618300 -110.65706500,34.33605600 -110.65676100,34.33570800 -110.65670500,34.33564500 -110.65644600,34.33536000 -110.65630600,34.33518300 -110.65626800,34.33512100 -110.65623600,34.33506000 -110.65616300,34.33492500 -110.65609000,34.33472800 -110.65607800,34.33459800 -110.65608100,34.33452800 -110.65609600,34.33446500 -110.65611600,34.33439600 -110.65619000,34.33423800 -110.65642000,34.33402800 -110.65645600,34.33398600 -110.65656600,34.33383800 -110.65668100,34.33372100 -110.65678000,34.33359100 -110.65681800,34.33354300 -110.65713800,34.33310600 -110.65716300,34.33306000 -110.65727300,34.33284100 -110.65737100,34.33254100 -110.65739100,34.33247800 -110.65748600,34.33214800 -110.65751500,34.33195000 -110.65750800,34.33187800 -110.65750300,34.33180500 -110.65749300,34.33172600 -110.65744000,34.33150800 -110.65737300,34.33129100 -110.65734100,34.33114500 -110.65732100,34.33107300 -110.65729800,34.33099100 -110.65726300,34.33091800 -110.65716600,34.33078500 -110.65701400,34.33067600 -110.65673300,34.33056800 -110.65662400,34.33055000 -110.65652300,34.33053800 -110.65631000,34.33054600 -110.65599800,34.33058300 -110.65571100,34.33060300 -110.65561600,34.33062600 -110.65541400,34.33068300 -110.65526100,34.33076500 -110.65519000,34.33082300 -110.65501800,34.33108300 -110.65497100,34.33113500 -110.65484000,34.33123300 -110.65476600,34.33127100 -110.65461600,34.33131100 -110.65453500,34.33132100 -110.65444800,34.33131500 -110.65426300,34.33128000 -110.65417300,34.33125800 -110.65400000,34.33120600 -110.65329500,34.33095800 -110.65317100,34.33092300 -110.65221300,34.33061900 -110.65211800,34.33058600 -110.65127400,34.33032100 -110.65117500,34.33028800 -110.65019800,34.32997500 -110.65009000,34.32993300 -110.64987100,34.32983000 -110.64967000,34.32971000 -110.64949400,34.32956600 -110.64924600,34.32932800 -110.64916900,34.32924300 -110.64903300,34.32907300 -110.64892000,34.32888800 -110.64885300,34.32871500 -110.64880800,34.32845600 -110.64881500,34.32836800 -110.64883000,34.32799500 -110.64880600,34.32769800 -110.64877900,34.32750600 -110.64875600,34.32741300 -110.64872500,34.32731800 -110.64862900,34.32712600 -110.64852100,34.32695300 -110.64830600,34.32665000 -110.64825800,34.32659100 -110.64800100,34.32620900 -110.64798500,34.32618600 -110.64781500,34.32598600 -110.64759000,34.32576500 -110.64753600,34.32570100 -110.64738600,34.32551000 -110.64729300,34.32536300 -110.64720600,34.32520100 -110.64713800,34.32503000 -110.64711800,34.32494100 -110.64708000,34.32476500 -110.64706000,34.32450500 -110.64703400,34.32442300 -110.64698800,34.32415300 -110.64696600,34.32406500 -110.64681500,34.32345000 -110.64674100,34.32327400 -110.64670400,34.32319100 -110.64653600,34.32285100 -110.64630600,34.32243600 -110.64627000,34.32234600 -110.64615300,34.32210300 -110.64591900,34.32168300 -110.64588500,34.32159800 -110.64585800,34.32151000 -110.64583400,34.32142500 -110.64575600,34.32100300 -110.64571600,34.32074000 -110.64570000,34.32065000 -110.64567000,34.32018300 -110.64569500,34.31989300 -110.64571600,34.31979100 -110.64573600,34.31969600 -110.64575800,34.31950000 -110.64589300,34.31909300 -110.64594100,34.31899100 -110.64595800,34.31896500 -110.64602100,34.31884300 -110.64608000,34.31863500 -110.64610800,34.31856500 -110.64614000,34.31849600 -110.64629500,34.31813800 -110.64634600,34.31797100 -110.64637600,34.31780500 -110.64639000,34.31772500 -110.64644800,34.31740000 -110.64650500,34.31697900 -110.64651500,34.31689600 -110.64652400,34.31672100 -110.64649300,34.31646300 -110.64644000,34.31629000 -110.64635800,34.31612000 -110.64631400,34.31604100 -110.64607400,34.31563800 -110.64584100,34.31531100 -110.64577100,34.31523500 -110.64534400,34.31476300 -110.64514400,34.31452800 -110.64508600,34.31445000 -110.64502300,34.31437000 -110.64495100,34.31430000 -110.64486500,34.31423800 -110.64477600,34.31417800 -110.64447500,34.31402600 -110.64429900,34.31390800 -110.64420500,34.31384800 -110.64347600,34.31317100 -110.64338600,34.31309600 -110.64321100,34.31294100 -110.64314000,34.31286500 -110.64308800,34.31278500 -110.64299000,34.31260800 -110.64293300,34.31243600 -110.64291100,34.31233600 -110.64289100,34.31224300 -110.64287600,34.31197600 -110.64289300,34.31189300 -110.64304100,34.31149500 -110.64306000,34.31141300 -110.64307800,34.31133300 -110.64319100,34.31101100 -110.64338500,34.31072100 -110.64344000,34.31065300 -110.64379800,34.31033100 -110.64396100,34.31020800 -110.64409400,34.31008600 -110.64414100,34.31002500 -110.64417300,34.30997100 -110.64418300,34.30990800 -110.64417400,34.30982600 -110.64416000,34.30973500 -110.64402100,34.30923600 -110.64400100,34.30914000 -110.64398100,34.30897000 -110.64399300,34.30879100 -110.64402100,34.30861000 -110.64408100,34.30835100 -110.64410500,34.30826600 -110.64422100,34.30754500 -110.64422800,34.30748000 -110.64429600,34.30695800 -110.64430300,34.30691300 -110.64430400,34.30687500 -110.64428800,34.30681600 -110.64421100,34.30669800 -110.64419500,34.30668800 -110.64394400,34.30644300 -110.64391800,34.30641300 -110.64374500,34.30623000 -110.64373600,34.30621300 -110.64365600,34.30615300 -110.64351000,34.30608800 -110.64348800,34.30607600 -110.64339800,34.30601300 -110.64326600,34.30595500 -110.64324100,34.30594100 -110.64301300,34.30584500 -110.64299000,34.30583500 -110.64286800,34.30580000 -110.64275000,34.30582000 -110.64271300,34.30582300 -110.64261400,34.30584800 -110.64243100,34.30586100 -110.64239500,34.30586300 -110.64218000,34.30587300 -110.64210800,34.30586300 -110.64207600,34.30585800 -110.64186900,34.30581100 -110.64185500,34.30580900 -110.64173000,34.30576800 -110.64160500,34.30580800 -110.64154800,34.30582600 -110.64144100,34.30588800 -110.64139600,34.30592600 -110.64132100,34.30604800 -110.64128600,34.30616800 -110.64127100,34.30621000 -110.64125600,34.30625300 -110.64122800,34.30629300 -110.64111800,34.30638000 -110.64091800,34.30643300 -110.64087300,34.30645500 -110.64072000,34.30654800 -110.64058500,34.30659600 -110.64046500,34.30661800 -110.64035100,34.30661500 -110.64028600,34.30660600 -110.64022600,34.30661100 -110.64017500,34.30663000 -110.64008500,34.30668100 -110.63990500,34.30688900 -110.63988100,34.30693000 -110.63984800,34.30697000 -110.63977300,34.30714600 -110.63974500,34.30738800 -110.63973800,34.30755300 -110.63973000,34.30762600 -110.63966500,34.30777000 -110.63952100,34.30802100 -110.63947000,34.30815600 -110.63945300,34.30822600 -110.63944600,34.30830500 -110.63945500,34.30845100 -110.63945300,34.30894300 -110.63945800,34.30900600 -110.63948600,34.30929000 -110.63948500,34.30941300 -110.63947500,34.30947500 -110.63940300,34.30959000 -110.63935000,34.30963800 -110.63929300,34.30968300 -110.63923000,34.30971600 -110.63888000,34.30984500 -110.63874100,34.30985000 -110.63866500,34.30983500 -110.63836500,34.30975000 -110.63823000,34.30973500 -110.63808600,34.30974000 -110.63801600,34.30973100 -110.63793800,34.30972000 -110.63776300,34.30970300 -110.63767000,34.30970600 -110.63729600,34.30977300 -110.63711300,34.30979600 -110.63702100,34.30980300 -110.63685500,34.30981500 -110.63678100,34.30984000 -110.63663000,34.30992500 -110.63634800,34.31011600 -110.63627500,34.31016500 -110.63613800,34.31026300 -110.63595300,34.31042100 -110.63576800,34.31067100 -110.63572100,34.31073500 -110.63557900,34.31093300 -110.63528000,34.31127300 -110.63522300,34.31131600 -110.63507300,34.31144600 -110.63494900,34.31160100 -110.63479100,34.31177600 -110.63473300,34.31183000 -110.63467500,34.31188100 -110.63440100,34.31207100 -110.63412000,34.31221600 -110.63404900,34.31224800 -110.63384800,34.31231600 -110.63368600,34.31235600 -110.63350800,34.31239100 -110.63332300,34.31240500 -110.63322300,34.31241300 -110.63302900,34.31241600 -110.63279300,34.31240500 -110.63264400,34.31243100 -110.63250300,34.31247500 -110.63243100,34.31251100 -110.63232500,34.31258600 -110.63228800,34.31263100 -110.63204100,34.31299100 -110.63200100,34.31304800 -110.63187500,34.31323300 -110.63182300,34.31329300 -110.63154300,34.31357300 -110.63148500,34.31362300 -110.63135400,34.31372300 -110.63129600,34.31377900 -110.63102100,34.31396300 -110.63088600,34.31400000 -110.63082600,34.31401600 -110.63076300,34.31402600 -110.63044500,34.31417500 -110.63021800,34.31426100 -110.63015800,34.31428600 -110.63002600,34.31431600 -110.62973500,34.31434100 -110.62955100,34.31437000 -110.62950500,34.31436400 -110.62939000,34.31434800 -110.62919500,34.31435000 -110.62906300,34.31436800 -110.62893100,34.31440500 -110.62886800,34.31442500 -110.62880500,34.31444600 -110.62850600,34.31449500 -110.62820100,34.31457600 -110.62813100,34.31460600 -110.62800600,34.31465300 -110.62780800,34.31469600 -110.62758600,34.31469300 -110.62753100,34.31468300 -110.62741800,34.31465800 -110.62728300,34.31464600 -110.62713500,34.31464100 -110.62691600,34.31465000 -110.62685000,34.31464800 -110.62674300,34.31464300 -110.62646300,34.31456600 -110.62643500,34.31455300 -110.62623100,34.31451600 -110.62594800,34.31449800 -110.62588000,34.31449800 -110.62581000,34.31450500 -110.62561400,34.31455600 -110.62538500,34.31466500 -110.62532000,34.31468100 -110.62526000,34.31468800 -110.62467800,34.31470100 -110.62460000,34.31470300 -110.62434800,34.31469000 -110.62408500,34.31464300 -110.62380600,34.31460600 -110.62371300,34.31460300 -110.62345100,34.31460800 -110.62328500,34.31463800 -110.62313100,34.31465300 -110.62296100,34.31464000 -110.62287600,34.31464300 -110.62271100,34.31465600 -110.62250000,34.31470800 -110.62224900,34.31474300 -110.62219300,34.31474800 -110.62186500,34.31476800 -110.62169100,34.31475800 -110.62162600,34.31475000 -110.62127300,34.31470600 -110.62112800,34.31467000 -110.62108600,34.31465800 -110.62094400,34.31464100 -110.62064600,34.31464300 -110.62060300,34.31464500 -110.62048100,34.31466800 -110.62040400,34.31470000 -110.62031800,34.31475600 -110.62024000,34.31483100 -110.62019500,34.31487300 -110.61972600,34.31529100 -110.61966100,34.31533300 -110.61959900,34.31536500 -110.61946300,34.31539400 -110.61932800,34.31540100 -110.61913300,34.31538500 -110.61907000,34.31537000 -110.61900600,34.31534800 -110.61881800,34.31527600 -110.61860100,34.31522300 -110.61852800,34.31521100 -110.61835600,34.31520500 -110.61827100,34.31520300 -110.61756800,34.31516900 -110.61747600,34.31517800 -110.61739100,34.31518600 -110.61707000,34.31520300 -110.61691300,34.31523000 -110.61670100,34.31528600 -110.61664000,34.31531300 -110.61653400,34.31539600 -110.61644300,34.31551100 -110.61630300,34.31565500 -110.61620300,34.31573300 -110.61614900,34.31575600 -110.61595300,34.31582300 -110.61585800,34.31586800 -110.61576300,34.31593800 -110.61572300,34.31597900 -110.61568000,34.31601800 -110.61564100,34.31606300 -110.61558800,34.31616300 -110.61556800,34.31621300 -110.61553600,34.31637000 -110.61549100,34.31646000 -110.61545600,34.31649500 -110.61510800,34.31673000 -110.61497000,34.31681600 -110.61489600,34.31685000 -110.61482100,34.31687800 -110.61474600,34.31691000 -110.61468600,34.31694800 -110.61464600,34.31699500 -110.61461400,34.31705800 -110.61457000,34.31719100 -110.61453800,34.31724600 -110.61448600,34.31730100 -110.61442100,34.31735000 -110.61435800,34.31738800 -110.61410100,34.31751800 -110.61383400,34.31773600 -110.61379000,34.31778600 -110.61371300,34.31790300 -110.61365800,34.31795500 -110.61359300,34.31799100 -110.61337800,34.31803000 -110.61323800,34.31807800 -110.61316100,34.31810400 -110.61307600,34.31811800 -110.61273100,34.31813300 -110.61254800,34.31812800 -110.61235800,34.31810100 -110.61226100,34.31808500 -110.61187900,34.31802100 -110.61143800,34.31790000 -110.61135000,34.31787900 -110.61118400,34.31785100 -110.61084800,34.31781600 -110.61060300,34.31777300 -110.61052100,34.31775100 -110.61016300,34.31764800 -110.61001800,34.31767500 -110.60988500,34.31772600 -110.60981600,34.31776000 -110.60952000,34.31788100 -110.60917100,34.31810100 -110.60909600,34.31813800 -110.60877800,34.31829300 -110.60852600,34.31839600 -110.60844300,34.31843800 -110.60837300,34.31848600 -110.60831300,34.31852800 -110.60821300,34.31861000 -110.60803100,34.31872800 -110.60793500,34.31876600 -110.60790800,34.31877300 -110.60783500,34.31878500 -110.60778600,34.31877800 -110.60770800,34.31879100 -110.60767000,34.31879100 -110.60743600,34.31881900 -110.60709100,34.31889800 -110.60701600,34.31891600 -110.60693600,34.31893100 -110.60650400,34.31905600 -110.60636500,34.31910800 -110.60629600,34.31914000 -110.60574900,34.31937300 -110.60558500,34.31942000 -110.60551000,34.31943600 -110.60526300,34.31949800 -110.60493600,34.31954600 -110.60478500,34.31957800 -110.60471600,34.31959600 -110.60465300,34.31962100 -110.60454000,34.31968600 -110.60432300,34.31990300 -110.60427400,34.31993000 -110.60421800,34.31994600 -110.60411100,34.31994500 -110.60401300,34.31992000 -110.60396900,34.31989800 -110.60386300,34.31979500 -110.60383800,34.31977100 -110.60377500,34.31969300 -110.60373000,34.31969300 -110.60358600,34.31972500 -110.60353800,34.31973800 -110.60336600,34.31974600 -110.60311000,34.31971400 -110.60305000,34.31969500 -110.60299000,34.31967100 -110.60271800,34.31956800 -110.60255000,34.31953000 -110.60246000,34.31952500 -110.60228600,34.31954600 -110.60222100,34.31955300 -110.60185300,34.31952500 -110.60161100,34.31953400 -110.60153300,34.31954600 -110.60145100,34.31956100 -110.60128500,34.31956600 -110.60122100,34.31956000 -110.60094800,34.31949300 -110.60090300,34.31947800 -110.60072900,34.31943600 -110.60059100,34.31944500 -110.60046100,34.31943600 -110.60036300,34.31939000 -110.60032500,34.31935800 -110.60023300,34.31928800 -110.60012000,34.31924300 -110.59976300,34.31923500 -110.59967800,34.31923800 -110.59940000,34.31923600 -110.59877400,34.31919500 -110.59867600,34.31918600 -110.59838500,34.31915300 -110.59786500,34.31897300 -110.59776500,34.31895100 -110.59767300,34.31892300 -110.59749100,34.31884100 -110.59730400,34.31878600 -110.59690500,34.31873600 -110.59681500,34.31872300 -110.59635300,34.31864500 -110.59616400,34.31860100 -110.59599300,34.31854300 -110.59590500,34.31851600 -110.59574500,34.31847100 -110.59557800,34.31843800 -110.59523800,34.31839300 -110.59515100,34.31837100 -110.59506600,34.31836000 -110.59489600,34.31832900 -110.59468100,34.31831500 -110.59454000,34.31831300 -110.59439100,34.31833500 -110.59432300,34.31834300 -110.59411100,34.31834500 -110.59371500,34.31837600 -110.59363300,34.31837100 -110.59356100,34.31835300 -110.59343600,34.31828600 -110.59333900,34.31820000 -110.59323500,34.31812300 -110.59306900,34.31803600 -110.59300800,34.31803100 -110.59281000,34.31803600 -110.59257100,34.31800500 -110.59249600,34.31800300 -110.59233800,34.31802000 -110.59226100,34.31803600 -110.59183000,34.31815800 -110.59164500,34.31818000 -110.59155500,34.31817800 -110.59147000,34.31816500 -110.59138100,34.31815300 -110.59121500,34.31815500 -110.59109100,34.31821300 -110.59102900,34.31825300 -110.59081800,34.31843600 -110.59076100,34.31848100 -110.59070500,34.31853000 -110.59064800,34.31856300 -110.59058100,34.31858600 -110.59051800,34.31859600 -110.59045100,34.31859400 -110.59025800,34.31853300 -110.59019800,34.31852800 -110.59013800,34.31852100 -110.58995100,34.31851600 -110.58970800,34.31845500 -110.58956500,34.31843800 -110.58949800,34.31844000 -110.58929800,34.31846100 -110.58905100,34.31843600 -110.58895100,34.31840000 -110.58890300,34.31837600 -110.58879900,34.31832900 -110.58853100,34.31832000 -110.58847600,34.31830100 -110.58838300,34.31822800 -110.58834400,34.31818000 -110.58827800,34.31809000 -110.58823100,34.31804100 -110.58817300,34.31800000 -110.58805000,34.31792600 -110.58785100,34.31785500 -110.58777800,34.31783000 -110.58762800,34.31779300 -110.58738900,34.31776000 -110.58707600,34.31765600 -110.58698300,34.31763500 -110.58677300,34.31758100 -110.58636400,34.31745300 -110.58606100,34.31737300 -110.58596100,34.31735000 -110.58575800,34.31733800 -110.58519100,34.31733300 -110.58511600,34.31733600 -110.58488100,34.31735800 -110.58473500,34.31738400 -110.58457500,34.31742800 -110.58442800,34.31748600 -110.58434800,34.31751600 -110.58396600,34.31769100 -110.58367000,34.31784500 -110.58359100,34.31788600 -110.58328800,34.31800000 -110.58313800,34.31803000 -110.58293100,34.31805100 -110.58286600,34.31805300 -110.58230000,34.31807500 -110.58225400,34.31808000 -110.58196600,34.31810800 -110.58182100,34.31809000 -110.58178500,34.31808100 -110.58139800,34.31799400 -110.58135300,34.31798500 -110.58116000,34.31794100 -110.58109500,34.31795000 -110.58105600,34.31797600 -110.58104100,34.31798500 -110.58103100,34.31799000 -110.58103100,34.31799000 -110.58076600,34.31825300 -110.58071800,34.31829300 -110.58059900,34.31838000 -110.58035600,34.31850600 -110.58005600,34.31868300 -110.57998300,34.31872500 -110.57984800,34.31877100 -110.57977500,34.31878600 -110.57953800,34.31880300 -110.57927900,34.31879600 -110.57918900,34.31878300 -110.57873100,34.31871600 -110.57836300,34.31869300 -110.57827000,34.31869600 -110.57801500,34.31871600 -110.57758800,34.31873300 -110.57751300,34.31874300 -110.57735100,34.31877400 -110.57727100,34.31880300 -110.57719500,34.31883600 -110.57698000,34.31896300 -110.57683900,34.31902100 -110.57676000,34.31904800 -110.57667500,34.31907000 -110.57645000,34.31915100 -110.57618400,34.31925800 -110.57602500,34.31933500 -110.57594300,34.31937000 -110.57578300,34.31944600 -110.57563800,34.31955000 -110.57534800,34.31985500 -110.57530300,34.31992000 -110.57495600,34.32063100 -110.57491400,34.32071300 -110.57466800,34.32129600 -110.57463000,34.32137300 -110.57458000,34.32144500 -110.57452500,34.32151500 -110.57435300,34.32172600 -110.57398500,34.32209500 -110.57392600,34.32215300 -110.57381600,34.32225800 -110.57342500,34.32267300 -110.57336800,34.32273300 -110.57314100,34.32294300 -110.57298300,34.32305100 -110.57289300,34.32309800 -110.57284800,34.32311600 -110.57264600,34.32317100 -110.57247500,34.32318400 -110.57242100,34.32318600 -110.57232800,34.32318800 -110.57222600,34.32322100 -110.57205500,34.32334800 -110.57202300,34.32336600 -110.57191600,34.32341800 -110.57185800,34.32345800 -110.57180800,34.32347500 -110.57178800,34.32347600 -110.57160100,34.32345800 -110.57157300,34.32345600 -110.57136600,34.32345000 -110.57122800,34.32343300 -110.57117600,34.32342500 -110.57106900,34.32341600 -110.57101600,34.32340000 -110.57072000,34.32325000 -110.57067100,34.32322000 -110.57056100,34.32315600 -110.57049500,34.32313600 -110.57016300,34.32307300 -110.56999100,34.32302000 -110.56991500,34.32298800 -110.56983500,34.32294600 -110.56967000,34.32280800 -110.56953000,34.32263800 -110.56947300,34.32251600 -110.56945800,34.32245800 -110.56943000,34.32214300 -110.56940300,34.32200800 -110.56939300,34.32195500 -110.56938300,34.32178000 -110.56943500,34.32152000 -110.56944600,34.32140100 -110.56944000,34.32134000 -110.56936100,34.32097800 -110.56928800,34.32080500 -110.56926800,34.32073800 -110.56921300,34.32054500 -110.56916100,34.32042100 -110.56909800,34.32031000 -110.56899900,34.32019800 -110.56895100,34.32015100 -110.56883100,34.32007000 -110.56875900,34.32003800 -110.56862100,34.32001000 -110.56839300,34.32000000 -110.56832100,34.31998100 -110.56824300,34.31997100 -110.56769300,34.31994600 -110.56763500,34.31994500 -110.56721800,34.31993100 -110.56697100,34.31995600 -110.56688500,34.31996500 -110.56679600,34.31998300 -110.56672100,34.32001100 -110.56652600,34.32010100 -110.56626300,34.32016800 -110.56620000,34.32019000 -110.56614100,34.32023000 -110.56598800,34.32037300 -110.56594300,34.32042300 -110.56578600,34.32064800 -110.56574100,34.32070100 -110.56568300,34.32075000 -110.56554600,34.32081600 -110.56537000,34.32084300 -110.56526000,34.32087300 -110.56522500,34.32088800 -110.56511000,34.32093600 -110.56488400,34.32106800 -110.56483800,34.32110100 -110.56469900,34.32120800 -110.56459100,34.32126000 -110.56453300,34.32126800 -110.56435300,34.32126300 -110.56428400,34.32126500 -110.56408500,34.32129900 -110.56381000,34.32138600 -110.56367600,34.32144800 -110.56361500,34.32146600 -110.56349000,34.32147900 -110.56342300,34.32146800 -110.56335600,34.32144800 -110.56325000,34.32138900 -110.56318800,34.32136800 -110.56306000,34.32134800 -110.56300000,34.32134100 -110.56282500,34.32132100 -110.56271000,34.32132900 -110.56247800,34.32141600 -110.56243000,34.32144500 -110.56215300,34.32160300 -110.56203800,34.32169300 -110.56200500,34.32172100 -110.56183300,34.32180000 -110.56172600,34.32182000 -110.56169600,34.32183000 -110.56144500,34.32194500 -110.56132800,34.32197300 -110.56130000,34.32198100 -110.56121000,34.32198800 -110.56106800,34.32194300 -110.56104500,34.32194100 -110.56071500,34.32191300 -110.56067800,34.32191100 -110.56047800,34.32192800 -110.56031300,34.32197600 -110.56027300,34.32199000 -110.56003500,34.32206400 -110.55996800,34.32211500 -110.55994300,34.32213000 -110.55986100,34.32218500 -110.55958300,34.32245100 -110.55952500,34.32250600 -110.55935000,34.32265500 -110.55927000,34.32275500 -110.55918000,34.32290000 -110.55914000,34.32294500 -110.55910100,34.32299800 -110.55901500,34.32307500 -110.55892300,34.32312300 -110.55872300,34.32320600 -110.55867800,34.32322100 -110.55810100,34.32351300 -110.55802100,34.32356000 -110.55759500,34.32386800 -110.55741800,34.32401100 -110.55735100,34.32404500 -110.55718600,34.32408600 -110.55700800,34.32409500 -110.55683100,34.32407800 -110.55659400,34.32404100 -110.55651300,34.32404000 -110.55643000,34.32403500 -110.55598600,34.32397000 -110.55570300,34.32391000 -110.55561100,34.32388600 -110.55552300,34.32385800 -110.55536600,34.32377800 -110.55507100,34.32357500 -110.55502600,34.32355800 -110.55460300,34.32339300 -110.55455300,34.32337300 -110.55444500,34.32331900 -110.55423600,34.32323600 -110.55409000,34.32316300 -110.55404800,34.32313800 -110.55397500,34.32309300 -110.55387000,34.32300800 -110.55377800,34.32286100 -110.55375100,34.32282000 -110.55371800,34.32278400 -110.55368100,34.32276500 -110.55360500,34.32274500 -110.55353500,34.32271100 -110.55342600,34.32268800 -110.55339000,34.32268100 -110.55316800,34.32261600 -110.55302600,34.32255900 -110.55299300,34.32254500 -110.55289600,34.32252000 -110.55281500,34.32251300 -110.55264600,34.32255500 -110.55260100,34.32255300 -110.55256800,34.32253300 -110.55250800,34.32240600 -110.55244800,34.32233400 -110.55239500,34.32231600 -110.55216600,34.32230100 -110.55207800,34.32230500 -110.55189600,34.32232300 -110.55163800,34.32233100 -110.55149600,34.32232000 -110.55137800,34.32227800 -110.55133300,34.32223300 -110.55124800,34.32214100 -110.55113600,34.32207000 -110.55106000,34.32204500 -110.55075300,34.32199500 -110.55068000,34.32197600 -110.55056500,34.32197300 -110.55045100,34.32199800 -110.55032100,34.32204100 -110.55010100,34.32214000 -110.55003100,34.32218000 -110.54975800,34.32232800 -110.54968800,34.32235500 -110.54939500,34.32243100 -110.54933100,34.32244100 -110.54920800,34.32242100 -110.54914800,34.32239300 -110.54910600,34.32236100 -110.54895300,34.32217300 -110.54890500,34.32214300 -110.54884100,34.32212000 -110.54878500,34.32209500 -110.54873100,34.32205600 -110.54865000,34.32196500 -110.54855600,34.32188600 -110.54850800,34.32185500 -110.54837500,34.32180500 -110.54829500,34.32178800 -110.54780300,34.32175600 -110.54754900,34.32173000 -110.54746600,34.32172100 -110.54737500,34.32171500 -110.54719800,34.32168100 -110.54711800,34.32165900 -110.54688600,34.32157100 -110.54673100,34.32154800 -110.54665300,34.32154500 -110.54637800,34.32154500 -110.54603300,34.32157100 -110.54587600,34.32159800 -110.54580600,34.32161800 -110.54567000,34.32167600 -110.54556100,34.32174100 -110.54529400,34.32193300 -110.54524100,34.32197000 -110.54491000,34.32218100 -110.54482800,34.32221600 -110.54464500,34.32235000 -110.54459000,34.32239800 -110.54447400,34.32249000 -110.54434800,34.32256800 -110.54405300,34.32281000 -110.54400400,34.32285500 -110.54394600,34.32290100 -110.54375800,34.32302000 -110.54351000,34.32328600 -110.54346100,34.32333800 -110.54327100,34.32350800 -110.54313300,34.32360300 -110.54298500,34.32367500 -110.54282600,34.32373000 -110.54274500,34.32376300 -110.54268100,34.32379500 -110.54254900,34.32388300 -110.54243000,34.32397800 -110.54215600,34.32416300 -110.54208500,34.32420600 -110.54195600,34.32429000 -110.54188600,34.32430800 -110.54182300,34.32431100 -110.54175100,34.32429600 -110.54151500,34.32414500 -110.54146100,34.32410500 -110.54127600,34.32401100 -110.54094500,34.32380600 -110.54089500,34.32377100 -110.54080000,34.32369600 -110.54058300,34.32360100 -110.54035600,34.32357500 -110.54026600,34.32357500 -110.54017900,34.32356800 -110.54002900,34.32356300 -110.53995800,34.32357300 -110.53962300,34.32366100 -110.53957500,34.32367500 -110.53942600,34.32372300 -110.53933500,34.32373500 -110.53930600,34.32372100 -110.53929000,34.32370100 -110.53929500,34.32365000 -110.53931400,34.32362100 -110.53949300,34.32327600 -110.53957500,34.32305300 -110.53959300,34.32298100 -110.53957100,34.32282600 -110.53954000,34.32275100 -110.53949800,34.32268600 -110.53944000,34.32262100 -110.53936900,34.32256600 -110.53918900,34.32249800 -110.53909500,34.32247300 -110.53899500,34.32244500 -110.53812000,34.32215400 -110.53802100,34.32212300 -110.53792500,34.32208800 -110.53762000,34.32200500 -110.53732000,34.32194000 -110.53715600,34.32188600 -110.53707000,34.32186300 -110.53676800,34.32179000 -110.53657100,34.32177000 -110.53645600,34.32173600 -110.53641100,34.32170800 -110.53605300,34.32156000 -110.53582600,34.32151300 -110.53576800,34.32150000 -110.53572800,34.32149000 -110.53568100,34.32145300 -110.53553800,34.32137800 -110.53545300,34.32129900 -110.53540600,34.32125300 -110.53529600,34.32110400 -110.53526100,34.32107000 -110.53521100,34.32104500 -110.53515600,34.32104800 -110.53510400,34.32107300 -110.53500800,34.32114100 -110.53495600,34.32118600 -110.53485100,34.32126000 -110.53479600,34.32128300 -110.53458800,34.32130500 -110.53454600,34.32130100 -110.53450000,34.32130500 -110.53431600,34.32135000 -110.53404500,34.32139300 -110.53398000,34.32140800 -110.53380300,34.32145100 -110.53369000,34.32149600 -110.53356300,34.32160500 -110.53351000,34.32163600 -110.53346000,34.32167300 -110.53329100,34.32183500 -110.53308000,34.32200500 -110.53304000,34.32205600 -110.53299300,34.32211100 -110.53291300,34.32222300 -110.53278100,34.32244000 -110.53272100,34.32261100 -110.53270500,34.32267300 -110.53266600,34.32279500 -110.53266100,34.32285000 -110.53260100,34.32301500 -110.53250500,34.32317800 -110.53248600,34.32322800 -110.53232300,34.32359100 -110.53229000,34.32369300 -110.53228400,34.32374300 -110.53228400,34.32378500 -110.53229500,34.32388000 -110.53226600,34.32399300 -110.53223500,34.32410600 -110.53215500,34.32426100 -110.53214600,34.32431100 -110.53215300,34.32436100 -110.53213800,34.32440900 -110.53207400,34.32449600 -110.53205600,34.32454300 -110.53201300,34.32460600 -110.53196100,34.32472100 -110.53195000,34.32478000 -110.53193300,34.32483600 -110.53180400,34.32520300 -110.53174800,34.32532300 -110.53172600,34.32538500 -110.53159100,34.32566600 -110.53151800,34.32584300 -110.53150800,34.32589100 -110.53146500,34.32601500 -110.53141400,34.32609800 -110.53137600,34.32619100 -110.53132300,34.32628800 -110.53130600,34.32633800 -110.53122800,34.32657500 -110.53116600,34.32668500 -110.53105300,34.32684300 -110.53103000,34.32690600 -110.53098900,34.32703500 -110.53096100,34.32730000 -110.53092100,34.32743600 -110.53089300,34.32749300 -110.53087300,34.32754900 -110.53085100,34.32760800 -110.53075500,34.32770500 -110.53057800,34.32779300 -110.53051300,34.32781800 -110.53040500,34.32784300 -110.53035600,34.32784800 -110.53020000,34.32785000 -110.52987400,34.32779100 -110.52981800,34.32778100 -110.52969900,34.32781100 -110.52958800,34.32785600 -110.52931800,34.32803500 -110.52926600,34.32807600 -110.52921800,34.32811600 -110.52893800,34.32827300 -110.52875600,34.32840100 -110.52867800,34.32844000 -110.52846100,34.32853300 -110.52803900,34.32865000 -110.52797500,34.32865600 -110.52772800,34.32864300 -110.52767100,34.32865100 -110.52746400,34.32871300 -110.52739500,34.32875000 -110.52732800,34.32879000 -110.52720300,34.32887800 -110.52711000,34.32898300 -110.52689500,34.32919600 -110.52685500,34.32925100 -110.52681300,34.32931600 -110.52673000,34.32950300 -110.52664600,34.32985100 -110.52662600,34.32991300 -110.52651600,34.33018800 -110.52641100,34.33038500 -110.52632800,34.33050800 -110.52629000,34.33057100 -110.52615100,34.33083100 -110.52592600,34.33115400 -110.52588300,34.33121500 -110.52575100,34.33139600 -110.52569100,34.33150800 -110.52558100,34.33167100 -110.52553500,34.33172100 -110.52547800,34.33176600 -110.52530600,34.33189800 -110.52518800,34.33196600 -110.52514300,34.33200600 -110.52505000,34.33215000 -110.52501000,34.33219500 -110.52496500,34.33222500 -110.52487600,34.33226300 -110.52468600,34.33230800 -110.52448800,34.33243600 -110.52442300,34.33248800 -110.52435100,34.33254400 -110.52409300,34.33281000 -110.52395800,34.33292300 -110.52383100,34.33301100 -110.52377100,34.33305100 -110.52355000,34.33319800 -110.52347900,34.33322600 -110.52333100,34.33324600 -110.52320300,34.33328300 -110.52312800,34.33330300 -110.52284600,34.33335500 -110.52255600,34.33343000 -110.52233900,34.33350300 -110.52222500,34.33353100 -110.52211600,34.33355800 -110.52166100,34.33367100 -110.52138800,34.33367100 -110.52129600,34.33366300 -110.52121100,34.33366000 -110.52104600,34.33367600 -110.52073000,34.33373800 -110.52049500,34.33375500 -110.52041800,34.33376000 -110.52010300,34.33380100 -110.51992300,34.33376000 -110.51978300,34.33374300 -110.51970800,34.33374500 -110.51941600,34.33376900 -110.51899900,34.33387600 -110.51890400,34.33390000 -110.51831100,34.33406100 -110.51813300,34.33409500 -110.51804600,34.33411600 -110.51777600,34.33419000 -110.51751500,34.33424800 -110.51727300,34.33425100 -110.51719400,34.33425800 -110.51688500,34.33428800 -110.51647300,34.33428500 -110.51639300,34.33428100 -110.51623600,34.33430000 -110.51578900,34.33438500 -110.51573100,34.33440500 -110.51566000,34.33442300 -110.51553600,34.33446100 -110.51505300,34.33456500 -110.51498100,34.33457300 -110.51459300,34.33458600 -110.51454100,34.33460000 -110.51451800,34.33460300 -110.51447300,34.33461100 -110.51440492,34.33459469 -110.51407900,34.33462600 -110.51330100,34.33474100 -110.51247800,34.33501800 -110.51145100,34.33533700 -110.51100000,34.33545600 -110.51003600,34.33578400 -110.50880900,34.33665000 -110.50792300,34.33682400 -110.50734300,34.33696100 -110.50628500,34.33687300 -110.50592400,34.33681400 -110.50553800,34.33671000 -110.50490100,34.33654800 -110.50396400,34.33618900 -110.50187800,34.33448000 -110.50104900,34.33411400 -110.50091200,34.33403900 -110.50068800,34.33397600 -110.50016200,34.33386600 -110.49966800,34.33382100 -110.49821300,34.33337900 -110.49801100,34.33331800 -110.49703500,34.33293100 -110.49674100,34.33281400 -110.49604100,34.33257200 -110.49566100,34.33246200 -110.49494600,34.33233400 -110.49470500,34.33224800 -110.49455900,34.33219700 -110.49332000,34.33150100 -110.49267200,34.33113600 -110.49216700,34.33090600 -110.49204500,34.33087200 -110.49188000,34.33082500 -110.49126400,34.33067100 -110.49066500,34.33061900 -110.48887000,34.33062000 -110.48782100,34.33082600 -110.48719400,34.33106700 -110.48704800,34.33112300 -110.48671700,34.33133000 -110.48661200,34.33140900 -110.48617400,34.33158300 </coordinates>
</LineString>
</Placemark>
<Placemark>
<name>AZAT-07 Deer Springs Lookout</name>
<LookAt>
<longitude>-110.39461479</longitude>
<latitude>34.28247305</latitude>
<range>20075</range>
</LookAt>
<styleUrl>#Line_Forest_Service_Rd_level_2_or_higher_000000_04</styleUrl>
<ExtendedData>
<Data name="Type">
<value>Forest Service Rd level 2 or higher</value>
</Data>
<Data name="Name on GPS">
<value>AZAT07-Deer Springs Lookout</value>
</Data>
<Data name="Total Distance">
<value>21.7 mi</value>
</Data>
<Data name="Number of Trackpoints">
<value>679</value>
</Data>
</ExtendedData>
<LineString>
<coordinates>-110.48617400,34.33158300 -110.48528100,34.33114700 -110.48521500,34.33110100 -110.48360800,34.33000400 -110.47992900,34.32760900 -110.47920700,34.32714200 -110.47845800,34.32659200 -110.47791200,34.32630200 -110.47729000,34.32603600 -110.47687400,34.32598300 -110.47536700,34.32614200 -110.47411700,34.32629800 -110.47338500,34.32626600 -110.47244600,34.32600700 -110.47164100,34.32582600 -110.47089300,34.32558600 -110.47035600,34.32552700 -110.46992700,34.32559800 -110.46939300,34.32579000 -110.46873900,34.32613600 -110.46784300,34.32661200 -110.46740600,34.32686900 -110.46671400,34.32757900 -110.46632100,34.32778400 -110.46599000,34.32812100 -110.46575600,34.32849700 -110.46551100,34.32881600 -110.46534300,34.32888900 -110.46516100,34.32891400 -110.46495400,34.32892200 -110.46477100,34.32885400 -110.46453200,34.32866000 -110.46424600,34.32824900 -110.46404100,34.32797900 -110.46362400,34.32750800 -110.46340400,34.32736100 -110.46296000,34.32721000 -110.46250200,34.32707800 -110.46200500,34.32691900 -110.46159800,34.32670500 -110.46129500,34.32656200 -110.46089800,34.32632100 -110.46046300,34.32616200 -110.46021000,34.32619600 -110.46003900,34.32626200 -110.45970000,34.32656000 -110.45948900,34.32690900 -110.45933800,34.32706600 -110.45912700,34.32713800 -110.45862900,34.32715900 -110.45763700,34.32715500 -110.45746400,34.32709300 -110.45730800,34.32696900 -110.45719400,34.32652300 -110.45705500,34.32620900 -110.45691300,34.32612000 -110.45672500,34.32606700 -110.45584600,34.32639500 -110.45512700,34.32655900 -110.45408600,34.32732600 -110.45408600,34.32732600 -110.45408600,34.32732600 -110.45408600,34.32732600 -110.45394600,34.32743000 -110.45363000,34.32710400 -110.45206400,34.32687800 -110.45115200,34.32669600 -110.45014300,34.32636400 -110.44932300,34.32598300 -110.44864000,34.32568100 -110.44826000,34.32561500 -110.44677400,34.32540700 -110.44582500,34.32501300 -110.44567100,34.32493800 -110.44541700,34.32475600 -110.44499300,34.32470300 -110.44436000,34.32462700 -110.44390500,34.32441000 -110.44352900,34.32402000 -110.44296600,34.32350200 -110.44210200,34.32291300 -110.44118500,34.32238300 -110.44054600,34.32180100 -110.43977900,34.32103900 -110.43938800,34.32037000 -110.43879800,34.31963400 -110.43848100,34.31913800 -110.43814300,34.31893000 -110.43741900,34.31859300 -110.43702700,34.31840300 -110.43665700,34.31814800 -110.43601100,34.31789500 -110.43570500,34.31783100 -110.43542300,34.31789800 -110.43522700,34.31783600 -110.43496500,34.31757000 -110.43449500,34.31695400 -110.43378700,34.31672300 -110.43310900,34.31636500 -110.43281300,34.31610500 -110.43138400,34.31529200 -110.43110000,34.31510000 -110.43073500,34.31503500 -110.43061100,34.31490500 -110.43089600,34.31425800 -110.43106500,34.31399400 -110.43111600,34.31389200 -110.43106700,34.31373300 -110.43100300,34.31365300 -110.43086100,34.31364800 -110.43072200,34.31377000 -110.43041600,34.31416500 -110.43033000,34.31416700 -110.43025200,34.31411400 -110.43036500,34.31387200 -110.43051200,34.31300800 -110.43029500,34.31202500 -110.43020600,34.31166600 -110.42991700,34.31139800 -110.42952300,34.31120100 -110.42875000,34.31076400 -110.42834500,34.31042700 -110.42793200,34.30967800 -110.42755100,34.30929500 -110.42718600,34.30880300 -110.42693700,34.30855700 -110.42624500,34.30812300 -110.42569800,34.30766500 -110.42548300,34.30736500 -110.42533100,34.30713000 -110.42533100,34.30713000 -110.42533100,34.30713000 -110.42533100,34.30713000 -110.42521300,34.30712900 -110.42512600,34.30710800 -110.42505500,34.30707100 -110.42503100,34.30705200 -110.42500900,34.30703300 -110.42493400,34.30697700 -110.42482600,34.30689600 -110.42473000,34.30682300 -110.42462000,34.30676900 -110.42448700,34.30673000 -110.42436900,34.30670500 -110.42421500,34.30669500 -110.42399100,34.30670300 -110.42373800,34.30672300 -110.42357900,34.30673900 -110.42338700,34.30675200 -110.42320300,34.30676100 -110.42307200,34.30676200 -110.42297800,34.30675400 -110.42288600,34.30673800 -110.42279200,34.30668800 -110.42272800,34.30662700 -110.42263100,34.30649600 -110.42259300,34.30639500 -110.42257300,34.30628800 -110.42256500,34.30610500 -110.42255700,34.30581500 -110.42253800,34.30564300 -110.42248400,34.30549900 -110.42242500,34.30535200 -110.42230900,34.30512400 -110.42216600,34.30488500 -110.42202000,34.30472600 -110.42183000,34.30454900 -110.42148900,34.30424400 -110.42135700,34.30412100 -110.42126000,34.30402600 -110.42114300,34.30388700 -110.42103600,34.30374800 -110.42088400,34.30350500 -110.42071100,34.30326100 -110.42046300,34.30288800 -110.42023900,34.30258300 -110.42013500,34.30243800 -110.42005600,34.30229800 -110.42000400,34.30214100 -110.41997500,34.30199200 -110.41996300,34.30183000 -110.41997800,34.30153200 -110.42000000,34.30134900 -110.41999400,34.30119400 -110.41997000,34.30107200 -110.41993900,34.30095600 -110.41988900,34.30084300 -110.41984100,34.30075500 -110.41978400,34.30064800 -110.41967900,34.30051700 -110.41957700,34.30038900 -110.41946700,34.30026600 -110.41934800,34.30015900 -110.41925700,34.30006100 -110.41918600,34.29996100 -110.41914100,34.29989000 -110.41910500,34.29979300 -110.41908700,34.29970500 -110.41910600,34.29956800 -110.41913300,34.29939800 -110.41918600,34.29906600 -110.41920800,34.29894800 -110.41922200,34.29878900 -110.41921800,34.29869000 -110.41919600,34.29857000 -110.41913000,34.29845300 -110.41900700,34.29828400 -110.41882000,34.29808700 -110.41824700,34.29754000 -110.41773600,34.29700700 -110.41737300,34.29663700 -110.41728800,34.29653900 -110.41718000,34.29642400 -110.41713700,34.29635300 -110.41709900,34.29623300 -110.41705800,34.29605300 -110.41705400,34.29578000 -110.41705400,34.29537100 -110.41707500,34.29505800 -110.41707300,34.29493800 -110.41704900,34.29481200 -110.41700800,34.29472400 -110.41693900,34.29461800 -110.41687100,34.29452900 -110.41678700,34.29443300 -110.41669300,34.29434700 -110.41660200,34.29427600 -110.41649600,34.29420300 -110.41635200,34.29416400 -110.41622200,34.29413200 -110.41564300,34.29405000 -110.41523400,34.29400700 -110.41495900,34.29395700 -110.41465600,34.29391900 -110.41449500,34.29390900 -110.41438000,34.29391000 -110.41426000,34.29393600 -110.41413400,34.29397900 -110.41400200,34.29404200 -110.41348800,34.29436000 -110.41314600,34.29457000 -110.41305300,34.29461800 -110.41297200,34.29464600 -110.41289800,34.29466400 -110.41278600,34.29467500 -110.41267100,34.29465800 -110.41254700,34.29463200 -110.41241300,34.29458600 -110.41216600,34.29449300 -110.41176800,34.29435000 -110.41162600,34.29426700 -110.41151100,34.29416500 -110.41138100,34.29405000 -110.41119400,34.29387200 -110.41106100,34.29373600 -110.41094500,34.29363400 -110.41082800,34.29356100 -110.41072700,34.29351600 -110.41061600,34.29347900 -110.41051000,34.29345300 -110.41036800,34.29343500 -110.41014000,34.29340600 -110.40990200,34.29336900 -110.40976000,34.29334200 -110.40975100,34.29333900 -110.40957600,34.29328200 -110.40943000,34.29318900 -110.40929000,34.29306700 -110.40907800,34.29286100 -110.40891400,34.29268300 -110.40873600,34.29248700 -110.40864100,34.29239300 -110.40857000,34.29234000 -110.40847100,34.29230500 -110.40834500,34.29229100 -110.40818200,34.29229400 -110.40805900,34.29231200 -110.40793000,34.29236100 -110.40773400,34.29246500 -110.40747300,34.29262100 -110.40735700,34.29267300 -110.40723400,34.29272100 -110.40710100,34.29274300 -110.40700000,34.29274600 -110.40689600,34.29273600 -110.40680200,34.29269200 -110.40673800,34.29260600 -110.40669500,34.29252100 -110.40658700,34.29221400 -110.40658700,34.29221400 -110.40658700,34.29221400 -110.40658700,34.29221400 -110.40660400,34.29220100 -110.40654400,34.29193600 -110.40648300,34.29167100 -110.40642300,34.29140600 -110.40640000,34.29130700 -110.40640000,34.29130700 -110.40640000,34.29130700 -110.40640000,34.29130700 -110.40638000,34.29131100 -110.40636000,34.29123300 -110.40630900,34.29106500 -110.40625700,34.29095000 -110.40616600,34.29079300 -110.40602600,34.29058600 -110.40584100,34.29033600 -110.40568700,34.29009400 -110.40555900,34.28986400 -110.40544400,34.28962500 -110.40532300,34.28941100 -110.40529400,34.28936000 -110.40529400,34.28936000 -110.40529400,34.28936000 -110.40529400,34.28936000 -110.40526700,34.28931300 -110.40518400,34.28923300 -110.40510400,34.28917700 -110.40492300,34.28910500 -110.40462800,34.28902000 -110.40424300,34.28889600 -110.40396600,34.28879400 -110.40374600,34.28869500 -110.40352400,34.28858500 -110.40335000,34.28852700 -110.40317000,34.28848400 -110.40303200,34.28846300 -110.40283000,34.28844500 -110.40281400,34.28844400 -110.40281400,34.28844400 -110.40281400,34.28844400 -110.40281400,34.28844400 -110.40259300,34.28843200 -110.40229200,34.28840800 -110.40175800,34.28837800 -110.40137400,34.28835500 -110.40126800,34.28835700 -110.40119200,34.28837400 -110.40119200,34.28837400 -110.40119200,34.28837400 -110.40119200,34.28837400 -110.40112900,34.28838900 -110.40069500,34.28848600 -110.40026500,34.28858100 -110.39989300,34.28865500 -110.39960300,34.28869800 -110.39937300,34.28871600 -110.39915000,34.28872400 -110.39868100,34.28875800 -110.39813800,34.28879400 -110.39788600,34.28882900 -110.39764400,34.28887300 -110.39743300,34.28890100 -110.39729000,34.28892300 -110.39713100,34.28892100 -110.39696600,34.28891600 -110.39680600,34.28890000 -110.39624300,34.28884200 -110.39556400,34.28878500 -110.39525800,34.28876600 -110.39504300,34.28876000 -110.39474900,34.28874700 -110.39451400,34.28873400 -110.39437200,34.28871400 -110.39423800,34.28868500 -110.39413100,34.28863700 -110.39404600,34.28857300 -110.39398000,34.28850800 -110.39392100,34.28841000 -110.39386200,34.28829600 -110.39383500,34.28818900 -110.39376700,34.28809100 -110.39367500,34.28799700 -110.39357400,34.28792400 -110.39345700,34.28786600 -110.39332300,34.28785600 -110.39320600,34.28786500 -110.39305400,34.28788500 -110.39294100,34.28790900 -110.39283300,34.28792200 -110.39275500,34.28791200 -110.39274500,34.28790600 -110.39274500,34.28790600 -110.39274500,34.28790600 -110.39274500,34.28790600 -110.39268200,34.28786400 -110.39266100,34.28782200 -110.39264800,34.28775700 -110.39266700,34.28765400 -110.39270200,34.28754400 -110.39279400,34.28725000 -110.39284400,34.28701900 -110.39286900,34.28680400 -110.39288100,34.28631700 -110.39289600,34.28561800 -110.39286500,34.28546000 -110.39279400,34.28533700 -110.39273700,34.28524500 -110.39266000,34.28517000 -110.39257500,34.28511700 -110.39248000,34.28506100 -110.39229700,34.28496600 -110.39203800,34.28483700 -110.39196000,34.28479500 -110.39115100,34.28434100 -110.39081900,34.28419900 -110.39081900,34.28419900 -110.39081900,34.28419900 -110.39081900,34.28419900 -110.39050500,34.28406400 -110.39017200,34.28391000 -110.39001200,34.28382700 -110.38991800,34.28376900 -110.38980100,34.28368300 -110.38979900,34.28367900 -110.38841900,34.28576800 -110.38684400,34.28858500 -110.38640200,34.28950100 -110.38551800,34.29062300 -110.38411000,34.29133200 -110.38264800,34.29121700 -110.38193000,34.29137700 -110.38115700,34.29174300 -110.38030100,34.29249900 -110.37971000,34.29344300 -110.37979300,34.29421900 -110.37974900,34.29478900 -110.37923200,34.29629400 -110.37855700,34.29694100 -110.37803300,34.29727100 -110.37761100,34.29819400 -110.37681500,34.29953300 -110.37580000,34.30108000 -110.37551100,34.30211700 -110.37552900,34.30315900 -110.37552900,34.30315900 -110.37552900,34.30315900 -110.37552900,34.30315900 -110.37553100,34.30327500 -110.37471700,34.30326300 -110.37395700,34.30339700 -110.37341800,34.30343600 -110.37201900,34.30342500 -110.37077200,34.30335200 -110.36955200,34.30295700 -110.36709800,34.30246200 -110.36546000,34.30244300 -110.36479700,34.30228500 -110.36398100,34.30216600 -110.36325400,34.30214500 -110.36239900,34.30202200 -110.36171100,34.30187200 -110.36126900,34.30169900 -110.36100800,34.30099200 -110.36078400,34.30074000 -110.36078400,34.30073900 -110.36017000,34.30064100 -110.35961400,34.30041300 -110.35940900,34.30037400 -110.35912600,34.30035700 -110.35742100,34.30035500 -110.35580100,34.30038300 -110.35504400,34.30031800 -110.35427600,34.30025100 -110.35337400,34.30045900 -110.35255000,34.30026300 -110.35197700,34.30025500 -110.35117500,34.30048500 -110.35083600,34.30068800 -110.35014700,34.30129100 -110.34955700,34.30180600 -110.34890000,34.30216200 -110.34864200,34.30235300 -110.34834700,34.30274300 -110.34815700,34.30326400 -110.34806600,34.30397400 -110.34787000,34.30460300 -110.34768700,34.30546200 -110.34752300,34.30587900 -110.34715400,34.30609800 -110.34599300,34.30654300 -110.34560500,34.30720500 -110.34547600,34.30765500 -110.34549000,34.30786000 -110.34566500,34.30827900 -110.34592600,34.30845700 -110.34605200,34.30862300 -110.34612800,34.30921600 -110.34631700,34.30985600 -110.34648400,34.31077700 -110.34650200,34.31131800 -110.34642000,34.31152300 -110.34625700,34.31176000 -110.34610500,34.31188000 -110.34534900,34.31206000 -110.34454600,34.31238100 -110.34423800,34.31255900 -110.34305900,34.31384300 -110.34282600,34.31441000 -110.34271100,34.31497900 -110.34256900,34.31523200 -110.34244700,34.31535100 -110.34223600,34.31548800 -110.34048100,34.31617600 -110.34024700,34.31631900 -110.34013000,34.31642700 -110.34013000,34.31642700 -110.34013000,34.31642700 -110.34013000,34.31642700 -110.33992000,34.31662100 -110.33988500,34.31616700 -110.33973200,34.31590800 -110.33942600,34.31566300 -110.33890700,34.31562500 -110.33845900,34.31563400 -110.33663200,34.31566900 -110.33544700,34.31567800 -110.33491000,34.31558500 -110.33447600,34.31512400 -110.33421300,34.31462300 -110.33420800,34.31409200 -110.33416000,34.31363500 -110.33408400,34.31290000 -110.33391800,34.31229700 -110.33340600,34.31151700 -110.33299000,34.31095900 -110.33229200,34.30988700 -110.33215800,34.30930200 -110.33221200,34.30888100 -110.33262000,34.30761300 -110.33310800,34.30639000 -110.33343000,34.30578300 -110.33351600,34.30530900 -110.33357700,34.30396000 -110.33360000,34.30362500 -110.33362000,34.30331500 -110.33375700,34.30278300 -110.33406800,34.30237800 -110.33437500,34.30210500 -110.33518400,34.30174600 -110.33589700,34.30137000 -110.33632100,34.30102400 -110.33677700,34.30044800 -110.33723400,34.29947400 -110.33722900,34.29947100 -110.33794400,34.29806900 -110.33795800,34.29800800 -110.33830600,34.29663300 -110.33893400,34.29534300 -110.33899300,34.29497000 -110.33917500,34.29462500 -110.33969000,34.29389800 -110.33984500,34.29331300 -110.33982400,34.29294100 -110.33963100,34.29251100 -110.33909500,34.29172600 -110.33897700,34.29138800 -110.33909500,34.29087100 -110.33927100,34.29056500 -110.33962000,34.29028600 -110.34090800,34.28969300 -110.34148200,34.28948800 -110.34175000,34.28935500 -110.34210900,34.28920500 -110.34249600,34.28892100 -110.34283900,34.28854000 -110.34311800,34.28795500 -110.34316100,34.28697100 -110.34306600,34.28660200 -110.34300000,34.28635000 -110.34292500,34.28539300 -110.34289300,34.28458600 -110.34294600,34.28377900 -110.34338200,34.28234200 -110.34475800,34.27950700 -110.34534600,34.27814200 -110.34554000,34.27768800 -110.34584300,34.27629100 -110.34578700,34.27537500 -110.34553900,34.27436700 -110.34550600,34.27423600 -110.34502200,34.27226000 -110.34498600,34.27214500 -110.34497800,34.27184600 -110.34495800,34.27116000 -110.34515000,34.26875500 -110.34509500,34.26706000 -110.34484600,34.26669300 -110.34429400,34.26644100 -110.34338400,34.26607500 -110.34335800,34.26605200 -110.33949300,34.26273300 -110.33874700,34.26222900 -110.33731200,34.26161100 -110.33347700,34.26058100 -110.33220800,34.26032900 -110.33088300,34.25984800 -110.33030400,34.25952700 -110.32980700,34.25902300 -110.32829000,34.25831400 -110.32550400,34.25776400 -110.32269000,34.25765000 -110.32177900,34.25760400 -110.32062100,34.25714600 -110.32004100,34.25694000 -110.31962800,34.25696300 -110.31949600,34.25649000 -110.31949200,34.25646000 -110.31949200,34.25646000 -110.31949200,34.25646000 -110.31949200,34.25646000 -110.31949600,34.25649000 -110.31962800,34.25696300 -110.31874500,34.25712300 -110.31731000,34.25765000 -110.31667600,34.25824500 -110.31416600,34.25934400 -110.31179300,34.25987100 -110.31107600,34.26012300 -110.30983400,34.26076400 -110.30934300,34.26092200 -110.30848300,34.26120000 -110.30674500,34.26204700 -110.30533700,34.26328400 -110.30514400,34.26371900 -110.30520200,34.26499500 -110.30494400,34.26478000 -110.30494400,34.26478000 -110.30494400,34.26478000 -110.30494400,34.26478000 -110.30466000,34.26454300 -110.30431400,34.26406800 -110.30390900,34.26356800 -110.30375400,34.26308000 -110.30349300,34.26220900 -110.30354700,34.26154600 -110.30365200,34.26104500 -110.30393100,34.25834700 -110.30421000,34.25675100 -110.30417300,34.25588300 -110.30434500,34.25540400 -110.30390400,34.25332000 -110.30360400,34.25217500 -110.30340500,34.25135000 -110.30336700,34.25070700 -110.30337700,34.25048100 -110.30337800,34.24991400 -110.30366200,34.24828600 -110.30390300,34.24782400 -110.30406000,34.24726200 -110.30452600,34.24625100 -110.30501400,34.24561200 -110.30544900,34.24508900 -110.30567400,34.24456600 -110.30577800,34.24397600 -110.30589400,34.24339100 -110.30593200,34.24266800 -110.30591400,34.24248600 -110.30597500,34.24149700 -110.30615200,34.24105800 -110.30679000,34.23987000 -110.30687000,34.23958600 -110.30688900,34.23891100 -110.30670400,34.23677200 -110.30661322,34.23543731 -110.30660825,34.23538835 -110.30647800,34.23526600 -110.30610600,34.23505800 -110.30572700,34.23486800 -110.30511500,34.23461700 -110.30411100,34.23420000 -110.30386000,34.23410300 -110.30370300,34.23401600 -110.30357800,34.23394600 -110.30350600,34.23388600 -110.30340600,34.23380800 -110.30330800,34.23372700 -110.30319400,34.23361300 -110.30305557,34.23336311 </coordinates>
</LineString>
</Placemark>
<Placemark>
<name>AZAT-13 Hannagan</name>
<LookAt>
<longitude>-109.39807500</longitude>
<latitude>33.64620700</latitude>
<range>16639</range>
</LookAt>
<styleUrl>#Line_Forest_Service_Rd_level_2_or_higher_0dd5fc_04</styleUrl>
<ExtendedData>
<Data name="Type">
<value>Forest Service Rd level 2 or higher</value>
</Data>
<Data name="Name on GPS">
<value>AZAT13-Hannagan</value>
</Data>
<Data name="Total Distance">
<value>20.8 mi</value>
</Data>
<Data name="Number of Trackpoints">
<value>1329</value>
</Data>
</ExtendedData>
<LineString>
<coordinates>-109.45301200,33.70365100 -109.45296500,33.70349600 -109.45295900,33.70341500 -109.45296700,33.70333500 -109.45299000,33.70325300 -109.45303300,33.70316500 -109.45314000,33.70297900 -109.45321000,33.70288200 -109.45328100,33.70278300 -109.45353000,33.70236600 -109.45358200,33.70225000 -109.45373600,33.70179800 -109.45378000,33.70166800 -109.45387300,33.70141600 -109.45393000,33.70129200 -109.45412800,33.70095300 -109.45433700,33.70065000 -109.45441000,33.70055200 -109.45454900,33.70035800 -109.45459700,33.70025900 -109.45462800,33.70016100 -109.45463800,33.70005800 -109.45461700,33.69996000 -109.45456700,33.69986700 -109.45441400,33.69968900 -109.45432200,33.69959200 -109.45398600,33.69921600 -109.45391000,33.69911200 -109.45384900,33.69900000 -109.45380500,33.69888600 -109.45378500,33.69876600 -109.45377800,33.69865300 -109.45378700,33.69853500 -109.45388200,33.69806500 -109.45393600,33.69784000 -109.45403200,33.69751100 -109.45407300,33.69740300 -109.45411200,33.69729200 -109.45416600,33.69719100 -109.45430800,33.69700300 -109.45439100,33.69691900 -109.45448100,33.69684000 -109.45458100,33.69677100 -109.45481000,33.69665800 -109.45492700,33.69661200 -109.45516700,33.69654000 -109.45528900,33.69652100 -109.45540000,33.69649000 -109.45550100,33.69644600 -109.45558400,33.69638300 -109.45564800,33.69630800 -109.45572800,33.69612400 -109.45573900,33.69602500 -109.45572300,33.69593000 -109.45567500,33.69584200 -109.45529900,33.69544200 -109.45523000,33.69534900 -109.45517600,33.69524800 -109.45514700,33.69514300 -109.45513200,33.69503500 -109.45515400,33.69455500 -109.45513000,33.69443700 -109.45508700,33.69432500 -109.45502100,33.69421400 -109.45493800,33.69410700 -109.45485100,33.69399700 -109.45449800,33.69357000 -109.45405800,33.69310100 -109.45396900,33.69300900 -109.45378500,33.69282600 -109.45367600,33.69275000 -109.45300600,33.69237600 -109.45288400,33.69231300 -109.45252300,33.69211500 -109.45229400,33.69196100 -109.45207100,33.69177900 -109.45188200,33.69158200 -109.45180100,33.69148000 -109.45157800,33.69117500 -109.45149300,33.69107900 -109.45140200,33.69100100 -109.45130100,33.69093000 -109.45097600,33.69075300 -109.45086700,33.69069900 -109.45066000,33.69060100 -109.45058300,33.69053800 -109.45053300,33.69045600 -109.45051100,33.69036700 -109.45051500,33.69027300 -109.45057600,33.69009300 -109.45064500,33.69002100 -109.45072300,33.68995400 -109.45089700,33.68980600 -109.45094000,33.68971600 -109.45096000,33.68961300 -109.45094000,33.68938800 -109.45085800,33.68902400 -109.45083900,33.68889700 -109.45081000,33.68851100 -109.45080900,33.68798000 -109.45082100,33.68770300 -109.45082900,33.68756100 -109.45088000,33.68683400 -109.45093800,33.68624800 -109.45094300,33.68610900 -109.45091200,33.68569500 -109.45064400,33.68488400 -109.45058000,33.68475100 -109.45042600,33.68450300 -109.45006800,33.68403100 -109.44986500,33.68381200 -109.44974300,33.68371200 -109.44961800,33.68361700 -109.44853200,33.68282600 -109.44845600,33.68275700 -109.44839700,33.68267700 -109.44835300,33.68259600 -109.44832700,33.68250500 -109.44831700,33.68240300 -109.44832100,33.68229800 -109.44832800,33.68219600 -109.44836800,33.68210500 -109.44843300,33.68202900 -109.44850800,33.68196800 -109.44859400,33.68192500 -109.44869700,33.68190500 -109.44881200,33.68190200 -109.44906900,33.68193700 -109.44949900,33.68204900 -109.44979400,33.68213800 -109.44994200,33.68218400 -109.45038900,33.68234900 -109.45066100,33.68249500 -109.45118300,33.68279900 -109.45131400,33.68287500 -109.45168200,33.68312500 -109.45203000,33.68341400 -109.45213600,33.68352200 -109.45231600,33.68375600 -109.45239400,33.68387300 -109.45262400,33.68423600 -109.45281700,33.68445900 -109.45293400,33.68456000 -109.45306700,33.68465000 -109.45320900,33.68472600 -109.45336300,33.68478800 -109.45350800,33.68482800 -109.45365000,33.68485100 -109.45380600,33.68486400 -109.45396100,33.68486600 -109.45425600,33.68484800 -109.45440200,33.68483500 -109.45454600,33.68481000 -109.45482700,33.68472500 -109.45495400,33.68465900 -109.45506500,33.68457900 -109.45515400,33.68448700 -109.45523100,33.68438700 -109.45529600,33.68428300 -109.45540000,33.68407200 -109.45544600,33.68385900 -109.45544200,33.68374700 -109.45541500,33.68363000 -109.45526400,33.68315700 -109.45504800,33.68257900 -109.45499800,33.68247000 -109.45469500,33.68167000 -109.45468700,33.68161400 -109.45466100,33.68155500 -109.45464800,33.68154900 -109.45463000,33.68153400 -109.45463200,33.68149400 -109.45464000,33.68146600 -109.45465600,33.68139700 -109.45469700,33.68131000 -109.45485800,33.68113800 -109.45502200,33.68098800 -109.45510200,33.68088600 -109.45523900,33.68065000 -109.45527700,33.68052100 -109.45541100,33.67966900 -109.45541500,33.67952300 -109.45539800,33.67937800 -109.45536900,33.67924200 -109.45527000,33.67900300 -109.45515400,33.67876900 -109.45508300,33.67865700 -109.45500000,33.67855100 -109.45490300,33.67845500 -109.45478900,33.67836000 -109.45467400,33.67827600 -109.45426000,33.67804500 -109.45397900,33.67790700 -109.45355900,33.67772200 -109.45341800,33.67765300 -109.45303400,33.67742100 -109.45257000,33.67711000 -109.45234400,33.67701500 -109.45222900,33.67699100 -109.45182400,33.67698600 -109.45083200,33.67703000 -109.45065900,33.67703900 -109.44965500,33.67712200 -109.44933000,33.67717800 -109.44917000,33.67722200 -109.44901200,33.67727200 -109.44871000,33.67738800 -109.44855600,33.67743500 -109.44839300,33.67747400 -109.44823000,33.67749800 -109.44806900,33.67750800 -109.44790900,33.67749000 -109.44761500,33.67742100 -109.44746500,33.67739000 -109.44731200,33.67737300 -109.44700500,33.67738100 -109.44603800,33.67756500 -109.44586800,33.67759500 -109.44534800,33.67765900 -109.44503800,33.67768600 -109.44490700,33.67768700 -109.44478600,33.67767700 -109.44466700,33.67763900 -109.44455100,33.67757600 -109.44444700,33.67749700 -109.44344000,33.67653100 -109.44332500,33.67641900 -109.44297300,33.67608300 -109.44273100,33.67587600 -109.44224100,33.67555100 -109.44213100,33.67548500 -109.44203000,33.67541900 -109.44194900,33.67534400 -109.44189000,33.67525800 -109.44187300,33.67516600 -109.44189500,33.67507500 -109.44196800,33.67487600 -109.44197800,33.67476700 -109.44196800,33.67466200 -109.44192800,33.67456500 -109.44176800,33.67436700 -109.44153100,33.67414600 -109.44125100,33.67393800 -109.44081500,33.67364600 -109.44067100,33.67355000 -109.44036800,33.67338100 -109.44020700,33.67332200 -109.44004700,33.67328400 -109.43988600,33.67325500 -109.43971400,33.67323700 -109.43918600,33.67320200 -109.43900700,33.67318900 -109.43847200,33.67315400 -109.43811400,33.67312100 -109.43742100,33.67303000 -109.43724700,33.67300500 -109.43673700,33.67291900 -109.43640000,33.67285100 -109.43623600,33.67281000 -109.43575500,33.67265800 -109.43559900,33.67260200 -109.43421000,33.67208600 -109.43405100,33.67202700 -109.43357400,33.67186300 -109.43264300,33.67151900 -109.43249000,33.67146500 -109.43157200,33.67112300 -109.43142200,33.67105500 -109.43112900,33.67088300 -109.43102100,33.67080000 -109.43091400,33.67070900 -109.43081200,33.67060300 -109.43015800,33.66985700 -109.43006500,33.66975300 -109.42987500,33.66953600 -109.42917700,33.66878200 -109.42907300,33.66867300 -109.42816400,33.66768500 -109.42806500,33.66757900 -109.42786800,33.66735000 -109.42750500,33.66689200 -109.42727300,33.66650400 -109.42721300,33.66637200 -109.42716500,33.66624200 -109.42713100,33.66610100 -109.42711700,33.66595900 -109.42713100,33.66583100 -109.42716500,33.66570200 -109.42729700,33.66530800 -109.42733200,33.66517100 -109.42737000,33.66504000 -109.42753900,33.66465600 -109.42761700,33.66453300 -109.42772600,33.66442800 -109.42819300,33.66408100 -109.42831500,33.66400000 -109.42856900,33.66384400 -109.42868300,33.66375500 -109.42930000,33.66319800 -109.42940200,33.66311600 -109.42951100,33.66303100 -109.42960400,33.66293800 -109.42973600,33.66274300 -109.42978700,33.66263700 -109.42982100,33.66253100 -109.42985400,33.66241800 -109.42989700,33.66219000 -109.42992100,33.66207200 -109.42996300,33.66181700 -109.42997100,33.66168300 -109.42995400,33.66140500 -109.42988900,33.66113900 -109.42978600,33.66086400 -109.42972200,33.66073700 -109.42963800,33.66061200 -109.42944300,33.66037900 -109.42897500,33.65993600 -109.42878400,33.65970900 -109.42869500,33.65958300 -109.42845100,33.65918000 -109.42831200,33.65889700 -109.42826600,33.65875600 -109.42823300,33.65861300 -109.42820800,33.65831700 -109.42821100,33.65816300 -109.42820700,33.65801400 -109.42819000,33.65786500 -109.42812200,33.65757700 -109.42785900,33.65691100 -109.42781900,33.65677400 -109.42779200,33.65663700 -109.42773900,33.65622800 -109.42762800,33.65552700 -109.42760000,33.65538100 -109.42753400,33.65512000 -109.42742400,33.65476900 -109.42741200,33.65465900 -109.42742900,33.65455100 -109.42747300,33.65445000 -109.42754100,33.65435000 -109.42761500,33.65424200 -109.42768000,33.65412100 -109.42773500,33.65398600 -109.42778500,33.65385500 -109.42781700,33.65372100 -109.42782700,33.65358800 -109.42782300,33.65344400 -109.42778200,33.65302100 -109.42776800,33.65287900 -109.42769700,33.65244800 -109.42753100,33.65169400 -109.42750300,33.65153400 -109.42748000,33.65138300 -109.42742600,33.65092600 -109.42736400,33.64996900 -109.42736000,33.64981600 -109.42738200,33.64953400 -109.42744400,33.64928600 -109.42775100,33.64860200 -109.42782500,33.64846100 -109.42799000,33.64818900 -109.42808700,33.64805800 -109.42819100,33.64793700 -109.42853900,33.64758100 -109.42877700,33.64737200 -109.42890500,33.64727400 -109.42928200,33.64700500 -109.42939800,33.64690400 -109.42969100,33.64658400 -109.42978200,33.64646400 -109.42985000,33.64634200 -109.42991300,33.64620800 -109.43002800,33.64592500 -109.43010900,33.64564800 -109.43014000,33.64536300 -109.43012300,33.64490300 -109.43011400,33.64474300 -109.43007600,33.64412600 -109.43002000,33.64382700 -109.42989900,33.64340400 -109.42985500,33.64326700 -109.42976100,33.64299400 -109.42972500,33.64283800 -109.42964500,33.64239100 -109.42958600,33.64193800 -109.42957200,33.64178800 -109.42954700,33.64106900 -109.42951100,33.64077100 -109.42946400,33.64048900 -109.42943200,33.64034500 -109.42934700,33.64006000 -109.42900500,33.63908300 -109.42897300,33.63895700 -109.42891000,33.63854000 -109.42890200,33.63822200 -109.42891800,33.63791600 -109.42895500,33.63761600 -109.42897800,33.63746600 -109.42900800,33.63732200 -109.42905300,33.63717900 -109.42911200,33.63703700 -109.42926200,33.63676500 -109.42960700,33.63623400 -109.42969500,33.63609900 -109.43028800,33.63534100 -109.43059600,33.63497900 -109.43069600,33.63485900 -109.43079100,33.63474000 -109.43096500,33.63447400 -109.43104800,33.63434100 -109.43119600,33.63406300 -109.43130800,33.63377500 -109.43134500,33.63362800 -109.43137300,33.63348900 -109.43141200,33.63320100 -109.43143700,33.63290900 -109.43143800,33.63276100 -109.43141700,33.63245400 -109.43137100,33.63215500 -109.43134600,33.63200200 -109.43120000,33.63108600 -109.43119800,33.63094600 -109.43124300,33.63068700 -109.43127900,33.63056500 -109.43138300,33.63032100 -109.43165100,33.62980800 -109.43173300,33.62968300 -109.43192300,33.62945800 -109.43202500,33.62935600 -109.43233600,33.62905600 -109.43254200,33.62883400 -109.43272000,33.62859500 -109.43287200,33.62834500 -109.43292500,33.62821600 -109.43295900,33.62809400 -109.43296700,33.62797500 -109.43294700,33.62784600 -109.43276700,33.62702200 -109.43275400,33.62689200 -109.43276300,33.62677500 -109.43278800,33.62666100 -109.43294100,33.62618100 -109.43297200,33.62589500 -109.43296800,33.62575300 -109.43295700,33.62561400 -109.43286700,33.62493400 -109.43285000,33.62466800 -109.43284800,33.62441100 -109.43285200,33.62428100 -109.43288000,33.62352300 -109.43289200,33.62340000 -109.43292600,33.62328200 -109.43298800,33.62317600 -109.43306200,33.62307700 -109.43315100,33.62298700 -109.43346300,33.62272900 -109.43354400,33.62263300 -109.43361000,33.62253500 -109.43365000,33.62243200 -109.43365900,33.62232700 -109.43365100,33.62222000 -109.43362500,33.62211100 -109.43357000,33.62200500 -109.43348700,33.62189400 -109.43339300,33.62179300 -109.43320100,33.62160900 -109.43279600,33.62124500 -109.43271100,33.62115700 -109.43258000,33.62100500 -109.43244400,33.62079800 -109.43244100,33.62078500 -109.43234300,33.62060600 -109.43229400,33.62049400 -109.43227500,33.62044800 -109.43207300,33.61993800 -109.43201600,33.61982300 -109.43195000,33.61970200 -109.43147900,33.61898700 -109.43141500,33.61886400 -109.43131300,33.61861300 -109.43126500,33.61848400 -109.43114200,33.61812600 -109.43101400,33.61794500 -109.43093700,33.61787900 -109.43084900,33.61782800 -109.43074600,33.61779600 -109.43062700,33.61777700 -109.43049400,33.61777900 -109.43034900,33.61778600 -109.43004600,33.61781800 -109.42974700,33.61787400 -109.42959800,33.61791800 -109.42945500,33.61797400 -109.42919400,33.61810800 -109.42906700,33.61818100 -109.42870700,33.61842700 -109.42858300,33.61850100 -109.42845100,33.61856100 -109.42817300,33.61865400 -109.42802900,33.61866600 -109.42788200,33.61866000 -109.42773900,33.61864800 -109.42759700,33.61863000 -109.42745000,33.61859600 -109.42718500,33.61848700 -109.42694400,33.61833800 -109.42663800,33.61806700 -109.42653900,33.61797400 -109.42634500,33.61780100 -109.42623700,33.61772000 -109.42611600,33.61765100 -109.42598400,33.61758600 -109.42545500,33.61739800 -109.42531700,33.61735000 -109.42503200,33.61726900 -109.42473800,33.61720800 -109.42444000,33.61715800 -109.42403000,33.61711300 -109.42390500,33.61709600 -109.42310400,33.61699100 -109.42280600,33.61693700 -109.42266100,33.61690000 -109.42252400,33.61686200 -109.42239400,33.61681800 -109.42226400,33.61675700 -109.42214400,33.61668400 -109.42182100,33.61645000 -109.42151500,33.61620500 -109.42140600,33.61613200 -109.42129500,33.61607000 -109.42117200,33.61601800 -109.42103900,33.61598200 -109.42090400,33.61597600 -109.42076900,33.61599000 -109.42063100,33.61602100 -109.42023800,33.61614400 -109.42012100,33.61618700 -109.41974600,33.61633400 -109.41947800,33.61640700 -109.41934000,33.61643200 -109.41919800,33.61644300 -109.41905200,33.61644000 -109.41890800,33.61642000 -109.41877000,33.61639300 -109.41833700,33.61629900 -109.41819800,33.61626400 -109.41806300,33.61621600 -109.41779300,33.61609800 -109.41767300,33.61602800 -109.41756600,33.61594500 -109.41747600,33.61585700 -109.41730700,33.61564700 -109.41714900,33.61543100 -109.41700200,33.61519900 -109.41689800,33.61497500 -109.41686900,33.61484900 -109.41686100,33.61472300 -109.41687000,33.61433900 -109.41684800,33.61409700 -109.41681400,33.61398500 -109.41675600,33.61387800 -109.41660100,33.61368000 -109.41650800,33.61358800 -109.41640100,33.61351300 -109.41613100,33.61338600 -109.41524500,33.61310600 -109.41509400,33.61305500 -109.41437800,33.61278500 -109.41424600,33.61271700 -109.41413000,33.61263700 -109.41402700,33.61254600 -109.41394000,33.61245100 -109.41386100,33.61235200 -109.41379900,33.61225200 -109.41375300,33.61214300 -109.41373400,33.61203400 -109.41374000,33.61192700 -109.41376600,33.61182400 -109.41382000,33.61172800 -109.41388800,33.61164000 -109.41406600,33.61147900 -109.41417600,33.61140600 -109.41453400,33.61119100 -109.41464300,33.61110500 -109.41512300,33.61063100 -109.41522200,33.61053400 -109.41543500,33.61035200 -109.41629900,33.60978200 -109.41641700,33.60970600 -109.41651500,33.60962000 -109.41659300,33.60952200 -109.41665700,33.60941500 -109.41670800,33.60930000 -109.41674600,33.60917900 -109.41676400,33.60905600 -109.41675200,33.60893400 -109.41671800,33.60881500 -109.41665900,33.60870500 -109.41658000,33.60860800 -109.41648800,33.60852200 -109.41638000,33.60845300 -109.41625900,33.60839500 -109.41612400,33.60836200 -109.41581900,33.60833800 -109.41534900,33.60834600 -109.41519200,33.60836900 -109.41487400,33.60842300 -109.41455900,33.60845800 -109.41423500,33.60846900 -109.41378000,33.60845100 -109.41363100,33.60843400 -109.41258500,33.60827600 -109.41227400,33.60824300 -109.41211600,33.60823000 -109.41178800,33.60822400 -109.41162600,33.60824800 -109.41134000,33.60833500 -109.41121500,33.60840200 -109.41109800,33.60847900 -109.41089500,33.60865200 -109.41080100,33.60873700 -109.41051300,33.60901700 -109.41040700,33.60910000 -109.41029300,33.60917300 -109.41015900,33.60922400 -109.41001800,33.60926300 -109.40987200,33.60927700 -109.40972500,33.60927400 -109.40958000,33.60926500 -109.40901500,33.60916000 -109.40886700,33.60915100 -109.40871900,33.60915900 -109.40857800,33.60917900 -109.40845100,33.60921600 -109.40834200,33.60927900 -109.40824700,33.60935400 -109.40816400,33.60944200 -109.40810300,33.60954300 -109.40806800,33.60965600 -109.40803100,33.61015800 -109.40800800,33.61028700 -109.40796500,33.61041000 -109.40790600,33.61052900 -109.40774600,33.61076100 -109.40764800,33.61086300 -109.40754200,33.61095300 -109.40742400,33.61103000 -109.40729300,33.61109400 -109.40715100,33.61114000 -109.40700400,33.61117200 -109.40685700,33.61118800 -109.40671400,33.61119300 -109.40657600,33.61118600 -109.40644000,33.61116000 -109.40617600,33.61108900 -109.40549800,33.61079600 -109.40535700,33.61073300 -109.40509900,33.61059600 -109.40487400,33.61044600 -109.40435100,33.61001900 -109.40425400,33.60993200 -109.40397900,33.60964300 -109.40382600,33.60943300 -109.40371500,33.60921400 -109.40364700,33.60899000 -109.40361700,33.60887500 -109.40355100,33.60865400 -109.40350900,33.60854600 -109.40345400,33.60844000 -109.40330900,33.60824700 -109.40312700,33.60808100 -109.40302500,33.60801000 -109.40291500,33.60794600 -109.40245000,33.60774200 -109.40233900,33.60767500 -109.40223800,33.60759600 -109.40215600,33.60750900 -109.40209300,33.60741600 -109.40205200,33.60731900 -109.40203400,33.60720900 -109.40203400,33.60709500 -109.40204800,33.60698100 -109.40225400,33.60615000 -109.40227200,33.60602600 -109.40228000,33.60590200 -109.40227500,33.60578000 -109.40223300,33.60554200 -109.40219300,33.60542600 -109.40214300,33.60531400 -109.40207900,33.60520600 -109.40200400,33.60510400 -109.40191800,33.60501200 -109.40182300,33.60492900 -109.40160800,33.60477900 -109.40136700,33.60465600 -109.40123800,33.60460400 -109.40110600,33.60456100 -109.40097300,33.60453700 -109.40070600,33.60453400 -109.40057400,33.60454200 -109.40044200,33.60457600 -109.39982200,33.60479400 -109.39958600,33.60484700 -109.39946600,33.60485900 -109.39934500,33.60486200 -109.39911100,33.60485000 -109.39899900,33.60483500 -109.39878100,33.60478600 -109.39867400,33.60475200 -109.39857500,33.60470200 -109.39839000,33.60456800 -109.39830300,33.60448600 -109.39804900,33.60422000 -109.39757300,33.60364900 -109.39748700,33.60354700 -109.39731200,33.60334400 -109.39671400,33.60260200 -109.39662900,33.60249500 -109.39655400,33.60238800 -109.39649100,33.60227600 -109.39644200,33.60216100 -109.39641000,33.60204500 -109.39640500,33.60192900 -109.39641400,33.60181200 -109.39646500,33.60146400 -109.39647600,33.60134400 -109.39647500,33.60122600 -109.39645700,33.60111200 -109.39634200,33.60078900 -109.39628000,33.60057200 -109.39626800,33.60046200 -109.39626900,33.60035500 -109.39629300,33.60025000 -109.39638700,33.60006000 -109.39685200,33.59932800 -109.39692200,33.59922500 -109.39698400,33.59912200 -109.39703000,33.59902000 -109.39705700,33.59883700 -109.39704400,33.59875800 -109.39701700,33.59868300 -109.39695600,33.59860200 -109.39677800,33.59844100 -109.39666100,33.59835800 -109.39638300,33.59820800 -109.39623400,33.59814800 -109.39608200,33.59810300 -109.39561100,33.59802200 -109.39530600,33.59799700 -109.39514500,33.59798400 -109.39499200,33.59796600 -109.39485100,33.59793300 -109.39471700,33.59788600 -109.39460200,33.59782900 -109.39429200,33.59761700 -109.39409300,33.59746700 -109.39398600,33.59739000 -109.39366700,33.59716000 -109.39350200,33.59702300 -109.39334900,33.59682500 -109.39332600,33.59676300 -109.39331400,33.59669200 -109.39332100,33.59661500 -109.39342800,33.59631900 -109.39346200,33.59620300 -109.39347800,33.59609300 -109.39347600,33.59598100 -109.39344700,33.59587100 -109.39339100,33.59576200 -109.39330600,33.59566700 -109.39319700,33.59558400 -109.39308000,33.59551100 -109.39294600,33.59545200 -109.39280400,33.59541500 -109.39265800,33.59539500 -109.39250200,33.59538900 -109.39235000,33.59540600 -109.39220400,33.59543700 -109.39206000,33.59549400 -109.39193900,33.59556100 -109.39161900,33.59580500 -109.39135400,33.59594400 -109.39121900,33.59598800 -109.39108100,33.59601500 -109.39078000,33.59604600 -109.39063200,33.59605500 -109.39033300,33.59603700 -109.39005000,33.59597600 -109.38978700,33.59587300 -109.38939800,33.59569100 -109.38927100,33.59562800 -109.38889400,33.59543500 -109.38877800,33.59536200 -109.38867000,33.59528600 -109.38828000,33.59495800 -109.38818500,33.59487300 -109.38779200,33.59451500 -109.38769800,33.59441700 -109.38755400,33.59420900 -109.38749900,33.59409800 -109.38746100,33.59398100 -109.38744500,33.59385800 -109.38745100,33.59373500 -109.38747200,33.59362300 -109.38766500,33.59304400 -109.38770000,33.59292700 -109.38771400,33.59281000 -109.38771000,33.59268900 -109.38769400,33.59257400 -109.38765200,33.59246800 -109.38758000,33.59236800 -109.38747800,33.59227700 -109.38735300,33.59219900 -109.38720000,33.59213800 -109.38702500,33.59210000 -109.38667300,33.59204900 -109.38649600,33.59203000 -109.38483000,33.59184700 -109.38464800,33.59182700 -109.38447200,33.59180300 -109.38430400,33.59176700 -109.38397500,33.59166900 -109.38366600,33.59153900 -109.38351400,33.59146400 -109.38325200,33.59129100 -109.38314000,33.59119500 -109.38305200,33.59108400 -109.38298300,33.59096600 -109.38293100,33.59084500 -109.38289400,33.59071500 -109.38285500,33.59045800 -109.38282500,33.59007300 -109.38281500,33.58994700 -109.38279200,33.58982800 -109.38275200,33.58971400 -109.38267700,33.58961600 -109.38256900,33.58952700 -109.38245500,33.58946300 -109.38232400,33.58942800 -109.38218800,33.58941000 -109.38190200,33.58944600 -109.38175900,33.58947900 -109.38119100,33.58967800 -109.38103600,33.58971700 -109.38087900,33.58973900 -109.38071800,33.58974100 -109.38040100,33.58968800 -109.38023100,33.58965000 -109.38005100,33.58960800 -109.37936800,33.58948300 -109.37920400,33.58946100 -109.37903800,33.58944900 -109.37886900,33.58946100 -109.37870800,33.58949100 -109.37855200,33.58953700 -109.37755800,33.58989300 -109.37706600,33.59002200 -109.37690000,33.59006000 -109.37657000,33.59014300 -109.37640600,33.59017100 -109.37623600,33.59019000 -109.37606300,33.59019500 -109.37589400,33.59018800 -109.37572600,33.59015900 -109.37555800,33.59011000 -109.37539200,33.59004400 -109.37523100,33.58997500 -109.37506700,33.58991400 -109.37489400,33.58986300 -109.37471300,33.58982300 -109.37452900,33.58979700 -109.37362900,33.58976500 -109.37345100,33.58975900 -109.37292300,33.58973600 -109.37258100,33.58969100 -109.37224700,33.58959900 -109.37209000,33.58953700 -109.37193900,33.58946200 -109.37179300,33.58937700 -109.37135900,33.58910700 -109.37105900,33.58896100 -109.37075300,33.58884400 -109.37060000,33.58880300 -109.37044600,33.58877500 -109.37029700,33.58876500 -109.37014800,33.58876300 -109.37000400,33.58877600 -109.36986500,33.58881300 -109.36959900,33.58892200 -109.36907400,33.58919000 -109.36894300,33.58925700 -109.36773100,33.58986700 -109.36759300,33.58993500 -109.36683300,33.59035100 -109.36659200,33.59045900 -109.36646400,33.59049600 -109.36632900,33.59052000 -109.36603900,33.59053400 -109.36588800,33.59052300 -109.36558400,33.59047300 -109.36544000,33.59043400 -109.36530700,33.59038400 -109.36509400,33.59026800 -109.36501100,33.59021600 -109.36482200,33.59007900 -109.36472500,33.58996100 -109.36470500,33.58994000 -109.36464000,33.58984300 -109.36459500,33.58981300 -109.36453700,33.58981100 -109.36448900,33.58983900 -109.36434700,33.59000800 -109.36428300,33.59007500 -109.36404700,33.59033500 -109.36387900,33.59054600 -109.36372000,33.59076300 -109.36357900,33.59099600 -109.36350900,33.59110800 -109.36327800,33.59142400 -109.36304400,33.59171500 -109.36298200,33.59182100 -109.36288300,33.59204600 -109.36284200,33.59215900 -109.36269000,33.59260700 -109.36264200,33.59271300 -109.36258000,33.59281300 -109.36250800,33.59290400 -109.36232600,33.59305000 -109.36224200,33.59312100 -109.36217700,33.59320400 -109.36211900,33.59330300 -109.36207100,33.59341100 -109.36204100,33.59352600 -109.36201900,33.59364300 -109.36201000,33.59376000 -109.36200100,33.59411700 -109.36199200,33.59423800 -109.36196300,33.59447800 -109.36188300,33.59494800 -109.36185600,33.59530300 -109.36184500,33.59542600 -109.36181400,33.59568400 -109.36174800,33.59606900 -109.36167700,33.59631300 -109.36158600,33.59654500 -109.36154000,33.59665500 -109.36144500,33.59686200 -109.36121400,33.59727100 -109.36107400,33.59758000 -109.36103200,33.59767700 -109.36094500,33.59787600 -109.36086900,33.59810400 -109.36083800,33.59833000 -109.36082900,33.59863700 -109.36082900,33.59872800 -109.36082400,33.59894900 -109.36078600,33.59953400 -109.36079100,33.59977900 -109.36079900,33.59990700 -109.36079000,33.60016500 -109.36075200,33.60069200 -109.36067700,33.60107700 -109.36064700,33.60120200 -109.36049800,33.60167500 -109.36039600,33.60188700 -109.36020400,33.60223100 -109.36014300,33.60234500 -109.36002300,33.60258100 -109.35981500,33.60305200 -109.35962300,33.60338100 -109.35956200,33.60349200 -109.35941300,33.60380900 -109.35921600,33.60410600 -109.35913400,33.60420600 -109.35907700,33.60425800 -109.35885300,33.60443700 -109.35828200,33.60486300 -109.35816900,33.60495000 -109.35766100,33.60539600 -109.35732600,33.60577700 -109.35723900,33.60587100 -109.35709300,33.60606800 -109.35664600,33.60682700 -109.35658000,33.60693900 -109.35638700,33.60727600 -109.35625100,33.60748400 -109.35609600,33.60766000 -109.35589800,33.60781000 -109.35579100,33.60788300 -109.35546300,33.60810000 -109.35498500,33.60837900 -109.35487600,33.60846000 -109.35478500,33.60855500 -109.35471500,33.60866000 -109.35466500,33.60877100 -109.35463300,33.60888100 -109.35459100,33.60910500 -109.35457000,33.60933500 -109.35456100,33.60969900 -109.35455400,33.60982300 -109.35453000,33.60994600 -109.35446400,33.61018100 -109.35442900,33.61029400 -109.35438100,33.61039900 -109.35424700,33.61058900 -109.35408500,33.61077100 -109.35399700,33.61084500 -109.35301200,33.61148100 -109.35289100,33.61156100 -109.35241700,33.61186800 -109.35192800,33.61223100 -109.35182600,33.61227700 -109.35160000,33.61231900 -109.35122900,33.61230200 -109.35110000,33.61230700 -109.35097700,33.61232300 -109.35086700,33.61235400 -109.35077600,33.61240400 -109.35071300,33.61247100 -109.35067600,33.61255000 -109.35066800,33.61263700 -109.35068100,33.61273400 -109.35084400,33.61320400 -109.35087700,33.61332600 -109.35089500,33.61344800 -109.35089900,33.61357100 -109.35088700,33.61368900 -109.35084700,33.61379800 -109.35078500,33.61390600 -109.35070500,33.61400900 -109.35061100,33.61410800 -109.35018300,33.61451200 -109.35008100,33.61461600 -109.34987700,33.61482300 -109.34960300,33.61513000 -109.34921100,33.61552500 -109.34911500,33.61563300 -109.34887500,33.61596000 -109.34881600,33.61607000 -109.34878700,33.61618400 -109.34877500,33.61630000 -109.34878700,33.61641300 -109.34883600,33.61663900 -109.34887400,33.61675400 -109.34916800,33.61732200 -109.34924700,33.61756500 -109.34927400,33.61769000 -109.34928900,33.61781600 -109.34929000,33.61794000 -109.34923800,33.61830700 -109.34922600,33.61868000 -109.34919800,33.61906500 -109.34918700,33.61919400 -109.34915000,33.61944800 -109.34904900,33.61981900 -109.34888500,33.62016400 -109.34881000,33.62026900 -109.34872400,33.62036700 -109.34853000,33.62054300 -109.34832500,33.62069900 -109.34796100,33.62088300 -109.34769500,33.62099200 -109.34755300,33.62103600 -109.34713100,33.62115700 -109.34686600,33.62124800 -109.34660300,33.62135900 -109.34635200,33.62149200 -109.34622500,33.62156500 -109.34598700,33.62170900 -109.34587800,33.62179000 -109.34578900,33.62188300 -109.34570800,33.62198300 -109.34559600,33.62219800 -109.34552500,33.62230000 -109.34544100,33.62239200 -109.34534300,33.62247100 -109.34511600,33.62261200 -109.34485600,33.62273100 -109.34416000,33.62295300 -109.34402400,33.62300600 -109.34376800,33.62313900 -109.34365800,33.62321900 -109.34301700,33.62376500 -109.34291100,33.62385600 -109.34262200,33.62414400 -109.34244900,33.62433700 -109.34231400,33.62453300 -109.34219100,33.62474100 -109.34213000,33.62484900 -109.34158000,33.62578000 -109.34151100,33.62588100 -109.34143700,33.62597600 -109.34118500,33.62624500 -109.34074100,33.62667700 -109.34065100,33.62675700 -109.34051000,33.62692400 -109.34046500,33.62701300 -109.34043800,33.62710800 -109.34041100,33.62730800 -109.34042200,33.62750400 -109.34043800,33.62759600 -109.34045400,33.62767700 -109.34052300,33.62786600 -109.34059200,33.62798700 -109.34064100,33.62811500 -109.34065100,33.62815100 -109.34067600,33.62822500 -109.34080600,33.62840700 -109.34122600,33.62884200 -109.34131000,33.62893000 -109.34139400,33.62902200 -109.34152600,33.62922200 -109.34157100,33.62933100 -109.34160400,33.62944200 -109.34162200,33.62955600 -109.34161900,33.62967600 -109.34159200,33.62991400 -109.34158800,33.63003200 -109.34159100,33.63015000 -109.34171500,33.63070700 -109.34176400,33.63105100 -109.34177000,33.63116800 -109.34176200,33.63128600 -109.34173300,33.63140100 -109.34161500,33.63174100 -109.34147900,33.63220200 -109.34144800,33.63231600 -109.34142600,33.63242700 -109.34141400,33.63265000 -109.34142600,33.63299000 -109.34141500,33.63331800 -109.34139700,33.63342200 -109.34134700,33.63363300 -109.34129800,33.63396000 -109.34125100,33.63418000 -109.34121100,33.63428400 -109.34115300,33.63438300 -109.34109200,33.63448100 -109.34104200,33.63458200 -109.34100600,33.63468600 -109.34099400,33.63479100 -109.34100500,33.63489800 -109.34107300,33.63511800 -109.34121000,33.63542900 -109.34125100,33.63552900 -109.34157700,33.63641000 -109.34160700,33.63650800 -109.34176000,33.63708100 -109.34179400,33.63717600 -109.34189300,33.63736100 -109.34195700,33.63745100 -109.34218500,33.63771800 -109.34225700,33.63781900 -109.34257800,33.63833500 -109.34264200,33.63843300 -109.34283500,33.63870800 -109.34299500,33.63889100 -109.34327200,33.63925300 -109.34334200,33.63933700 -109.34342800,33.63941000 -109.34352000,33.63946600 -109.34362000,33.63950400 -109.34396100,33.63958400 -109.34434400,33.63969800 -109.34448000,33.63973500 -109.34501400,33.63986900 -109.34540300,33.63995200 -109.34552300,33.63998900 -109.34563200,33.64004000 -109.34574200,33.64009300 -109.34666100,33.64062200 -109.34674700,33.64067200 -109.34704400,33.64094900 -109.34728600,33.64120300 -109.34748100,33.64136700 -109.34758200,33.64144600 -109.34830100,33.64199500 -109.34852500,33.64212800 -109.34864300,33.64219100 -109.34947400,33.64259000 -109.34971900,33.64266300 -109.34983800,33.64268200 -109.35008700,33.64270600 -109.35074700,33.64274400 -109.35102700,33.64277900 -109.35116400,33.64280000 -109.35158100,33.64287100 -109.35183800,33.64293100 -109.35208700,33.64300200 -109.35233500,33.64309300 -109.35244900,33.64314500 -109.35264900,33.64325700 -109.35273900,33.64332200 -109.35280800,33.64339800 -109.35285200,33.64348300 -109.35288000,33.64357600 -109.35289700,33.64367600 -109.35288900,33.64388600 -109.35287800,33.64399500 -109.35284000,33.64435000 -109.35281900,33.64481900 -109.35279100,33.64504200 -109.35277100,33.64515500 -109.35268500,33.64562600 -109.35265500,33.64574400 -109.35258100,33.64597800 -109.35249600,33.64620500 -109.35244800,33.64631400 -109.35226600,33.64676800 -109.35218800,33.64699500 -109.35211800,33.64731700 -109.35210100,33.64741900 -109.35204700,33.64772000 -109.35190200,33.64838200 -109.35188300,33.64849400 -109.35172200,33.64952100 -109.35170600,33.64963000 -109.35167500,33.64984600 -109.35161800,33.65064000 -109.35161100,33.65075100 -109.35161100,33.65120000 -109.35164000,33.65174700 -109.35164700,33.65185100 -109.35167000,33.65224500 -109.35168500,33.65279300 -109.35168700,33.65290700 -109.35169200,33.65338100 -109.35173200,33.65398900 -109.35175100,33.65410600 -109.35187600,33.65481700 -109.35191000,33.65513700 -109.35190700,33.65524000 -109.35186200,33.65543700 -109.35179200,33.65563300 -109.35164800,33.65588300 -109.35163300,33.65596800 -109.35166600,33.65604800 -109.35171900,33.65611600 -109.35178600,33.65616700 -109.35186500,33.65620400 -109.35195300,33.65621800 -109.35204500,33.65621100 -109.35213700,33.65618300 -109.35232400,33.65610500 -109.35251900,33.65604900 -109.35262000,33.65603200 -109.35296200,33.65600200 -109.35355900,33.65601300 -109.35367400,33.65600500 -109.35379200,33.65598900 -109.35417700,33.65589400 -109.35431300,33.65587200 -109.35456600,33.65584700 -109.35493100,33.65583900 -109.35504900,33.65583700 -109.35541500,33.65583100 -109.35578200,33.65580200 -109.35590100,33.65577500 -109.35613700,33.65569700 -109.35625300,33.65564800 -109.35659100,33.65549300 -109.35681200,33.65542400 -109.35703900,33.65539900 -109.35728100,33.65543200 -109.35740700,33.65545900 -109.35853200,33.65573400 -109.35864500,33.65576600 -109.35885300,33.65584600 -109.35925900,33.65606900 -109.35937500,33.65610200 -109.35949600,33.65611700 -109.35961400,33.65611300 -109.35973400,33.65610100 -109.36035300,33.65598700 -109.36074300,33.65590400 -109.36086400,33.65587000 -109.36097100,33.65582400 -109.36106200,33.65576900 -109.36113200,33.65569900 -109.36118500,33.65561400 -109.36132700,33.65523200 -109.36137200,33.65515100 -109.36143300,33.65508400 -109.36150900,33.65503000 -109.36159500,33.65499500 -109.36168500,33.65497600 -109.36177200,33.65497100 -109.36186400,33.65497900 -109.36196100,33.65500200 -109.36206100,33.65504200 -109.36215500,33.65509800 -109.36223800,33.65516700 -109.36230700,33.65524700 -109.36237000,33.65533800 -109.36246800,33.65554000 -109.36252600,33.65574800 -109.36253900,33.65584700 -109.36253700,33.65594500 -109.36249200,33.65623700 -109.36247500,33.65634100 -109.36243700,33.65666700 -109.36245500,33.65688800 -109.36248200,33.65699700 -109.36258400,33.65730000 -109.36262100,33.65739600 -109.36263300,33.65749900 -109.36262100,33.65760200 -109.36258500,33.65770000 -109.36252600,33.65778800 -109.36245000,33.65786500 -109.36235100,33.65793300 -109.36199500,33.65811700 -109.36187000,33.65818600 -109.36151900,33.65839900 -109.36131300,33.65854900 -109.36113200,33.65870600 -109.36099000,33.65887600 -109.36093600,33.65896800 -109.36085100,33.65916100 -109.36082500,33.65926000 -109.36079600,33.65945000 -109.36076500,33.65977800 -109.36075400,33.65986700 -109.36073600,33.66005000 -109.36073700,33.66013800 -109.36077200,33.66035900 -109.36077200,33.66042800 -109.36075500,33.66049500 -109.36072000,33.66055500 </coordinates>
</LineString>
</Placemark>
<Placemark>
<name>AZAT-14 Balke Cabin</name>
<LookAt>
<longitude>-109.35179450</longitude>
<latitude>33.71668941</latitude>
<range>15040</range>
</LookAt>
<styleUrl>#Line_Forest_Service_Rd_level_2_or_higher_000000_04</styleUrl>
<ExtendedData>
<Data name="Type">
<value>Forest Service Rd level 2 or higher</value>
</Data>
<Data name="Name on GPS">
<value>AZAT14-Balke Cabin</value>
</Data>
<Data name="Total Distance">
<value>15.5 mi</value>
</Data>
<Data name="Number of Trackpoints">
<value>990</value>
</Data>
</ExtendedData>
<LineString>
<coordinates>-109.36091318,33.66094282 -109.36101150,33.66108528 -109.36103600,33.66123700 -109.36103200,33.66142100 -109.36101900,33.66151300 -109.36096400,33.66169800 -109.36091500,33.66178700 -109.36085500,33.66186500 -109.36078600,33.66193600 -109.36061500,33.66205600 -109.36040200,33.66213700 -109.36027800,33.66217200 -109.36002200,33.66223500 -109.35938500,33.66236300 -109.35915700,33.66242400 -109.35906600,33.66247500 -109.35898900,33.66254900 -109.35894700,33.66264200 -109.35888800,33.66307300 -109.35889500,33.66317900 -109.35896100,33.66339700 -109.35902400,33.66349200 -109.35911100,33.66357400 -109.35921000,33.66364300 -109.35963900,33.66390800 -109.35994100,33.66411700 -109.36003300,33.66419100 -109.36018400,33.66435900 -109.36023300,33.66445700 -109.36027000,33.66455900 -109.36029900,33.66477300 -109.36030700,33.66510300 -109.36030600,33.66521700 -109.36031700,33.66555500 -109.36037600,33.66600300 -109.36038100,33.66622700 -109.36038300,33.66634100 -109.36038500,33.66645000 -109.36040100,33.66654700 -109.36044800,33.66664300 -109.36052100,33.66672700 -109.36061000,33.66679000 -109.36071400,33.66683700 -109.36104800,33.66695200 -109.36115400,33.66699900 -109.36125400,33.66705500 -109.36134800,33.66712500 -109.36142700,33.66721000 -109.36149600,33.66730200 -109.36160100,33.66749900 -109.36163200,33.66759900 -109.36164700,33.66769600 -109.36169200,33.66777800 -109.36174900,33.66784800 -109.36182800,33.66790500 -109.36204100,33.66797600 -109.36277300,33.66810900 -109.36288900,33.66813000 -109.36322100,33.66818100 -109.36343300,33.66823000 -109.36353900,33.66826400 -109.36385100,33.66840000 -109.36394700,33.66845300 -109.36432300,33.66867900 -109.36476300,33.66901800 -109.36485200,33.66908900 -109.36508300,33.66932000 -109.36551700,33.66986500 -109.36559600,33.66996500 -109.36590400,33.67036400 -109.36611500,33.67065600 -109.36618400,33.67074300 -109.36626200,33.67081700 -109.36635600,33.67087600 -109.36646300,33.67092000 -109.36657800,33.67095100 -109.36745300,33.67111000 -109.36758300,33.67113400 -109.36882300,33.67140100 -109.36896300,33.67143000 -109.36949600,33.67151900 -109.36988600,33.67155900 -109.37014100,33.67157200 -109.37026600,33.67157900 -109.37063600,33.67160300 -109.37076100,33.67162400 -109.37110400,33.67171900 -109.37132900,33.67180900 -109.37143800,33.67186400 -109.37176300,33.67203900 -109.37210900,33.67224000 -109.37223300,33.67230100 -109.37247800,33.67238500 -109.37260200,33.67241200 -109.37296900,33.67246600 -109.37348200,33.67251000 -109.37372600,33.67255400 -109.37384300,33.67258400 -109.37395700,33.67261200 -109.37406300,33.67265200 -109.37416200,33.67270600 -109.37432500,33.67284300 -109.37464200,33.67313700 -109.37472700,33.67320700 -109.37505800,33.67345500 -109.37544800,33.67372000 -109.37552700,33.67376600 -109.37570400,33.67383800 -109.37638200,33.67407300 -109.37648900,33.67410900 -109.37671200,33.67416500 -109.37694400,33.67420000 -109.37730300,33.67423700 -109.37754000,33.67423000 -109.37764800,33.67421400 -109.37796300,33.67414600 -109.37815500,33.67408700 -109.37833400,33.67401800 -109.37851800,33.67397000 -109.37861000,33.67395600 -109.37880100,33.67394000 -109.37906800,33.67395000 -109.37923800,33.67398100 -109.37940700,33.67404500 -109.37949400,33.67408300 -109.37965100,33.67418600 -109.37971700,33.67425000 -109.37976700,33.67432200 -109.37984600,33.67448200 -109.37995400,33.67474100 -109.37998000,33.67483800 -109.37999300,33.67494300 -109.37998100,33.67522200 -109.37995300,33.67529900 -109.37986800,33.67545300 -109.37984100,33.67554500 -109.37983700,33.67564100 -109.37984200,33.67573800 -109.37984500,33.67583400 -109.37986100,33.67592400 -109.37995300,33.67626400 -109.38001400,33.67641100 -109.38007100,33.67648200 -109.38013700,33.67653500 -109.38066100,33.67696000 -109.38071900,33.67700500 -109.38081700,33.67710700 -109.38091500,33.67723300 -109.38112900,33.67757400 -109.38117100,33.67765000 -109.38140200,33.67826000 -109.38151200,33.67844400 -109.38157600,33.67853600 -109.38168200,33.67870800 -109.38172000,33.67878900 -109.38177700,33.67895500 -109.38179100,33.67903800 -109.38178500,33.67912200 -109.38173700,33.67928700 -109.38170600,33.67937000 -109.38169300,33.67945600 -109.38171200,33.67954100 -109.38174200,33.67962300 -109.38189800,33.67994200 -109.38196600,33.68010700 -109.38200300,33.68019200 -109.38202900,33.68028100 -109.38201300,33.68046800 -109.38185200,33.68107100 -109.38182900,33.68116600 -109.38186100,33.68124700 -109.38191500,33.68132900 -109.38206400,33.68148400 -109.38249400,33.68177800 -109.38259400,33.68184600 -109.38290600,33.68203900 -109.38351200,33.68235800 -109.38360900,33.68241100 -109.38378700,33.68252800 -109.38395500,33.68265800 -109.38433000,33.68299100 -109.38438100,33.68306800 -109.38456300,33.68380100 -109.38460400,33.68401800 -109.38461500,33.68412200 -109.38462700,33.68422300 -109.38467700,33.68440600 -109.38471200,33.68449000 -109.38491000,33.68487000 -109.38496300,33.68493900 -109.38512400,33.68513300 -109.38517300,33.68521000 -109.38530300,33.68545300 -109.38535400,33.68563800 -109.38538700,33.68573300 -109.38552100,33.68610000 -109.38556700,33.68629100 -109.38554600,33.68656900 -109.38553000,33.68665600 -109.38551300,33.68673700 -109.38551000,33.68682100 -109.38553500,33.68691700 -109.38558400,33.68700200 -109.38565500,33.68707800 -109.38581900,33.68721400 -109.38600700,33.68732600 -109.38609800,33.68738600 -109.38636900,33.68759600 -109.38673300,33.68782700 -109.38690900,33.68795700 -109.38699500,33.68802600 -109.38774700,33.68857300 -109.38782100,33.68863000 -109.38824100,33.68895600 -109.38847500,33.68912400 -109.38855100,33.68918000 -109.38870400,33.68929300 -109.38886000,33.68939200 -109.38911400,33.68953100 -109.38931000,33.68961700 -109.38941600,33.68965400 -109.38995400,33.68982000 -109.39038800,33.68992000 -109.39049400,33.68994000 -109.39059600,33.68996500 -109.39089400,33.69000800 -109.39139600,33.69014300 -109.39149800,33.69017200 -109.39159800,33.69021300 -109.39169000,33.69026200 -109.39192900,33.69041000 -109.39222100,33.69061100 -109.39229300,33.69067000 -109.39246100,33.69085700 -109.39254500,33.69099200 -109.39257800,33.69106700 -109.39259300,33.69114700 -109.39258800,33.69132500 -109.39256100,33.69141400 -109.39248600,33.69159700 -109.39229400,33.69200000 -109.39223200,33.69216200 -109.39220000,33.69224400 -109.39213600,33.69240200 -109.39199000,33.69283300 -109.39191900,33.69300100 -109.39188100,33.69308300 -109.39180500,33.69324100 -109.39166900,33.69334900 -109.39158300,33.69338400 -109.39116900,33.69346300 -109.39106000,33.69349900 -109.39095700,33.69354100 -109.39086700,33.69359800 -109.39050200,33.69391900 -109.39033400,33.69404200 -109.39024600,33.69410600 -109.39015700,33.69417200 -109.39007500,33.69424900 -109.39001900,33.69433500 -109.38998000,33.69442800 -109.38995800,33.69452600 -109.38997000,33.69462000 -109.38999400,33.69470900 -109.39006900,33.69488400 -109.39010900,33.69496500 -109.39036500,33.69543600 -109.39044700,33.69568100 -109.39047100,33.69576200 -109.39052500,33.69602300 -109.39060400,33.69619200 -109.39066300,33.69625800 -109.39073200,33.69630900 -109.39092900,33.69637100 -109.39103000,33.69639400 -109.39164400,33.69650900 -109.39173600,33.69653300 -109.39189200,33.69660900 -109.39197000,33.69665500 -109.39229500,33.69686000 -109.39237200,33.69692600 -109.39262100,33.69724100 -109.39268100,33.69732100 -109.39303000,33.69777900 -109.39315300,33.69791900 -109.39322100,33.69798300 -109.39329000,33.69804500 -109.39357000,33.69828300 -109.39378600,33.69844000 -109.39393700,33.69853700 -109.39401200,33.69858200 -109.39423700,33.69872800 -109.39455700,33.69911400 -109.39461000,33.69917400 -109.39482600,33.69938300 -109.39486900,33.69944100 -109.39491800,33.69958000 -109.39494000,33.69972600 -109.39494900,33.69980500 -109.39497600,33.69995900 -109.39504200,33.70010000 -109.39515300,33.70024500 -109.39535400,33.70044500 -109.39541600,33.70050300 -109.39561500,33.70065400 -109.39583500,33.70078500 -109.39606100,33.70087600 -109.39614100,33.70090600 -109.39649800,33.70110400 -109.39674900,33.70127500 -109.39681600,33.70132200 -109.39694000,33.70141900 -109.39699400,33.70147600 -109.39728600,33.70183300 -109.39733300,33.70188800 -109.39743900,33.70198900 -109.39779800,33.70225600 -109.39786100,33.70231900 -109.39790700,33.70238500 -109.39794100,33.70245300 -109.39796200,33.70252200 -109.39796800,33.70259000 -109.39796000,33.70266100 -109.39793400,33.70273400 -109.39790100,33.70280500 -109.39784700,33.70287600 -109.39773900,33.70299900 -109.39767200,33.70305900 -109.39760300,33.70311500 -109.39731200,33.70333300 -109.39722900,33.70337700 -109.39687200,33.70353200 -109.39678600,33.70357100 -109.39631200,33.70375900 -109.39611000,33.70379000 -109.39591100,33.70378800 -109.39581600,33.70377200 -109.39553800,33.70371800 -109.39501000,33.70354000 -109.39491400,33.70350500 -109.39482600,33.70347100 -109.39473300,33.70345000 -109.39464600,33.70344800 -109.39456600,33.70347300 -109.39449300,33.70351000 -109.39442900,33.70355900 -109.39426300,33.70372500 -109.39420600,33.70378800 -109.39397200,33.70406900 -109.39373000,33.70444300 -109.39367600,33.70451200 -109.39348300,33.70472600 -109.39326000,33.70494800 -109.39306300,33.70521500 -109.39300300,33.70530600 -109.39288300,33.70547900 -109.39266000,33.70571000 -109.39237100,33.70603400 -109.39229400,33.70611000 -109.39205300,33.70632600 -109.39197500,33.70638900 -109.39180600,33.70649800 -109.39172200,33.70654000 -109.39162800,33.70656500 -109.39153000,33.70657200 -109.39143800,33.70656400 -109.39134700,33.70653600 -109.39126100,33.70649400 -109.39117800,33.70643700 -109.39110700,33.70636800 -109.39099800,33.70621000 -109.39088400,33.70597200 -109.39084800,33.70589600 -109.39048800,33.70515500 -109.39044300,33.70507100 -109.39033900,33.70490800 -109.39005400,33.70451100 -109.38996700,33.70434300 -109.38993000,33.70425900 -109.38962000,33.70348200 -109.38958600,33.70340500 -109.38955300,33.70332900 -109.38945100,33.70319100 -109.38905900,33.70283000 -109.38898200,33.70277400 -109.38849200,33.70244500 -109.38825300,33.70227300 -109.38817700,33.70221600 -109.38780800,33.70192300 -109.38753500,33.70166100 -109.38746000,33.70159200 -109.38724100,33.70138500 -109.38685600,33.70098900 -109.38678900,33.70093000 -109.38664600,33.70083100 -109.38656500,33.70080100 -109.38647900,33.70079700 -109.38640900,33.70081600 -109.38635500,33.70086400 -109.38631000,33.70093500 -109.38630000,33.70102200 -109.38631300,33.70110700 -109.38634900,33.70118600 -109.38655700,33.70149600 -109.38676800,33.70194100 -109.38680400,33.70202800 -109.38691800,33.70228400 -109.38718400,33.70280900 -109.38723100,33.70290300 -109.38749900,33.70341100 -109.38760400,33.70367100 -109.38762500,33.70376900 -109.38764600,33.70395600 -109.38765300,33.70414300 -109.38764100,33.70433700 -109.38761700,33.70451500 -109.38761700,33.70460100 -109.38762700,33.70469300 -109.38766500,33.70487400 -109.38779900,33.70530100 -109.38784300,33.70547100 -109.38785800,33.70555100 -109.38791300,33.70597900 -109.38793200,33.70634500 -109.38793500,33.70644000 -109.38793000,33.70661700 -109.38786100,33.70706500 -109.38789200,33.70722300 -109.38791500,33.70730100 -109.38798600,33.70752600 -109.38804500,33.70775900 -109.38804300,33.70801600 -109.38804200,33.70810400 -109.38792400,33.70895200 -109.38790700,33.70904300 -109.38786500,33.70931400 -109.38781900,33.70986700 -109.38780800,33.70995600 -109.38778200,33.71013600 -109.38762700,33.71075800 -109.38759800,33.71084800 -109.38746900,33.71120700 -109.38729000,33.71162500 -109.38725500,33.71170400 -109.38721700,33.71178500 -109.38716700,33.71186200 -109.38707300,33.71200300 -109.38701800,33.71206400 -109.38694300,33.71211100 -109.38686700,33.71213500 -109.38678700,33.71213100 -109.38670700,33.71210000 -109.38664500,33.71204500 -109.38659400,33.71197200 -109.38647100,33.71143300 -109.38641800,33.71125300 -109.38638300,33.71116500 -109.38610300,33.71057900 -109.38601500,33.71041400 -109.38597200,33.71033300 -109.38587600,33.71017600 -109.38568600,33.70991300 -109.38556900,33.70981300 -109.38549100,33.70978900 -109.38540700,33.70979200 -109.38533700,33.70982000 -109.38530500,33.70987400 -109.38531800,33.70994400 -109.38542600,33.71017600 -109.38545500,33.71026600 -109.38545700,33.71046000 -109.38544900,33.71055700 -109.38535900,33.71105100 -109.38531800,33.71135000 -109.38528600,33.71144600 -109.38524300,33.71153700 -109.38509200,33.71180000 -109.38502800,33.71188600 -109.38495800,33.71196000 -109.38479600,33.71208600 -109.38461500,33.71219800 -109.38452200,33.71225300 -109.38433500,33.71236300 -109.38413200,33.71246200 -109.38359500,33.71263600 -109.38348200,33.71267000 -109.38302800,33.71280200 -109.38246000,33.71288600 -109.38234800,33.71290000 -109.38223700,33.71291200 -109.38201100,33.71291900 -109.38165000,33.71291200 -109.38126200,33.71284800 -109.38113200,33.71282500 -109.38036400,33.71276600 -109.38024000,33.71274500 -109.38000600,33.71268100 -109.37989600,33.71266200 -109.37966600,33.71267100 -109.37955500,33.71268900 -109.37920400,33.71282400 -109.37883700,33.71294400 -109.37871600,33.71298300 -109.37810100,33.71316500 -109.37784400,33.71320500 -109.37757500,33.71321500 -109.37744100,33.71321400 -109.37717000,33.71321500 -109.37690400,33.71323500 -109.37665500,33.71327000 -109.37630000,33.71334500 -109.37618500,33.71336900 -109.37523500,33.71358000 -109.37512600,33.71361000 -109.37493000,33.71371300 -109.37459900,33.71397100 -109.37450800,33.71402300 -109.37430600,33.71410100 -109.37420700,33.71413300 -109.37399500,33.71419900 -109.37377900,33.71428000 -109.37348500,33.71441900 -109.37330600,33.71452900 -109.37322400,33.71458200 -109.37298200,33.71474400 -109.37281500,33.71483500 -109.37265000,33.71490800 -109.37247000,33.71496800 -109.37237000,33.71499200 -109.37173900,33.71517000 -109.37152200,33.71519900 -109.37141600,33.71520300 -109.37131000,33.71519900 -109.37108300,33.71517900 -109.37043000,33.71509800 -109.37032500,33.71507500 -109.37021800,33.71504700 -109.37002500,33.71496700 -109.36958600,33.71470200 -109.36942100,33.71462800 -109.36933900,33.71461700 -109.36919400,33.71462900 -109.36913200,33.71464700 -109.36908200,33.71467600 -109.36894200,33.71481900 -109.36893100,33.71486700 -109.36893700,33.71493100 -109.36898500,33.71509600 -109.36921100,33.71568900 -109.36923700,33.71579600 -109.36925200,33.71590700 -109.36928400,33.71612100 -109.36935300,33.71645500 -109.36949400,33.71689000 -109.36952900,33.71699100 -109.36958500,33.71719300 -109.36960200,33.71730000 -109.36961100,33.71741000 -109.36958700,33.71763800 -109.36954200,33.71774900 -109.36947700,33.71785700 -109.36939700,33.71796000 -109.36931600,33.71805900 -109.36924300,33.71816200 -109.36907700,33.71835700 -109.36888300,33.71855000 -109.36865400,33.71872300 -109.36842600,33.71886500 -109.36830400,33.71892200 -109.36805900,33.71900800 -109.36751900,33.71914000 -109.36712500,33.71924800 -109.36699700,33.71928500 -109.36583000,33.71961600 -109.36570500,33.71965100 -109.36505800,33.71985100 -109.36463600,33.71992800 -109.36449500,33.71993700 -109.36435200,33.71993300 -109.36420600,33.71991300 -109.36406700,33.71987900 -109.36335900,33.71967200 -109.36306000,33.71957200 -109.36290700,33.71952600 -109.36153100,33.71910500 -109.36138500,33.71905700 -109.36109400,33.71896000 -109.36079900,33.71888000 -109.36022500,33.71876400 -109.36009300,33.71875300 -109.35996100,33.71874500 -109.35941600,33.71873500 -109.35904500,33.71874400 -109.35880800,33.71873800 -109.35868700,33.71873600 -109.35768900,33.71873400 -109.35758100,33.71873100 -109.35659400,33.71870500 -109.35648100,33.71870000 -109.35580100,33.71865600 -109.35546900,33.71865600 -109.35536200,33.71865300 -109.35437200,33.71862200 -109.35426600,33.71862100 -109.35404100,33.71863100 -109.35392300,33.71865000 -109.35349500,33.71875400 -109.35329800,33.71883700 -109.35321300,33.71889100 -109.35297800,33.71907400 -109.35254400,33.71949300 -109.35247200,33.71956300 -109.35183200,33.72018300 -109.35176300,33.72025000 -109.35148100,33.72050800 -109.35115300,33.72083000 -109.35108600,33.72089400 -109.35048000,33.72148100 -109.35041300,33.72155000 -109.35007700,33.72186300 -109.34985900,33.72208300 -109.34980700,33.72213400 -109.34969100,33.72224600 -109.34961000,33.72236300 -109.34959900,33.72237600 -109.34946300,33.72252200 -109.34944300,33.72254000 -109.34926700,33.72269400 -109.34924200,33.72271400 -109.34909700,33.72286400 -109.34909700,33.72286400 -109.34885800,33.72311200 -109.34884100,33.72313100 -109.34871800,33.72326100 -109.34871800,33.72326100 -109.34853300,33.72342000 -109.34851900,33.72343500 -109.34840300,33.72357000 -109.34827300,33.72369600 -109.34822000,33.72374600 -109.34763400,33.72429100 -109.34756300,33.72435900 -109.34703400,33.72488700 -109.34699000,33.72493300 -109.34683700,33.72510800 -109.34633614,33.72557932 -109.34624700,33.72566800 -109.34614200,33.72577400 -109.34519100,33.72672800 -109.34508400,33.72683300 -109.34409600,33.72779700 -109.34397900,33.72791100 -109.34325600,33.72860500 -109.34291800,33.72896800 -109.34282000,33.72909500 -109.34265000,33.72935900 -109.34258200,33.72949300 -109.34252700,33.72963200 -109.34244600,33.72990700 -109.34237700,33.73032500 -109.34236100,33.73046200 -109.34225700,33.73164700 -109.34224600,33.73177300 -109.34214400,33.73290000 -109.34213300,33.73302900 -109.34209700,33.73341400 -109.34204200,33.73421900 -109.34203100,33.73435500 -109.34191600,33.73548100 -109.34190600,33.73559700 -109.34190100,33.73583000 -109.34195500,33.73615800 -109.34201500,33.73638600 -109.34210300,33.73659700 -109.34215000,33.73669700 -109.34220700,33.73679900 -109.34235900,33.73701300 -109.34251900,33.73720300 -109.34261000,33.73729100 -109.34294000,33.73753200 -109.34306100,33.73761400 -109.34331900,33.73777100 -109.34424000,33.73837600 -109.34437200,33.73846200 -109.34504300,33.73888200 -109.34556400,33.73922400 -109.34569800,33.73930800 -109.34689300,33.74006100 -109.34704800,33.74015900 -109.34838000,33.74097700 -109.34851900,33.74106300 -109.34930500,33.74158500 -109.34966200,33.74186000 -109.34977200,33.74195600 -109.34997500,33.74216800 -109.35024200,33.74250600 -109.35039600,33.74274000 -109.35052600,33.74297500 -109.35058200,33.74309500 -109.35068100,33.74334000 -109.35075900,33.74359200 -109.35087000,33.74399100 -109.35093200,33.74425900 -109.35096100,33.74439700 -109.35120500,33.74560300 -109.35123000,33.74572900 -109.35146200,33.74688200 -109.35149400,33.74700700 -109.35169700,33.74790300 -109.35174600,33.74816600 -109.35177100,33.74829200 -109.35201200,33.74941800 -109.35203800,33.74954300 -109.35215300,33.75003500 -109.35221700,33.75026600 -109.35232600,33.75060200 -109.35236300,33.75070300 -109.35253700,33.75120600 -109.35257700,33.75135600 -109.35259100,33.75140700 -109.35268000,33.75168700 -109.35294200,33.75226800 -109.35299700,33.75238700 -109.35333300,33.75306600 -109.35351300,33.75339300 -109.35357200,33.75349600 -109.35375100,33.75381900 -109.35387900,33.75402900 -109.35410800,33.75436100 -109.35416800,33.75444900 -109.35462700,33.75506600 -109.35465800,33.75511000 -109.35474300,33.75524000 -109.35474400,33.75529000 -109.35470400,33.75533000 -109.35464900,33.75535700 -109.35458500,33.75536400 -109.35446100,33.75534900 -109.35439400,33.75534500 -109.35423200,33.75536400 -109.35404600,33.75542000 -109.35356200,33.75564500 -109.35346300,33.75569000 -109.35327200,33.75578700 -109.35312000,33.75587600 -109.35275400,33.75605600 -109.35265200,33.75609900 -109.35230700,33.75624900 -109.35196600,33.75641100 -109.35164400,33.75658900 -109.35155400,33.75666500 -109.35112000,33.75706000 -109.35075500,33.75736000 -109.35067100,33.75744100 -109.35027600,33.75792400 -109.35015200,33.75814700 -109.35010900,33.75822200 -109.34994500,33.75850600 -109.34978300,33.75885800 -109.34976700,33.75890400 -109.34974308,33.75900122 -109.34973800,33.75900900 -109.34966800,33.75911800 -109.34955700,33.75922400 -109.34942600,33.75940000 -109.34937900,33.75946900 -109.34915700,33.75976700 -109.34884700,33.76026900 -109.34877600,33.76037800 -109.34866500,33.76059500 -109.34850700,33.76094100 -109.34843000,33.76104600 -109.34833800,33.76114800 -109.34823600,33.76123100 -109.34811700,33.76129400 -109.34799600,33.76133900 -109.34787400,33.76137100 -109.34775100,33.76139000 -109.34749600,33.76136000 -109.34736900,33.76131900 -109.34725300,33.76125700 -109.34692300,33.76104400 -109.34681100,33.76097000 -109.34669000,33.76090500 -109.34657000,33.76086100 -109.34644800,33.76082900 -109.34632100,33.76081400 -109.34619600,33.76081800 -109.34593700,33.76085400 -109.34569700,33.76091300 -109.34557700,33.76094700 -109.34532100,33.76101200 -109.34506800,33.76102900 -109.34467200,33.76099400 -109.34437900,33.76093900 -109.34423700,33.76090100 -109.34383600,33.76077200 -109.34359300,33.76067400 -109.34325900,33.76051700 -109.34314200,33.76047700 -109.34302100,33.76045600 -109.34290100,33.76045400 -109.34277700,33.76047100 -109.34265000,33.76052800 -109.34241100,33.76067100 -109.34189500,33.76101300 -109.34176600,33.76109800 -109.34099700,33.76157200 -109.34064600,33.76181200 -109.34053000,33.76189000 -109.34007000,33.76220700 -109.33952100,33.76255900 -109.33940600,33.76264200 -109.33864100,33.76319000 -109.33839000,33.76334300 -109.33826700,33.76341600 -109.33802200,33.76354500 -109.33764700,33.76371500 -109.33739500,33.76381100 -109.33715500,33.76388000 -109.33703200,33.76390700 -109.33677100,33.76396800 -109.33649600,33.76401300 -109.33622300,33.76403300 -109.33586000,33.76403200 -109.33573100,33.76401600 -109.33533100,33.76392200 -109.33509100,33.76385000 -109.33497800,33.76380500 -109.33488300,33.76375300 -109.33480200,33.76367900 -109.33473100,33.76359100 -109.33466300,33.76349300 -109.33447100,33.76317500 -109.33418200,33.76260400 -109.33411900,33.76250200 -109.33404800,33.76240900 -109.33384200,33.76226900 -109.33359300,33.76220000 -109.33347500,33.76219400 -109.33334800,33.76220800 -109.33321400,33.76223400 -109.33295700,33.76231200 -109.33283600,33.76236100 -109.33245500,33.76251500 -109.33208400,33.76268500 -109.33183400,33.76276500 -109.33170500,33.76278800 -109.33157600,33.76279100 -109.33144800,33.76277300 -109.33120800,33.76267600 -109.33110400,33.76261000 -109.33084300,33.76237500 -109.33065300,33.76223100 -109.33054400,33.76217700 -109.33043700,33.76213600 -109.33031800,33.76211300 -109.32975700,33.76206700 -109.32960900,33.76203100 -109.32931300,33.76192800 -109.32916900,33.76187000 -109.32874900,33.76170500 -109.32835600,33.76163700 -109.32823700,33.76162700 -109.32799300,33.76162600 -109.32786100,33.76163700 -109.32718600,33.76170900 -109.32661100,33.76175700 -109.32646600,33.76176600 -109.32618700,33.76178300 -109.32566100,33.76183200 -109.32525700,33.76187900 -109.32513800,33.76191100 -109.32489600,33.76199700 -109.32477200,33.76205300 -109.32457200,33.76219100 -109.32449100,33.76226600 -109.32442600,33.76234600 -109.32430500,33.76252800 -109.32424700,33.76261200 -109.32412900,33.76279100 -109.32407800,33.76288400 -109.32399000,33.76308700 -109.32392700,33.76319600 -109.32386400,33.76327700 -109.32378600,33.76334100 -109.32369900,33.76339300 -109.32360500,33.76342900 -109.32350400,33.76344700 -109.32339700,33.76344500 -109.32317400,33.76340000 -109.32305200,33.76336500 -109.32282000,33.76326400 -109.32261200,33.76313900 -109.32251600,33.76306600 -109.32205600,33.76267300 -109.32186300,33.76253100 -109.32167000,33.76240500 -109.32156200,33.76234200 -109.32135400,33.76222500 -109.32112500,33.76212900 -109.32101100,33.76210900 -109.32076300,33.76208700 -109.32051500,33.76208300 -109.32039600,33.76209000 -109.31993300,33.76213700 -109.31971900,33.76218100 -109.31962700,33.76220900 -109.31943300,33.76230700 -109.31934300,33.76236900 -109.31925800,33.76242900 -109.31911900,33.76256200 -109.31901000,33.76272000 -109.31897500,33.76280900 -109.31896200,33.76290500 -109.31895900,33.76310400 -109.31896700,33.76320400 -109.31902500,33.76365800 -109.31908900,33.76403900 -109.31910300,33.76413500 -109.31921400,33.76472300 -109.31921300,33.76481500 -109.31917500,33.76489300 -109.31911800,33.76495900 -109.31905200,33.76502300 -109.31897300,33.76508000 -109.31865400,33.76523100 -109.31801400,33.76548300 -109.31788500,33.76551300 -109.31762400,33.76555300 -109.31737400,33.76556300 -109.31724900,33.76555200 -109.31672500,33.76546900 -109.31658900,33.76544400 -109.31578500,33.76531600 -109.31565500,33.76530200 -109.31540300,33.76530600 -109.31527900,33.76532700 -109.31505100,33.76541000 -109.31483300,33.76551700 -109.31428000,33.76587100 -109.31417200,33.76594300 -109.31373600,33.76622900 -109.31351600,33.76636000 -109.31313600,33.76653200 -109.31299900,33.76657700 -109.31272300,33.76665000 -109.31258900,33.76668000 -109.31232700,33.76672000 -109.31219500,33.76675700 -109.31206700,33.76680600 -109.31183200,33.76695200 -109.31173100,33.76702500 -109.31155200,33.76718300 -109.31099100,33.76774200 -109.31090300,33.76781900 -109.31061400,33.76803400 -109.31010900,33.76829400 -109.31002300,33.76835200 -109.30994600,33.76841900 -109.30978900,33.76857200 -109.30969900,33.76862900 -109.30960000,33.76867600 -109.30949100,33.76869900 -109.30937900,33.76870500 -109.30900100,33.76870800 -109.30887200,33.76871100 -109.30832900,33.76873000 -109.30815000,33.76874100 -109.30800200,33.76876100 -109.30791900,33.76878300 -109.30773700,33.76885500 -109.30765500,33.76889700 -109.30752000,33.76898700 -109.30739100,33.76910200 -109.30727000,33.76924400 -109.30721000,33.76932400 -109.30674300,33.76998800 -109.30662300,33.77020000 -109.30656800,33.77030600 -109.30644700,33.77052000 -109.30637500,33.77062700 -109.30612200,33.77089600 -109.30592000,33.77119600 -109.30586800,33.77128700 -109.30582600,33.77139200 -109.30572300,33.77173800 -109.30567900,33.77197900 -109.30564900,33.77232600 -109.30562100,33.77243600 </coordinates>
</LineString>
</Placemark>
<Placemark>
<name>AZAT-15 Johns Canyon</name>
<LookAt>
<longitude>-109.22607975</longitude>
<latitude>33.81581750</latitude>
<range>17594</range>
</LookAt>
<styleUrl>#Line_Forest_Service_Rd_level_2_or_higher_0dd5fc_04</styleUrl>
<ExtendedData>
<Data name="Type">
<value>Forest Service Rd level 2 or higher</value>
</Data>
<Data name="Name on GPS">
<value>AZAT15-Johns Canyon</value>
</Data>
<Data name="Total Distance">
<value>22.5 mi</value>
</Data>
<Data name="Number of Trackpoints">
<value>1535</value>
</Data>
</ExtendedData>
<LineString>
<coordinates>-109.30562100,33.77243600 -109.30556900,33.77253900 -109.30541200,33.77272100 -109.30507300,33.77305900 -109.30488000,33.77322300 -109.30478100,33.77329700 -109.30468300,33.77336900 -109.30450000,33.77353300 -109.30443600,33.77362500 -109.30421600,33.77401600 -109.30415200,33.77411300 -109.30408200,33.77420800 -109.30378900,33.77461200 -109.30369000,33.77469100 -109.30357800,33.77475200 -109.30347100,33.77479100 -109.30326900,33.77484300 -109.30316000,33.77486300 -109.30294700,33.77490900 -109.30274900,33.77501500 -109.30266300,33.77508600 -109.30253200,33.77526600 -109.30242200,33.77547600 -109.30236200,33.77558300 -109.30215200,33.77598300 -109.30203100,33.77618300 -109.30198500,33.77628400 -109.30191400,33.77649300 -109.30189000,33.77660100 -109.30188300,33.77681400 -109.30190100,33.77713400 -109.30189900,33.77734800 -109.30188100,33.77745700 -109.30184700,33.77756200 -109.30180300,33.77767100 -109.30170600,33.77787900 -109.30166300,33.77799400 -109.30149700,33.77832500 -109.30143200,33.77843000 -109.30135500,33.77852900 -109.30126100,33.77862300 -109.30116700,33.77870600 -109.30086800,33.77890600 -109.30039000,33.77917300 -109.30014900,33.77932000 -109.30003200,33.77939100 -109.29971600,33.77959100 -109.29961700,33.77966900 -109.29912200,33.78011300 -109.29903000,33.78021000 -109.29878000,33.78046800 -109.29870100,33.78053700 -109.29862100,33.78058800 -109.29851700,33.78063000 -109.29839600,33.78064500 -109.29827500,33.78064500 -109.29814300,33.78063200 -109.29801200,33.78061700 -109.29745100,33.78053900 -109.29717600,33.78051800 -109.29704500,33.78053100 -109.29678200,33.78059100 -109.29665100,33.78062400 -109.29610200,33.78076200 -109.29568900,33.78085500 -109.29556000,33.78088100 -109.29543500,33.78089000 -109.29530000,33.78088500 -109.29516500,33.78087600 -109.29502600,33.78087900 -109.29474000,33.78091900 -109.29410800,33.78112700 -109.29398500,33.78116500 -109.29371500,33.78123800 -109.29317000,33.78135400 -109.29303800,33.78138900 -109.29280100,33.78148500 -109.29269100,33.78153500 -109.29258400,33.78158600 -109.29248000,33.78164900 -109.29230100,33.78178300 -109.29201000,33.78195900 -109.29189300,33.78201400 -109.29175900,33.78204700 -109.29162600,33.78206400 -109.29136700,33.78210700 -109.29107800,33.78220000 -109.29081700,33.78233000 -109.29043500,33.78256000 -109.29031400,33.78263800 -109.28971300,33.78299100 -109.28923000,33.78324000 -109.28910500,33.78329600 -109.28858800,33.78348500 -109.28791400,33.78371200 -109.28777400,33.78375600 -109.28657000,33.78413600 -109.28642700,33.78419000 -109.28618500,33.78429700 -109.28597700,33.78441500 -109.28542900,33.78479900 -109.28532000,33.78487400 -109.28521000,33.78495200 -109.28509100,33.78501100 -109.28485100,33.78510700 -109.28459200,33.78518200 -109.28421800,33.78524200 -109.28409600,33.78525700 -109.28387300,33.78529500 -109.28377300,33.78530100 -109.28361400,33.78529200 -109.28354400,33.78525900 -109.28343300,33.78513900 -109.28340400,33.78512000 -109.28337100,33.78510500 -109.28334700,33.78505300 -109.28332800,33.78504300 -109.28318800,33.78504500 -109.28301400,33.78506300 -109.28290700,33.78507400 -109.28267600,33.78507300 -109.28254200,33.78506000 -109.28176000,33.78494700 -109.28162600,33.78492400 -109.28149000,33.78490400 -109.28135000,33.78486800 -109.28109600,33.78476100 -109.28084900,33.78463200 -109.28075400,33.78455800 -109.28057800,33.78439700 -109.28051400,33.78430400 -109.28039400,33.78412900 -109.28028400,33.78394200 -109.28013100,33.78364600 -109.28008900,33.78355000 -109.28006200,33.78345500 -109.28004000,33.78337200 -109.27995500,33.78300800 -109.27987700,33.78249000 -109.27986800,33.78237700 -109.27985800,33.78205900 -109.27981200,33.78187400 -109.27975700,33.78171000 -109.27971600,33.78164200 -109.27965200,33.78158600 -109.27957600,33.78155000 -109.27950500,33.78154200 -109.27943200,33.78155800 -109.27936800,33.78160100 -109.27931300,33.78165900 -109.27923000,33.78181200 -109.27912100,33.78207900 -109.27906100,33.78214600 -109.27899600,33.78219800 -109.27890900,33.78224400 -109.27881900,33.78224800 -109.27873500,33.78223000 -109.27858300,33.78214400 -109.27832000,33.78193500 -109.27822500,33.78185600 -109.27773400,33.78147400 -109.27755000,33.78130400 -109.27738500,33.78112300 -109.27730800,33.78103500 -109.27718000,33.78087700 -109.27702600,33.78075600 -109.27693400,33.78071500 -109.27683600,33.78070700 -109.27674500,33.78072200 -109.27666600,33.78075600 -109.27660000,33.78080000 -109.27654600,33.78086100 -109.27650600,33.78093700 -109.27648800,33.78102500 -109.27645700,33.78136100 -109.27644600,33.78160100 -109.27646600,33.78173000 -109.27651500,33.78183300 -109.27657000,33.78193800 -109.27677000,33.78224100 -109.27682400,33.78234000 -109.27686900,33.78244200 -109.27693700,33.78264100 -109.27698300,33.78284100 -109.27698800,33.78294400 -109.27697900,33.78305000 -109.27695700,33.78315200 -109.27670200,33.78391300 -109.27666400,33.78402700 -109.27650400,33.78448400 -109.27635300,33.78481000 -109.27632800,33.78492500 -109.27632800,33.78504500 -109.27635200,33.78516000 -109.27639400,33.78527100 -109.27646000,33.78537200 -109.27676900,33.78575900 -109.27697000,33.78605800 -109.27702700,33.78616200 -109.27733200,33.78676300 -109.27735600,33.78686300 -109.27737800,33.78705800 -109.27737000,33.78716100 -109.27732800,33.78737600 -109.27721400,33.78767800 -109.27716700,33.78777000 -109.27698600,33.78803000 -109.27692200,33.78811600 -109.27660100,33.78854300 -109.27631600,33.78901300 -109.27624500,33.78913400 -109.27588600,33.78972400 -109.27577800,33.78995300 -109.27574000,33.79007000 -109.27571500,33.79019100 -109.27571600,33.79032000 -109.27574900,33.79056600 -109.27584700,33.79079900 -109.27597200,33.79102200 -109.27620900,33.79135100 -109.27627100,33.79146500 -109.27655900,33.79194100 -109.27680200,33.79228900 -109.27696500,33.79250400 -109.27705300,33.79261200 -109.27732400,33.79294900 -109.27795600,33.79358600 -109.27806300,33.79369400 -109.27825900,33.79390400 -109.27846300,33.79425300 -109.27870900,33.79474800 -109.27877500,33.79487100 -109.27911700,33.79549500 -109.27930800,33.79596400 -109.27934800,33.79608700 -109.27936200,33.79621000 -109.27935200,33.79658400 -109.27935500,33.79710100 -109.27937700,33.79722800 -109.27939700,33.79735000 -109.27942200,33.79747000 -109.27955700,33.79780700 -109.27962200,33.79801300 -109.27962500,33.79812600 -109.27960700,33.79823000 -109.27957300,33.79832600 -109.27953200,33.79842900 -109.27940100,33.79875500 -109.27937000,33.79887100 -109.27935500,33.79898400 -109.27935000,33.79909600 -109.27937200,33.79920800 -109.27945200,33.79943500 -109.27950100,33.79955500 -109.27961200,33.79979300 -109.27981500,33.80014600 -109.27996700,33.80036900 -109.28013400,33.80058200 -109.28022600,33.80068700 -109.28068700,33.80120500 -109.28078700,33.80130800 -109.28110600,33.80159600 -109.28120500,33.80169500 -109.28152400,33.80198300 -109.28175800,33.80216300 -109.28228200,33.80243100 -109.28241000,33.80249000 -109.28266600,33.80262300 -109.28278200,33.80270100 -109.28287600,33.80279300 -109.28319700,33.80321200 -109.28328400,33.80331100 -109.28336800,33.80340400 -109.28418300,33.80427500 -109.28427900,33.80437300 -109.28474900,33.80483100 -109.28491700,33.80504300 -109.28506700,33.80527800 -109.28513700,33.80538800 -109.28550300,33.80594700 -109.28559300,33.80604900 -109.28589900,33.80631100 -109.28600500,33.80637700 -109.28630600,33.80659800 -109.28638900,33.80668900 -109.28671300,33.80722300 -109.28677800,33.80733700 -109.28705700,33.80777300 -109.28727200,33.80809000 -109.28742200,33.80829000 -109.28749100,33.80838600 -109.28754400,33.80848500 -109.28758100,33.80859200 -109.28763600,33.80882000 -109.28764600,33.80893900 -109.28764100,33.80905800 -109.28760500,33.80916600 -109.28750600,33.80939100 -109.28744600,33.80950300 -109.28736000,33.80960800 -109.28726500,33.80969900 -109.28716300,33.80977500 -109.28705800,33.80983000 -109.28693900,33.80987600 -109.28681300,33.80991100 -109.28641800,33.81000200 -109.28628300,33.81002900 -109.28563200,33.81015000 -109.28505900,33.81027800 -109.28490700,33.81031000 -109.28429500,33.81043900 -109.28413800,33.81048600 -109.28398700,33.81054800 -109.28358900,33.81074600 -109.28346800,33.81080800 -109.28235000,33.81142000 -109.28222500,33.81148500 -109.28173100,33.81173000 -109.28112200,33.81206900 -109.28100200,33.81213600 -109.28077300,33.81228100 -109.28066400,33.81237000 -109.28057600,33.81246500 -109.28043900,33.81267400 -109.28028600,33.81298700 -109.28023800,33.81308700 -109.27984000,33.81401300 -109.27979600,33.81411300 -109.27977000,33.81421600 -109.27975800,33.81432000 -109.27975400,33.81442700 -109.27977500,33.81465300 -109.27980100,33.81476700 -109.27984400,33.81487900 -109.27996600,33.81510000 -109.28004200,33.81520600 -109.28020200,33.81540400 -109.28055900,33.81580600 -109.28062400,33.81590900 -109.28067100,33.81601800 -109.28069200,33.81613600 -109.28070700,33.81624500 -109.28073400,33.81646500 -109.28071900,33.81668300 -109.28063300,33.81698600 -109.28053600,33.81719000 -109.28047800,33.81728300 -109.28016600,33.81773700 -109.27991200,33.81807400 -109.27984600,33.81815500 -109.27978700,33.81824300 -109.27970100,33.81842400 -109.27966300,33.81852000 -109.27965000,33.81860800 -109.27965400,33.81869500 -109.27967900,33.81878300 -109.27972500,33.81886600 -109.27978900,33.81893300 -109.27986400,33.81899400 -109.28013500,33.81914200 -109.28030100,33.81926500 -109.28044600,33.81941500 -109.28054700,33.81955400 -109.28059300,33.81962500 -109.28066400,33.81977700 -109.28069100,33.81993600 -109.28069400,33.82008900 -109.28066600,33.82030300 -109.28066100,33.82037000 -109.28065600,33.82050000 -109.28066600,33.82077900 -109.28066900,33.82080000 -109.28067800,33.82087700 -109.28065700,33.82092600 -109.28051300,33.82097200 -109.28047200,33.82098200 -109.28018300,33.82105300 -109.27968500,33.82119400 -109.27957300,33.82123500 -109.27927600,33.82139200 -109.27872100,33.82174100 -109.27862200,33.82180200 -109.27794400,33.82222000 -109.27783800,33.82230000 -109.27764600,33.82247200 -109.27756300,33.82255300 -109.27739800,33.82272500 -109.27688500,33.82342200 -109.27682000,33.82351900 -109.27665700,33.82372400 -109.27625500,33.82411300 -109.27589100,33.82431900 -109.27576900,33.82438000 -109.27552200,33.82447800 -109.27498900,33.82464700 -109.27461500,33.82479000 -109.27449600,33.82483300 -109.27389400,33.82502000 -109.27376200,33.82504900 -109.27336700,33.82510500 -109.27323500,33.82512500 -109.27295600,33.82516700 -109.27252700,33.82520500 -109.27238700,33.82523000 -109.27197200,33.82533600 -109.27184700,33.82537100 -109.27083600,33.82565800 -109.27072200,33.82569000 -109.27027200,33.82581600 -109.26968800,33.82602300 -109.26958000,33.82607100 -109.26936900,33.82616200 -109.26908600,33.82632100 -109.26900800,33.82638000 -109.26879900,33.82660400 -109.26873200,33.82668000 -109.26839600,33.82703200 -109.26813100,33.82732800 -109.26806200,33.82740700 -109.26782400,33.82766100 -109.26764900,33.82783100 -109.26744400,33.82796700 -109.26722900,33.82808300 -109.26711700,33.82813300 -109.26643400,33.82841500 -109.26607900,33.82857300 -109.26595900,33.82863300 -109.26512000,33.82903000 -109.26487600,33.82912200 -109.26474700,33.82915600 -109.26437200,33.82921600 -109.26357300,33.82926200 -109.26343900,33.82927300 -109.26290800,33.82931200 -109.26224100,33.82934100 -109.26210300,33.82935300 -109.26087900,33.82944900 -109.26074300,33.82946700 -109.25978200,33.82954000 -109.25951400,33.82954700 -109.25937700,33.82954500 -109.25884000,33.82952100 -109.25815000,33.82947400 -109.25801000,33.82946600 -109.25759000,33.82943700 -109.25704100,33.82937300 -109.25677400,33.82936400 -109.25664500,33.82938100 -109.25640500,33.82944000 -109.25629700,33.82948800 -109.25619700,33.82955100 -109.25569900,33.82990700 -109.25560200,33.82997600 -109.25510200,33.83040700 -109.25502800,33.83048700 -109.25491200,33.83064600 -109.25486100,33.83073000 -109.25470700,33.83098900 -109.25461000,33.83117000 -109.25439200,33.83151600 -109.25434200,33.83160600 -109.25414200,33.83197100 -109.25402900,33.83215100 -109.25382300,33.83239600 -109.25374300,33.83247000 -109.25365900,33.83253100 -109.25330500,33.83270300 -109.25321900,33.83275900 -109.25306400,33.83290100 -109.25300900,33.83298300 -109.25297300,33.83307700 -109.25292600,33.83339600 -109.25285900,33.83405700 -109.25284000,33.83416400 -109.25281000,33.83439600 -109.25281300,33.83452200 -109.25291000,33.83497100 -109.25293400,33.83519400 -109.25292700,33.83530500 -109.25288100,33.83563200 -109.25285800,33.83573400 -109.25281900,33.83584100 -109.25275300,33.83593100 -109.25267600,33.83601300 -109.25249600,33.83616900 -109.25239900,33.83624300 -109.25229400,33.83632000 -109.25219200,33.83641100 -109.25202000,33.83659000 -109.25195200,33.83668200 -109.25188900,33.83678000 -109.25184000,33.83688600 -109.25180700,33.83700100 -109.25179400,33.83711800 -109.25179500,33.83723800 -109.25179500,33.83746700 -109.25178100,33.83757900 -109.25171700,33.83780200 -109.25156000,33.83822900 -109.25152000,33.83833100 -109.25109200,33.83928000 -109.25104700,33.83938400 -109.25090900,33.83970400 -109.25084900,33.83980200 -109.25063000,33.84011100 -109.25046100,33.84029600 -109.25036000,33.84037600 -109.25004000,33.84059400 -109.24993700,33.84067700 -109.24984500,33.84076900 -109.24978600,33.84086400 -109.24975000,33.84096400 -109.24972800,33.84106500 -109.24971700,33.84117600 -109.24972000,33.84129000 -109.24972800,33.84165700 -109.24972200,33.84200000 -109.24971300,33.84210900 -109.24965800,33.84230400 -109.24961400,33.84239600 -109.24955300,33.84249100 -109.24940600,33.84267400 -109.24927900,33.84287100 -109.24919200,33.84307300 -109.24916200,33.84318300 -109.24914300,33.84329700 -109.24914800,33.84341300 -109.24915800,33.84363800 -109.24912700,33.84385900 -109.24905800,33.84407400 -109.24891000,33.84439700 -109.24888400,33.84451200 -109.24888800,33.84462600 -109.24892400,33.84472700 -109.24897800,33.84482900 -109.24927800,33.84522300 -109.24941500,33.84542100 -109.24946900,33.84551900 -109.24951000,33.84562400 -109.24953900,33.84573300 -109.24955100,33.84584100 -109.24955400,33.84617200 -109.24956500,33.84629000 -109.24962800,33.84652400 -109.24966900,33.84663500 -109.24980500,33.84695400 -109.24990700,33.84716500 -109.25015600,33.84757800 -109.25022600,33.84767900 -109.25043900,33.84798300 -109.25055400,33.84819000 -109.25058900,33.84829900 -109.25061000,33.84840900 -109.25061900,33.84863600 -109.25059900,33.84875300 -109.25056500,33.84886400 -109.25048100,33.84907900 -109.25020900,33.84968600 -109.25017800,33.84979400 -109.25015200,33.84990700 -109.25013900,33.85002200 -109.25014500,33.85012900 -109.25018800,33.85035100 -109.25030400,33.85081100 -109.25032600,33.85092400 -109.25035400,33.85115100 -109.25035300,33.85126200 -109.25026100,33.85193700 -109.25024900,33.85205300 -109.25023700,33.85238800 -109.25023600,33.85306900 -109.25023000,33.85318000 -109.25022000,33.85340300 -109.25019700,33.85363300 -109.25009200,33.85420000 -109.25007100,33.85431100 -109.25003400,33.85451200 -109.25001300,33.85471400 -109.24998400,33.85481900 -109.24993400,33.85492000 -109.24971600,33.85521600 -109.24963800,33.85530500 -109.24932200,33.85562900 -109.24908500,33.85588800 -109.24889100,33.85607100 -109.24878800,33.85615400 -109.24857300,33.85632200 -109.24783500,33.85694700 -109.24771800,33.85703600 -109.24759300,33.85711100 -109.24747000,33.85715900 -109.24710500,33.85728100 -109.24657500,33.85743800 -109.24644700,33.85747400 -109.24608000,33.85756900 -109.24597200,33.85761400 -109.24587700,33.85767300 -109.24579800,33.85774600 -109.24563400,33.85801400 -109.24558800,33.85810600 -109.24547200,33.85838000 -109.24533200,33.85877900 -109.24531600,33.85881400 -109.24527400,33.85903100 -109.24527100,33.85906700 -109.24525700,33.85910700 -109.24522700,33.85914100 -109.24515600,33.85919100 -109.24512700,33.85919900 -109.24507200,33.85919400 -109.24503700,33.85917000 -109.24499500,33.85911900 -109.24496000,33.85908000 -109.24477000,33.85884100 -109.24448700,33.85844300 -109.24443200,33.85835500 -109.24411700,33.85789600 -109.24406100,33.85778700 -109.24396200,33.85746500 -109.24392900,33.85735300 -109.24387500,33.85714000 -109.24385700,33.85702300 -109.24381000,33.85634500 -109.24381300,33.85622700 -109.24382000,33.85590200 -109.24380000,33.85570500 -109.24376700,33.85561600 -109.24371300,33.85553300 -109.24364200,33.85545200 -109.24355600,33.85538000 -109.24346000,33.85533500 -109.24287000,33.85516300 -109.24238100,33.85503700 -109.24226800,33.85499200 -109.24172900,33.85470300 -109.24137900,33.85453400 -109.24124900,33.85448100 -109.24111900,33.85443400 -109.24085200,33.85433800 -109.24072400,33.85428000 -109.24060800,33.85420500 -109.24031700,33.85395100 -109.24023900,33.85385600 -109.24018400,33.85375700 -109.24014600,33.85366900 -109.24012500,33.85357800 -109.24012300,33.85348700 -109.24014600,33.85339100 -109.24026900,33.85321800 -109.24057500,33.85289600 -109.24065400,33.85281300 -109.24103600,33.85239400 -109.24136800,33.85205200 -109.24145400,33.85196600 -109.24160600,33.85177800 -109.24209400,33.85111700 -109.24216400,33.85102900 -109.24247000,33.85067700 -109.24262000,33.85048200 -109.24267900,33.85037500 -109.24274000,33.85014800 -109.24276200,33.85003400 -109.24275600,33.84980500 -109.24270300,33.84943600 -109.24264900,33.84921000 -109.24258000,33.84897900 -109.24254800,33.84887200 -109.24252600,33.84875200 -109.24251300,33.84853600 -109.24254500,33.84832400 -109.24254900,33.84821300 -109.24251100,33.84801100 -109.24247900,33.84790900 -109.24243300,33.84780700 -109.24231200,33.84762000 -109.24214600,33.84746400 -109.24187700,33.84724100 -109.24177200,33.84718000 -109.24165800,33.84713000 -109.24153600,33.84709400 -109.24140900,33.84706400 -109.24115500,33.84702400 -109.24102800,33.84701300 -109.24089900,33.84701500 -109.24063100,33.84706200 -109.24033700,33.84713600 -109.24018800,33.84717500 -109.23934800,33.84738700 -109.23891900,33.84742600 -109.23877500,33.84742400 -109.23808600,33.84740600 -109.23794800,33.84739000 -109.23754000,33.84731400 -109.23740000,33.84728700 -109.23711100,33.84726100 -109.23696600,33.84726300 -109.23667200,33.84729300 -109.23653000,33.84729300 -109.23625100,33.84727100 -109.23612100,33.84724100 -109.23600100,33.84719900 -109.23578500,33.84711200 -109.23568200,33.84706000 -109.23540400,33.84687400 -109.23515100,33.84667600 -109.23507200,33.84661600 -109.23478600,33.84635400 -109.23470800,33.84629600 -109.23453700,33.84619100 -109.23443800,33.84614700 -109.23433300,33.84611900 -109.23422700,33.84609800 -109.23402100,33.84610300 -109.23392600,33.84613000 -109.23384700,33.84617100 -109.23378200,33.84623400 -109.23374600,33.84631500 -109.23373700,33.84640800 -109.23377500,33.84659800 -109.23379800,33.84669900 -109.23382800,33.84689700 -109.23380900,33.84699000 -109.23374800,33.84706300 -109.23367800,33.84712800 -109.23359500,33.84718600 -109.23342300,33.84727300 -109.23332300,33.84730300 -109.23321500,33.84732400 -109.23247600,33.84747300 -109.23209700,33.84751200 -109.23198300,33.84754500 -109.23188100,33.84759800 -109.23179300,33.84766200 -109.23172000,33.84773500 -109.23166200,33.84781100 -109.23162900,33.84789300 -109.23161000,33.84797800 -109.23159500,33.84806500 -109.23158600,33.84824600 -109.23159300,33.84833800 -109.23163600,33.84851300 -109.23182400,33.84901500 -109.23183600,33.84912300 -109.23183000,33.84922700 -109.23180900,33.84932500 -109.23175000,33.84940800 -109.23166900,33.84947400 -109.23157600,33.84952200 -109.23146900,33.84956100 -109.23122100,33.84961800 -109.23109900,33.84963500 -109.23084600,33.84964400 -109.23071800,33.84962400 -109.23046600,33.84957600 -109.23022100,33.84950300 -109.22998100,33.84941900 -109.22961900,33.84926800 -109.22950000,33.84921200 -109.22927100,33.84910400 -109.22902000,33.84904600 -109.22877100,33.84901600 -109.22838900,33.84903500 -109.22824900,33.84902500 -109.22810600,33.84900400 -109.22784100,33.84892900 -109.22771300,33.84887700 -109.22759900,33.84881200 -109.22750100,33.84873800 -109.22741500,33.84864800 -109.22730200,33.84843000 -109.22724800,33.84831600 -109.22707500,33.84800900 -109.22699400,33.84791800 -109.22680500,33.84775300 -109.22659100,33.84760900 -109.22646900,33.84754400 -109.22633500,33.84748800 -109.22594800,33.84733600 -109.22516300,33.84711000 -109.22504300,33.84705800 -109.22448300,33.84675400 -109.22406800,33.84646900 -109.22395500,33.84639800 -109.22359900,33.84620800 -109.22321300,33.84604200 -109.22309500,33.84598000 -109.22299000,33.84590900 -109.22289700,33.84583000 -109.22282300,33.84573900 -109.22275500,33.84564700 -109.22263700,33.84544800 -109.22259100,33.84534500 -109.22256300,33.84524500 -109.22255100,33.84513600 -109.22255700,33.84503000 -109.22261900,33.84483700 -109.22265000,33.84473600 -109.22266700,33.84464100 -109.22266600,33.84446400 -109.22264500,33.84439000 -109.22261200,33.84431600 -109.22255400,33.84424900 -109.22229100,33.84400800 -109.22219400,33.84393100 -109.22193700,33.84370900 -109.22177800,33.84355100 -109.22157900,33.84342200 -109.22135000,33.84332800 -109.22123500,33.84330500 -109.22111100,33.84330200 -109.22074100,33.84331700 -109.22018100,33.84335400 -109.22007500,33.84337400 -109.21969900,33.84346600 -109.21959700,33.84348000 -109.21949900,33.84347300 -109.21941200,33.84343900 -109.21935500,33.84337800 -109.21932600,33.84330300 -109.21932900,33.84322500 -109.21939100,33.84294900 -109.21938600,33.84284500 -109.21929600,33.84253800 -109.21925900,33.84243600 -109.21920700,33.84233500 -109.21915300,33.84223600 -109.21905100,33.84205200 -109.21885500,33.84179900 -109.21868300,33.84163200 -109.21850200,33.84148000 -109.21840400,33.84141300 -109.21810100,33.84122000 -109.21761800,33.84087400 -109.21751200,33.84081100 -109.21740500,33.84075200 -109.21709400,33.84061900 -109.21686100,33.84056100 -109.21641500,33.84056800 -109.21629600,33.84055600 -109.21606700,33.84049500 -109.21571600,33.84037500 -109.21545300,33.84030400 -109.21521000,33.84022400 -109.21510000,33.84018600 -109.21487400,33.84008500 -109.21477200,33.84001600 -109.21470100,33.83992000 -109.21466700,33.83982500 -109.21465700,33.83946600 -109.21464300,33.83937500 -109.21461000,33.83928500 -109.21456300,33.83920300 -109.21450100,33.83912400 -109.21442000,33.83905400 -109.21422700,33.83894100 -109.21386800,33.83878400 -109.21374200,33.83873600 -109.21324900,33.83855700 -109.21262000,33.83838100 -109.21249100,33.83835200 -109.21167600,33.83828500 -109.21125200,33.83821200 -109.21110900,33.83820200 -109.21036600,33.83819300 -109.20977300,33.83815900 -109.20963300,33.83815500 -109.20866800,33.83815000 -109.20854000,33.83814500 -109.20841500,33.83812800 -109.20829600,33.83809700 -109.20742100,33.83775500 -109.20714200,33.83768100 -109.20700400,33.83765300 -109.20621900,33.83759800 -109.20597900,33.83756300 -109.20586400,33.83753300 -109.20575400,33.83749800 -109.20555300,33.83739200 -109.20508300,33.83709900 -109.20489700,33.83700900 -109.20479800,33.83697100 -109.20459400,33.83691200 -109.20439600,33.83689400 -109.20420200,33.83690300 -109.20391000,33.83695400 -109.20381200,33.83697900 -109.20353500,33.83706700 -109.20346300,33.83710400 -109.20339400,33.83715900 -109.20333400,33.83722500 -109.20323700,33.83736800 -109.20319800,33.83744500 -109.20315700,33.83752800 -109.20309000,33.83768500 -109.20304300,33.83776100 -109.20297800,33.83781100 -109.20280300,33.83784700 -109.20271200,33.83785100 -109.20251700,33.83782800 -109.20243300,33.83780100 -109.20235200,33.83774700 -109.20229100,33.83767800 -109.20224000,33.83759600 -109.20219000,33.83750900 -109.20206000,33.83723200 -109.20199200,33.83702800 -109.20195900,33.83692800 -109.20186100,33.83674200 -109.20174700,33.83658700 -109.20134100,33.83618700 -109.20126500,33.83609600 -109.20086300,33.83571000 -109.20067800,33.83559200 -109.20046700,33.83548900 -109.20035400,33.83544100 -109.20014400,33.83534800 -109.19982700,33.83523900 -109.19951400,33.83510500 -109.19941000,33.83508200 -109.19930500,33.83508300 -109.19920000,33.83510100 -109.19909800,33.83513800 -109.19900400,33.83519100 -109.19893400,33.83525300 -109.19887400,33.83532500 -109.19883700,33.83540100 -109.19880700,33.83557000 -109.19880900,33.83566500 -109.19882400,33.83574900 -109.19883500,33.83583700 -109.19883100,33.83601800 -109.19881800,33.83610500 -109.19878900,33.83618800 -109.19874400,33.83627300 -109.19867500,33.83634200 -109.19852600,33.83646300 -109.19845100,33.83652300 -109.19828600,33.83663600 -109.19819200,33.83667400 -109.19809900,33.83669900 -109.19800800,33.83670900 -109.19792300,33.83668900 -109.19784900,33.83664500 -109.19778600,33.83658900 -109.19773600,33.83651300 -109.19769100,33.83643600 -109.19754800,33.83619000 -109.19721600,33.83568800 -109.19715400,33.83560500 -109.19708100,33.83552800 -109.19699900,33.83545800 -109.19690300,33.83540400 -109.19679400,33.83536000 -109.19667500,33.83533100 -109.19656000,33.83531600 -109.19643800,33.83530600 -109.19620600,33.83530600 -109.19609400,33.83531200 -109.19587400,33.83534000 -109.19577100,33.83537900 -109.19560200,33.83550100 -109.19538500,33.83571700 -109.19529600,33.83577800 -109.19519700,33.83581500 -109.19509300,33.83583300 -109.19498800,33.83583200 -109.19488800,33.83580400 -109.19452900,33.83558600 -109.19431900,33.83549100 -109.19421500,33.83544300 -109.19364400,33.83522700 -109.19353800,33.83516900 -109.19344400,33.83510200 -109.19336000,33.83503100 -109.19328300,33.83494700 -109.19320800,33.83485800 -109.19297600,33.83460300 -109.19283800,33.83441900 -109.19274700,33.83422200 -109.19268800,33.83403100 -109.19266600,33.83393900 -109.19258600,33.83377200 -109.19253700,33.83369700 -109.19245700,33.83363200 -109.19225400,33.83351700 -109.19192000,33.83338500 -109.19181000,33.83335300 -109.19169800,33.83332400 -109.19158000,33.83330600 -109.19146600,33.83330200 -109.19135000,33.83330800 -109.19097300,33.83335800 -109.19073300,33.83337700 -109.19061800,33.83338800 -109.19050200,33.83340200 -109.19038200,33.83340100 -109.19025900,33.83338700 -109.19013700,33.83336500 -109.19003500,33.83331200 -109.18996500,33.83323800 -109.18992800,33.83316100 -109.18992100,33.83307900 -109.18994700,33.83300600 -109.19000200,33.83293300 -109.19053600,33.83246400 -109.19065500,33.83230800 -109.19069800,33.83221600 -109.19076100,33.83202000 -109.19077700,33.83182300 -109.19074300,33.83163200 -109.19071300,33.83154500 -109.19062500,33.83135800 -109.19057400,33.83125600 -109.19044000,33.83093100 -109.19027500,33.83042900 -109.19023400,33.83033600 -109.19019000,33.83024100 -109.19008100,33.83006600 -109.18986400,33.82981700 -109.18967600,33.82966000 -109.18945500,33.82953600 -109.18933700,33.82948400 -109.18921300,33.82943300 -109.18895300,33.82936000 -109.18842200,33.82927200 -109.18816800,33.82920200 -109.18803800,33.82916800 -109.18790900,33.82915300 -109.18778000,33.82915100 -109.18684900,33.82921400 -109.18671300,33.82923000 -109.18644200,33.82925300 -109.18617500,33.82924300 -109.18577400,33.82921100 -109.18549800,33.82920800 -109.18535800,33.82921300 -109.18508100,33.82922200 -109.18456300,33.82921400 -109.18418400,33.82915200 -109.18405300,33.82912900 -109.18325200,33.82900300 -109.18311500,33.82899100 -109.18285000,33.82900000 -109.18272000,33.82900700 -109.18232900,33.82904800 -109.18219800,33.82908300 -109.18208000,33.82913500 -109.18197500,33.82920000 -109.18167200,33.82940900 -109.18156300,33.82947800 -109.18125400,33.82967400 -109.18106200,33.82980800 -109.18069100,33.83010800 -109.18059900,33.83018000 -109.18050900,33.83024100 -109.18031300,33.83034900 -109.18009500,33.83042500 -109.17986400,33.83046400 -109.17975000,33.83046900 -109.17964100,33.83045800 -109.17953000,33.83043400 -109.17894200,33.83025000 -109.17881900,33.83023400 -109.17870100,33.83023000 -109.17857900,33.83024100 -109.17846300,33.83026300 -109.17835000,33.83029900 -109.17813600,33.83038300 -109.17768800,33.83060300 -109.17735700,33.83074700 -109.17724100,33.83078700 -109.17712200,33.83081800 -109.17675000,33.83087800 -109.17629100,33.83100000 -109.17616600,33.83100800 -109.17605200,33.83099400 -109.17596300,33.83095400 -109.17587700,33.83089500 -109.17524400,33.83033800 -109.17515900,33.83025800 -109.17499500,33.83009000 -109.17468700,33.82974200 -109.17458700,33.82966600 -109.17437100,33.82954200 -109.17426800,33.82948000 -109.17391900,33.82930400 -109.17359900,33.82910900 -109.17329000,33.82893900 -109.17319200,33.82888500 -109.17256800,33.82856500 -109.17226800,33.82837700 -109.17217900,33.82830300 -109.17210600,33.82822100 -109.17205500,33.82813900 -109.17204300,33.82805900 -109.17204700,33.82797800 -109.17208800,33.82783000 -109.17220400,33.82760500 -109.17224300,33.82753800 -109.17237500,33.82733900 -109.17243800,33.82727200 -109.17247200,33.82725400 -109.17251400,33.82724300 -109.17353100,33.82709500 -109.17366900,33.82708100 -109.17394200,33.82703900 -109.17407400,33.82699600 -109.17419600,33.82693900 -109.17431400,33.82687100 -109.17451400,33.82672000 -109.17469000,33.82654300 -109.17477300,33.82644800 -109.17485400,33.82635100 -109.17505200,33.82619400 -109.17573000,33.82582900 -109.17583800,33.82576600 -109.17602000,33.82563400 -109.17609900,33.82556200 -109.17617000,33.82547700 -109.17621900,33.82538600 -109.17624000,33.82528500 -109.17625000,33.82498400 -109.17626000,33.82488500 -109.17630800,33.82458600 -109.17638800,33.82427400 -109.17645100,33.82407200 -109.17649900,33.82397500 -109.17655400,33.82387800 -109.17662000,33.82378900 -109.17686300,33.82356300 -109.17699700,33.82340100 -109.17704400,33.82330600 -109.17710400,33.82312000 -109.17712700,33.82302300 -109.17720200,33.82263800 -109.17722800,33.82254600 -109.17727200,33.82245900 -109.17744500,33.82221100 -109.17749300,33.82212800 -109.17753000,33.82204600 -109.17755500,33.82195400 -109.17756400,33.82185600 -109.17754500,33.82176400 -109.17743000,33.82149300 -109.17740700,33.82139500 -109.17739700,33.82129200 -109.17741000,33.82118700 -109.17744900,33.82108500 -109.17775000,33.82059300 -109.17792300,33.82027300 -109.17796700,33.82016600 -109.17804400,33.81996400 -109.17809100,33.81986500 -109.17815000,33.81977200 -109.17829100,33.81960800 -109.17851200,33.81939400 -109.17858500,33.81932000 -109.17865700,33.81924500 -109.17871800,33.81915900 -109.17876100,33.81906700 -109.17878700,33.81897200 -109.17879800,33.81887600 -109.17878700,33.81867300 -109.17871600,33.81846300 -109.17866200,33.81836200 -109.17859400,33.81826600 -109.17851400,33.81817800 -109.17842900,33.81810400 -109.17776700,33.81769900 -109.17765300,33.81763700 -109.17744600,33.81749200 -109.17736000,33.81740700 -109.17728700,33.81731300 -109.17722200,33.81721300 -109.17717300,33.81711400 -109.17706400,33.81680500 -109.17703500,33.81670600 -109.17699900,33.81661000 -109.17698700,33.81651600 -109.17699500,33.81642100 -109.17703100,33.81633100 -109.17713000,33.81615900 -109.17724500,33.81600400 -109.17731400,33.81593700 -109.17739100,33.81587400 -109.17756200,33.81578000 -109.17798000,33.81564700 -109.17808100,33.81560000 -109.17827800,33.81548300 -109.17837600,33.81542200 -109.17856600,33.81531200 -109.17865700,33.81524800 -109.17896800,33.81493800 -109.17912100,33.81480600 -109.17919900,33.81474400 -109.17952100,33.81452800 -109.17993000,33.81434500 -109.18000800,33.81431200 -109.18047100,33.81409200 -109.18072400,33.81400800 -109.18082000,33.81398000 -109.18110800,33.81389400 -109.18128600,33.81382700 -109.18137600,33.81378600 -109.18162500,33.81362900 -109.18171200,33.81357500 -109.18249400,33.81313500 -109.18257000,33.81308300 -109.18285100,33.81287200 -109.18296400,33.81276400 -109.18311700,33.81259300 -109.18316300,33.81253600 -109.18323700,33.81241600 -109.18330800,33.81222600 -109.18332800,33.81210700 -109.18331300,33.81199700 -109.18329800,33.81194400 -109.18324000,33.81184500 -109.18309500,33.81167900 -109.18308100,33.81166100 -109.18305500,33.81164100 -109.18300100,33.81162500 -109.18275900,33.81159600 -109.18254800,33.81159800 -109.18232800,33.81161400 -109.18222800,33.81163000 -109.18202900,33.81166400 -109.18185100,33.81167600 -109.18176100,33.81166700 -109.18167100,33.81164500 -109.18141600,33.81155200 -109.18132400,33.81152600 -109.18086400,33.81142900 -109.18049900,33.81137900 -109.18041000,33.81136900 -109.18025500,33.81132900 -109.18010300,33.81123800 -109.18003400,33.81118000 -109.17980600,33.81093200 -109.17974400,33.81087300 -109.17948800,33.81063600 -109.17927800,33.81049100 -109.17912600,33.81040400 -109.17904800,33.81036300 -109.17868400,33.81017700 -109.17861200,33.81015100 -109.17838400,33.81009700 -109.17830200,33.81008700 -109.17813100,33.81007800 -109.17804900,33.81008400 -109.17789100,33.81011600 -109.17781400,33.81014800 -109.17774300,33.81020100 -109.17768900,33.81026400 -109.17765300,33.81033600 -109.17762300,33.81041200 -109.17753800,33.81065400 -109.17749600,33.81073100 -109.17743600,33.81080800 -109.17735400,33.81086800 -109.17726200,33.81091600 -109.17716200,33.81094500 -109.17705600,33.81095900 -109.17694500,33.81095400 -109.17614100,33.81083200 -109.17592500,33.81078300 -109.17581500,33.81075200 -109.17517600,33.81049800 -109.17485800,33.81041900 -109.17475400,33.81039800 -109.17465900,33.81036500 -109.17457200,33.81032100 -109.17449900,33.81026700 -109.17436600,33.81014500 -109.17415100,33.80989700 -109.17407700,33.80984700 -109.17399800,33.80980500 -109.17390600,33.80977500 -109.17349600,33.80968100 -109.17320400,33.80959800 -109.17311100,33.80957100 -109.17292300,33.80951000 -109.17273400,33.80947600 -109.17225700,33.80945300 -109.17217300,33.80945000 -109.17200100,33.80943900 -109.17174600,33.80939900 -109.17155800,33.80935300 -109.17138100,33.80929300 -109.17129300,33.80926000 -109.17041400,33.80888500 -109.17029800,33.80884100 -109.17006300,33.80877000 -109.16994100,33.80875900 -109.16981600,33.80876100 -109.16947800,33.80883000 -109.16937200,33.80886600 -109.16927900,33.80892400 -109.16922800,33.80900500 -109.16920900,33.80911200 -109.16920600,33.80923000 -109.16928000,33.80982900 -109.16928700,33.81006500 -109.16925800,33.81017300 -109.16914500,33.81032700 -109.16907600,33.81039700 -109.16899200,33.81045500 -109.16889000,33.81049200 -109.16878800,33.81051500 -109.16867300,33.81051000 -109.16855600,33.81047400 -109.16846500,33.81040300 -109.16838300,33.81031900 -109.16814200,33.81003900 -109.16795700,33.80986500 -109.16784300,33.80978900 -109.16772100,33.80972800 -109.16745400,33.80963100 -109.16731500,33.80960600 -109.16690100,33.80956200 -109.16677300,33.80952900 -109.16651700,33.80943600 -109.16612800,33.80927400 -109.16600200,33.80921500 -109.16530500,33.80886800 -109.16497900,33.80875100 -109.16486400,33.80871900 -109.16475000,33.80869400 -109.16452800,33.80867200 -109.16391200,33.80867100 -109.16383200,33.80867500 -109.16350100,33.80868700 -109.16320200,33.80872000 -109.16316500,33.80872700 -109.16283700,33.80875200 -109.16255900,33.80879600 -109.16242900,33.80880500 -109.16212200,33.80879400 -109.16195400,33.80877900 -109.16179100,33.80875000 -109.16163000,33.80869800 -109.16148200,33.80863500 -109.16123200,33.80848500 -109.16111300,33.80839900 -109.16083700,33.80815500 -109.16076600,33.80810100 -109.16069500,33.80806400 -109.16059900,33.80804800 -109.16049000,33.80805300 -109.16037900,33.80808600 -109.16027700,33.80813000 -109.16017400,33.80819200 -109.16009800,33.80826200 -109.15997400,33.80846400 -109.15991900,33.80856200 -109.15981900,33.80876500 -109.15960300,33.80905800 -109.15944900,33.80934900 -109.15938600,33.80943300 -109.15932800,33.80950700 -109.15924600,33.80958200 -109.15904600,33.80972000 -109.15897600,33.80980200 -109.15892700,33.80989200 -109.15889900,33.80999400 -109.15890100,33.81009300 -109.15892700,33.81019000 -109.15896700,33.81027900 -109.15902800,33.81036000 -109.15911100,33.81042900 -109.15949300,33.81067400 -109.15957600,33.81074500 -109.15969400,33.81099300 -109.15973200,33.81106600 -109.15978400,33.81113800 -109.15979200,33.81122000 -109.15975900,33.81130600 -109.15964400,33.81141700 -109.15947000,33.81152400 -109.15941100,33.81157300 -109.15935500,33.81162300 -109.15914500,33.81184300 -109.15911200,33.81187300 -109.15903600,33.81191100 -109.15900900,33.81194900 -109.15897300,33.81198100 -109.15890600,33.81202300 -109.15879100,33.81204100 -109.15878000,33.81207400 -109.15878000,33.81212300 -109.15879500,33.81220400 -109.15886700,33.81246900 -109.15892100,33.81263300 -109.15899100,33.81280400 -109.15908200,33.81296000 -109.15931000,33.81324000 -109.15957700,33.81347800 -109.15972400,33.81359500 -109.15987300,33.81369500 -109.16003500,33.81378400 -109.16019500,33.81387000 -109.16082200,33.81422000 -109.16163000,33.81463700 -109.16177800,33.81473200 -109.16190400,33.81484200 -109.16207400,33.81511000 -109.16213800,33.81525300 -109.16217400,33.81540000 -109.16218800,33.81555700 -109.16206100,33.81583500 -109.16196700,33.81597000 -109.16185000,33.81608700 -109.16171500,33.81619300 -109.16156700,33.81628100 -109.16140800,33.81633600 -109.16124400,33.81636600 -109.16088500,33.81636300 -109.16031300,33.81629700 -109.16012000,33.81628500 -109.15972400,33.81630100 -109.15931500,33.81635200 -109.15872200,33.81647400 -109.15853400,33.81653100 -109.15834900,33.81660100 -109.15817400,33.81668200 -109.15783800,33.81687000 -109.15738100,33.81721100 -109.15696900,33.81758000 -109.15683700,33.81771300 -109.15670400,33.81783700 -109.15639800,33.81809600 -109.15625000,33.81823600 -109.15598700,33.81851200 -109.15586700,33.81865600 -109.15557900,33.81906900 -109.15550000,33.81921400 -109.15540400,33.81936500 -109.15519500,33.81982300 -109.15515200,33.81998500 -109.15505200,33.82028600 -109.15499200,33.82061100 -109.15496400,33.82077200 -109.15494500,33.82094000 -109.15494300,33.82111400 -109.15497300,33.82180300 -109.15495000,33.82213700 -109.15491700,33.82230300 -109.15487000,33.82246300 -109.15477500,33.82280900 -109.15471300,33.82297400 -109.15463500,33.82314300 -109.15438100,33.82360700 -109.15419900,33.82390000 -109.15408800,33.82404600 -109.15383600,33.82432400 -109.15357600,33.82457200 -109.15345400,33.82470500 -109.15333800,33.82485400 -109.15324300,33.82500100 -109.15308500,33.82532000 -109.15301300,33.82547000 -109.15290800,33.82577300 -109.15283700,33.82608700 -109.15281100,33.82642900 -109.15279600,33.82696200 -109.15280000,33.82713300 -109.15280200,33.82748100 -109.15277800,33.82781100 -109.15275600,33.82797000 -109.15272200,33.82812500 -109.15254900,33.82861700 -109.15248800,33.82876800 -109.15231600,33.82906000 -109.15213000,33.82932400 -109.15202800,33.82944800 -109.15191200,33.82957800 -109.15166100,33.82979700 -109.15154900,33.82991200 -109.15144800,33.83003400 -109.15133800,33.83016100 -109.15124400,33.83029800 -109.15108000,33.83057100 -109.15094600,33.83086100 -109.15080200,33.83131400 -109.15075100,33.83146700 -109.15061700,33.83192600 -109.15051800,33.83220700 -109.15037500,33.83250100 -109.15021600,33.83278400 -109.15013100,33.83293000 -109.15006200,33.83308600 -109.14995900,33.83338400 -109.14988000,33.83383400 -109.14985200,33.83414300 -109.14985000,33.83429900 -109.14987700,33.83445400 -109.15000500,33.83508000 -109.15006400,33.83557300 -109.15007700,33.83591100 -109.15007400,33.83607400 -109.14997100,33.83725300 -109.14992100,33.83760300 -109.14989500,33.83777400 -109.14986800,33.83811600 -109.14979700,33.83863500 -109.14973300,33.83927200 -109.14971100,33.83942800 -109.14967000,33.83975100 -109.14961100,33.84007800 -109.14945900,33.84068100 -109.14940900,33.84084300 -109.14935900,33.84099900 -109.14926100,33.84130700 -109.14905500,33.84189800 -109.14893100,33.84219500 -109.14886100,33.84233700 -109.14879100,33.84247400 -109.14849700,33.84301500 -109.14809100,33.84365100 -109.14801400,33.84376900 -109.14767300,33.84426400 -109.14752600,33.84450100 -109.14732600,33.84485500 -109.14725900,33.84497800 -109.14696100,33.84561700 -109.14675800,33.84614900 -109.14671500,33.84627900 -109.14665900,33.84655400 -109.14662200,33.84683000 -109.14657900,33.84722500 -109.14656700,33.84747200 -109.14656600,33.84758600 -109.14656508,33.84787158 -109.14654377,33.84848926 -109.14653850,33.84851859 </coordinates>
</LineString>
</Placemark>
<Placemark>
<name>AZAT-17 Milligan Valley</name>
<LookAt>
<longitude>-109.18967626</longitude>
<latitude>33.99962686</latitude>
<range>21881</range>
</LookAt>
<styleUrl>#Line_Forest_Service_Rd_level_2_or_higher_0dd5fc_04</styleUrl>
<ExtendedData>
<Data name="Type">
<value>Forest Service Rd level 2 or higher</value>
</Data>
<Data name="Name on GPS">
<value>AZAT17-Milligan Valley</value>
</Data>
<Data name="Total Distance">
<value>20.9 mi</value>
</Data>
<Data name="Number of Trackpoints">
<value>284</value>
</Data>
</ExtendedData>
<LineString>
<coordinates>-109.07941065,33.96365113 -109.07996855,33.96479540 -109.08056936,33.96522450 -109.08327303,33.96576087 -109.08670625,33.96704814 -109.08799371,33.96930081 -109.08863744,33.97019472 -109.08975324,33.97055227 -109.09078321,33.97062379 -109.09151277,33.97055227 -109.09271440,33.97112436 -109.09455976,33.97205400 -109.09537515,33.97301938 -109.09546098,33.97387749 -109.09567556,33.97452107 -109.09666261,33.97448531 -109.09807882,33.97448531 -109.09855089,33.97545067 -109.09850797,33.97645176 -109.09777841,33.97781038 -109.09730634,33.97884720 -109.09769258,33.97959799 -109.09820757,33.98013427 -109.09906587,33.98077779 -109.09932337,33.98124256 -109.10116873,33.98138557 -109.10309992,33.98338761 -109.10365782,33.98399536 -109.10447321,33.98442436 -109.10670480,33.98521085 -109.10636148,33.98696256 -109.10606107,33.98782053 -109.10618982,33.98867848 -109.10670480,33.98967942 -109.10696230,33.99125230 -109.10696230,33.99171701 -109.10764894,33.99207448 -109.10970888,33.99193149 -109.11048136,33.99250344 -109.11129675,33.99336135 -109.11185465,33.99332560 -109.11249838,33.99275366 -109.11284170,33.99186000 -109.11344251,33.99178851 -109.11434374,33.99200299 -109.12279806,33.99536310 -109.12421427,33.99543459 -109.12575922,33.99557757 -109.12704668,33.99507714 -109.12734709,33.99522012 -109.12760458,33.99607800 -109.12764749,33.99650694 -109.12850580,33.99729332 -109.13073740,33.99722183 -109.13228235,33.99715034 -109.13468561,33.99632822 -109.14077959,33.99822267 -109.15886841,33.99836564 -109.15906152,34.00987440 -109.15914736,34.01076787 -109.16034899,34.01312659 -109.16107855,34.01512788 -109.16193685,34.01812972 -109.16258058,34.02023809 -109.16378221,34.02266801 -109.16485510,34.02456187 -109.16541300,34.02695593 -109.16597090,34.02899262 -109.16597090,34.03081488 -109.16597090,34.03528103 -109.16665754,34.03560258 -109.16768751,34.03538821 -109.16948995,34.03324449 -109.17094908,34.03131510 -109.17288027,34.03017173 -109.17386732,34.02985016 -109.17472563,34.02956431 -109.17614183,34.02927847 -109.17897424,34.02720605 -109.18532572,34.02724179 -109.18618402,34.02867104 -109.19000349,34.03038611 -109.19339380,34.03181531 -109.19489584,34.03206542 -109.19631204,34.03202969 -109.19734201,34.03156521 -109.19850073,34.03142229 -109.19953069,34.03127937 -109.20129022,34.03067196 -109.20244894,34.03024319 -109.20304975,34.02949285 -109.20304975,34.02867104 -109.20240602,34.02777776 -109.20197687,34.02713459 -109.20174046,34.02682527 -109.20167646,34.02650035 -109.20192322,34.02621450 -109.20212707,34.02558025 -109.20244894,34.02532119 -109.20265279,34.02506213 -109.20283518,34.02458867 -109.20314631,34.02425814 -109.20326433,34.02395441 -109.20412264,34.02341842 -109.20447669,34.02306108 -109.20505605,34.02287348 -109.20521698,34.02278415 -109.20535645,34.02258761 -109.20527062,34.01997008 -109.20539937,34.01968420 -109.20569978,34.01950553 -109.20645079,34.01891590 -109.20727691,34.01822800 -109.20809231,34.01748648 -109.20834980,34.01720059 -109.20842490,34.01699511 -109.20873604,34.01653948 -109.20913300,34.01623572 -109.20986256,34.01619105 -109.21190104,34.01655735 -109.21234092,34.01660202 -109.21301684,34.01677176 -109.21324215,34.01674496 -109.21337089,34.01659308 -109.21327433,34.01504748 -109.21315632,34.01476158 -109.21242676,34.01370733 -109.21241603,34.01343930 -109.21352110,34.01212594 -109.21477637,34.01139331 -109.21493730,34.01085723 -109.21552739,34.01038369 -109.21594581,34.00995482 -109.21688995,34.00974932 -109.21729765,34.00982974 -109.21905718,34.00895413 -109.21953997,34.00879330 -109.22162137,34.00730116 -109.22217927,34.00717607 -109.22367058,34.00663103 -109.22461471,34.00629150 -109.22531209,34.00604131 -109.22629914,34.00598770 -109.22683558,34.00663103 -109.22800503,34.00685441 -109.22841272,34.00679186 -109.22913155,34.00644339 -109.22959289,34.00667571 -109.22989330,34.00667571 -109.23104129,34.00605025 -109.23128805,34.00565710 -109.23150263,34.00529076 -109.23162064,34.00466529 -109.23199615,34.00421852 -109.23238239,34.00392365 -109.23284373,34.00392365 -109.23316560,34.00381643 -109.23342309,34.00361985 -109.23446378,34.00370027 -109.23513970,34.00378069 -109.23585853,34.00399514 -109.23633060,34.00419171 -109.23678121,34.00420065 -109.23711381,34.00404875 -109.23751077,34.00403088 -109.23787555,34.00374494 -109.23841200,34.00351262 -109.23912010,34.00301224 -109.24075088,34.00259227 -109.24186668,34.00225272 -109.24290738,34.00181487 -109.24332580,34.00156468 -109.24386225,34.00117151 -109.24506387,34.00081408 -109.24560032,34.00111789 -109.24646935,34.00133235 -109.24726329,34.00114470 -109.24831471,34.00119831 -109.24859366,34.00131448 -109.24935541,34.00143958 -109.24989185,34.00202039 -109.25064287,34.00269950 -109.25126514,34.00280672 -109.25199470,34.00312840 -109.25227365,34.00336072 -109.25238094,34.00400407 -109.25238094,34.00427213 -109.25291738,34.00538011 -109.25371132,34.00641659 -109.25401172,34.00657742 -109.25474128,34.00664891 -109.25637207,34.00591622 -109.25718746,34.00586261 -109.25950489,34.00632724 -109.26302395,34.00702418 -109.26358185,34.00689909 -109.26426849,34.00650594 -109.26486931,34.00614854 -109.26549158,34.00546946 -109.26579199,34.00530863 -109.26611385,34.00520141 -109.26641426,34.00538011 -109.26656446,34.00573752 -109.26697216,34.00595196 -109.26757297,34.00571965 -109.26825962,34.00545159 -109.26954708,34.00543372 -109.27061996,34.00546946 -109.27244386,34.00595196 -109.28147754,34.00970465 -109.28370914,34.01007991 -109.28553304,34.01029435 -109.28613386,34.01041943 -109.28628406,34.01075895 -109.28619823,34.01111634 -109.28568325,34.01138438 -109.28291521,34.01249226 -109.28235731,34.01261734 -109.28106985,34.01276029 -109.28016863,34.01286751 -109.27941761,34.01304620 -109.27851639,34.01349292 -109.27832327,34.01385029 -109.27860222,34.01410045 -109.27892408,34.01411832 -109.27967510,34.01435061 -109.28074798,34.01469011 -109.28098402,34.01483306 -109.28167066,34.01517256 -109.28225002,34.01522617 -109.28295812,34.01520830 -109.28392372,34.01524403 -109.28446016,34.01542272 -109.28484640,34.01561927 -109.28529701,34.01606598 -109.28557596,34.01647695 -109.28624115,34.01670923 -109.28720674,34.01672710 -109.28836546,34.01667350 -109.28965292,34.01653055 -109.29044685,34.01645908 -109.29109058,34.01638761 -109.29128370,34.01644121 -109.29177723,34.01672710 -109.29216346,34.01712020 -109.29257116,34.01792425 -109.29257116,34.01831735 -109.29257116,34.01897845 -109.29282865,34.01963955 -109.29338655,34.02003263 -109.29377279,34.02038998 -109.29396591,34.02097959 -109.29398737,34.02174788 -109.29398737,34.02221242 -109.29388008,34.02274842 -109.29364404,34.02326656 -109.29383716,34.02424922 -109.29398737,34.02514254 -109.29385862,34.02558920 -109.29349384,34.02616091 -109.29325781,34.02676836 -109.29319343,34.02719714 -109.29388008,34.02785817 -109.29439506,34.02823335 -109.29467401,34.02857280 -109.29501734,34.02891224 -109.29499588,34.02909089 -109.29467401,34.02926955 -109.29426632,34.02941247 -109.29377279,34.02957326 -109.29334364,34.02968045 -109.29310760,34.02975191 -109.29398737,34.02996630 -109.29441652,34.03005562 -109.29523191,34.03032360 -109.29600439,34.03046652 -109.29658375,34.03048439 -109.29765663,34.03043079 -109.29815016,34.03044866 -109.29857931,34.03034147 -109.29924450,34.03030574 -109.29945371,34.03030574 -109.29975412,34.03032360 -109.29994187,34.03030574 </coordinates>
</LineString>
</Placemark>
<Placemark>
<name>AZAT-20 Canero Lake</name>
<LookAt>
<longitude>-109.58971800</longitude>
<latitude>34.13707000</latitude>
<range>17329</range>
</LookAt>
<styleUrl>#Line_Forest_Service_Rd_level_2_or_higher_e6e6fa_04</styleUrl>
<ExtendedData>
<Data name="Type">
<value>Forest Service Rd level 2 or higher</value>
</Data>
<Data name="Name on GPS">
<value>AZAT20-Canero Lake</value>
</Data>
<Data name="Total Distance">
<value>18.5 mi</value>
</Data>
<Data name="Number of Trackpoints">
<value>577</value>
</Data>
</ExtendedData>
<LineString>
<coordinates>-109.56155000,34.08632500 -109.56155000,34.08632500 -109.56155000,34.08632500 -109.56155000,34.08632500 -109.55516400,34.09060100 -109.55485800,34.09084100 -109.55426400,34.09145000 -109.55405800,34.09175100 -109.55320300,34.09358000 -109.55271200,34.09418000 -109.55244300,34.09447800 -109.55006300,34.09619500 -109.54958700,34.09669600 -109.54958700,34.09669600 -109.54958700,34.09669600 -109.54958700,34.09669600 -109.54916400,34.09734300 -109.54903900,34.09765700 -109.54883300,34.09843500 -109.54878600,34.09977800 -109.54877300,34.10331000 -109.54874300,34.10432900 -109.54862100,34.10489300 -109.54852900,34.10511300 -109.54825200,34.10549300 -109.54806500,34.10569500 -109.54806500,34.10569500 -109.54806500,34.10569500 -109.54806500,34.10569500 -109.54749800,34.10618900 -109.54525700,34.10793200 -109.54476800,34.10827600 -109.54437000,34.10849400 -109.54385600,34.10873300 -109.54332500,34.10887600 -109.54164900,34.10920200 -109.54142600,34.10926900 -109.53900600,34.11037700 -109.53844700,34.11057000 -109.53559100,34.11134500 -109.53489900,34.11175400 -109.53463300,34.11196700 -109.53433400,34.11225700 -109.53406600,34.11258100 -109.53406600,34.11258100 -109.53406600,34.11258100 -109.53406600,34.11258100 -109.53380300,34.11298000 -109.53365600,34.11331500 -109.53345000,34.11458000 -109.53348400,34.11462100 -109.53339300,34.11478200 -109.53331200,34.11508000 -109.53301000,34.11559700 -109.53254400,34.11655800 -109.53248400,34.11689800 -109.53252200,34.11767300 -109.53252200,34.11767300 -109.53252200,34.11767300 -109.53252200,34.11767300 -109.53270400,34.11816200 -109.53283700,34.11838400 -109.53353700,34.11931900 -109.53440500,34.11995900 -109.53470900,34.12027600 -109.53488300,34.12054000 -109.53505300,34.12102300 -109.53504500,34.12118100 -109.53497500,34.12139200 -109.53473900,34.12176000 -109.53428300,34.12219100 -109.53419600,34.12231000 -109.53406300,34.12265600 -109.53406600,34.12291000 -109.53420300,34.12309700 -109.53464500,34.12347500 -109.53529700,34.12412600 -109.53555200,34.12450300 -109.53573300,34.12483300 -109.53577700,34.12506300 -109.53578200,34.12527100 -109.53572500,34.12546900 -109.53572500,34.12546900 -109.53572500,34.12546900 -109.53572500,34.12546900 -109.53551400,34.12576100 -109.53504400,34.12620300 -109.53491100,34.12639200 -109.53482200,34.12661000 -109.53467500,34.12729500 -109.53457200,34.12748800 -109.53432000,34.12763400 -109.53392700,34.12772400 -109.53350100,34.12787000 -109.53310400,34.12812100 -109.53272500,34.12821600 -109.53143300,34.12804700 -109.53086600,34.12787400 -109.53033500,34.12753500 -109.53009300,34.12752400 -109.52984600,34.12765200 -109.52970200,34.12779100 -109.52943700,34.12815300 -109.52928200,34.12829200 -109.52877700,34.12850300 -109.52837600,34.12886900 -109.52822900,34.12892700 -109.52781700,34.12898600 -109.52700600,34.12873400 -109.52676200,34.12875200 -109.52648500,34.12881600 -109.52629900,34.12889700 -109.52591900,34.12913300 -109.52583300,34.12922700 -109.52583300,34.12922700 -109.52583300,34.12922700 -109.52583300,34.12922700 -109.52578100,34.12934100 -109.52576900,34.12965000 -109.52595700,34.13056300 -109.52597100,34.13078500 -109.52588300,34.13148200 -109.52578900,34.13183900 -109.52542000,34.13276600 -109.52529000,34.13293600 -109.52465700,34.13348300 -109.52450900,34.13410700 -109.52437100,34.13439400 -109.52420400,34.13464500 -109.52420400,34.13464500 -109.52420400,34.13464500 -109.52420400,34.13464500 -109.52404700,34.13482900 -109.52376100,34.13506900 -109.52350600,34.13522100 -109.52273100,34.13554500 -109.52255800,34.13565200 -109.52116000,34.13672300 -109.52039800,34.13721700 -109.52014500,34.13742200 -109.51921800,34.13834200 -109.51895700,34.13837800 -109.51830600,34.13824900 -109.51830600,34.13824900 -109.51830600,34.13824900 -109.51830600,34.13824900 -109.51831500,34.13862800 -109.51854300,34.13933000 -109.51863300,34.13993700 -109.51842600,34.14048000 -109.51840700,34.14066900 -109.51846700,34.14079200 -109.51872200,34.14099700 -109.51872200,34.14099700 -109.51872200,34.14099700 -109.51872200,34.14099700 -109.51894700,34.14104600 -109.51973700,34.14074000 -109.52021200,34.14063700 -109.52186900,34.14055600 -109.52225400,34.14060800 -109.52239000,34.14067100 -109.52252000,34.14085900 -109.52253700,34.14098300 -109.52253700,34.14098300 -109.52253700,34.14098300 -109.52253700,34.14098300 -109.52249900,34.14108600 -109.52234500,34.14129100 -109.52173400,34.14178800 -109.52116700,34.14204400 -109.52036700,34.14224200 -109.52015000,34.14236300 -109.51951500,34.14287000 -109.51896400,34.14326300 -109.51881200,34.14344300 -109.51873900,34.14357700 -109.51869300,34.14376400 -109.51863300,34.14514200 -109.51863600,34.14540300 -109.51867100,34.14559600 -109.51873700,34.14571800 -109.51873700,34.14571800 -109.51873700,34.14571800 -109.51873700,34.14571800 -109.51885200,34.14583200 -109.51917700,34.14605600 -109.51902900,34.14595700 -109.52133200,34.14700400 -109.52207200,34.14723500 -109.52296500,34.14730600 -109.52281300,34.14729800 -109.52558800,34.14733400 -109.52593800,34.14736300 -109.52682800,34.14763000 -109.52705100,34.14766400 -109.52853500,34.14765300 -109.52980700,34.14771800 -109.53340400,34.14855800 -109.53364900,34.14862800 -109.53407800,34.14883700 -109.53407800,34.14883700 -109.53407800,34.14883700 -109.53407800,34.14883700 -109.53487800,34.14942300 -109.53541800,34.14988100 -109.53572200,34.15022300 -109.53634000,34.15135900 -109.53671000,34.15187100 -109.53735000,34.15257100 -109.53749100,34.15281300 -109.53759900,34.15311600 -109.53798200,34.15453500 -109.53810400,34.15474000 -109.53824500,34.15487700 -109.53842900,34.15493700 -109.53862200,34.15492800 -109.53992400,34.15470800 -109.54062400,34.15473700 -109.54131600,34.15483200 -109.54156300,34.15492200 -109.54173700,34.15503400 -109.54195900,34.15535000 -109.54211100,34.15581900 -109.54221100,34.15596100 -109.54235200,34.15606200 -109.54294900,34.15634000 -109.54344300,34.15666100 -109.54362800,34.15674200 -109.54426000,34.15686100 -109.54458800,34.15699300 -109.54456600,34.15697600 -109.54467800,34.15707200 -109.54492200,34.15750800 -109.54552700,34.15899200 -109.54574900,34.15943600 -109.54603700,34.15975700 -109.54681800,34.16039700 -109.54704000,34.16061300 -109.54721700,34.16089500 -109.54717100,34.16076700 -109.54751300,34.16158900 -109.54763200,34.16179100 -109.54778400,34.16195900 -109.54918600,34.16277000 -109.55146800,34.16402100 -109.55142500,34.16399600 -109.55176100,34.16419100 -109.55208100,34.16445000 -109.55208100,34.16445000 -109.55208100,34.16445000 -109.55208100,34.16445000 -109.55197800,34.16435200 -109.55211300,34.16417100 -109.55235900,34.16389800 -109.55298200,34.16337200 -109.55323100,34.16319600 -109.55418100,34.16281400 -109.55588600,34.16225300 -109.55676100,34.16215300 -109.55869100,34.16201700 -109.55885600,34.16199200 -109.55913400,34.16184700 -109.55913400,34.16184700 -109.55913400,34.16184700 -109.55913400,34.16184700 -109.55956400,34.16143300 -109.55980900,34.16104100 -109.56047100,34.15963100 -109.56148000,34.15693300 -109.56182600,34.15631300 -109.56192300,34.15620200 -109.56229200,34.15593200 -109.56383200,34.15460700 -109.56418700,34.15434800 -109.56491600,34.15397700 -109.56548000,34.15360300 -109.56696100,34.15224000 -109.56734300,34.15196500 -109.56734300,34.15196500 -109.56734300,34.15196500 -109.56734300,34.15196500 -109.56773200,34.15178700 -109.56833300,34.15172900 -109.56911000,34.15184900 -109.56990400,34.15205400 -109.57086900,34.15214600 -109.57231300,34.15222600 -109.57257000,34.15219700 -109.57324200,34.15203800 -109.57324200,34.15203800 -109.57324200,34.15203800 -109.57324200,34.15203800 -109.57367100,34.15182400 -109.57594100,34.15052700 -109.57677300,34.14991200 -109.57920900,34.14825000 -109.57917500,34.14825200 -109.58048100,34.14742300 -109.58114100,34.14685200 -109.58186600,34.14613100 -109.58214400,34.14592200 -109.58214400,34.14592200 -109.58214400,34.14592200 -109.58214400,34.14592200 -109.58219800,34.14627800 -109.58246100,34.14681700 -109.58265100,34.14709500 -109.58305200,34.14745600 -109.58411700,34.14789100 -109.58620800,34.14866600 -109.58882600,34.14954600 -109.58992400,34.14987600 -109.59095500,34.15027300 -109.59164200,34.15063200 -109.59200800,34.15078000 -109.59393200,34.15125600 -109.59424100,34.15141100 -109.59445200,34.15157100 -109.59553200,34.15267700 -109.59566200,34.15289500 -109.59569900,34.15311900 -109.59568300,34.15331200 -109.59770700,34.15389700 -109.59788700,34.15401300 -109.59800200,34.15419000 -109.59812000,34.15451000 -109.59823000,34.15459500 -109.59823000,34.15459500 -109.59823000,34.15459500 -109.59823000,34.15459500 -109.59847000,34.15463000 -109.59895800,34.15450500 -109.59937000,34.15419300 -109.59939200,34.15409700 -109.59962800,34.15398000 -109.59990700,34.15408500 -109.60070700,34.15454800 -109.60103300,34.15477000 -109.60128500,34.15480300 -109.60167800,34.15458500 -109.60195200,34.15456700 -109.60235200,34.15463800 -109.60272200,34.15478300 -109.60340700,34.15515300 -109.60389200,34.15519200 -109.60413700,34.15524500 -109.60479800,34.15553200 -109.60546700,34.15566000 -109.60577300,34.15589200 -109.60626000,34.15651800 -109.60659200,34.15668500 -109.60687500,34.15673000 -109.60828800,34.15676300 -109.60887500,34.15686700 -109.60957200,34.15719200 -109.60997300,34.15746500 -109.61029500,34.15754700 -109.61062000,34.15773000 -109.61150700,34.15811800 -109.61173000,34.15819800 -109.61212500,34.15825700 -109.61280800,34.15825700 -109.61328200,34.15832300 -109.61387500,34.15857800 -109.61477200,34.15912700 -109.61477200,34.15912700 -109.61477200,34.15912700 -109.61477200,34.15912700 -109.61502500,34.15938700 -109.61516700,34.15958700 -109.61551500,34.16031300 -109.61588800,34.16086300 -109.61628300,34.16224800 -109.61632000,34.16247300 -109.61632800,34.16312000 -109.61628500,34.16346000 -109.61584500,34.16421000 -109.61531200,34.16480300 -109.61527200,34.16499500 -109.61552000,34.16544500 -109.61574000,34.16622800 -109.61599300,34.16663500 -109.61618200,34.16705200 -109.61631800,34.16725800 -109.61631800,34.16725800 -109.61631800,34.16725800 -109.61631800,34.16725800 -109.61650200,34.16743500 -109.61667000,34.16754500 -109.61718200,34.16768300 -109.61742800,34.16780000 -109.61835700,34.16847800 -109.61882200,34.16872200 -109.61947000,34.16922500 -109.62011500,34.16960500 -109.62073200,34.17018800 -109.62095800,34.17033700 -109.62184800,34.17070300 -109.62256700,34.17075500 -109.62278800,34.17079800 -109.62394300,34.17111300 -109.62427000,34.17135200 -109.62484800,34.17221700 -109.62493200,34.17239200 -109.62493200,34.17239200 -109.62493200,34.17239200 -109.62493200,34.17239200 -109.62496800,34.17282000 -109.62493000,34.17307700 -109.62467800,34.17350800 -109.62425000,34.17402800 -109.62399800,34.17438700 -109.62386500,34.17449800 -109.62338000,34.17474500 -109.62288800,34.17522800 -109.62240300,34.17552000 -109.62225000,34.17566700 -109.62221800,34.17583000 -109.62224700,34.17591300 -109.62254300,34.17625700 -109.62286500,34.17650700 -109.62286500,34.17650700 -109.62286500,34.17650700 -109.62286500,34.17650700 -109.62322800,34.17662000 -109.62377700,34.17661800 -109.62402000,34.17659700 -109.62470300,34.17637500 -109.62499200,34.17636200 -109.62565500,34.17654800 -109.62715700,34.17668800 -109.62751500,34.17685800 -109.62782200,34.17707200 -109.62798200,34.17721300 -109.62822300,34.17753700 -109.62855700,34.17781200 -109.62865000,34.17786300 -109.62897800,34.17792800 -109.62913200,34.17801800 -109.62924200,34.17813300 -109.62925300,34.17827800 -109.62934700,34.17842000 -109.62946200,34.17844500 -109.62947700,34.17856200 -109.62987300,34.17791300 -109.63008800,34.17781200 -109.63043700,34.17772300 -109.63093300,34.17776700 -109.63130300,34.17771700 -109.63194800,34.17748300 -109.63267500,34.17707200 -109.63295500,34.17699000 -109.63352000,34.17695300 -109.63379700,34.17684300 -109.63379700,34.17684300 -109.63379700,34.17684300 -109.63379700,34.17684300 -109.63435000,34.17638300 -109.63495000,34.17616700 -109.63504200,34.17608500 -109.63516300,34.17588700 -109.63572200,34.17553700 -109.63614800,34.17520500 -109.63624300,34.17503500 -109.63631300,34.17473700 -109.63647200,34.17442800 -109.63656200,34.17401200 -109.63656300,34.17388500 -109.63652500,34.17377200 -109.63656800,34.17356200 -109.63683200,34.17333000 -109.63688700,34.17324800 -109.63694300,34.17304800 -109.63687700,34.17281800 -109.63665200,34.17255200 -109.63662300,34.17245500 -109.63677200,34.17165700 -109.63683500,34.17146300 -109.63677500,34.17094000 -109.63679300,34.17072000 -109.63658300,34.17029800 -109.63658300,34.17023200 -109.63687000,34.17009200 -109.63705500,34.16996200 -109.63727300,34.16973200 -109.63739300,34.16943700 -109.63736000,34.16919200 -109.63738000,34.16902500 -109.63762200,34.16888800 -109.63798700,34.16878700 -109.63836500,34.16854000 -109.63879500,34.16848300 -109.63919300,34.16826000 -109.63985700,34.16813200 -109.63985700,34.16813200 -109.63985700,34.16813200 -109.63985700,34.16813200 -109.64013500,34.16825000 -109.64032300,34.16829200 -109.64055300,34.16841800 -109.64083200,34.16890000 -109.64087200,34.16906300 -109.64083500,34.16923300 -109.64086700,34.16937000 -109.64100800,34.16954300 -109.64137300,34.16970500 -109.64142500,34.16975700 -109.64143800,34.16993500 -109.64135200,34.17028500 -109.64142200,34.17050000 -109.64158800,34.17059800 -109.64182200,34.17062200 -109.64240800,34.17055000 -109.64259200,34.17049300 -109.64284200,34.17032200 -109.64346300,34.17013000 -109.64405300,34.17012500 -109.64411300,34.17007800 -109.64425000,34.17012800 -109.64437800,34.17026300 -109.64505200,34.17077500 -109.64542000,34.17122200 -109.64571300,34.17140500 -109.64646000,34.17169000 -109.64734300,34.17188000 -109.64759700,34.17201200 -109.64811200,34.17236700 -109.64829200,34.17257000 -109.64875500,34.17356200 -109.64894800,34.17379200 -109.64945500,34.17422800 -109.64992200,34.17444800 -109.65009700,34.17458700 -109.65032800,34.17483500 -109.65061200,34.17530000 -109.65075300,34.17546800 -109.65127000,34.17592700 -109.65156800,34.17607300 -109.65248800,34.17626700 -109.65361200,34.17671300 -109.65443300,34.17726300 -109.65469500,34.17750200 -109.65520200,34.17809700 -109.65537500,34.17823500 -109.65563800,34.17838800 -109.65667800,34.17887000 -109.65747500,34.17935200 -109.65772300,34.17955000 -109.65821700,34.17986200 -109.65828800,34.17988300 -109.65833700,34.17983300 -109.65838000,34.17956300 -109.65838000,34.17956300 -109.65838000,34.17956300 -109.65838000,34.17956300 -109.65831300,34.17988000 -109.65857000,34.18017000 -109.65890800,34.18066500 -109.65919500,34.18130700 -109.65935500,34.18157200 -109.65976700,34.18188000 -109.65991800,34.18210500 -109.66007000,34.18270000 -109.66029700,34.18318800 -109.66043300,34.18379000 -109.66078800,34.18479300 -109.66084000,34.18503800 -109.66087300,34.18547200 -109.66103000,34.18602300 -109.66105800,34.18620200 -109.66104300,34.18648200 -109.66094300,34.18702000 -109.66092800,34.18729500 -109.66098200,34.18755300 -109.66113000,34.18781500 -109.66113000,34.18781500 </coordinates>
</LineString>
</Placemark>
<Placemark>
<name>AZAT-21 Land of the Pioneers</name>
<LookAt>
<longitude>-109.79751550</longitude>
<latitude>34.19418200</latitude>
<range>25915</range>
</LookAt>
<styleUrl>#Line_Forest_Service_Rd_level_2_or_higher_0dd5fc_04</styleUrl>
<ExtendedData>
<Data name="Type">
<value>Forest Service Rd level 2 or higher</value>
</Data>
<Data name="Name on GPS">
<value>AZAT21-Land of the Pioneers</value>
</Data>
<Data name="Total Distance">
<value>24.0 mi</value>
</Data>
<Data name="Number of Trackpoints">
<value>1382</value>
</Data>
</ExtendedData>
<LineString>
<coordinates>-109.66106500,34.18783200 -109.66108200,34.18796500 -109.66129700,34.18785200 -109.66142900,34.18782300 -109.66158100,34.18778600 -109.66177700,34.18768500 -109.66195100,34.18760700 -109.66207200,34.18751300 -109.66236000,34.18739300 -109.66262600,34.18731200 -109.66283000,34.18725300 -109.66316900,34.18715500 -109.66355100,34.18701500 -109.66381400,34.18689800 -109.66472900,34.18650400 -109.66541800,34.18597700 -109.66541800,34.18574800 -109.66558800,34.18545300 -109.66558800,34.18545300 -109.66564700,34.18534900 -109.66572100,34.18522200 -109.66624500,34.18526700 -109.66740200,34.18492400 -109.66856000,34.18492400 -109.66900100,34.18478700 -109.67018600,34.18481000 -109.67057200,34.18490200 -109.67101300,34.18513100 -109.67127700,34.18508200 -109.67127700,34.18508200 -109.67150900,34.18503900 -109.67195000,34.18476500 -109.67233600,34.18430700 -109.67272100,34.18398600 -109.67500900,34.18343700 -109.67567000,34.18313900 -109.67600100,34.18275000 -109.67685600,34.18116900 -109.67746400,34.18064900 -109.67732400,34.18073400 -109.67823400,34.18018500 -109.67908800,34.17981800 -109.67923500,34.17981800 -109.67952900,34.17981800 -109.68046600,34.18000100 -109.68104500,34.18041400 -109.68126500,34.18066600 -109.68173300,34.18155900 -109.68231200,34.18206300 -109.68269800,34.18201700 -109.68300100,34.18135300 -109.68305500,34.18131900 -109.68311100,34.18128400 -109.68363500,34.18114700 -109.68418600,34.18117000 -109.68517800,34.18158200 -109.68589500,34.18158200 -109.68672100,34.18191300 -109.68675600,34.18181400 -109.68675600,34.18181400 -109.68672100,34.18191300 -109.68873300,34.18272100 -109.68884300,34.18284200 -109.68887100,34.18314000 -109.68840200,34.18460600 -109.68818200,34.18630000 -109.68840200,34.18742300 -109.68900100,34.18796700 -109.68923900,34.18871200 -109.68933900,34.18902600 -109.68953200,34.18923200 -109.69062400,34.18969500 -109.69087700,34.18980200 -109.69162700,34.19042200 -109.69281700,34.19039500 -109.69362800,34.19045500 -109.69433000,34.19045600 -109.69625800,34.19024500 -109.69722700,34.19052000 -109.69918600,34.19075100 -109.69970500,34.19071400 -109.70078900,34.19095300 -109.70279800,34.19109300 -109.70369600,34.19132600 -109.70368000,34.19125200 -109.70368000,34.19125200 -109.70369600,34.19132600 -109.70388500,34.19136500 -109.70360700,34.19131200 -109.70470600,34.19149100 -109.70530400,34.19177100 -109.70580100,34.19214000 -109.70654800,34.19265200 -109.70689700,34.19284900 -109.70737200,34.19329000 -109.70789700,34.19355700 -109.70816100,34.19378300 -109.70816100,34.19378300 -109.70819600,34.19381300 -109.70844300,34.19418300 -109.70868600,34.19482900 -109.70893000,34.19525000 -109.70898200,34.19533700 -109.70946100,34.19593700 -109.70963900,34.19636300 -109.71011500,34.19722500 -109.71033300,34.19782200 -109.71039400,34.19812000 -109.71019900,34.19879500 -109.71021700,34.19904700 -109.71034200,34.19937300 -109.71075000,34.19966600 -109.71221600,34.20036700 -109.71279600,34.20073400 -109.71292500,34.20084300 -109.71296600,34.20095200 -109.71293400,34.20166400 -109.71305700,34.20214300 -109.71313200,34.20222500 -109.71399600,34.20250500 -109.71424300,34.20263400 -109.71486600,34.20309100 -109.71520000,34.20322100 -109.71552300,34.20344100 -109.71596900,34.20407700 -109.71644900,34.20452200 -109.71727200,34.20539800 -109.71727200,34.20539800 -109.71736200,34.20549300 -109.71737500,34.20652100 -109.71733200,34.20699000 -109.71711800,34.20730800 -109.71715100,34.20756200 -109.71715100,34.20756200 -109.71715600,34.20760300 -109.71730100,34.20800000 -109.71766700,34.20835800 -109.71815300,34.20856800 -109.71803700,34.20892600 -109.71778900,34.21020800 -109.71776200,34.21126200 -109.71853500,34.21414800 -109.71905900,34.21510900 -109.71934600,34.21545500 -109.71952300,34.21556000 -109.71956900,34.21556600 -109.71988200,34.21559200 -109.71988200,34.21559200 -109.71991500,34.21559500 -109.72011600,34.21554800 -109.72025600,34.21542300 -109.72047000,34.21494100 -109.72079000,34.21472300 -109.72103000,34.21464600 -109.72129900,34.21463200 -109.72150500,34.21465700 -109.72167400,34.21479000 -109.72201200,34.21495400 -109.72221900,34.21497200 -109.72249800,34.21492500 -109.72280300,34.21480500 -109.72302700,34.21468300 -109.72375500,34.21400900 -109.72397000,34.21384700 -109.72437800,34.21381000 -109.72463500,34.21383200 -109.72488200,34.21381000 -109.72518200,34.21371600 -109.72540500,34.21357200 -109.72557700,34.21337000 -109.72594100,34.21301800 -109.72630400,34.21266700 -109.72651800,34.21244800 -109.72654400,34.21242700 -109.72654400,34.21242700 -109.72670300,34.21229500 -109.72691800,34.21229200 -109.72704900,34.21230600 -109.72750800,34.21235900 -109.72768800,34.21235900 -109.72798000,34.21233000 -109.72820500,34.21220600 -109.72902300,34.21173100 -109.72920500,34.21167200 -109.72961600,34.21168500 -109.73034000,34.21185300 -109.73063000,34.21181300 -109.73088700,34.21170800 -109.73135700,34.21147200 -109.73177800,34.21120300 -109.73210000,34.21095500 -109.73268000,34.21081500 -109.73306300,34.21089300 -109.73351900,34.21101700 -109.73374100,34.21102400 -109.73421100,34.21104600 -109.73441700,34.21114300 -109.73468800,34.21145600 -109.73470100,34.21147200 -109.73470100,34.21147200 -109.73486000,34.21165600 -109.73521700,34.21196200 -109.73538300,34.21226800 -109.73532400,34.21279100 -109.73537700,34.21331000 -109.73553300,34.21354100 -109.73591900,34.21374100 -109.73650900,34.21389300 -109.73666100,34.21393200 -109.73682800,34.21397100 -109.73720800,34.21406300 -109.73742100,34.21425800 -109.73758500,34.21446400 -109.73784200,34.21514400 -109.73814300,34.21565000 -109.73834800,34.21584200 -109.73857700,34.21613800 -109.73867800,34.21644100 -109.73893600,34.21670600 -109.73921800,34.21686800 -109.73957200,34.21692800 -109.74005800,34.21687000 -109.74065200,34.21661800 -109.74093200,34.21656500 -109.74128100,34.21661800 -109.74145000,34.21667100 -109.74164300,34.21689300 -109.74182200,34.21720900 -109.74207200,34.21730400 -109.74231900,34.21733700 -109.74302400,34.21704100 -109.74342500,34.21692000 -109.74384300,34.21684700 -109.74433300,34.21678800 -109.74463500,34.21680900 -109.74478300,34.21686600 -109.74486000,34.21710500 -109.74490900,34.21735800 -109.74519500,34.21793000 -109.74526500,34.21817400 -109.74514200,34.21879800 -109.74512200,34.21910400 -109.74517200,34.21939400 -109.74528900,34.21968600 -109.74536200,34.21990400 -109.74536200,34.22042900 -109.74540500,34.22059200 -109.74552200,34.22072400 -109.74555900,34.22073400 -109.74555900,34.22073400 -109.74569900,34.22077100 -109.74646300,34.22077400 -109.74686600,34.22075400 -109.74761900,34.22079100 -109.74802200,34.22068400 -109.74832500,34.22062100 -109.74877900,34.22059700 -109.74953200,34.22072800 -109.75003100,34.22076000 -109.75081600,34.22051600 -109.75114900,34.22034400 -109.75133100,34.22025000 -109.75138800,34.22023500 -109.75169000,34.22015500 -109.75198300,34.22014000 -109.75251100,34.22033900 -109.75313600,34.22076900 -109.75342600,34.22083100 -109.75379100,34.22085400 -109.75396500,34.22094700 -109.75422000,34.22114400 -109.75447500,34.22146400 -109.75478600,34.22173400 -109.75514500,34.22186900 -109.75564700,34.22190500 -109.75600900,34.22200700 -109.75627600,34.22226800 -109.75627600,34.22226800 -109.75600900,34.22200700 -109.75646900,34.22201600 -109.75654000,34.22197400 -109.75658800,34.22190900 -109.75660400,34.22184700 -109.75659400,34.22160100 -109.75655400,34.22124800 -109.75649700,34.22081800 -109.75636900,34.22057600 -109.75623200,34.22031000 -109.75614600,34.22003500 -109.75617500,34.22002900 -109.75613800,34.21985100 -109.75621400,34.21961500 -109.75626900,34.21949400 -109.75638500,34.21921000 -109.75644000,34.21904000 -109.75650300,34.21881500 -109.75659900,34.21852900 -109.75669600,34.21826500 -109.75669300,34.21787500 -109.75665300,34.21754000 -109.75662600,34.21722300 -109.75661500,34.21695200 -109.75665600,34.21675700 -109.75674900,34.21658400 -109.75688600,34.21641600 -109.75715700,34.21617200 -109.75749200,34.21591900 -109.75771800,34.21579700 -109.75799100,34.21564400 -109.75825400,34.21546400 -109.75847900,34.21531300 -109.75876400,34.21511400 -109.75901800,34.21491800 -109.75931900,34.21463500 -109.75972700,34.21438200 -109.75977800,34.21435600 -109.76002400,34.21423300 -109.76030600,34.21403600 -109.76032500,34.21390900 -109.76029300,34.21375400 -109.76026600,34.21361600 -109.76031400,34.21338600 -109.76060600,34.21342900 -109.76060600,34.21342900 -109.76079700,34.21345700 -109.76124500,34.21355000 -109.76143500,34.21362100 -109.76158000,34.21364100 -109.76185000,34.21369600 -109.76198000,34.21375100 -109.76215600,34.21381300 -109.76234500,34.21386900 -109.76256100,34.21391600 -109.76278900,34.21393700 -109.76299900,34.21393800 -109.76335300,34.21386400 -109.76334500,34.21404100 -109.76334500,34.21404100 -109.76335300,34.21386400 -109.76483500,34.21395200 -109.76548900,34.21421000 -109.76628900,34.21432500 -109.76657700,34.21449000 -109.76698500,34.21502800 -109.76730100,34.21516800 -109.76794300,34.21533200 -109.76845500,34.21548400 -109.76876600,34.21574600 -109.76927000,34.21561600 -109.76953300,34.21530600 -109.76995800,34.21505500 -109.77031100,34.21499600 -109.77100500,34.21498700 -109.77255200,34.21507300 -109.77376500,34.21545100 -109.77489100,34.21577900 -109.77558900,34.21590000 -109.77637800,34.21589800 -109.77703900,34.21594000 -109.77703900,34.21594000 -109.77748300,34.21596900 -109.77848700,34.21578000 -109.78031400,34.21564700 -109.78141600,34.21559300 -109.78211300,34.21538400 -109.78243100,34.21539000 -109.78278000,34.21522000 -109.78354600,34.21475400 -109.78354600,34.21475400 -109.78358900,34.21472800 -109.78458500,34.21404000 -109.78472400,34.21388600 -109.78491100,34.21353700 -109.78499600,34.21318700 -109.78505600,34.21256000 -109.78507900,34.21209400 -109.78507700,34.21160100 -109.78509300,34.21142000 -109.78523500,34.21112600 -109.78539000,34.21084200 -109.78556700,34.21053800 -109.78584400,34.21023200 -109.78595400,34.21013100 -109.78608800,34.20992100 -109.78614900,34.20966200 -109.78620300,34.20933400 -109.78634800,34.20928600 -109.78634800,34.20928600 -109.78705300,34.20905200 -109.78779300,34.20871500 -109.78825500,34.20852400 -109.78870500,34.20847900 -109.78990700,34.20860400 -109.79128000,34.20884800 -109.79173100,34.20885600 -109.79329700,34.20858100 -109.79410200,34.20827100 -109.79475600,34.20786300 -109.79521800,34.20765900 -109.79523100,34.20764600 -109.79615100,34.20726800 -109.79639800,34.20706400 -109.79665500,34.20681600 -109.79708400,34.20653200 -109.79760500,34.20634100 -109.79903700,34.20604400 -109.79927300,34.20595500 -109.79953600,34.20577800 -109.79990100,34.20561800 -109.80021200,34.20539100 -109.80062000,34.20492600 -109.80110200,34.20450900 -109.80134900,34.20437100 -109.80215800,34.20419700 -109.80215800,34.20419700 -109.80235800,34.20415400 -109.80279700,34.20387900 -109.80325400,34.20344400 -109.80355900,34.20292000 -109.80355900,34.20259700 -109.80349500,34.20237500 -109.80329600,34.20216200 -109.80265800,34.20175300 -109.80233600,34.20165600 -109.80196600,34.20159400 -109.80161700,34.20154100 -109.80130100,34.20137600 -109.80107600,34.20114100 -109.80103800,34.20094600 -109.80110200,34.20078600 -109.80144000,34.20059100 -109.80163700,34.20050600 -109.80193900,34.20028000 -109.80222100,34.20006800 -109.80237100,34.19990900 -109.80237100,34.19990900 -109.80243100,34.19984500 -109.80268000,34.19992900 -109.80297100,34.20001500 -109.80324200,34.20006200 -109.80355900,34.20012600 -109.80383800,34.20018800 -109.80445400,34.20030300 -109.80491400,34.20040600 -109.80510500,34.20042700 -109.80537500,34.20042700 -109.80587300,34.20040800 -109.80619300,34.20038500 -109.80653400,34.20032700 -109.80696200,34.20025000 -109.80735900,34.20016000 -109.80769200,34.20006000 -109.80799900,34.19994100 -109.80823400,34.19981700 -109.80860000,34.19957600 -109.80896900,34.19930700 -109.80938200,34.19899100 -109.80973500,34.19868200 -109.81006600,34.19837200 -109.81044700,34.19798800 -109.81065400,34.19779800 -109.81094500,34.19756800 -109.81120800,34.19740600 -109.81161600,34.19717300 -109.81190200,34.19700300 -109.81210100,34.19692600 -109.81234600,34.19685100 -109.81260900,34.19681700 -109.81280000,34.19682100 -109.81300600,34.19686200 -109.81326700,34.19695100 -109.81352900,34.19704900 -109.81366400,34.19710100 -109.81392000,34.19722000 -109.81410500,34.19737800 -109.81426300,34.19763600 -109.81439400,34.19791400 -109.81458000,34.19828100 -109.81485900,34.19890800 -109.81533100,34.19974900 -109.81558000,34.20017000 -109.81558000,34.20017000 -109.81607100,34.20100100 -109.81663400,34.20196600 -109.81667600,34.20205400 -109.81670200,34.20204600 -109.81670200,34.20204600 -109.81673400,34.20211500 -109.81685300,34.20236600 -109.81685300,34.20236600 -109.81688000,34.20241800 -109.81688000,34.20241800 -109.81692600,34.20250000 -109.81692600,34.20250000 -109.81697300,34.20256700 -109.81697300,34.20256700 -109.81704500,34.20260700 -109.81704500,34.20260700 -109.81712800,34.20260700 -109.81712800,34.20260700 -109.81723600,34.20256500 -109.81723600,34.20256500 -109.81729800,34.20254100 -109.81729800,34.20254100 -109.81739200,34.20250500 -109.81739200,34.20250500 -109.81752700,34.20244300 -109.81752700,34.20244300 -109.81762600,34.20240000 -109.81791500,34.20227400 -109.81791500,34.20227400 -109.81812800,34.20223000 -109.81812800,34.20223000 -109.81844700,34.20219900 -109.81877100,34.20216800 -109.81877100,34.20216800 -109.81896000,34.20202800 -109.81896000,34.20202800 -109.81899300,34.20187000 -109.81899300,34.20187000 -109.81907300,34.20183600 -109.81907300,34.20183600 -109.81926300,34.20171600 -109.81926300,34.20171600 -109.81940000,34.20164700 -109.81940000,34.20164700 -109.81969700,34.20157500 -109.81969700,34.20157500 -109.81988700,34.20156500 -109.81988700,34.20156500 -109.81995600,34.20155300 -109.82027500,34.20149500 -109.82027500,34.20149500 -109.82045200,34.20148800 -109.82045200,34.20148800 -109.82060800,34.20146800 -109.82060800,34.20146800 -109.82086400,34.20138800 -109.82086400,34.20138800 -109.82102600,34.20131100 -109.82130900,34.20117700 -109.82130900,34.20117700 -109.82147900,34.20112000 -109.82147900,34.20112000 -109.82177700,34.20109400 -109.82177700,34.20109400 -109.82202300,34.20108500 -109.82202300,34.20108500 -109.82223500,34.20099400 -109.82223500,34.20099400 -109.82226000,34.20098200 -109.82254300,34.20084800 -109.82254300,34.20084800 -109.82261000,34.20082200 -109.82290400,34.20070500 -109.82290400,34.20070500 -109.82291400,34.20070200 -109.82322400,34.20061800 -109.82322400,34.20061800 -109.82343800,34.20055200 -109.82343800,34.20055200 -109.82372700,34.20046000 -109.82372700,34.20046000 -109.82389500,34.20038600 -109.82389500,34.20038600 -109.82390100,34.20038200 -109.82415100,34.20020800 -109.82415100,34.20020800 -109.82429900,34.20007200 -109.82429900,34.20007200 -109.82447500,34.19989000 -109.82447500,34.19989000 -109.82467600,34.19978900 -109.82467600,34.19978900 -109.82491300,34.19973100 -109.82491300,34.19973100 -109.82501800,34.19969000 -109.82531400,34.19957600 -109.82531400,34.19957600 -109.82554200,34.19951000 -109.82554200,34.19951000 -109.82574000,34.19945900 -109.82574000,34.19945900 -109.82589400,34.19943500 -109.82589400,34.19943500 -109.82596000,34.19942600 -109.82628200,34.19938100 -109.82628200,34.19938100 -109.82648700,34.19932000 -109.82648700,34.19932000 -109.82661600,34.19927000 -109.82661600,34.19927000 -109.82681800,34.19921700 -109.82681800,34.19921700 -109.82697600,34.19912500 -109.82697600,34.19912500 -109.82720100,34.19896100 -109.82720100,34.19896100 -109.82737700,34.19887100 -109.82765500,34.19873000 -109.82765500,34.19873000 -109.82770500,34.19869900 -109.82770500,34.19869900 -109.82779800,34.19864100 -109.82805800,34.19847800 -109.82805800,34.19847800 -109.82832200,34.19837300 -109.82832200,34.19837300 -109.82846900,34.19833500 -109.82846900,34.19833500 -109.82874200,34.19832300 -109.82874200,34.19832300 -109.82884000,34.19831200 -109.82884000,34.19831200 -109.82891500,34.19830800 -109.82891500,34.19830800 -109.82908900,34.19825600 -109.82908900,34.19825600 -109.82921000,34.19816000 -109.82921000,34.19816000 -109.82925100,34.19811100 -109.82925100,34.19811100 -109.82928400,34.19807500 -109.82947900,34.19785800 -109.82967400,34.19764200 -109.82967400,34.19764200 -109.82970500,34.19757900 -109.82982800,34.19732900 -109.82982800,34.19732900 -109.82998200,34.19717300 -109.82998200,34.19717300 -109.83012700,34.19707700 -109.83012700,34.19707700 -109.83014700,34.19706800 -109.83043000,34.19693400 -109.83071300,34.19680000 -109.83071300,34.19680000 -109.83092100,34.19671700 -109.83092100,34.19671700 -109.83106100,34.19664500 -109.83106100,34.19664500 -109.83116100,34.19658000 -109.83116100,34.19658000 -109.83130300,34.19635600 -109.83130300,34.19635600 -109.83132900,34.19629100 -109.83143200,34.19603500 -109.83143200,34.19603500 -109.83150200,34.19584300 -109.83150200,34.19584300 -109.83151700,34.19581300 -109.83151700,34.19581300 -109.83159100,34.19567900 -109.83159100,34.19567900 -109.83164700,34.19560700 -109.83164700,34.19560700 -109.83186800,34.19544000 -109.83186800,34.19544000 -109.83188500,34.19542500 -109.83210600,34.19522700 -109.83210600,34.19522700 -109.83225500,34.19506000 -109.83225500,34.19506000 -109.83237900,34.19487300 -109.83237900,34.19487300 -109.83238600,34.19486100 -109.83253900,34.19462300 -109.83253900,34.19462300 -109.83265300,34.19445000 -109.83265300,34.19445000 -109.83268700,34.19440000 -109.83268700,34.19440000 -109.83275500,34.19431600 -109.83275500,34.19431600 -109.83284200,34.19421000 -109.83284200,34.19421000 -109.83296500,34.19410200 -109.83296500,34.19410200 -109.83317700,34.19398400 -109.83317700,34.19398400 -109.83325600,34.19394800 -109.83325600,34.19394800 -109.83352600,34.19382500 -109.83352600,34.19382500 -109.83381800,34.19376100 -109.83381800,34.19376100 -109.83401100,34.19362900 -109.83401100,34.19362900 -109.83404500,34.19359100 -109.83423800,34.19337400 -109.83423800,34.19337400 -109.83437200,34.19320300 -109.83437200,34.19320300 -109.83445400,34.19305800 -109.83445400,34.19305800 -109.83449200,34.19299600 -109.83449200,34.19299600 -109.83452700,34.19288800 -109.83461200,34.19262800 -109.83461200,34.19262800 -109.83472000,34.19241800 -109.83472000,34.19241800 -109.83481600,34.19229400 -109.83481600,34.19229400 -109.83493700,34.19218700 -109.83493700,34.19218700 -109.83517300,34.19207300 -109.83517300,34.19207300 -109.83536900,34.19200800 -109.83536900,34.19200800 -109.83546300,34.19196400 -109.83546300,34.19196400 -109.83566100,34.19187200 -109.83566100,34.19187200 -109.83590600,34.19174500 -109.83590600,34.19174500 -109.83606000,34.19164000 -109.83606000,34.19164000 -109.83617900,34.19144900 -109.83617900,34.19144900 -109.83632900,34.19124800 -109.83632900,34.19124800 -109.83641100,34.19121000 -109.83641100,34.19121000 -109.83641600,34.19118300 -109.83646900,34.19091700 -109.83646900,34.19091700 -109.83655000,34.19079100 -109.83655000,34.19079100 -109.83663900,34.19070800 -109.83685600,34.19050600 -109.83685600,34.19050600 -109.83703900,34.19035900 -109.83703900,34.19035900 -109.83726300,34.19022800 -109.83726300,34.19022800 -109.83727000,34.19022200 -109.83750300,34.19003300 -109.83750300,34.19003300 -109.83775600,34.18993800 -109.83775600,34.18993800 -109.83792600,34.18985900 -109.83792600,34.18985900 -109.83809400,34.18976100 -109.83809400,34.18976100 -109.83834200,34.18967800 -109.83834200,34.18967800 -109.83848100,34.18965800 -109.83848100,34.18965800 -109.83871000,34.18964300 -109.83871000,34.18964300 -109.83888700,34.18965800 -109.83888700,34.18965800 -109.83909400,34.18957500 -109.83909400,34.18957500 -109.83926600,34.18941100 -109.83926600,34.18941100 -109.83948600,34.18927200 -109.83948600,34.18927200 -109.83967600,34.18920900 -109.83967600,34.18920900 -109.83976100,34.18919000 -109.84007500,34.18911800 -109.84007500,34.18911800 -109.84027200,34.18907000 -109.84058500,34.18899400 -109.84089800,34.18891800 -109.84089800,34.18891800 -109.84118400,34.18892600 -109.84118400,34.18892600 -109.84135300,34.18895200 -109.84135300,34.18895200 -109.84153500,34.18889600 -109.84153500,34.18889600 -109.84179600,34.18883700 -109.84179600,34.18883700 -109.84202000,34.18878000 -109.84202000,34.18878000 -109.84214300,34.18872800 -109.84243300,34.18860500 -109.84243300,34.18860500 -109.84263800,34.18854800 -109.84263800,34.18854800 -109.84279600,34.18838900 -109.84279600,34.18838900 -109.84288200,34.18836900 -109.84288200,34.18836900 -109.84302300,34.18844600 -109.84302300,34.18844600 -109.84311100,34.18849400 -109.84311100,34.18849400 -109.84319300,34.18855200 -109.84319300,34.18855200 -109.84324400,34.18860500 -109.84324400,34.18860500 -109.84332900,34.18874500 -109.84332900,34.18874500 -109.84345100,34.18899300 -109.84345100,34.18899300 -109.84348000,34.18906900 -109.84348000,34.18906900 -109.84350000,34.18912200 -109.84350000,34.18912200 -109.84351500,34.18915800 -109.84351500,34.18915800 -109.84357400,34.18928700 -109.84357400,34.18928700 -109.84364200,34.18949900 -109.84364200,34.18949900 -109.84368100,34.18959100 -109.84379100,34.18984500 -109.84390000,34.19009900 -109.84390000,34.19009900 -109.84391600,34.19014800 -109.84400200,34.19040800 -109.84400200,34.19040800 -109.84403700,34.19049000 -109.84403700,34.19049000 -109.84410700,34.19065000 -109.84421800,34.19090300 -109.84432900,34.19115700 -109.84444100,34.19141000 -109.84455200,34.19166400 -109.84455200,34.19166400 -109.84470100,34.19187900 -109.84470100,34.19187900 -109.84474700,34.19195900 -109.84474700,34.19195900 -109.84480400,34.19202400 -109.84480400,34.19202400 -109.84496200,34.19218800 -109.84496200,34.19218800 -109.84497000,34.19219500 -109.84520400,34.19238300 -109.84520400,34.19238300 -109.84539000,34.19248300 -109.84566300,34.19263000 -109.84566300,34.19263000 -109.84574500,34.19270300 -109.84574500,34.19270300 -109.84584000,34.19284000 -109.84584000,34.19284000 -109.84586800,34.19292100 -109.84586800,34.19292100 -109.84588000,34.19307600 -109.84588000,34.19307600 -109.84585500,34.19313800 -109.84585500,34.19313800 -109.84584800,34.19315100 -109.84571200,34.19339600 -109.84571200,34.19339600 -109.84568900,34.19342300 -109.84549900,34.19364200 -109.84549900,34.19364200 -109.84543500,34.19383200 -109.84543500,34.19383200 -109.84543400,34.19393100 -109.84543300,34.19420100 -109.84543300,34.19420100 -109.84547400,34.19430600 -109.84547400,34.19430600 -109.84555400,34.19446500 -109.84568000,34.19471400 -109.84568000,34.19471400 -109.84570600,34.19478600 -109.84580000,34.19504400 -109.84580000,34.19504400 -109.84592100,34.19520800 -109.84592100,34.19520800 -109.84598700,34.19542800 -109.84598700,34.19542800 -109.84600100,34.19566200 -109.84600100,34.19566200 -109.84601400,34.19572200 -109.84607200,34.19598800 -109.84607200,34.19598800 -109.84607900,34.19604100 -109.84611200,34.19630900 -109.84611200,34.19630900 -109.84616500,34.19652400 -109.84616500,34.19652400 -109.84620200,34.19672900 -109.84620200,34.19672900 -109.84620100,34.19673800 -109.84615800,34.19700500 -109.84615800,34.19700500 -109.84607200,34.19724800 -109.84607200,34.19724800 -109.84606000,34.19732900 -109.84606000,34.19732900 -109.84608900,34.19746600 -109.84608900,34.19746600 -109.84613900,34.19760900 -109.84613900,34.19760900 -109.84616000,34.19768600 -109.84616000,34.19768600 -109.84621100,34.19775400 -109.84621100,34.19775400 -109.84628200,34.19776400 -109.84628200,34.19776400 -109.84653800,34.19763100 -109.84653800,34.19763100 -109.84660700,34.19758200 -109.84660700,34.19758200 -109.84665000,34.19754600 -109.84687800,34.19735300 -109.84687800,34.19735300 -109.84700900,34.19723000 -109.84700900,34.19723000 -109.84708600,34.19720500 -109.84708600,34.19720500 -109.84717000,34.19717200 -109.84717000,34.19717200 -109.84721000,34.19710900 -109.84721000,34.19710900 -109.84721300,34.19710600 -109.84721300,34.19710600 -109.84732400,34.19697500 -109.84732400,34.19697500 -109.84741100,34.19689300 -109.84741100,34.19689300 -109.84754900,34.19671700 -109.84754900,34.19671700 -109.84762200,34.19664300 -109.84762200,34.19664300 -109.84771100,34.19658100 -109.84771100,34.19658100 -109.84784500,34.19644700 -109.84784500,34.19644700 -109.84786500,34.19641200 -109.84800200,34.19616700 -109.84800200,34.19616700 -109.84808600,34.19596700 -109.84808600,34.19596700 -109.84818100,34.19579900 -109.84818100,34.19579900 -109.84836900,34.19565000 -109.84836900,34.19565000 -109.84863300,34.19550800 -109.84863300,34.19550800 -109.84869900,34.19548500 -109.84900100,34.19538300 -109.84900100,34.19538300 -109.84908700,34.19534000 -109.84908700,34.19534000 -109.84909700,34.19532700 -109.84909700,34.19532700 -109.84929100,34.19534700 -109.84929100,34.19534700 -109.84930900,34.19535200 -109.84930900,34.19535200 -109.84950600,34.19531700 -109.84950600,34.19531700 -109.84971000,34.19531200 -109.84971000,34.19531200 -109.84981800,34.19531300 -109.84981800,34.19531300 -109.85000400,34.19531200 -109.85033000,34.19531000 -109.85033000,34.19531000 -109.85044600,34.19530100 -109.85044600,34.19530100 -109.85045800,34.19530100 -109.85078400,34.19529300 -109.85078400,34.19529300 -109.85082500,34.19527300 -109.85082500,34.19527300 -109.85101400,34.19528300 -109.85101400,34.19528300 -109.85125000,34.19527700 -109.85125000,34.19527700 -109.85126300,34.19527600 -109.85158800,34.19525200 -109.85158800,34.19525200 -109.85169000,34.19525200 -109.85169000,34.19525200 -109.85200700,34.19528700 -109.85200700,34.19528700 -109.85223900,34.19534300 -109.85223900,34.19534300 -109.85232100,34.19535300 -109.85232100,34.19535300 -109.85247700,34.19540000 -109.85247700,34.19540000 -109.85253800,34.19543800 -109.85253800,34.19543800 -109.85265600,34.19553000 -109.85265600,34.19553000 -109.85271700,34.19556800 -109.85271700,34.19556800 -109.85282800,34.19560200 -109.85282800,34.19560200 -109.85292200,34.19561800 -109.85292200,34.19561800 -109.85294200,34.19562000 -109.85294200,34.19562000 -109.85300800,34.19562700 -109.85300800,34.19562700 -109.85309300,34.19564400 -109.85309300,34.19564400 -109.85318800,34.19564100 -109.85318800,34.19564100 -109.85328700,34.19564500 -109.85328700,34.19564500 -109.85338100,34.19567000 -109.85338100,34.19567000 -109.85353600,34.19565100 -109.85353600,34.19565100 -109.85364300,34.19551400 -109.85364300,34.19551400 -109.85375000,34.19535800 -109.85375000,34.19535800 -109.85376000,34.19534800 -109.85376000,34.19534800 -109.85382000,34.19530100 -109.85382000,34.19530100 -109.85390200,34.19529700 -109.85390200,34.19529700 -109.85401700,34.19529900 -109.85434300,34.19530300 -109.85466900,34.19530700 -109.85499500,34.19531100 -109.85532100,34.19531600 -109.85564700,34.19532000 -109.85597400,34.19532400 -109.85630000,34.19532900 -109.85662600,34.19533300 -109.85695200,34.19533700 -109.85727800,34.19534100 -109.85760400,34.19534600 -109.85793000,34.19535000 -109.85825700,34.19535400 -109.85858300,34.19535800 -109.85890900,34.19536300 -109.85923500,34.19536700 -109.85922200,34.19536800 -109.85922200,34.19536800 -109.85921600,34.19529400 -109.85981900,34.19534900 -109.86032300,34.19541100 -109.86105000,34.19548700 -109.86161800,34.19557300 -109.86211200,34.19556400 -109.86241800,34.19556800 -109.86290600,34.19573300 -109.86384700,34.19592800 -109.86452600,34.19604600 -109.86506000,34.19612800 -109.86562000,34.19618300 -109.86584800,34.19625000 -109.86601200,34.19633800 -109.86711700,34.19656700 -109.86743900,34.19666000 -109.86788100,34.19690600 -109.86828400,34.19711500 -109.86854100,34.19715700 -109.86984200,34.19710200 -109.87008100,34.19708800 -109.87081300,34.19726600 -109.87163600,34.19759600 -109.87216500,34.19776300 -109.87243000,34.19776100 -109.87295900,34.19773200 -109.87340900,34.19778700 -109.87364500,34.19789100 -109.87411400,34.19819700 -109.87435500,34.19825000 -109.87526700,34.19830800 -109.87585800,34.19833000 -109.87617400,34.19833000 -109.87666200,34.19827200 -109.87689800,34.19824100 -109.87803900,34.19810400 -109.87857800,34.19810600 -109.87905300,34.19820000 -109.87939900,34.19841700 -109.88017700,34.19850600 -109.88030500,34.19849400 -109.88110700,34.19840600 -109.88192500,34.19840100 -109.88344800,34.19833500 -109.88366300,34.19828100 -109.88451900,34.19791300 -109.88547400,34.19764900 -109.88616700,34.19744700 -109.88650900,34.19742600 -109.88675500,34.19745900 -109.88677900,34.19746200 -109.88686300,34.19735300 -109.88686300,34.19735300 -109.88712200,34.19701400 -109.88748200,34.19655200 -109.88770100,34.19624200 -109.88799900,34.19592200 -109.88829800,34.19562800 -109.89260800,34.19219300 -109.89360300,34.19139500 -109.89405200,34.19098700 -109.89422700,34.19078600 -109.89437900,34.19056000 -109.89462800,34.19004000 -109.89480900,34.18945000 -109.89499600,34.18878300 -109.89520100,34.18797200 -109.89542200,34.18717500 -109.89555700,34.18654000 -109.89555400,34.18578100 -109.89542400,34.18512800 -109.89526500,34.18443200 -109.89515700,34.18384100 -109.89513000,34.18321600 -109.89494400,34.18160400 -109.89494400,34.18111200 -109.89501600,34.18057400 -109.89527300,34.17997400 -109.89547300,34.17976100 -109.89569800,34.17955700 -109.89683200,34.17861800 -109.89708400,34.17838600 -109.89730000,34.17814900 -109.89761000,34.17762000 -109.89773900,34.17724200 -109.89778000,34.17706300 -109.89778700,34.17697700 -109.89778700,34.17697700 -109.89779600,34.17685800 -109.89779100,34.17652100 -109.89776900,34.17628800 -109.89771600,34.17604800 -109.89763700,34.17585500 -109.89753800,34.17563400 -109.89745600,34.17550000 -109.89748700,34.17548700 -109.89748700,34.17548700 -109.89748600,34.17548500 -109.89733300,34.17524700 -109.89733300,34.17524700 -109.89714800,34.17504100 -109.89714800,34.17504100 -109.89700200,34.17489900 -109.89700200,34.17489900 -109.89684900,34.17477900 -109.89661200,34.17459400 -109.89661200,34.17459400 -109.89642000,34.17446100 -109.89616900,34.17428800 -109.89591900,34.17411500 -109.89566900,34.17394200 -109.89566900,34.17394200 -109.89541900,34.17377400 -109.89516600,34.17360300 -109.89491400,34.17343300 -109.89466100,34.17326200 -109.89440800,34.17309200 -109.89415500,34.17292100 -109.89390300,34.17275100 -109.89365000,34.17258000 -109.89339700,34.17241000 -109.89339700,34.17241000 -109.89339100,34.17240500 -109.89315500,34.17221900 -109.89315500,34.17221900 -109.89297300,34.17223200 -109.89297300,34.17223200 -109.89286100,34.17220300 -109.89286100,34.17220300 -109.89274700,34.17195500 -109.89274700,34.17195500 -109.89259100,34.17180900 -109.89259100,34.17180900 -109.89239300,34.17162300 -109.89239300,34.17162300 -109.89234700,34.17157200 -109.89215100,34.17135600 -109.89215100,34.17135600 -109.89210500,34.17129000 -109.89210500,34.17129000 -109.89210400,34.17128000 -109.89210400,34.17128000 -109.89204200,34.17113300 -109.89204200,34.17113300 -109.89205800,34.17105700 -109.89205800,34.17105700 -109.89209500,34.17098000 -109.89209500,34.17098000 -109.89210600,34.17090000 -109.89210600,34.17090000 -109.89211000,34.17082200 -109.89211000,34.17082200 -109.89219600,34.17061700 -109.89219600,34.17061700 -109.89218700,34.17053400 -109.89218700,34.17053400 -109.89226000,34.17037000 -109.89226000,34.17037000 -109.89245000,34.17021300 -109.89245000,34.17021300 -109.89254500,34.17016500 -109.89254500,34.17016500 -109.89263300,34.17010500 -109.89263300,34.17010500 -109.89279000,34.17003000 -109.89279000,34.17003000 -109.89285500,34.16997300 -109.89285500,34.16997300 -109.89287700,34.16991200 -109.89287700,34.16991200 -109.89289700,34.16990400 -109.89289700,34.16990400 -109.89289900,34.16983400 -109.89289900,34.16983400 -109.89291300,34.16976000 -109.89291300,34.16976000 -109.89293700,34.16973300 -109.89293700,34.16973300 -109.89298200,34.16966500 -109.89298200,34.16966500 -109.89303600,34.16953000 -109.89303600,34.16953000 -109.89309500,34.16947900 -109.89309500,34.16947900 -109.89311200,34.16932600 -109.89311200,34.16932600 -109.89311500,34.16931600 -109.89319600,34.16905500 -109.89319600,34.16905500 -109.89318500,34.16898700 -109.89318500,34.16898700 -109.89314000,34.16884800 -109.89314000,34.16884800 -109.89317600,34.16872300 -109.89317600,34.16872300 -109.89329000,34.16868300 -109.89329000,34.16868300 -109.89343000,34.16867700 -109.89343000,34.16867700 -109.89358700,34.16869000 -109.89358700,34.16869000 -109.89385800,34.16873800 -109.89385800,34.16873800 -109.89402500,34.16875000 -109.89402500,34.16875000 -109.89426600,34.16870400 -109.89426600,34.16870400 -109.89459100,34.16869700 -109.89491700,34.16869000 -109.89491700,34.16869000 -109.89524000,34.16866300 -109.89524000,34.16866300 -109.89530900,34.16863600 -109.89560400,34.16852100 -109.89560400,34.16852100 -109.89570900,34.16846300 -109.89598100,34.16831400 -109.89598100,34.16831400 -109.89614000,34.16820200 -109.89614000,34.16820200 -109.89618200,34.16816700 -109.89641300,34.16797600 -109.89664300,34.16778500 -109.89664300,34.16778500 -109.89683200,34.16763700 -109.89683200,34.16763700 -109.89700600,34.16747300 -109.89700600,34.16747300 -109.89710400,34.16735300 -109.89710400,34.16735300 -109.89711100,34.16734600 -109.89731500,34.16713600 -109.89752000,34.16692600 -109.89752000,34.16692600 -109.89764700,34.16670800 -109.89764700,34.16670800 -109.89766300,34.16665000 -109.89773800,34.16638800 -109.89781300,34.16612500 -109.89785700,34.16609600 -109.89785700,34.16609600 -109.89792700,34.16616800 -109.89817300,34.16642300 -109.89817300,34.16642300 -109.89821200,34.16646300 -109.89835900,34.16670100 -109.89853200,34.16689000 -109.89887400,34.16707400 -109.89935200,34.16727100 -109.89977800,34.16742000 -109.90016200,34.16752600 -109.90040300,34.16761300 -109.90063900,34.16776200 -109.90098200,34.16787300 -109.90129700,34.16791700 -109.90190800,34.16807700 -109.90232600,34.16813700 -109.90292700,34.16820500 -109.90317100,34.16828500 -109.90346300,34.16836500 -109.90422800,34.16839800 -109.90469500,34.16830500 -109.90495500,34.16827900 -109.90546200,34.16824300 -109.90594700,34.16817400 -109.90621300,34.16818300 -109.90682200,34.16827000 -109.90713300,34.16823900 -109.90822200,34.16796600 -109.90847700,34.16791900 -109.90890800,34.16790600 -109.90915000,34.16795900 -109.90929700,34.16803900 -109.90962200,34.16820300 -109.91007500,34.16843800 -109.91057400,34.16869300 -109.91085000,34.16890000 -109.91115100,34.16926600 -109.91135200,34.16953000 -109.91136500,34.17016900 -109.91167100,34.17054400 -109.91185600,34.17094400 -109.91197800,34.17125200 -109.91207300,34.17149600 -109.91227500,34.17186000 -109.91255300,34.17220200 -109.91289700,34.17250600 -109.91337700,34.17277700 -109.91358400,34.17294100 -109.91386600,34.17329000 -109.91454400,34.17397500 -109.91472600,34.17422100 -109.91499300,34.17443300 -109.91564300,34.17496000 -109.91594600,34.17534200 -109.91617200,34.17566100 -109.91623100,34.17574200 -109.91645600,34.17597200 -109.91695200,34.17629300 -109.91746900,34.17657900 -109.91806300,34.17682700 -109.91860200,34.17703500 -109.91912500,34.17704200 -109.91955900,34.17699500 -109.91991900,34.17700000 -109.92032900,34.17699500 -109.92055500,34.17698200 -109.92074500,34.17693300 -109.92100300,34.17675100 -109.92118300,34.17652600 -109.92134600,34.17640700 -109.92159300,34.17640700 -109.92185700,34.17648700 -109.92230500,34.17664800 -109.92271600,34.17681500 -109.92311900,34.17694200 -109.92354800,34.17711700 -109.92394500,34.17732400 -109.92443000,34.17753000 -109.92480800,34.17758300 -109.92502200,34.17760600 -109.92570000,34.17767400 -109.92611700,34.17781400 -109.92629800,34.17795100 -109.92646900,34.17808200 -109.92674500,34.17842700 -109.92704200,34.17871200 -109.92745900,34.17880100 -109.92815500,34.17885400 -109.92893700,34.17890700 -109.92956400,34.17894300 -109.93028900,34.17901800 -109.93093900,34.17913500 -109.93100800,34.17916100 -109.93134700,34.17929500 -109.93187900,34.17944300 -109.93244100,34.17954600 -109.93253100,34.17959700 -109.93253100,34.17959700 -109.93265900,34.17967000 -109.93280600,34.17980200 -109.93321500,34.18006200 -109.93321500,34.18006200 -109.93326400,34.18009300 -109.93396600,34.18045200 </coordinates>
</LineString>
</Placemark>
<Placemark>
<name>AZAT-25 Many Draws</name>
<LookAt>
<longitude>-110.48470964</longitude>
<latitude>34.46658703</latitude>
<range>22327</range>
</LookAt>
<styleUrl>#Line_Forest_Service_Rd_level_2_or_higher_000000_04</styleUrl>
<ExtendedData>
<Data name="Type">
<value>Forest Service Rd level 2 or higher</value>
</Data>
<Data name="Name on GPS">
<value>AZAT25-Many Draws</value>
</Data>
<Data name="Total Distance">
<value>22.4 mi</value>
</Data>
<Data name="Number of Trackpoints">
<value>614</value>
</Data>
</ExtendedData>
<LineString>
<coordinates>-110.38698328,34.43255747 -110.38707733,34.43257141 -110.38749695,34.43264008 -110.38790131,34.43270493 -110.38841248,34.43290710 -110.38911438,34.43304825 -110.38993835,34.43312073 -110.39074707,34.43313217 -110.39145660,34.43323135 -110.39216614,34.43345261 -110.39307404,34.43373108 -110.39405823,34.43398666 -110.39502716,34.43423462 -110.39600372,34.43447876 -110.39692688,34.43458557 -110.39784241,34.43460846 -110.39877319,34.43464279 -110.39970398,34.43467712 -110.40057373,34.43471909 -110.40135956,34.43489075 -110.40214539,34.43531799 -110.40297699,34.43572617 -110.40380859,34.43598938 -110.40450287,34.43608475 -110.40479279,34.43614960 -110.40488434,34.43622208 -110.40503693,34.43632126 -110.40572357,34.43655014 -110.40666199,34.43674469 -110.40762329,34.43705750 -110.40856171,34.43737793 -110.40948486,34.43742371 -110.41036224,34.43732452 -110.41113281,34.43737411 -110.41194153,34.43747330 -110.41267395,34.43758011 -110.41323090,34.43762589 -110.41381836,34.43764877 -110.41438293,34.43769073 -110.41500092,34.43775558 -110.41559601,34.43781281 -110.41615295,34.43787003 -110.41669464,34.43793106 -110.41717529,34.43796921 -110.41742706,34.43810272 -110.41755676,34.43829346 -110.41754150,34.43852234 -110.41739655,34.43884659 -110.41742706,34.43919373 -110.41738129,34.43959045 -110.41716003,34.44009399 -110.41693115,34.44058990 -110.41669464,34.44107437 -110.41647339,34.44157028 -110.41623688,34.44211197 -110.41596985,34.44265366 -110.41571808,34.44317627 -110.41550446,34.44368744 -110.41529846,34.44409943 -110.41509247,34.44441223 -110.41503143,34.44477844 -110.41483307,34.44499588 -110.41470337,34.44525528 -110.41471863,34.44545364 -110.41499329,34.44546127 -110.41533661,34.44544220 -110.41589355,34.44543839 -110.41671753,34.44545746 -110.41750336,34.44531250 -110.41829681,34.44544983 -110.41921234,34.44546890 -110.42020416,34.44548035 -110.42105865,34.44547653 -110.42210388,34.44548035 -110.42310333,34.44548416 -110.42401886,34.44548035 -110.42492676,34.44546509 -110.42584991,34.44548416 -110.42681885,34.44552994 -110.42775726,34.44555664 -110.42857361,34.44557953 -110.42938995,34.44560242 -110.43031311,34.44558716 -110.43117523,34.44561386 -110.43203735,34.44561768 -110.43305206,34.44562912 -110.43406677,34.44564056 -110.43497467,34.44565582 -110.43576813,34.44567108 -110.43653870,34.44567871 -110.43724823,34.44561005 -110.43762207,34.44513702 -110.43807220,34.44512558 -110.43877411,34.44538879 -110.43968964,34.44551849 -110.44062042,34.44572449 -110.44154358,34.44578171 -110.44251251,34.44569016 -110.44338226,34.44561386 -110.44417572,34.44544220 -110.44493103,34.44533920 -110.44580078,34.44530869 -110.44676208,34.44527054 -110.44766998,34.44525909 -110.44860840,34.44524765 -110.44956207,34.44524765 -110.45037842,34.44522858 -110.45126343,34.44522476 -110.45216370,34.44521332 -110.45302582,34.44525909 -110.45380402,34.44530487 -110.45450592,34.44534683 -110.45509338,34.44538879 -110.45543671,34.44541168 -110.45551300,34.44541168 -110.45565796,34.44543076 -110.45573425,34.44544983 -110.45596313,34.44552994 -110.45659637,34.44575119 -110.45726013,34.44606400 -110.45764160,34.44655609 -110.45787048,34.44693756 -110.45797729,34.44701385 -110.45801544,34.44684601 -110.45841980,34.44615555 -110.45902252,34.44557190 -110.45945740,34.44494247 -110.46009064,34.44456100 -110.46081543,34.44434357 -110.46134186,34.44390106 -110.46141815,34.44321060 -110.46134186,34.44250870 -110.46143341,34.44188309 -110.46170807,34.44129562 -110.46199036,34.44058609 -110.46231079,34.43984985 -110.46231842,34.43950272 -110.46229553,34.43933105 -110.46222687,34.43917465 -110.46225739,34.43883133 -110.46228027,34.43829727 -110.46215820,34.43771744 -110.46229553,34.43705368 -110.46278381,34.43657684 -110.46344757,34.43640900 -110.46392822,34.43596268 -110.46417999,34.43538284 -110.46442413,34.43497467 -110.46482849,34.43502045 -110.46529388,34.43482590 -110.46553040,34.43443298 -110.46566772,34.43390656 -110.46582794,34.43334961 -110.46572876,34.43288422 -110.46560669,34.43243027 -110.46595764,34.43212891 -110.46603394,34.43187714 -110.46566010,34.43169403 -110.46567535,34.43122482 -110.46556091,34.43083191 -110.46526337,34.43052673 -110.46583557,34.43016815 -110.46643829,34.42983246 -110.46691895,34.42936707 -110.46710968,34.42885971 -110.46731567,34.42848587 -110.46727753,34.42806244 -110.46720886,34.42770004 -110.46718597,34.42757797 -110.46730804,34.42738342 -110.46738434,34.42692184 -110.46755981,34.42645645 -110.46773529,34.42599869 -110.46748352,34.42552185 -110.46747589,34.42504501 -110.46720886,34.42475510 -110.46720123,34.42440414 -110.46719360,34.42409134 -110.46762085,34.42366791 -110.46796417,34.42327118 -110.46807861,34.42279053 -110.46820068,34.42223358 -110.46849060,34.42178345 -110.46871185,34.42131805 -110.46910858,34.42103195 -110.46952820,34.42062759 -110.46984863,34.42015076 -110.47015381,34.41960144 -110.47009277,34.41917038 -110.47017670,34.41863632 -110.47019958,34.41798401 -110.47029114,34.41737747 -110.47061920,34.41688156 -110.47098541,34.41640854 -110.47123718,34.41582870 -110.47135925,34.41521835 -110.47145081,34.41458893 -110.47158813,34.41394806 -110.47166443,34.41332245 -110.47165680,34.41271973 -110.47165680,34.41217804 -110.47174835,34.41157150 -110.47170258,34.41095734 -110.47160339,34.41046524 -110.47168732,34.41001511 -110.47196960,34.40959167 -110.47217560,34.40917587 -110.47245789,34.40908813 -110.47286987,34.40888214 -110.47322083,34.40856552 -110.47341919,34.40826416 -110.47345734,34.40795517 -110.47378540,34.40755844 -110.47381592,34.40716171 -110.47406006,34.40692520 -110.47427368,34.40678406 -110.47461700,34.40686798 -110.47488403,34.40708542 -110.47511292,34.40719223 -110.47550964,34.40712357 -110.47598267,34.40732956 -110.47650909,34.40730667 -110.47713470,34.40742874 -110.47784424,34.40760040 -110.47862244,34.40777969 -110.47942352,34.40796661 -110.48027802,34.40816116 -110.48117828,34.40836334 -110.48203278,34.40856552 -110.48286438,34.40876007 -110.48361969,34.40893173 -110.48440552,34.40909958 -110.48516083,34.40927505 -110.48581696,34.40941238 -110.48647308,34.40953064 -110.48712921,34.40972900 -110.48764801,34.40981674 -110.48804474,34.40990829 -110.48846436,34.41000366 -110.48905182,34.41015625 -110.48960876,34.41029739 -110.49027252,34.41045380 -110.49077606,34.41054916 -110.49130249,34.41068649 -110.49193573,34.41081619 -110.49253082,34.41096497 -110.49296570,34.41107559 -110.49362183,34.41120911 -110.49427032,34.41136551 -110.49497223,34.41152954 -110.49564362,34.41167831 -110.49623871,34.41182327 -110.49686432,34.41193771 -110.49745941,34.41208649 -110.49806976,34.41219711 -110.49867249,34.41236115 -110.49931335,34.41252136 -110.49975586,34.41260147 -110.50015259,34.41269302 -110.50073242,34.41279984 -110.50135803,34.41295624 -110.50191498,34.41310120 -110.50233459,34.41315460 -110.50270081,34.41325378 -110.50318146,34.41338348 -110.50365448,34.41349792 -110.50431824,34.41360855 -110.50494385,34.41378021 -110.50565338,34.41392899 -110.50616455,34.41404343 -110.50661469,34.41416931 -110.50718689,34.41427231 -110.50771332,34.41439056 -110.50785828,34.41439056 -110.50797272,34.41440964 -110.50807190,34.41445160 -110.50823975,34.41448593 -110.50844574,34.41455078 -110.50869751,34.41445923 -110.50884247,34.41460419 -110.50930023,34.41479492 -110.50985718,34.41490173 -110.51016235,34.41504288 -110.51037598,34.41518021 -110.51041412,34.41522980 -110.51059723,34.41547012 -110.51087952,34.41579437 -110.51103973,34.41608429 -110.51129913,34.41602325 -110.51151276,34.41608810 -110.51180267,34.41610336 -110.51197052,34.41611481 -110.51221466,34.41619492 -110.51242828,34.41643524 -110.51285553,34.41664505 -110.51324463,34.41669083 -110.51366425,34.41666031 -110.51426697,34.41654968 -110.51464844,34.41636658 -110.51481628,34.41601944 -110.51537323,34.41614914 -110.51599121,34.41629791 -110.51664734,34.41643906 -110.51729584,34.41659927 -110.51785278,34.41674042 -110.51831055,34.41683197 -110.51795959,34.41712952 -110.51737976,34.41753387 -110.51681519,34.41794586 -110.51641083,34.41842651 -110.51587677,34.41889191 -110.51535034,34.41923523 -110.51486969,34.41942215 -110.51431274,34.41956711 -110.51371002,34.41981888 -110.51325989,34.42034531 -110.51271057,34.42076111 -110.51245880,34.42136765 -110.51217651,34.42202377 -110.51168060,34.42254639 -110.51092529,34.42267609 -110.51018524,34.42271805 -110.50942993,34.42279816 -110.50865936,34.42298508 -110.50798798,34.42327118 -110.50756073,34.42382050 -110.50724792,34.42434311 -110.50682831,34.42483902 -110.50683594,34.42549515 -110.50685120,34.42615509 -110.50656128,34.42673874 -110.50611877,34.42724609 -110.50573730,34.42782593 -110.50529480,34.42838287 -110.50511169,34.42900467 -110.50475311,34.42960358 -110.50429535,34.43011856 -110.50373077,34.43048477 -110.50310516,34.43073654 -110.50269318,34.43120193 -110.50235748,34.43169403 -110.50219727,34.43220520 -110.50187683,34.43263626 -110.50161743,34.43310547 -110.50148010,34.43365479 -110.50115967,34.43410492 -110.50067139,34.43427658 -110.50023651,34.43458939 -110.50001526,34.43508911 -110.49964905,34.43521881 -110.49929047,34.43545151 -110.49897003,34.43582153 -110.49848175,34.43611908 -110.49826813,34.43664551 -110.49795532,34.43712997 -110.49765015,34.43749237 -110.49740601,34.43794250 -110.49725342,34.43846893 -110.49709320,34.43889618 -110.49668121,34.43920135 -110.49655151,34.43976212 -110.49609375,34.44020462 -110.49573517,34.44067001 -110.49526978,34.44105148 -110.49505615,34.44151688 -110.49500275,34.44199371 -110.49494934,34.44249344 -110.49519348,34.44308853 -110.49535370,34.44366455 -110.49548340,34.44422531 -110.49567413,34.44473648 -110.49574280,34.44512558 -110.49567413,34.44539642 -110.49562073,34.44575500 -110.49597931,34.44615555 -110.49683380,34.44663239 -110.49784851,34.44722748 -110.49871063,34.44798279 -110.49966431,34.44866562 -110.50067139,34.44912720 -110.50114441,34.44992065 -110.50121307,34.45096588 -110.50135040,34.45204163 -110.50151062,34.45304108 -110.50153351,34.45391464 -110.50164795,34.45470810 -110.50188446,34.45546341 -110.50209808,34.45616913 -110.50229645,34.45677948 -110.50236511,34.45732498 -110.50219727,34.45786667 -110.50197601,34.45840454 -110.50177002,34.45892715 -110.50170135,34.45945358 -110.50174713,34.45986938 -110.50179291,34.46015167 -110.50183105,34.46037674 -110.50184631,34.46043015 -110.50183105,34.46047592 -110.50194500,34.46170900 -110.50217400,34.46250500 -110.50256400,34.46347700 -110.50261500,34.46360400 -110.50270200,34.46377600 -110.50317900,34.46472600 -110.50345500,34.46508500 -110.50367300,34.46534900 -110.50378200,34.46554900 -110.50389000,34.46563900 -110.50411300,34.46555900 -110.50451400,34.46541500 -110.50479800,34.46534600 -110.50532700,34.46532000 -110.50614200,34.46533300 -110.50671600,34.46547000 -110.50747300,34.46579700 -110.50781400,34.46582900 -110.50936700,34.46574900 -110.51023000,34.46593400 -110.51087400,34.46592600 -110.51138100,34.46601400 -110.51224200,34.46601900 -110.51336800,34.46596100 -110.51395300,34.46642700 -110.51454300,34.46673900 -110.51481100,34.46693400 -110.51538000,34.46727900 -110.51631900,34.46742500 -110.51711800,34.46786300 -110.51763300,34.46842500 -110.51873300,34.46920300 -110.51971400,34.46976000 -110.52150100,34.47117500 -110.52247700,34.47160000 -110.52342100,34.47187100 -110.52370300,34.47192200 -110.52399800,34.47191600 -110.52472300,34.47182500 -110.52518600,34.47180800 -110.52596400,34.47184300 -110.52650600,34.47202100 -110.52697800,34.47214400 -110.52768600,34.47259900 -110.52860300,34.47341800 -110.52927900,34.47435500 -110.52994900,34.47537500 -110.53050200,34.47571300 -110.53129600,34.47603100 -110.53173200,34.47624000 -110.53229400,34.47650900 -110.53392500,34.47686700 -110.53511600,34.47702200 -110.53654800,34.47710100 -110.53707600,34.47734900 -110.53781400,34.47785500 -110.53839900,34.47811000 -110.53964900,34.47811800 -110.54009400,34.47828600 -110.54122600,34.47891900 -110.54188000,34.47921900 -110.54254000,34.47972400 -110.54337100,34.48044400 -110.54409000,34.48154100 -110.54490000,34.48272600 -110.54555900,34.48377500 -110.54623100,34.48542300 -110.54605700,34.48606600 -110.54535600,34.48735100 -110.54492200,34.48837900 -110.54438500,34.48908000 -110.54402100,34.49005700 -110.54358600,34.49059700 -110.54274400,34.49153400 -110.54239500,34.49204700 -110.54243300,34.49231200 -110.54273800,34.49317400 -110.54282400,34.49370900 -110.54248600,34.49463200 -110.54244400,34.49531000 -110.54251900,34.49577400 -110.54281800,34.49648800 -110.54265500,34.49743000 -110.54261000,34.49782500 -110.54259100,34.49825700 -110.54274700,34.49906800 -110.54261000,34.49971800 -110.54234700,34.50025300 -110.54209500,34.50110100 -110.54254100,34.50171000 -110.54292800,34.50221400 -110.54301100,34.50274100 -110.54328700,34.50308500 -110.54373000,34.50340600 -110.54381300,34.50356600 -110.54439400,34.50407000 -110.54505800,34.50450500 -110.54552900,34.50503200 -110.54577800,34.50512400 -110.54624700,34.50567400 -110.54638200,34.50591300 -110.54645900,34.50606300 -110.54655300,34.50634800 -110.54663200,34.50645700 -110.54674900,34.50655000 -110.54692500,34.50665500 -110.54718800,34.50674900 -110.54749500,34.50684100 -110.54767100,34.50687500 -110.54780200,34.50687300 -110.54792100,34.50683900 -110.54812200,34.50676900 -110.54836100,34.50670100 -110.54849200,34.50668500 -110.54859500,34.50669600 -110.54871600,34.50675800 -110.54951300,34.50720900 -110.55070500,34.50758200 -110.55195500,34.50748500 -110.55290900,34.50735700 -110.55321500,34.50743200 -110.55367100,34.50763100 -110.55398200,34.50775000 -110.55419200,34.50799800 -110.55431500,34.50840000 -110.55459400,34.50876200 -110.55482500,34.50908700 -110.55506600,34.50944300 -110.55523800,34.50990300 -110.55529500,34.51011700 -110.55537200,34.51026100 -110.55560800,34.51057500 -110.55604200,34.51105700 -110.55669700,34.51159100 -110.55683100,34.51187000 -110.55718000,34.51218400 -110.55726000,34.51248400 -110.55723900,34.51286000 -110.55714900,34.51316400 -110.55698900,34.51338600 -110.55700200,34.51352100 -110.55709400,34.51362200 -110.55766500,34.51396300 -110.55803000,34.51417300 -110.55843200,34.51446700 -110.55860400,34.51471000 -110.55896600,34.51522700 -110.55916900,34.51559200 -110.55944100,34.51579500 -110.55971400,34.51612400 -110.56002500,34.51624600 -110.56022900,34.51633900 -110.56045400,34.51652900 -110.56053000,34.51672800 -110.56048100,34.51702800 -110.56052400,34.51715900 -110.56072500,34.51735800 -110.56104200,34.51779300 -110.56114000,34.51781100 -110.56171500,34.51758500 -110.56186000,34.51755900 -110.56196100,34.51757900 -110.56196500,34.51757700 -110.56208300,34.51779600 -110.56206500,34.51800900 -110.56214300,34.51825100 -110.56227500,34.51844900 -110.56250900,34.51844400 -110.56305500,34.51831100 -110.56372200,34.51832100 -110.56419700,34.51836000 -110.56481500,34.51804400 -110.56525400,34.51797400 -110.56589600,34.51818700 -110.56639400,34.51851400 -110.56703700,34.51904300 -110.56727800,34.51930700 -110.56749800,34.51973800 -110.56759600,34.51987000 -110.56912700,34.52043800 -110.57052000,34.52099300 -110.57150800,34.52124900 -110.57227400,34.52147700 -110.57285200,34.52182800 -110.57309700,34.52201600 -110.57325700,34.52220600 -110.57333200,34.52240100 -110.57338500,34.52264500 -110.57339100,34.52281400 -110.57343400,34.52300200 -110.57354400,34.52319100 -110.57368800,34.52335000 -110.57382300,34.52343900 -110.57397700,34.52348500 -110.57420300,34.52349400 -110.57443600,34.52344700 -110.57516800,34.52321600 -110.57540700,34.52320100 -110.57564500,34.52322300 -110.57587400,34.52326600 -110.57611300,34.52332700 -110.57648600,34.52339000 -110.57727600,34.52366400 -110.57756500,34.52367400 -110.57799100,34.52349600 -110.57861000,34.52342700 -110.57917400,34.52356000 -110.57988300,34.52381800 -110.58037500,34.52427300 -110.58082000,34.52479300 -110.58133600,34.52519300 -110.58188200,34.52587100 -110.58220700,34.52622900 -110.58242300,34.52635300 -110.58243600,34.52639000 </coordinates>
</LineString>
</Placemark>
<Placemark>
<name>AZAT-26 Chevelon Crossing</name>
<LookAt>
<longitude>-110.68799400</longitude>
<latitude>34.53292413</latitude>
<range>24937</range>
</LookAt>
<styleUrl>#Line_Forest_Service_Rd_level_2_or_higher_0dd5fc_04</styleUrl>
<ExtendedData>
<Data name="Type">
<value>Forest Service Rd level 2 or higher</value>
</Data>
<Data name="Name on GPS">
<value>AZAT26-Chevelon Crossing</value>
</Data>
<Data name="Total Distance">
<value>22.1 mi</value>
</Data>
<Data name="Number of Trackpoints">
<value>424</value>
</Data>
</ExtendedData>
<LineString>
<coordinates>-110.58243600,34.52639000 -110.58246241,34.52640981 -110.58249094,34.52638674 -110.58282100,34.52608500 -110.58318600,34.52562500 -110.58355100,34.52513900 -110.58383000,34.52482100 -110.58407700,34.52441400 -110.58449500,34.52360100 -110.58452600,34.52258900 -110.58452700,34.52253100 -110.58472600,34.52202700 -110.58511700,34.52134200 -110.58570700,34.52077200 -110.58586000,34.52046900 -110.58607500,34.52022600 -110.58642600,34.51999400 -110.58678000,34.51986400 -110.58715100,34.51979500 -110.58763900,34.51951700 -110.58811900,34.51909300 -110.58833600,34.51882500 -110.58854500,34.51824800 -110.58930200,34.51747900 -110.58976300,34.51691800 -110.58989700,34.51672600 -110.58997500,34.51647100 -110.59035300,34.51591900 -110.59061600,34.51537100 -110.59075000,34.51513200 -110.59086500,34.51500400 -110.59121100,34.51419900 -110.59140400,34.51335500 -110.59149000,34.51314100 -110.59189300,34.51254600 -110.59204300,34.51237200 -110.59266500,34.51191900 -110.59317700,34.51135700 -110.59334400,34.51124000 -110.59362500,34.51081400 -110.59394200,34.51057900 -110.59424500,34.51024300 -110.59444600,34.50988300 -110.59502000,34.50882900 -110.59519500,34.50844000 -110.59546500,34.50802200 -110.59562600,34.50764800 -110.59607200,34.50735700 -110.59648500,34.50702500 -110.59692400,34.50648100 -110.59712300,34.50614500 -110.59736700,34.50581600 -110.59765100,34.50522400 -110.59787100,34.50492500 -110.59816600,34.50460500 -110.59825200,34.50448800 -110.59835700,34.50401700 -110.59848800,34.50361700 -110.59887200,34.50296700 -110.59914800,34.50235900 -110.59928200,34.50202500 -110.59944000,34.50173400 -110.59960700,34.50154600 -110.60032600,34.50102600 -110.60080000,34.50018000 -110.60107900,34.49978200 -110.60120500,34.49967300 -110.60170700,34.49946300 -110.60194000,34.49929300 -110.60236900,34.49913000 -110.60282500,34.49903200 -110.60320600,34.49880500 -110.60337000,34.49862300 -110.60382600,34.49793800 -110.60414200,34.49723300 -110.60457400,34.49636400 -110.60462800,34.49546000 -110.60465500,34.49499600 -110.60442400,34.49470000 -110.60426600,34.49444100 -110.60413700,34.49419100 -110.60410500,34.49386600 -110.60413700,34.49354600 -110.60418300,34.49292200 -110.60412100,34.49257700 -110.60418800,34.49241600 -110.60468700,34.49185000 -110.60491200,34.49151400 -110.60523700,34.49123100 -110.60540300,34.49116900 -110.60555900,34.49105000 -110.60564700,34.49083500 -110.60572700,34.49034500 -110.60588600,34.49015200 -110.60602800,34.48984300 -110.60624800,34.48946500 -110.60662700,34.48919700 -110.60685400,34.48897000 -110.60702600,34.48860300 -110.60721900,34.48819100 -110.60756200,34.48761700 -110.60755100,34.48720100 -110.60713300,34.48682100 -110.60657500,34.48656400 -110.60632000,34.48647100 -110.60603700,34.48627200 -110.60581600,34.48585300 -110.60580800,34.48551100 -110.60588900,34.48541200 -110.60609800,34.48522700 -110.60626100,34.48511400 -110.60766000,34.48429500 -110.60794800,34.48370800 -110.60837900,34.48326500 -110.60948500,34.48260000 -110.61255500,34.48154500 -110.61344000,34.48090300 -110.61555500,34.47920600 -110.61565600,34.47900400 -110.61581700,34.47868100 -110.61606500,34.47758100 -110.61630600,34.47698600 -110.61653100,34.47673000 -110.61711100,34.47635000 -110.61777900,34.47570200 -110.61911700,34.47367800 -110.61905000,34.47320500 -110.61906300,34.47257300 -110.61926700,34.47209500 -110.62019000,34.47102500 -110.62105900,34.47048500 -110.62281900,34.46945100 -110.62437400,34.46830100 -110.62502900,34.46767300 -110.62566200,34.46728300 -110.62894200,34.46624000 -110.63015700,34.46584200 -110.63088700,34.46535500 -110.63212000,34.46448800 -110.63359000,34.46339200 -110.63449000,34.46250400 -110.63449000,34.46250400 -110.63480100,34.46219700 -110.64489900,34.46778100 -110.64567300,34.46851500 -110.64633600,34.46933900 -110.64650200,34.46966000 -110.64664000,34.47066800 -110.64802200,34.47211200 -110.64846300,34.47253000 -110.64864600,34.47293700 -110.64887800,34.47364700 -110.65100700,34.47499800 -110.65141100,34.47514500 -110.65178200,34.47525000 -110.65396700,34.47573200 -110.66242900,34.47839100 -110.66345300,34.47880400 -110.67310500,34.48643300 -110.67340900,34.48675400 -110.67481100,34.48783100 -110.67647900,34.48911400 -110.67717600,34.48971900 -110.67955300,34.49191000 -110.68286400,34.49540900 -110.68715900,34.50003500 -110.68724200,34.50041300 -110.68892900,34.50198600 -110.69039600,34.50322300 -110.69156400,34.50412500 -110.69263700,34.50491800 -110.70055100,34.51126200 -110.70196300,34.51346100 -110.70221200,34.51359800 -110.70232200,34.51410200 -110.70462400,34.51755900 -110.70706200,34.52122100 -110.70717700,34.52139300 -110.70935400,34.52466100 -110.71036900,34.52610200 -110.71070700,34.52670800 -110.71095100,34.52717900 -110.71121600,34.52773500 -110.71133400,34.52803600 -110.71143700,34.52819200 -110.71162000,34.52862800 -110.71195700,34.52949400 -110.71264900,34.53052500 -110.71267300,34.53054900 -110.71311900,34.53100600 -110.71907300,34.53547100 -110.71912800,34.53563100 -110.71937700,34.53572300 -110.71940100,34.53573700 -110.72065100,34.53650100 -110.72139800,34.53668400 -110.72278200,34.53652400 -110.72413800,34.53624800 -110.72519000,34.53615600 -110.72591000,34.53631700 -110.72649100,34.53659000 -110.72687900,34.53691100 -110.72809800,34.53904100 -110.72845800,34.53959000 -110.72845800,34.53988800 -110.72827200,34.54002700 -110.72818100,34.54009400 -110.72762800,34.54018600 -110.72679800,34.54114900 -110.72679800,34.54169800 -110.72779500,34.54350800 -110.72821100,34.54492800 -110.72846000,34.54529400 -110.72984500,34.54662200 -110.73023300,34.54721800 -110.73150700,34.54854600 -110.73225500,34.54980500 -110.73297500,34.55037800 -110.73522600,34.55163200 -110.73688000,34.55255200 -110.73981500,34.55314700 -110.74019800,34.55336200 -110.74019800,34.55336200 -110.74180900,34.55426800 -110.74241800,34.55474900 -110.74308300,34.55548200 -110.74361000,34.55587100 -110.74391400,34.55591700 -110.74397000,34.55614600 -110.74469000,34.55676400 -110.74480100,34.55699300 -110.74505100,34.55928300 -110.74510800,34.56029100 -110.74405800,34.56395700 -110.74372600,34.56480500 -110.74323300,34.56568900 -110.74306200,34.56599500 -110.74311800,34.56645300 -110.74331200,34.56663600 -110.74478000,34.56714000 -110.75048300,34.56775600 -110.75068300,34.56777800 -110.75110200,34.56777800 -110.75478500,34.56828300 -110.75505000,34.56833900 -110.75632800,34.56871200 -110.75916100,34.56885800 -110.76051800,34.56888100 -110.76245700,34.56817200 -110.76519800,34.56815000 -110.76763400,34.56826600 -110.76832700,34.56796800 -110.76939400,34.56697400 -110.77032100,34.56622900 -110.77079200,34.56597700 -110.77392100,34.56568000 -110.77724400,34.56533700 -110.77871100,34.56543000 -110.77951400,34.56577300 -110.78001300,34.56620900 -110.78031700,34.56669000 -110.78059400,34.56740000 -110.78109000,34.57205000 -110.78125600,34.57285200 -110.78128100,34.57290200 -110.78142200,34.57319600 -110.78235500,34.57408200 -110.78349800,34.57516600 -110.78419000,34.57649500 -110.78479900,34.57821200 -110.78529700,34.57889900 -110.78645900,34.58103000 -110.78776000,34.58295400 -110.78806500,34.58344600 -110.78810100,34.58359300 -110.78810700,34.58374900 -110.78806000,34.58395600 -110.78776300,34.58460600 -110.78771100,34.58477700 -110.78771800,34.58494900 -110.78776000,34.58520300 -110.78778500,34.58547300 -110.78777700,34.58567100 -110.78769200,34.58596100 -110.78757500,34.58619100 -110.78742900,34.58639100 -110.78683300,34.58712300 -110.78607100,34.58835600 -110.78563900,34.58907400 -110.78536700,34.58939000 -110.78508800,34.58963100 -110.78493700,34.58972600 -110.78478000,34.58976700 -110.78456900,34.58979700 -110.78425300,34.58978700 -110.78404400,34.58981700 -110.78392500,34.58990100 -110.78384800,34.59002700 -110.78381600,34.59016400 -110.78385600,34.59065800 -110.78381800,34.59080200 -110.78373600,34.59094600 -110.78358000,34.59107400 -110.78338200,34.59126400 -110.78315600,34.59166900 -110.78312300,34.59179300 -110.78314000,34.59188600 -110.78318000,34.59196500 -110.78357100,34.59233400 -110.78396300,34.59257700 -110.78416900,34.59269600 -110.78440800,34.59277800 -110.78465000,34.59284200 -110.78552500,34.59299300 -110.78582500,34.59307700 -110.78642800,34.59328600 -110.78673900,34.59342300 -110.78688900,34.59346900 -110.78701300,34.59349100 -110.78716800,34.59349300 -110.78736400,34.59347100 -110.78753300,34.59343100 -110.78792700,34.59335600 -110.78792700,34.59335600 -110.78792700,34.59335100 -110.78796200,34.59335000 -110.78817100,34.59331000 -110.78827600,34.59326800 -110.78834000,34.59320800 -110.78837800,34.59314400 -110.78839500,34.59307900 -110.78840800,34.59285600 -110.78835900,34.59239800 -110.78834800,34.59223200 -110.78838700,34.59203000 -110.78846100,34.59184600 -110.78861400,34.59151000 -110.78880200,34.59128700 -110.78896400,34.59113500 -110.78917700,34.59100700 -110.78934300,34.59091000 -110.78943600,34.59085100 -110.78950700,34.59073100 -110.78957700,34.59056300 -110.78969000,34.59037900 -110.78977000,34.59027600 -110.78986600,34.59017200 -110.79003200,34.59003100 -110.79014300,34.58995200 -110.79029800,34.58987500 -110.79046300,34.58981600 -110.79063400,34.58978400 -110.79079200,34.58976600 -110.79088000,34.58976400 -110.79092100,34.58977700 -110.79094000,34.58982000 -110.79092300,34.58986100 -110.79087800,34.58987900 -110.79062300,34.58991400 -110.79053200,34.58994100 -110.79042700,34.59000000 -110.79033100,34.59008200 -110.79022900,34.59022100 -110.79013700,34.59044100 -110.79009300,34.59062100 -110.79013200,34.59079700 -110.79025300,34.59104900 -110.79027700,34.59114800 -110.79028100,34.59124600 -110.79004600,34.59180200 -110.78993100,34.59202500 -110.78974400,34.59232600 -110.78972400,34.59245800 -110.78974100,34.59259500 -110.78981000,34.59271000 -110.78991500,34.59284000 -110.79011300,34.59301900 -110.79031400,34.59315100 -110.79049200,34.59322600 -110.79072700,34.59327900 -110.79086700,34.59328100 -110.79102500,34.59325900 -110.79178500,34.59315300 -110.79252900,34.59310000 -110.79278500,34.59307200 -110.79299100,34.59305800 -110.79315500,34.59308700 -110.79329300,34.59315000 -110.79342600,34.59325900 -110.79352000,34.59338300 -110.79354900,34.59352200 -110.79355200,34.59365900 -110.79347100,34.59389300 -110.79320700,34.59449000 -110.79306900,34.59485600 -110.79302400,34.59519600 -110.79307300,34.59549700 -110.79320100,34.59625000 -110.79318700,34.59679400 -110.79312900,34.59721500 -110.79303400,34.59793100 -110.79301800,34.59853800 -110.79300900,34.59879900 -110.79293100,34.59897800 -110.79285000,34.59911800 -110.79284900,34.59923800 -110.79291600,34.59931900 -110.79306600,34.59946300 -110.79320400,34.59961700 -110.79329000,34.59974800 -110.79332700,34.59993800 -110.79332500,34.60009300 -110.79324600,34.60038000 -110.79316300,34.60060900 -110.79296000,34.60100100 -110.79255300,34.60173500 -110.79247200,34.60192700 -110.79238700,34.60213200 -110.79233700,34.60231800 -110.79230900,34.60256000 -110.79223800,34.60318500 -110.79220100,34.60339500 -110.79218900,34.60356800 -110.79213444,34.60365126 </coordinates>
</LineString>
</Placemark>
<Placemark>
<name>AZAT-27 Canyon Lands</name>
<LookAt>
<longitude>-110.92997741</longitude>
<latitude>34.53511147</latitude>
<range>42796</range>
</LookAt>
<styleUrl>#Line_Forest_Service_Rd_level_2_or_higher_000000_04</styleUrl>
<ExtendedData>
<Data name="Type">
<value>Forest Service Rd level 2 or higher</value>
</Data>
<Data name="Name on GPS">
<value>AZAT27-Canyon Lands</value>
</Data>
<Data name="Total Distance">
<value>46.0 mi</value>
</Data>
<Data name="Number of Trackpoints">
<value>1025</value>
</Data>
</ExtendedData>
<LineString>
<coordinates>-110.79213444,34.60365126 -110.79206085,34.60376358 -110.79172516,34.60416412 -110.79141998,34.60453796 -110.79171753,34.60505295 -110.79177856,34.60572815 -110.79141235,34.60632706 -110.79105377,34.60696793 -110.79072571,34.60767365 -110.79055023,34.60843658 -110.79048157,34.60917664 -110.79039001,34.60993958 -110.79032135,34.61070251 -110.79016876,34.61142349 -110.78964996,34.61196518 -110.78938293,34.61272812 -110.78942108,34.61355972 -110.78889465,34.61413956 -110.78849030,34.61466980 -110.78842926,34.61543274 -110.78790283,34.61602020 -110.78742218,34.61665726 -110.78746033,34.61734772 -110.78759003,34.61808777 -110.78753662,34.61882401 -110.78705597,34.61945724 -110.78644562,34.62010956 -110.78582764,34.62075806 -110.78550720,34.62145233 -110.78585052,34.62209320 -110.78620148,34.62272644 -110.78600311,34.62342834 -110.78582764,34.62425613 -110.78561401,34.62517548 -110.78537750,34.62614059 -110.78508759,34.62706757 -110.78473663,34.62792969 -110.78435516,34.62877655 -110.78395844,34.62961197 -110.78359985,34.63040543 -110.78325653,34.63116074 -110.78291321,34.63192749 -110.78254700,34.63272095 -110.78219604,34.63353348 -110.78182983,34.63436508 -110.78144073,34.63518524 -110.78102875,34.63600540 -110.78060913,34.63681793 -110.78021240,34.63743973 -110.78023529,34.63771439 -110.78054810,34.63772202 -110.78099060,34.63772202 -110.78150177,34.63773346 -110.78212738,34.63772964 -110.78280640,34.63773727 -110.78353882,34.63774490 -110.78429413,34.63777542 -110.78511810,34.63780594 -110.78602600,34.63780212 -110.78697205,34.63777542 -110.78793335,34.63780594 -110.78889465,34.63781357 -110.78986359,34.63781357 -110.79086304,34.63781357 -110.79190826,34.63780212 -110.79291534,34.63781357 -110.79390717,34.63781738 -110.79490662,34.63782883 -110.79590607,34.63782883 -110.79689789,34.63782883 -110.79789734,34.63784027 -110.79893494,34.63784790 -110.80001831,34.63785172 -110.80107880,34.63786697 -110.80213165,34.63788986 -110.80315399,34.63788605 -110.80419159,34.63788605 -110.80524445,34.63787842 -110.80613708,34.63788605 -110.80642700,34.63787842 -110.80648804,34.63787079 -110.80711365,34.63787079 -110.80750275,34.63787460 -110.80755615,34.63787460 -110.80763245,34.63786697 -110.80792236,34.63788605 -110.80844116,34.63788605 -110.80912781,34.63787842 -110.81002808,34.63788605 -110.81098938,34.63786697 -110.81198883,34.63785553 -110.81305695,34.63787460 -110.81421661,34.63789749 -110.81542206,34.63793182 -110.81661987,34.63795090 -110.81781006,34.63795471 -110.81906128,34.63793945 -110.82032776,34.63792801 -110.82156372,34.63791656 -110.82274628,34.63790894 -110.82397461,34.63796997 -110.82516479,34.63802338 -110.82631683,34.63803864 -110.82747650,34.63804626 -110.82865143,34.63806152 -110.82946777,34.63810349 -110.82985687,34.63789368 -110.83026886,34.63746643 -110.83065796,34.63726807 -110.83117676,34.63733673 -110.83178711,34.63733673 -110.83232880,34.63734818 -110.83277130,34.63737106 -110.83338928,34.63735962 -110.83395386,34.63735199 -110.83452606,34.63735199 -110.83511353,34.63736725 -110.83575439,34.63736343 -110.83648682,34.63734818 -110.83726501,34.63734436 -110.83805084,34.63735199 -110.83888245,34.63732529 -110.83975220,34.63733292 -110.84065247,34.63739395 -110.84157562,34.63762665 -110.84236145,34.63806534 -110.84301758,34.63862610 -110.84348297,34.63937378 -110.84373474,34.64022827 -110.84394836,34.64109802 -110.84393311,34.64182663 -110.84370422,34.64259338 -110.84374237,34.64343643 -110.84384918,34.64425659 -110.84395599,34.64492798 -110.84407043,34.64561844 -110.84417725,34.64634705 -110.84429169,34.64709473 -110.84439087,34.64783096 -110.84450531,34.64856720 -110.84460449,34.64931870 -110.84470367,34.65007782 -110.84480286,34.65084457 -110.84490204,34.65164948 -110.84503174,34.65250778 -110.84516144,34.65337753 -110.84528351,34.65425491 -110.84541321,34.65511322 -110.84555817,34.65599442 -110.84566498,34.65689087 -110.84578705,34.65779114 -110.84589386,34.65867615 -110.84603119,34.65954208 -110.84623718,34.66041565 -110.84680939,34.66105652 -110.84748840,34.66151047 -110.84811401,34.66197586 -110.84853363,34.66254044 -110.84858704,34.66308975 -110.84862518,34.66363525 -110.84867096,34.66421890 -110.84870911,34.66481018 -110.84877777,34.66535950 -110.84877014,34.66586304 -110.84871674,34.66640472 -110.84860992,34.66695404 -110.84842682,34.66748810 -110.84827423,34.66800690 -110.84819031,34.66858292 -110.84819794,34.66915512 -110.84821320,34.66967010 -110.84869385,34.66979599 -110.84931183,34.67000580 -110.84996796,34.67010117 -110.85061646,34.67025375 -110.85131073,34.67042542 -110.85203552,34.67057037 -110.85277557,34.67068481 -110.85351563,34.67086792 -110.85425568,34.67105484 -110.85504150,34.67120743 -110.85580444,34.67139435 -110.85658264,34.67154312 -110.85734558,34.67169189 -110.85815430,34.67177200 -110.85897064,34.67182159 -110.85974121,34.67197037 -110.86032867,34.67236328 -110.86079407,34.67282867 -110.86127472,34.67327499 -110.86175537,34.67372894 -110.86223602,34.67417526 -110.86270905,34.67461395 -110.86321259,34.67507172 -110.86355591,34.67567062 -110.86379242,34.67629242 -110.86402130,34.67687988 -110.86444092,34.67738724 -110.86504364,34.67774582 -110.86573792,34.67796707 -110.86646271,34.67817307 -110.86722565,34.67837906 -110.86798859,34.67852783 -110.86855316,34.67858887 -110.86887360,34.67875290 -110.86907959,34.67912674 -110.86927795,34.67945480 -110.86965942,34.67967224 -110.87006378,34.67990875 -110.87052917,34.68008041 -110.87083435,34.68024826 -110.87100220,34.68044281 -110.87123108,34.68060684 -110.87149811,34.68081665 -110.87187195,34.68098450 -110.87235260,34.68105698 -110.87291718,34.68107986 -110.87355804,34.68108749 -110.87425995,34.68110657 -110.87503815,34.68112183 -110.87584686,34.68111801 -110.87661743,34.68111420 -110.87731934,34.68112946 -110.87805939,34.68103790 -110.87872314,34.68079758 -110.87916565,34.68070984 -110.87950897,34.68070984 -110.87992859,34.68070221 -110.88033295,34.68088150 -110.88071442,34.68107224 -110.88111115,34.68113708 -110.88153076,34.68112183 -110.88193512,34.68113327 -110.88240814,34.68114090 -110.88297272,34.68115616 -110.88360596,34.68114853 -110.88424683,34.68114090 -110.88488770,34.68114853 -110.88540649,34.68115234 -110.88587952,34.68115997 -110.88636780,34.68115234 -110.88674927,34.68109512 -110.88714600,34.68107224 -110.88759613,34.68101120 -110.88807678,34.68099594 -110.88856506,34.68106461 -110.88897705,34.68098450 -110.88932037,34.68112183 -110.88958740,34.68099976 -110.88993835,34.68083191 -110.89029694,34.68097305 -110.89069366,34.68112946 -110.89117432,34.68118668 -110.89169312,34.68119431 -110.89225006,34.68117523 -110.89284515,34.68111420 -110.89328766,34.68119431 -110.89354706,34.68123245 -110.89376831,34.68112183 -110.89402771,34.68114471 -110.89417267,34.68115997 -110.89435577,34.68112183 -110.89450836,34.68103790 -110.89467621,34.68096161 -110.89488983,34.68088531 -110.89519501,34.68076324 -110.89560699,34.68067551 -110.89595032,34.68053818 -110.89636230,34.68040466 -110.89682007,34.68042374 -110.89727783,34.68059158 -110.89765167,34.68079376 -110.89801788,34.68091965 -110.89843750,34.68096924 -110.89887238,34.68107224 -110.89931488,34.68120193 -110.89980316,34.68130875 -110.90027618,34.68133926 -110.90074921,34.68139267 -110.90123749,34.68141174 -110.90174866,34.68138885 -110.90221405,34.68132401 -110.90247345,34.68143463 -110.90261841,34.68161774 -110.90265656,34.68196106 -110.90255737,34.68233109 -110.90249634,34.68268204 -110.90270233,34.68288422 -110.90315247,34.68292236 -110.90336609,34.68269730 -110.90358734,34.68242645 -110.90380096,34.68214417 -110.90400696,34.68193436 -110.90428162,34.68177032 -110.90470123,34.68165588 -110.90525818,34.68171692 -110.90573120,34.68192673 -110.90610504,34.68218994 -110.90646362,34.68207550 -110.90671539,34.68174744 -110.90701294,34.68137741 -110.90735626,34.68097305 -110.90775299,34.68058014 -110.90833282,34.68043900 -110.90892792,34.68043518 -110.90928650,34.68004227 -110.90966034,34.67960739 -110.91020966,34.67927170 -110.91072845,34.67887115 -110.91098022,34.67832184 -110.91140747,34.67779541 -110.91196442,34.67733765 -110.91252899,34.67687988 -110.91309357,34.67657471 -110.91354370,34.67616272 -110.91404724,34.67580414 -110.91461945,34.67555618 -110.91505432,34.67535782 -110.91536713,34.67533112 -110.91565704,34.67529297 -110.91602325,34.67524338 -110.91640472,34.67515564 -110.91674805,34.67496109 -110.91705322,34.67474365 -110.91732025,34.67450714 -110.91757202,34.67419434 -110.91790009,34.67390060 -110.91835022,34.67366028 -110.91873169,34.67333603 -110.91897583,34.67290878 -110.91938019,34.67256546 -110.91988373,34.67231750 -110.92037964,34.67205811 -110.92081451,34.67185593 -110.92121124,34.67161560 -110.92160034,34.67136383 -110.92198944,34.67107010 -110.92237091,34.67077255 -110.92269897,34.67047882 -110.92305756,34.67015076 -110.92346954,34.66982269 -110.92390442,34.66946793 -110.92428589,34.66911697 -110.92469788,34.66881943 -110.92517090,34.66852570 -110.92564392,34.66819000 -110.92612457,34.66784286 -110.92659760,34.66747665 -110.92688751,34.66701889 -110.92708588,34.66664505 -110.92728424,34.66614914 -110.92743683,34.66561508 -110.92768860,34.66509628 -110.92783356,34.66454697 -110.92763519,34.66398621 -110.92736053,34.66347504 -110.92719269,34.66291046 -110.92707825,34.66229248 -110.92697906,34.66165161 -110.92691040,34.66101456 -110.92691803,34.66040039 -110.92661285,34.65985870 -110.92629242,34.65930939 -110.92607117,34.65869904 -110.92585754,34.65807724 -110.92565155,34.65748215 -110.92535400,34.65688324 -110.92499542,34.65626526 -110.92481995,34.65558624 -110.92485809,34.65488815 -110.92500305,34.65420151 -110.92513275,34.65353394 -110.92524719,34.65290451 -110.92524719,34.65224075 -110.92521667,34.65153503 -110.92531586,34.65081787 -110.92538452,34.65008163 -110.92532349,34.64933395 -110.92519379,34.64858246 -110.92502594,34.64781570 -110.92499542,34.64702988 -110.92505646,34.64624023 -110.92491150,34.64545822 -110.92462921,34.64468384 -110.92467499,34.64388275 -110.92468262,34.64305496 -110.92481232,34.64222717 -110.92505646,34.64141464 -110.92533875,34.64060211 -110.92546844,34.63978577 -110.92552185,34.63900757 -110.92575836,34.63824844 -110.92601776,34.63749695 -110.92647552,34.63680649 -110.92710114,34.63619614 -110.92774200,34.63558578 -110.92837524,34.63496780 -110.92894745,34.63430786 -110.92932892,34.63358307 -110.92935944,34.63285065 -110.92951965,34.63211823 -110.92992401,34.63147354 -110.92995453,34.63077545 -110.92992401,34.63011169 -110.93005371,34.62940598 -110.93041229,34.62872314 -110.93096161,34.62816238 -110.93119049,34.62751007 -110.93095398,34.62680054 -110.93100739,34.62610245 -110.93134308,34.62540436 -110.93156433,34.62492752 -110.93167877,34.62468719 -110.93188477,34.62430954 -110.93208313,34.62377167 -110.93212891,34.62319565 -110.93214417,34.62274933 -110.93215179,34.62232208 -110.93207550,34.62194443 -110.93202972,34.62159729 -110.93195343,34.62123108 -110.93187714,34.62084579 -110.93177795,34.62043381 -110.93166351,34.62002563 -110.93157196,34.61966705 -110.93148804,34.61928940 -110.93144226,34.61888885 -110.93143463,34.61842346 -110.93144989,34.61790848 -110.93147278,34.61740112 -110.93143463,34.61693192 -110.93128967,34.61643982 -110.93095398,34.61595535 -110.93061829,34.61545181 -110.93038940,34.61489868 -110.93012238,34.61434174 -110.92982483,34.61394882 -110.92959595,34.61360931 -110.92932129,34.61332703 -110.92901611,34.61303711 -110.92871857,34.61286926 -110.92847443,34.61271286 -110.92819977,34.61256409 -110.92788696,34.61228180 -110.92778015,34.61183548 -110.92774200,34.61137390 -110.92761230,34.61087036 -110.92721558,34.61053848 -110.92695618,34.61043167 -110.92662048,34.61029434 -110.92632294,34.61006546 -110.92607880,34.60973358 -110.92601776,34.60960388 -110.92597961,34.60954285 -110.92592621,34.60945129 -110.92588806,34.60939026 -110.92571259,34.60908508 -110.92549133,34.60862350 -110.92539215,34.60805893 -110.92534637,34.60744476 -110.92510223,34.60678864 -110.92467499,34.60612488 -110.92420197,34.60546875 -110.92387390,34.60478592 -110.92388916,34.60411453 -110.92391968,34.60345078 -110.92395020,34.60276031 -110.92371368,34.60211945 -110.92337799,34.60153961 -110.92314911,34.60088348 -110.92275238,34.60023880 -110.92234039,34.59955597 -110.92180634,34.59888458 -110.92120361,34.59825516 -110.92053986,34.59759903 -110.91978455,34.59696198 -110.91902161,34.59630585 -110.91835022,34.59563065 -110.91805267,34.59484100 -110.91769409,34.59407806 -110.91727448,34.59328461 -110.91688538,34.59245682 -110.91665649,34.59159470 -110.91645813,34.59072113 -110.91624451,34.58987045 -110.91596985,34.58911133 -110.91570282,34.58837891 -110.91537476,34.58765793 -110.91504669,34.58693695 -110.91471100,34.58617783 -110.91442108,34.58536911 -110.91410065,34.58454895 -110.91375732,34.58372116 -110.91327667,34.58308792 -110.91320801,34.58290863 -110.91328430,34.58293152 -110.91351318,34.58298111 -110.91380310,34.58305359 -110.91413116,34.58320999 -110.91447449,34.58324051 -110.91495514,34.58334351 -110.91545868,34.58348465 -110.91600800,34.58372498 -110.91660309,34.58399582 -110.91725159,34.58431244 -110.91796875,34.58443451 -110.91876984,34.58425140 -110.91959381,34.58407593 -110.92043304,34.58387375 -110.92127228,34.58357239 -110.92208862,34.58325958 -110.92295074,34.58332825 -110.92380524,34.58348846 -110.92431641,34.58388138 -110.92467499,34.58426285 -110.92475858,34.58435553 -110.92511352,34.58470547 -110.92556000,34.58512115 -110.92639923,34.58560181 -110.92729950,34.58612823 -110.92806244,34.58679199 -110.92879486,34.58748627 -110.92919922,34.58833313 -110.92933655,34.58926010 -110.92955017,34.59008789 -110.93033600,34.59037399 -110.93120575,34.59054565 -110.93202972,34.59082031 -110.93260193,34.59144974 -110.93334198,34.59205246 -110.93425751,34.59253693 -110.93507385,34.59301758 -110.93582916,34.59360123 -110.93653107,34.59424210 -110.93724823,34.59487915 -110.93788147,34.59557724 -110.93834686,34.59629440 -110.93914795,34.59658051 -110.94002533,34.59649277 -110.94064331,34.59605408 -110.94105530,34.59548950 -110.94140625,34.59492111 -110.94192505,34.59446335 -110.94254303,34.59400940 -110.94314575,34.59349823 -110.94351959,34.59282684 -110.94384766,34.59210205 -110.94431305,34.59143829 -110.94492340,34.59083939 -110.94556427,34.59024048 -110.94630432,34.58971024 -110.94667053,34.58898926 -110.94697571,34.58823776 -110.94750214,34.58756256 -110.94814301,34.58686066 -110.94860840,34.58605576 -110.94878387,34.58514023 -110.94898987,34.58422470 -110.94919586,34.58329773 -110.94924927,34.58233643 -110.94927216,34.58138657 -110.94927979,34.58047867 -110.94914246,34.57960510 -110.94885254,34.57877731 -110.94889069,34.57797623 -110.94939423,34.57730865 -110.94993591,34.57662964 -110.95067596,34.57602310 -110.95121765,34.57530212 -110.95145416,34.57447433 -110.95169067,34.57364655 -110.95194244,34.57280731 -110.95219421,34.57194901 -110.95221710,34.57105255 -110.95211029,34.57013702 -110.95203400,34.56922150 -110.95195770,34.56830597 -110.95185852,34.56743240 -110.95146942,34.56668091 -110.95090485,34.56599045 -110.95034790,34.56527328 -110.95006561,34.56443787 -110.94984436,34.56361008 -110.94964600,34.56282425 -110.94946289,34.56204987 -110.94979095,34.56135559 -110.95033264,34.56075287 -110.95088196,34.56010818 -110.95138550,34.55941772 -110.95182037,34.55866241 -110.95182800,34.55789566 -110.95146179,34.55713272 -110.95108032,34.55633545 -110.95069122,34.55556488 -110.95037842,34.55479813 -110.95026398,34.55394363 -110.95023346,34.55306244 -110.95021057,34.55220032 -110.95040131,34.55139160 -110.95088959,34.55065536 -110.95123291,34.54984283 -110.95147705,34.54901886 -110.95172119,34.54822540 -110.95197296,34.54744720 -110.95223236,34.54667664 -110.95237732,34.54590225 -110.95227814,34.54510498 -110.95204163,34.54430008 -110.95166779,34.54353714 -110.95122528,34.54281235 -110.95101166,34.54204941 -110.95113373,34.54126358 -110.95132446,34.54045868 -110.95145416,34.53963852 -110.95122528,34.53882599 -110.95063782,34.53815842 -110.95005035,34.53756714 -110.94946289,34.53700256 -110.94889069,34.53642273 -110.94834900,34.53582001 -110.94792175,34.53513336 -110.94763184,34.53440094 -110.94742584,34.53366089 -110.94739532,34.53290558 -110.94743347,34.53233719 -110.94747925,34.53200150 -110.94760132,34.53191757 -110.94813538,34.53184891 -110.94889069,34.53186035 -110.94963074,34.53190231 -110.95036316,34.53193283 -110.95108032,34.53195572 -110.95185852,34.53196716 -110.95272064,34.53198624 -110.95362091,34.53200531 -110.95449829,34.53201294 -110.95542145,34.53195190 -110.95630646,34.53189468 -110.95700073,34.53221512 -110.95761108,34.53275299 -110.95806122,34.53338623 -110.95869446,34.53355026 -110.95953369,34.53333664 -110.96041107,34.53303909 -110.96135712,34.53282166 -110.96232605,34.53271103 -110.96268463,34.53232193 -110.96243286,34.53168869 -110.96240997,34.53099823 -110.96295929,34.53044128 -110.96366882,34.53002930 -110.96448517,34.52975845 -110.96532440,34.52972412 -110.96617889,34.52970505 -110.96688080,34.52941132 -110.96746826,34.52900696 -110.96808624,34.52862930 -110.96876526,34.52826691 -110.96942902,34.52788544 -110.97016144,34.52758408 -110.97090149,34.52727890 -110.97156525,34.52681351 -110.97213745,34.52617645 -110.97274780,34.52548218 -110.97332001,34.52474976 -110.97380829,34.52415085 -110.97410583,34.52383423 -110.97444153,34.52341461 -110.97487640,34.52292633 -110.97547150,34.52240753 -110.97619629,34.52192307 -110.97698975,34.52155685 -110.97785187,34.52128601 -110.97877502,34.52105331 -110.97975922,34.52080536 -110.98080444,34.52060318 -110.98181915,34.52081299 -110.98260498,34.52136230 -110.98304749,34.52212524 -110.98340607,34.52294922 -110.98375702,34.52376938 -110.98412323,34.52460098 -110.98448944,34.52545547 -110.98487091,34.52631760 -110.98527527,34.52713394 -110.98591614,34.52747726 -110.98661804,34.52721024 -110.98730469,34.52675247 -110.98810577,34.52648926 -110.98827362,34.52604675 -110.98805237,34.52537918 -110.98822021,34.52472305 -110.98856354,34.52410126 -110.98916626,34.52359772 -110.98965454,34.52314377 -110.98950958,34.52262115 -110.98916626,34.52201462 -110.98876953,34.52136230 -110.98830414,34.52069092 -110.98778534,34.52011108 -110.98720551,34.51969910 -110.98654175,34.51927948 -110.98597717,34.51880264 -110.98572540,34.51826096 -110.98583984,34.51767349 -110.98638916,34.51724243 -110.98706818,34.51700211 -110.98770905,34.51681137 -110.98813629,34.51697922 -110.98815155,34.51726151 -110.98786926,34.51745224 -110.98744202,34.51759720 -110.98709869,34.51785660 -110.98731232,34.51825714 -110.98793030,34.51854706 -110.98864746,34.51886368 -110.98938751,34.51916885 -110.99004364,34.51956558 -110.99054718,34.51999664 -110.99092102,34.52038956 -110.99131775,34.52069855 -110.99179077,34.52089691 -110.99230957,34.52110291 -110.99282837,34.52135086 -110.99331665,34.52170944 -110.99382019,34.52207565 -110.99434662,34.52195358 -110.99466705,34.52149963 -110.99487305,34.52095032 -110.99509430,34.52037430 -110.99530792,34.51980209 -110.99538422,34.51921082 -110.99543762,34.51856232 -110.99548340,34.51792908 -110.99568939,34.51735306 -110.99614716,34.51684189 -110.99665833,34.51630402 -110.99703979,34.51567459 -110.99723053,34.51499557 -110.99723053,34.51425552 -110.99705505,34.51350021 -110.99684906,34.51271439 -110.99662781,34.51189804 -110.99653625,34.51103592 -110.99691772,34.51028824 -110.99771118,34.50977325 -110.99858093,34.50945663 -110.99954224,34.50934601 -111.00052643,34.50940704 -111.00147247,34.50954056 -111.00228882,34.50978470 -111.00311279,34.51020050 -111.00405121,34.51041794 -111.00496674,34.51049423 -111.00571442,34.51056671 -111.00646210,34.51063156 -111.00706482,34.51064301 -111.00762939,34.51058197 -111.00823975,34.51039124 -111.00885773,34.51013565 -111.00943756,34.50990295 -111.01013947,34.50976181 -111.01087952,34.50979614 -111.01174164,34.51004791 -111.01252747,34.51051712 -111.01322937,34.51113129 -111.01380920,34.51179886 -111.01436615,34.51238251 -111.01510620,34.51273727 -111.01592255,34.51290131 -111.01677704,34.51301193 -111.01760864,34.51311111 -111.01843262,34.51321411 -111.01930237,34.51332855 -111.02020264,34.51328278 -111.02103424,34.51300430 -111.02188110,34.51268005 -111.02271271,34.51232529 -111.02352905,34.51196289 -111.02431488,34.51155853 -111.02487183,34.51103592 -111.02536774,34.51049805 -111.02585602,34.51000214 -111.02635956,34.50948715 -111.02663422,34.50909424 -111.02680969,34.50890732 -111.02684021,34.50883865 -111.02688599,34.50875854 -111.02690887,34.50869751 -111.02696228,34.50861359 -111.02704620,34.50843048 -111.02710724,34.50821686 -111.02716064,34.50798416 -111.02723694,34.50757980 -111.02733612,34.50704956 -111.02767944,34.50648117 -111.02832794,34.50603104 -111.02922058,34.50584412 -111.03013611,34.50597763 -111.03090668,34.50630188 -111.03165436,34.50644302 -111.03240204,34.50637817 -111.03311157,34.50610352 -111.03370667,34.50560379 -111.03413391,34.50493240 -111.03452301,34.50432587 -111.03511810,34.50408554 -111.03555298,34.50413895 -111.03583527,34.50432968 -111.03606415,34.50458145 -111.03618622,34.50492096 -111.03616333,34.50537491 -111.03610229,34.50594711 -111.03607178,34.50655365 -111.03601837,34.50716782 -111.03598785,34.50778961 -111.03590393,34.50842667 -111.03584290,34.50905228 -111.03585052,34.50969696 -111.03617859,34.51029587 -111.03662109,34.51082993 -111.03731537,34.51105118 -111.03804779,34.51073837 -111.03881073,34.51025772 -111.03964996,34.50993347 -111.04029083,34.50941467 -111.04048920,34.50865555 -111.04096985,34.50803375 -111.04164124,34.50752258 -111.04225159,34.50691605 -111.04286194,34.50627899 -111.04330444,34.50557709 -111.04371643,34.50486755 -111.04447174,34.50440598 -111.04516602,34.50406647 -111.04589844,34.50385284 -111.04675293,34.50390244 -111.04763794,34.50400543 -111.04851532,34.50404358 -111.04924774,34.50374222 -111.05000305,34.50328827 -111.05078888,34.50282288 -111.05172729,34.50255585 -111.05273438,34.50244904 -111.05367279,34.50236893 -111.05470276,34.50227356 -111.05570984,34.50215530 -111.05663300,34.50207901 -111.05754852,34.50200653 -111.05857849,34.50189972 -111.05972290,34.50178909 -111.06088257,34.50170517 -111.06195831,34.50160217 -111.06303406,34.50148010 -111.06404114,34.50138474 -111.06473541,34.50127792 -111.06487274,34.50083542 -111.06482697,34.50029373 -111.06445313,34.49980927 -111.06397247,34.49938583 -111.06379700,34.49883652 -111.06401062,34.49828720 -111.06422424,34.49780655 -111.06452179,34.49729919 -111.06501770,34.49685287 -111.06565857,34.49644852 -111.06628418,34.49593353 -111.06671906,34.49529266 -111.06707001,34.49455643 -111.06743622,34.49383926 -111.06793976,34.49319077 -111.06845856,34.49264145 -111.06890869,34.49205017 -111.06935883,34.49136353 -111.06977844,34.49059296 -111.07029724,34.48986053 -111.07083130,34.48907852 -111.07115936,34.48825073 -111.07157135,34.48744583 -111.07196045,34.48669815 -111.07212067,34.48587418 -111.07228088,34.48506546 -111.07242584,34.48426056 -111.07254791,34.48347092 -111.07267761,34.48266602 -111.07279968,34.48187637 -111.07270813,34.48106003 -111.07251740,34.48023224 -111.07270813,34.47935486 -111.07283020,34.47845840 -111.07289886,34.47765350 -111.07288361,34.47684860 -111.07274628,34.47599792 -111.07268524,34.47514343 -111.07294464,34.47438431 -111.07315063,34.47371674 -111.07331848,34.47307587 -111.07326508,34.47235489 -111.07311249,34.47157669 -111.07293701,34.47085571 -111.07286072,34.47018051 -111.07270813,34.46935654 -111.07252502,34.46852493 -111.07231140,34.46768570 -111.07192230,34.46688461 -111.07174683,34.46599960 -111.07173157,34.46512222 -111.07192230,34.46433640 -111.07215118,34.46360779 -111.07212067,34.46284485 -111.07235718,34.46226501 -111.07295227,34.46180725 -111.07376099,34.46160507 -111.07439423,34.46127701 -111.07495880,34.46080780 -111.07551575,34.46031952 -111.07585907,34.45969772 -111.07653809,34.45918655 -111.07707214,34.45857620 -111.07734680,34.45788193 -111.07705688,34.45726013 -111.07679749,34.45655441 -111.07683563,34.45578766 -111.07671356,34.45495224 -111.07646942,34.45417786 -111.07611084,34.45341873 -111.07577515,34.45266342 -111.07543945,34.45187378 -111.07527161,34.45102692 -111.07487488,34.45028305 -111.07460022,34.44953156 -111.07466125,34.44876862 -111.07483673,34.44798660 -111.07500458,34.44718170 -111.07521057,34.44643784 -111.07546234,34.44570923 -111.07574463,34.44497681 -111.07591248,34.44427490 -111.07575226,34.44345093 -111.07544708,34.44264221 -111.07538605,34.44192886 -111.07517242,34.44165802 -111.07522583,34.44138718 -111.07527924,34.44102097 -111.07530212,34.44050980 -111.07527924,34.44005966 -111.07523346,34.43951035 -111.07524109,34.43902206 -111.07529449,34.43867493 -111.07546234,34.43823242 -111.07572174,34.43764114 -111.07596588,34.43708801 -111.07626343,34.43648148 -111.07643127,34.43592072 -111.07663727,34.43539810 -111.07675934,34.43488693 -111.07688904,34.43428040 -111.07701111,34.43359375 -111.07712555,34.43288040 -111.07722473,34.43218994 -111.07737732,34.43143463 -111.07747650,34.43062210 -111.07738495,34.42981339 -111.07698822,34.42906189 -111.07649994,34.42832947 -111.07601166,34.42757034 -111.07571411,34.42676544 -111.07569885,34.42593002 -111.07594299,34.42512131 -111.07641602,34.42432022 -111.07721710,34.42364502 -111.07811737,34.42300034 -111.07890320,34.42232513 -111.07933044,34.42153168 -111.07936096,34.42061996 -111.07894135,34.41986465 -111.07836151,34.41920853 -111.07797241,34.41847610 -111.07784271,34.41765594 -111.07808685,34.41683197 -111.07863617,34.41608047 -111.07916260,34.41527557 -111.07959747,34.41445160 -111.07974243,34.41353989 -111.07968903,34.41259766 -111.07967377,34.41166306 -111.07944489,34.41076660 -111.07902527,34.40996552 -111.07854462,34.40912247 -111.07810974,34.40828323 -111.07764435,34.40752792 -111.07700348,34.40684891 -111.07642365,34.40604782 -111.07603455,34.40513992 -111.07566071,34.40429306 -111.07529449,34.40349579 -111.07490540,34.40263367 -111.07465363,34.40169907 -111.07501984,34.40095520 -111.07569122,34.40035248 -111.07658386,34.40012360 -111.07746124,34.39986420 -111.07809448,34.39933395 -111.07842255,34.39859390 -111.07852936,34.39773560 -111.07859802,34.39711380 -111.07860565,34.39684296 -111.07853699,34.39661026 -111.07846069,34.39632034 -111.07820892,34.39594650 -111.07761383,34.39542389 -111.07685089,34.39493942 -111.07638550,34.39426422 -111.07630157,34.39347839 -111.07631683,34.39266205 -111.07634735,34.39185715 -111.07670593,34.39114761 -111.07722473,34.39051437 -111.07756805,34.38988113 -111.07741547,34.38913345 -111.07687378,34.38860321 -111.07630920,34.38819122 -111.07608032,34.38771057 -111.07596588,34.38739014 -111.07592029,34.38730058 </coordinates>
</LineString>
</Placemark>
<Placemark>
<name>AZAT-28 View After View</name>
<LookAt>
<longitude>-111.23623964</longitude>
<latitude>34.42059750</latitude>
<range>30511</range>
</LookAt>
<styleUrl>#Line_Forest_Service_Rd_level_2_or_higher_0dd5fc_04</styleUrl>
<ExtendedData>
<Data name="Type">
<value>Forest Service Rd level 2 or higher</value>
</Data>
<Data name="Name on GPS">
<value>AZAT28-View After View</value>
</Data>
<Data name="Total Distance">
<value>27.0 mi</value>
</Data>
<Data name="Number of Trackpoints">
<value>999</value>
</Data>
</ExtendedData>
<LineString>
<coordinates>-111.07592029,34.38730058 -111.07596600,34.38729500 -111.07667000,34.38742200 -111.07742400,34.38752200 -111.07788500,34.38761700 -111.07824400,34.38776100 -111.07863300,34.38801800 -111.07884000,34.38830300 -111.07891500,34.38856700 -111.07890400,34.38930400 -111.07883200,34.39074900 -111.07875700,34.39157500 -111.07882600,34.39196300 -111.07906800,34.39279200 -111.07936000,34.39342100 -111.07959300,34.39370000 -111.07991500,34.39390800 -111.08014300,34.39402700 -111.08046500,34.39414000 -111.08080600,34.39419500 -111.08136400,34.39417500 -111.08240700,34.39391200 -111.08312900,34.39382600 -111.08384200,34.39385400 -111.08434400,34.39396300 -111.08473300,34.39410900 -111.08533600,34.39445400 -111.08589400,34.39487000 -111.08620500,34.39512200 -111.08684600,34.39561900 -111.08745200,34.39626000 -111.08781700,34.39668300 -111.08833700,34.39740900 -111.08862400,34.39788000 -111.08878500,34.39817700 -111.08908600,34.39875600 -111.08959500,34.39968900 -111.09002700,34.40042300 -111.09025000,34.40076000 -111.09062800,34.40123400 -111.09064100,34.40125100 -111.09089400,34.40146100 -111.09127200,34.40172200 -111.09282500,34.40263200 -111.09327600,34.40279700 -111.09347400,34.40286900 -111.09405300,34.40298200 -111.09457600,34.40297000 -111.09521700,34.40290800 -111.09577800,34.40282700 -111.09623700,34.40273400 -111.09644600,34.40267200 -111.09663900,34.40260500 -111.09674500,34.40257900 -111.09678600,34.40255700 -111.09692200,34.40248500 -111.09719700,34.40235500 -111.10311200,34.39919100 -111.10342800,34.39904200 -111.10366600,34.39896900 -111.10383700,34.39896200 -111.10403600,34.39896200 -111.10450600,34.39904900 -111.10493200,34.39921300 -111.10592700,34.39968900 -111.10655200,34.39993200 -111.10719200,34.40008600 -111.10752300,34.40012900 -111.10784500,34.40008500 -111.10812700,34.39998900 -111.10831200,34.39986200 -111.10858300,34.39967500 -111.10873600,34.39952000 -111.10881300,34.39942100 -111.10896000,34.39925100 -111.10920000,34.39869000 -111.10934400,34.39844700 -111.10958900,34.39818800 -111.11000600,34.39789900 -111.11054300,34.39766400 -111.11119500,34.39750600 -111.11187100,34.39738900 -111.11257400,34.39733600 -111.11338900,34.39732500 -111.11424200,34.39732900 -111.11502000,34.39727400 -111.11564500,34.39710100 -111.11613600,34.39690400 -111.11661800,34.39664300 -111.11716800,34.39626200 -111.11746100,34.39599900 -111.11773300,34.39559200 -111.11811000,34.39455600 -111.11840500,34.39404000 -111.11910500,34.39316600 -111.11943000,34.39282300 -111.12045800,34.39180300 -111.12047800,34.39178300 -111.12091600,34.39149300 -111.12113300,34.39142600 -111.12136300,34.39141400 -111.12199400,34.39139500 -111.12237200,34.39146200 -111.12311800,34.39157900 -111.12392000,34.39167900 -111.12534900,34.39182000 -111.12611500,34.39185400 -111.12649300,34.39184800 -111.12686200,34.39184200 -111.12777900,34.39172500 -111.12863800,34.39153500 -111.12941800,34.39124400 -111.12992800,34.39096600 -111.13135200,34.39004500 -111.13179500,34.38979700 -111.13217000,34.38966200 -111.13266600,34.38958700 -111.13316800,34.38962000 -111.13349700,34.38968700 -111.13421500,34.38990800 -111.13468600,34.38999400 -111.13553600,34.39006100 -111.13646700,34.39010500 -111.13686700,34.39007400 -111.13726400,34.39000100 -111.13771200,34.38982400 -111.13798800,34.38965400 -111.13840400,34.38920900 -111.13910100,34.38844300 -111.13970700,34.38788300 -111.14212100,34.38567800 -111.14252100,34.38535500 -111.14270000,34.38525700 -111.14307300,34.38513400 -111.14378700,34.38506500 -111.14396900,34.38508000 -111.14441400,34.38523300 -111.14478200,34.38541600 -111.14478700,34.38541000 -111.14552700,34.38591100 -111.14639100,34.38658100 -111.14709900,34.38731200 -111.14842800,34.38868100 -111.14883500,34.38911100 -111.14906500,34.38941700 -111.14927200,34.38987500 -111.14938400,34.39018700 -111.15022400,34.39219200 -111.15082800,34.39361500 -111.15106100,34.39404900 -111.15313100,34.39647900 -111.15514100,34.39890300 -111.15538200,34.39917700 -111.15568500,34.39937600 -111.15599500,34.39947100 -111.15727300,34.39996100 -111.15831600,34.40037500 -111.15892200,34.40075700 -111.15924400,34.40108100 -111.15958200,34.40150800 -111.16015400,34.40282700 -111.16043800,34.40343300 -111.16071900,34.40394900 -111.16091500,34.40411300 -111.16114300,34.40422300 -111.16270900,34.40448000 -111.16396800,34.40472500 -111.16438900,34.40476400 -111.16482900,34.40474500 -111.16530800,34.40468100 -111.16608400,34.40440200 -111.16706700,34.40384300 -111.16886100,34.40277900 -111.16955400,34.40254200 -111.17004300,34.40260000 -111.17042000,34.40264500 -111.17108900,34.40295500 -111.17144300,34.40320700 -111.17174600,34.40348400 -111.17195500,34.40381100 -111.17224400,34.40485700 -111.17246500,34.40549600 -111.17263000,34.40576100 -111.17289100,34.40597800 -111.17312700,34.40612800 -111.17346300,34.40625400 -111.17385200,34.40634100 -111.17408200,34.40634700 -111.17511500,34.40615500 -111.17552000,34.40613300 -111.17583900,34.40616200 -111.17614200,34.40624100 -111.17655500,34.40652200 -111.17672200,34.40676700 -111.17696700,34.40708800 -111.17731200,34.40770900 -111.17767400,34.40826200 -111.17792100,34.40853200 -111.17835500,34.40890800 -111.17885700,34.40926200 -111.17932900,34.40945700 -111.17966900,34.40954700 -111.18027300,34.40964700 -111.18068600,34.40969100 -111.18113100,34.40979700 -111.18169500,34.41000700 -111.18208100,34.41020500 -111.18243900,34.41037600 -111.18271600,34.41052300 -111.18300600,34.41062200 -111.18334100,34.41068500 -111.18362400,34.41071000 -111.18420000,34.41070500 -111.18466900,34.41064500 -111.18520800,34.41046400 -111.18564500,34.41007200 -111.18584400,34.40980900 -111.18604200,34.40959400 -111.18650400,34.40912500 -111.18721100,34.40868200 -111.18770500,34.40848700 -111.18810200,34.40841200 -111.18852600,34.40836800 -111.18943500,34.40835900 -111.19058900,34.40829500 -111.19211700,34.40813300 -111.19383400,34.40805600 -111.19553800,34.40804600 -111.19590200,34.40808900 -111.19609800,34.40813600 -111.19633900,34.40822900 -111.19671700,34.40841400 -111.19696200,34.40859100 -111.19744400,34.40907200 -111.19776600,34.40932400 -111.19862000,34.40983000 -111.19891400,34.40995200 -111.19917400,34.41001000 -111.19967600,34.41003200 -111.20018000,34.41002800 -111.20056600,34.40995500 -111.20187800,34.40966000 -111.20233100,34.40963800 -111.20266600,34.40965100 -111.20411800,34.40996600 -111.20460300,34.41005900 -111.20544500,34.41013400 -111.20632000,34.41017100 -111.20682400,34.41013800 -111.20730400,34.41007800 -111.20793400,34.41006800 -111.20885000,34.41007200 -111.20916000,34.41009400 -111.20940500,34.41018600 -111.20970500,34.41036600 -111.20990000,34.41062100 -111.21015300,34.41111200 -111.21028100,34.41139500 -111.21038300,34.41156600 -111.21046900,34.41168500 -111.21071900,34.41191700 -111.21077800,34.41220100 -111.21079400,34.41270500 -111.21089800,34.41311400 -111.21100800,34.41344200 -111.21109700,34.41369400 -111.21119100,34.41392700 -111.21132500,34.41429600 -111.21155300,34.41469000 -111.21186100,34.41505500 -111.21245100,34.41546200 -111.21296900,34.41578700 -111.21317800,34.41600200 -111.21344400,34.41650900 -111.21365300,34.41693600 -111.21393200,34.41731000 -111.21414100,34.41751000 -111.21464500,34.41786600 -111.21518700,34.41825500 -111.21520400,34.41827300 -111.21573500,34.41885800 -111.21587400,34.41902900 -111.21605900,34.41919900 -111.21607400,34.41920900 -111.21626500,34.41931000 -111.21643400,34.41932800 -111.21656400,34.41932100 -111.21688400,34.41920900 -111.21706600,34.41902500 -111.21711000,34.41885600 -111.21713500,34.41832700 -111.21713600,34.41802000 -111.21721600,34.41789300 -111.21728900,34.41783900 -111.21745000,34.41782900 -111.21762400,34.41787300 -111.21819800,34.41808600 -111.21835300,34.41810700 -111.21856800,34.41807200 -111.21875600,34.41797000 -111.21887000,34.41787400 -111.21890200,34.41782100 -111.21907000,34.41754800 -111.21918000,34.41737100 -111.21945100,34.41710200 -111.21963700,34.41702600 -111.21989600,34.41699700 -111.22017200,34.41701800 -111.22068000,34.41716500 -111.22101600,34.41736000 -111.22117100,34.41754900 -111.22128500,34.41773300 -111.22144500,34.41792500 -111.22168600,34.41826800 -111.22174800,34.41851500 -111.22172100,34.41870700 -111.22166700,34.41905800 -111.22164400,34.41927100 -111.22152400,34.41994000 -111.22152300,34.42021500 -111.22159500,34.42050200 -111.22167300,34.42088100 -111.22167300,34.42126300 -111.22162700,34.42173400 -111.22162000,34.42202000 -111.22162800,34.42270000 -111.22167500,34.42320000 -111.22184200,34.42401600 -111.22187900,34.42433700 -111.22183400,34.42475900 -111.22176900,34.42544400 -111.22177200,34.42563500 -111.22183400,34.42586700 -111.22186300,34.42590500 -111.22193300,34.42599400 -111.22206000,34.42608000 -111.22221300,34.42610600 -111.22243700,34.42609400 -111.22292000,34.42601900 -111.22337600,34.42593700 -111.22373100,34.42592100 -111.22399300,34.42590600 -111.22425700,34.42595700 -111.22443700,34.42607500 -111.22456400,34.42619200 -111.22466700,34.42644900 -111.22474700,34.42705400 -111.22477700,34.42730800 -111.22483600,34.42769300 -111.22486200,34.42792800 -111.22490300,34.42811500 -111.22497500,34.42826300 -111.22510200,34.42840800 -111.22524700,34.42848400 -111.22542400,34.42852200 -111.22568500,34.42855500 -111.22581800,34.42862000 -111.22593600,34.42872300 -111.22603000,34.42889800 -111.22615300,34.42915700 -111.22631300,34.42933300 -111.22644700,34.42941100 -111.22670400,34.42950200 -111.22688600,34.42957700 -111.22713500,34.42979700 -111.22729900,34.42999300 -111.22737100,34.43017200 -111.22738300,34.43040800 -111.22733400,34.43103300 -111.22732400,34.43127200 -111.22730700,34.43168500 -111.22733200,34.43196400 -111.22738000,34.43209100 -111.22748100,34.43224200 -111.22750700,34.43228000 -111.22771600,34.43250200 -111.22795200,34.43272300 -111.22819700,34.43297000 -111.22841700,34.43311700 -111.22862100,34.43316200 -111.22876200,34.43315900 -111.22891500,34.43310000 -111.22904700,34.43299700 -111.22912000,34.43287500 -111.22915100,34.43272800 -111.22914700,34.43238500 -111.22917800,34.43211100 -111.22924700,34.43196900 -111.22929400,34.43192800 -111.22937600,34.43185500 -111.22955700,34.43178500 -111.22972600,34.43175400 -111.22996100,34.43173800 -111.23022500,34.43176100 -111.23050900,34.43185100 -111.23082400,34.43195900 -111.23130300,34.43206500 -111.23202900,34.43220300 -111.23301200,34.43238900 -111.23350700,34.43249600 -111.23402200,34.43259900 -111.23451600,34.43270700 -111.23487300,34.43278700 -111.23529400,34.43285800 -111.23598100,34.43300600 -111.23671700,34.43317200 -111.23711200,34.43331800 -111.23742000,34.43355400 -111.23771400,34.43387800 -111.23779400,34.43406400 -111.23783700,34.43454000 -111.23794000,34.43597400 -111.23808200,34.43743200 -111.23812800,34.43799700 -111.23822100,34.43913500 -111.23828900,34.43979400 -111.23834000,34.44037900 -111.23841900,34.44094100 -111.23843700,34.44125800 -111.23851800,34.44170900 -111.23861100,34.44226700 -111.23864400,34.44239800 -111.23865500,34.44248700 -111.23868000,34.44261100 -111.23874500,34.44292600 -111.23895800,34.44406600 -111.23901800,34.44433900 -111.23906500,34.44446800 -111.23913500,34.44455100 -111.23955300,34.44479700 -111.24008200,34.44503800 -111.24034800,34.44516200 -111.24071900,34.44540100 -111.24115900,34.44573800 -111.24125000,34.44587100 -111.24127400,34.44600800 -111.24127300,34.44609000 -111.24124300,34.44625000 -111.24126800,34.44637400 -111.24136400,34.44645900 -111.24162000,34.44654700 -111.24176900,34.44661200 -111.24187100,34.44665900 -111.24205300,34.44677600 -111.24215200,34.44687400 -111.24239300,34.44716800 -111.24261800,34.44753100 -111.24279700,34.44807300 -111.24290600,34.44838900 -111.24297400,34.44851700 -111.24310100,34.44870600 -111.24329000,34.44884900 -111.24350300,34.44900500 -111.24390000,34.44927300 -111.24429300,34.44953700 -111.24461200,34.44975600 -111.24496100,34.44998200 -111.24537100,34.45024500 -111.24584900,34.45056800 -111.24593500,34.45063200 -111.24630500,34.45090200 -111.24664000,34.45113500 -111.24688700,34.45128400 -111.24706300,34.45134700 -111.24745300,34.45144000 -111.24766600,34.45152900 -111.24784200,34.45163000 -111.24801500,34.45175800 -111.24829600,34.45193900 -111.24879000,34.45223100 -111.24891000,34.45232900 -111.24899800,34.45245500 -111.24906100,34.45258900 -111.24914800,34.45272900 -111.24925900,34.45290700 -111.24928600,34.45301800 -111.24929400,34.45316300 -111.24925400,34.45339600 -111.24921200,34.45367300 -111.24920600,34.45379400 -111.24921900,34.45391700 -111.24928000,34.45400900 -111.24936000,34.45408800 -111.24944900,34.45414100 -111.24956600,34.45418100 -111.24971300,34.45419000 -111.24987700,34.45415900 -111.25009300,34.45410000 -111.25040400,34.45398600 -111.25078200,34.45380800 -111.25082000,34.45379000 -111.25123600,34.45352200 -111.25155800,34.45328900 -111.25174400,34.45316700 -111.25182300,34.45313500 -111.25193300,34.45311500 -111.25204400,34.45311200 -111.25216500,34.45314300 -111.25229200,34.45319500 -111.25237200,34.45326400 -111.25242600,34.45334500 -111.25245500,34.45347500 -111.25244700,34.45360600 -111.25239200,34.45373600 -111.25235700,34.45386700 -111.25235300,34.45395700 -111.25236500,34.45405300 -111.25238800,34.45415300 -111.25249000,34.45432800 -111.25260300,34.45457900 -111.25267400,34.45478500 -111.25275100,34.45506300 -111.25278300,34.45528500 -111.25281200,34.45556100 -111.25286700,34.45571100 -111.25291700,34.45580700 -111.25299400,34.45592400 -111.25307300,34.45602000 -111.25315700,34.45608900 -111.25325800,34.45612000 -111.25334300,34.45613000 -111.25343700,34.45612200 -111.25351600,34.45608400 -111.25356800,34.45601900 -111.25364500,34.45591900 -111.25376700,34.45569600 -111.25388900,34.45546800 -111.25403800,34.45518600 -111.25431000,34.45472800 -111.25446800,34.45440400 -111.25466900,34.45405100 -111.25486400,34.45373300 -111.25510000,34.45350400 -111.25527300,34.45338400 -111.25541600,34.45331000 -111.25566300,34.45322500 -111.25632800,34.45307400 -111.25664700,34.45303800 -111.25675900,34.45303700 -111.25704300,34.45302000 -111.25736500,34.45299700 -111.25758100,34.45294300 -111.25776100,34.45285700 -111.25800600,34.45266000 -111.25818100,34.45248800 -111.25830200,34.45235000 -111.25838600,34.45224200 -111.25847400,34.45206500 -111.25853800,34.45196700 -111.25863800,34.45190400 -111.25885600,34.45187200 -111.25897500,34.45184800 -111.25929700,34.45186200 -111.25971000,34.45191200 -111.25972400,34.45191200 -111.26025800,34.45192900 -111.26059700,34.45189300 -111.26086500,34.45183000 -111.26109000,34.45173200 -111.26147500,34.45153600 -111.26193200,34.45110000 -111.26197500,34.45104900 -111.26203300,34.45098100 -111.26203300,34.45098100 -111.26229500,34.45067500 -111.26255600,34.45045500 -111.26316500,34.45010100 -111.26361800,34.44970600 -111.26408800,34.44941000 -111.26466400,34.44914000 -111.26480700,34.44901100 -111.26497800,34.44892400 -111.26521300,34.44884900 -111.26541600,34.44880100 -111.26564400,34.44869800 -111.26598400,34.44846600 -111.26650900,34.44803700 -111.26771300,34.44677800 -111.26791500,34.44663000 -111.26809400,34.44656200 -111.26838200,34.44649000 -111.26943600,34.44629000 -111.26998100,34.44617900 -111.27037900,34.44606500 -111.27066900,34.44590100 -111.27088800,34.44561000 -111.27116800,34.44526000 -111.27136900,34.44504500 -111.27153500,34.44493100 -111.27171500,34.44489300 -111.27196300,34.44491100 -111.27221300,34.44503400 -111.27270200,34.44545500 -111.27290600,34.44564900 -111.27300200,34.44567100 -111.27310700,34.44565200 -111.27322500,34.44556500 -111.27323000,34.44544900 -111.27306500,34.44497400 -111.27306200,34.44482900 -111.27305700,34.44457500 -111.27322100,34.44410700 -111.27333500,34.44375600 -111.27340400,34.44352600 -111.27357600,34.44338900 -111.27402100,34.44323200 -111.27431600,34.44316700 -111.27463300,34.44299900 -111.27523600,34.44257800 -111.27579100,34.44208900 -111.27657200,34.44155900 -111.27716500,34.44093100 -111.27780600,34.44023300 -111.27811800,34.44010900 -111.27829400,34.44017000 -111.27847800,34.44031400 -111.27860700,34.44040600 -111.27863500,34.44042700 -111.27881300,34.44049700 -111.27900500,34.44049700 -111.27928700,34.44043100 -111.27944700,34.44040600 -111.27990300,34.44033400 -111.28144600,34.44029600 -111.28208200,34.44027600 -111.28264500,34.44024800 -111.28302000,34.44016800 -111.28366900,34.43990500 -111.28393500,34.43984100 -111.28446000,34.43981600 -111.28470500,34.43980500 -111.28496500,34.43982100 -111.28517100,34.43993600 -111.28564600,34.44031400 -111.28587200,34.44031700 -111.28624700,34.44025600 -111.28671900,34.44020300 -111.28705700,34.44016600 -111.28732400,34.44004700 -111.28738100,34.43998300 -111.28744000,34.43979200 -111.28746500,34.43936300 -111.28748600,34.43902400 -111.28761200,34.43879400 -111.28780000,34.43865500 -111.28818600,34.43843600 -111.28829900,34.43829000 -111.28839000,34.43796300 -111.28851300,34.43760200 -111.28859100,34.43748700 -111.28872500,34.43742500 -111.28907400,34.43735600 -111.28949800,34.43736700 -111.28984600,34.43741600 -111.29074500,34.43767600 -111.29117700,34.43785200 -111.29148300,34.43787600 -111.29170700,34.43788100 -111.29208900,34.43789600 -111.29264400,34.43785900 -111.29287200,34.43778800 -111.29304900,34.43769700 -111.29331500,34.43752700 -111.29381300,34.43721000 -111.29412000,34.43710900 -111.29429100,34.43710200 -111.29451900,34.43714600 -111.29465300,34.43723500 -111.29493200,34.43736700 -111.29527700,34.43748500 -111.29606100,34.43748900 -111.29621700,34.43749100 -111.29635200,34.43749900 -111.29647300,34.43755100 -111.29661900,34.43777400 -111.29668100,34.43805500 -111.29719000,34.43864600 -111.29737300,34.43885200 -111.29744000,34.43891400 -111.29751900,34.43891500 -111.29757900,34.43888100 -111.29763500,34.43878500 -111.29762700,34.43857400 -111.29761800,34.43825100 -111.29768000,34.43776900 -111.29779900,34.43719900 -111.29783500,34.43707000 -111.29801100,34.43665100 -111.29838400,34.43633600 -111.29856100,34.43625500 -111.29877000,34.43616400 -111.29906800,34.43597200 -111.29930700,34.43578600 -111.29964200,34.43541400 -111.29987300,34.43529200 -111.30012500,34.43523500 -111.30044400,34.43522600 -111.30080000,34.43523500 -111.30147400,34.43536800 -111.30196500,34.43542100 -111.30257100,34.43540300 -111.30364900,34.43527300 -111.30435400,34.43515300 -111.30465000,34.43507600 -111.30483300,34.43502700 -111.30518100,34.43495800 -111.30578700,34.43484400 -111.30606600,34.43474500 -111.30625000,34.43464200 -111.30648200,34.43448700 -111.30653500,34.43445200 -111.30671300,34.43432100 -111.30696700,34.43427600 -111.30715900,34.43433600 -111.30734700,34.43441600 -111.30757200,34.43452400 -111.30762800,34.43456000 -111.30778600,34.43466200 -111.30792900,34.43486000 -111.30801300,34.43505700 -111.30810200,34.43518200 -111.30821400,34.43531000 -111.30844600,34.43565900 -111.30850800,34.43592400 -111.30870800,34.43658200 -111.30887400,34.43681200 -111.30909500,34.43703400 -111.30935200,34.43728500 -111.30943200,34.43736300 -111.30968400,34.43768500 -111.30975800,34.43774900 -111.30985000,34.43776500 -111.31000600,34.43772700 -111.31014900,34.43764000 -111.31041800,34.43751900 -111.31083200,34.43740000 -111.31126900,34.43730800 -111.31156300,34.43731000 -111.31188100,34.43734500 -111.31227400,34.43735500 -111.31247600,34.43732700 -111.31269600,34.43717200 -111.31291300,34.43694700 -111.31328500,34.43659200 -111.31349300,34.43648400 -111.31373900,34.43643400 -111.31409100,34.43640700 -111.31445800,34.43633000 -111.31476400,34.43623000 -111.31499500,34.43610200 -111.31562400,34.43569700 -111.31646200,34.43513100 -111.31672500,34.43500900 -111.31708400,34.43489500 -111.31813000,34.43447300 -111.31891100,34.43415200 -111.31922500,34.43403000 -111.32001300,34.43374700 -111.32067800,34.43349700 -111.32110100,34.43329200 -111.32139600,34.43308600 -111.32181000,34.43274800 -111.32230900,34.43232100 -111.32272800,34.43201500 -111.32310000,34.43170100 -111.32336900,34.43141400 -111.32345600,34.43127500 -111.32358300,34.43107300 -111.32376800,34.43075100 -111.32435000,34.42931500 -111.32479000,34.42835000 -111.32498300,34.42766000 -111.32535400,34.42704100 -111.32568200,34.42673400 -111.32616900,34.42634100 -111.32640300,34.42619200 -111.32649100,34.42613600 -111.32702500,34.42582800 -111.32775700,34.42526200 -111.32791200,34.42516200 -111.32830700,34.42503800 -111.32876000,34.42499900 -111.32909200,34.42499900 -111.32940300,34.42492100 -111.32997800,34.42470400 -111.33023600,34.42470500 -111.33032400,34.42479500 -111.33035900,34.42486800 -111.33039200,34.42525600 -111.33043900,34.42551400 -111.33056100,34.42574100 -111.33072600,34.42592700 -111.33084100,34.42601900 -111.33111500,34.42625600 -111.33132700,34.42641000 -111.33131600,34.42642300 -111.33223200,34.42723300 -111.33233100,34.42733200 -111.33233100,34.42733200 -111.33258200,34.42758300 -111.33276800,34.42787100 -111.33284200,34.42814000 -111.33282600,34.42836400 -111.33277800,34.42882800 -111.33274700,34.42907300 -111.33274000,34.42930700 -111.33280700,34.42976800 -111.33286800,34.43001600 -111.33294200,34.43018400 -111.33314500,34.43046300 -111.33341700,34.43073100 -111.33382700,34.43112800 -111.33403000,34.43133900 -111.33436700,34.43168400 -111.33482800,34.43223500 -111.33515000,34.43263200 -111.33539400,34.43298500 -111.33557800,34.43311700 -111.33573600,34.43316400 -111.33619000,34.43319900 -111.33703800,34.43319700 -111.33750100,34.43325800 -111.33789800,34.43335700 -111.33816600,34.43345500 -111.33870200,34.43389100 -111.33914300,34.43431800 -111.33950900,34.43468200 -111.33975200,34.43495100 -111.33981700,34.43508800 -111.33988600,34.43565400 -111.33989600,34.43636300 -111.33999500,34.43683800 -111.34022200,34.43731600 -111.34038500,34.43763500 -111.34076000,34.43807100 -111.34107500,34.43856900 -111.34146800,34.43898000 -111.34205600,34.43939200 -111.34220000,34.43957100 -111.34227800,34.43980100 -111.34234400,34.44012800 -111.34260000,34.44054800 -111.34269700,34.44058200 -111.34283600,34.44054400 -111.34318800,34.44023000 -111.34352300,34.44009500 -111.34383900,34.44007100 -111.34443200,34.44023700 -111.34556400,34.44047000 -111.34625900,34.44066300 -111.34674700,34.44085100 -111.34788300,34.44131900 -111.34800500,34.44136900 -111.34801900,34.44137500 -111.34825800,34.44146700 -111.34843700,34.44166800 -111.34852600,34.44186700 -111.34860300,34.44226100 -111.34861500,34.44255700 -111.34877500,34.44307000 -111.34938400,34.44387400 -111.34976000,34.44446800 -111.35001200,34.44482900 -111.35036800,34.44533900 -111.35056000,34.44555100 -111.35081100,34.44570600 -111.35120600,34.44586300 -111.35195200,34.44615000 -111.35250800,34.44666700 -111.35297100,34.44714000 -111.35342400,34.44769200 -111.35374600,34.44793800 -111.35416800,34.44815800 -111.35465800,34.44829800 -111.35506500,34.44831100 -111.35554400,34.44835700 -111.35595800,34.44834500 -111.35706000,34.44819700 -111.35766900,34.44807000 -111.35841700,34.44764000 -111.35858600,34.44750300 -111.35876000,34.44740800 -111.35892900,34.44738800 -111.35920000,34.44753400 -111.35940700,34.44776600 -111.35969700,34.44827000 -111.35984100,34.44885400 -111.35986000,34.44963100 -111.35994100,34.44985600 -111.36004500,34.45000200 -111.36018700,34.45010600 -111.36098900,34.45033400 -111.36143700,34.45050600 -111.36199600,34.45102500 -111.36241400,34.45131700 -111.36258700,34.45139500 -111.36258700,34.45139500 -111.36302300,34.45159100 -111.36406100,34.45235000 -111.36492600,34.45290800 -111.36522100,34.45314400 -111.36566700,34.45360700 -111.36581400,34.45375100 -111.36593000,34.45381100 -111.36606900,34.45385700 -111.36630300,34.45382900 -111.36654400,34.45368900 -111.36687700,34.45309900 -111.36702700,34.45289700 -111.36714400,34.45281100 -111.36725700,34.45273300 -111.36738400,34.45267800 -111.36753300,34.45264200 -111.36771400,34.45263900 -111.36794600,34.45271700 -111.36835500,34.45296800 -111.36891200,34.45360300 -111.36915900,34.45387700 -111.36969600,34.45424400 -111.37044900,34.45485700 -111.37096200,34.45501100 -111.37143100,34.45500200 -111.37188700,34.45495200 -111.37257900,34.45480600 -111.37300000,34.45462700 -111.37422600,34.45377000 -111.37534400,34.45280400 -111.37570200,34.45266800 -111.37591600,34.45265000 -111.37611700,34.45270600 -111.37699000,34.45337100 -111.37817900,34.45395300 -111.37880000,34.45424200 -111.37946600,34.45433200 -111.38007400,34.45420000 -111.38035400,34.45409800 -111.38084600,34.45371400 -111.38099300,34.45360100 -111.38126100,34.45342700 -111.38181200,34.45300000 -111.38206300,34.45270300 -111.38220300,34.45259100 -111.38239600,34.45251000 -111.38253000,34.45249800 -111.38253000,34.45249800 -111.38268100,34.45248400 -111.38287400,34.45251500 -111.38311900,34.45263400 -111.38330100,34.45276100 -111.38357600,34.45284000 -111.38385200,34.45294500 -111.38409800,34.45306300 -111.38429200,34.45315700 -111.38446300,34.45324600 -111.38458300,34.45333200 -111.38465500,34.45346100 -111.38466500,34.45412300 -111.38463300,34.45461400 -111.38460700,34.45475200 -111.38450700,34.45492900 -111.38407300,34.45538000 -111.38386600,34.45566500 -111.38383200,34.45575000 -111.38383200,34.45575000 -111.38379200,34.45584900 -111.38387600,34.45596200 -111.38410800,34.45600000 -111.38497800,34.45542600 -111.38518500,34.45536600 -111.38540900,34.45537200 -111.38622900,34.45579900 -111.38682300,34.45597600 -111.38682300,34.45597600 -111.38686500,34.45598900 -111.38716800,34.45604200 -111.38932500,34.45583600 -111.38945800,34.45570600 -111.38953000,34.45541700 -111.38955500,34.45514000 -111.38960800,34.45502800 -111.38960800,34.45502800 -111.38967500,34.45488400 -111.38989800,34.45472200 -111.39063300,34.45443000 -111.39159300,34.45403700 -111.39179500,34.45398700 -111.39224500,34.45387700 -111.39224500,34.45387700 -111.39234100,34.45385300 -111.39611700,34.45382700 -111.39611400,34.45378400 -111.39611400,34.45378400 -111.39611700,34.45382700 -111.39621500,34.45404900 -111.39623800,34.45412300 -111.39639300,34.45461700 -111.39649300,34.45491900 -111.39653000,34.45521800 -111.39655900,34.45531200 </coordinates>
</LineString>
</Placemark>
<Placemark>
<name>AZAT-29 The Rim</name>
<LookAt>
<longitude>-111.45451478</longitude>
<latitude>34.41322227</latitude>
<range>14423</range>
</LookAt>
<styleUrl>#Line_Forest_Service_Rd_level_2_or_higher_000000_04</styleUrl>
<ExtendedData>
<Data name="Type">
<value>Forest Service Rd level 2 or higher</value>
</Data>
<Data name="Name on GPS">
<value>AZAT29-The Rim</value>
</Data>
<Data name="Total Distance">
<value>14.7 mi</value>
</Data>
<Data name="Number of Trackpoints">
<value>118</value>
</Data>
</ExtendedData>
<LineString>
<coordinates>-111.39677219,34.45572952 -111.39853172,34.45530294 -111.40054874,34.45523184 -111.40256576,34.45608501 -111.40526942,34.45708036 -111.40801601,34.45722255 -111.41037635,34.45672487 -111.41226463,34.45594281 -111.41419582,34.45473415 -111.41604118,34.45341883 -111.41745738,34.45196129 -111.41853027,34.45078812 -111.42007522,34.45050371 -111.42479591,34.45157023 -111.43329314,34.45345438 -111.43827132,34.45430756 -111.44076041,34.45452086 -111.44294910,34.45441421 -111.44445113,34.45384542 -111.44625358,34.45235234 -111.44839935,34.44940163 -111.44960098,34.44737518 -111.45170383,34.44456651 -111.45380668,34.44232662 -111.45578078,34.44157998 -111.45762614,34.44161553 -111.46110229,34.44303770 -111.46320514,34.44385544 -111.46513633,34.44360657 -111.46689586,34.44214885 -111.46844081,34.44154442 -111.47161655,34.44101110 -111.47607974,34.44065555 -111.47934131,34.44058444 -111.48286037,34.44069111 -111.48582153,34.44122443 -111.48848228,34.44168664 -111.49032764,34.44154442 -111.49264507,34.44083333 -111.49655036,34.43862889 -111.50097064,34.43621105 -111.50414638,34.43436207 -111.50672130,34.43247748 -111.50903873,34.43037950 -111.51024036,34.42710797 -111.51139907,34.42490316 -111.51204280,34.42351624 -111.51225738,34.42230711 -111.51165656,34.42145360 -111.51058368,34.42131134 -111.50921039,34.42156029 -111.50779418,34.42084902 -111.50616340,34.41978210 -111.50414638,34.41995992 -111.50294475,34.42038669 -111.50208644,34.42156029 -111.50139980,34.42180923 -111.50088481,34.42127578 -111.50092773,34.42028000 -111.50118522,34.41914195 -111.50114230,34.41832397 -111.49998359,34.41757711 -111.49869613,34.41718589 -111.49779491,34.41626119 -111.49685077,34.41490969 -111.49539165,34.41416280 -111.49388961,34.41380713 -111.49230174,34.41398497 -111.49075679,34.41394940 -111.49002723,34.41348703 -111.48985557,34.41266900 -111.49101428,34.41124630 -111.49230174,34.40971688 -111.49316005,34.40872096 -111.49337463,34.40776060 -111.49247340,34.40676465 -111.49007014,34.40640896 -111.48667983,34.40644453 -111.48307494,34.40633782 -111.48097209,34.40583984 -111.47916965,34.40477273 -111.47822551,34.40377675 -111.47590808,34.40278076 -111.47363357,34.40089546 -111.47153072,34.39943699 -111.47026471,34.39883225 -111.46947078,34.39824530 -111.46893434,34.39764055 -111.46850518,34.39648440 -111.46775417,34.39522151 -111.46687440,34.39447445 -111.46582298,34.39411870 -111.46429948,34.39394082 -111.46303348,34.39404755 -111.46135978,34.39374516 -111.46030835,34.39326489 -111.45880632,34.39239329 -111.45781926,34.39203753 -111.45676784,34.39180629 -111.45569495,34.39134380 -111.45511560,34.39070342 -111.45485810,34.38990295 -111.45485810,34.38796399 -111.45490102,34.38645192 -111.45479373,34.38479752 -111.45430021,34.38387246 -111.45292691,34.38264496 -111.45189695,34.38113280 -111.45063094,34.37892677 -111.44925765,34.37727221 -111.44777707,34.37542191 -111.44655399,34.37376729 -111.44543819,34.37234392 -111.44455842,34.37154327 -111.44320659,34.37084937 -111.44168309,34.37013766 -111.43988065,34.36937258 -111.43956200,34.36922200 </coordinates>
</LineString>
</Placemark>
<Placemark>
<name>AZAT-30 Doll Baby</name>
<LookAt>
<longitude>-111.43262439</longitude>
<latitude>34.29105200</latitude>
<range>19334</range>
</LookAt>
<styleUrl>#Line_Forest_Service_Rd_level_2_or_higher_0dd5fc_04</styleUrl>
<ExtendedData>
<Data name="Type">
<value>Forest Service Rd level 2 or higher</value>
</Data>
<Data name="Name on GPS">
<value>AZAT30-Doll Baby</value>
</Data>
<Data name="Total Distance">
<value>22.9 mi</value>
</Data>
<Data name="Number of Trackpoints">
<value>2930</value>
</Data>
</ExtendedData>
<LineString>
<coordinates>-111.43938222,34.36916049 -111.43938222,34.36916049 -111.43942291,34.36903343 -111.43942291,34.36903343 -111.43943562,34.36900775 -111.43943562,34.36900775 -111.43945691,34.36897261 -111.43945691,34.36897261 -111.43948136,34.36892887 -111.43948136,34.36892887 -111.43950430,34.36887950 -111.43950430,34.36887950 -111.43952688,34.36882979 -111.43952688,34.36882979 -111.43955843,34.36878310 -111.43955843,34.36878310 -111.43957902,34.36873531 -111.43957902,34.36873531 -111.43959660,34.36869477 -111.43959660,34.36869477 -111.43960919,34.36865572 -111.43960919,34.36865572 -111.43962139,34.36861503 -111.43962139,34.36861503 -111.43963046,34.36856446 -111.43963046,34.36856446 -111.43963673,34.36851810 -111.43963673,34.36851810 -111.43963106,34.36846666 -111.43963106,34.36846666 -111.43961891,34.36841648 -111.43961891,34.36841648 -111.43960613,34.36836895 -111.43960613,34.36836895 -111.43959806,34.36832685 -111.43959806,34.36832685 -111.43958527,34.36828157 -111.43958527,34.36828157 -111.43956723,34.36823316 -111.43956723,34.36823316 -111.43955749,34.36818318 -111.43955749,34.36818318 -111.43954818,34.36812862 -111.43954818,34.36812862 -111.43954973,34.36807111 -111.43954973,34.36807111 -111.43955510,34.36801606 -111.43955510,34.36801606 -111.43957616,34.36796180 -111.43957616,34.36796180 -111.43960137,34.36790797 -111.43960137,34.36790797 -111.43962273,34.36785798 -111.43962273,34.36785798 -111.43964767,34.36780783 -111.43964767,34.36780783 -111.43966036,34.36777633 -111.43966036,34.36777633 -111.43980617,34.36778734 -111.43980617,34.36778734 -111.43985982,34.36779959 -111.43985982,34.36779959 -111.43989740,34.36781001 -111.43989740,34.36781001 -111.43993723,34.36783035 -111.43993723,34.36783035 -111.43997711,34.36785270 -111.43997711,34.36785270 -111.44001597,34.36786915 -111.44001597,34.36786915 -111.44005543,34.36788924 -111.44005543,34.36788924 -111.44008384,34.36791693 -111.44008384,34.36791693 -111.44011155,34.36794376 -111.44011155,34.36794376 -111.44014109,34.36796931 -111.44014109,34.36796931 -111.44017535,34.36799783 -111.44017535,34.36799783 -111.44021099,34.36802975 -111.44021099,34.36802975 -111.44024964,34.36806256 -111.44024964,34.36806256 -111.44028953,34.36809741 -111.44028953,34.36809741 -111.44033077,34.36812543 -111.44033077,34.36812543 -111.44037568,34.36815452 -111.44037568,34.36815452 -111.44042863,34.36818929 -111.44042863,34.36818929 -111.44044644,34.36822515 -111.44044644,34.36822515 -111.44046703,34.36825856 -111.44046703,34.36825856 -111.44048836,34.36829112 -111.44048836,34.36829112 -111.44051584,34.36832404 -111.44051584,34.36832404 -111.44053829,34.36835729 -111.44053829,34.36835729 -111.44056303,34.36838949 -111.44056303,34.36838949 -111.44058953,34.36842047 -111.44058953,34.36842047 -111.44061250,34.36846055 -111.44061250,34.36846055 -111.44063377,34.36849205 -111.44063377,34.36849205 -111.44066033,34.36852900 -111.44066033,34.36852900 -111.44068703,34.36855969 -111.44068703,34.36855969 -111.44071627,34.36857948 -111.44071627,34.36857948 -111.44075537,34.36859981 -111.44075537,34.36859981 -111.44080651,34.36861864 -111.44080651,34.36861864 -111.44084968,34.36863761 -111.44084968,34.36863761 -111.44089592,34.36865746 -111.44089592,34.36865746 -111.44094498,34.36867135 -111.44094498,34.36867135 -111.44099385,34.36868808 -111.44099385,34.36868808 -111.44103993,34.36870023 -111.44103993,34.36870023 -111.44109475,34.36870453 -111.44109475,34.36870453 -111.44114358,34.36870939 -111.44114358,34.36870939 -111.44119440,34.36871118 -111.44119440,34.36871118 -111.44124393,34.36871303 -111.44124393,34.36871303 -111.44129066,34.36871238 -111.44129066,34.36871238 -111.44133265,34.36871288 -111.44133265,34.36871288 -111.44138096,34.36872077 -111.44138096,34.36872077 -111.44145332,34.36873103 -111.44145332,34.36873103 -111.44150647,34.36873069 -111.44150647,34.36873069 -111.44155544,34.36873047 -111.44155544,34.36873047 -111.44160470,34.36873502 -111.44160470,34.36873502 -111.44165218,34.36872841 -111.44165218,34.36872841 -111.44169680,34.36872274 -111.44169680,34.36872274 -111.44173872,34.36872016 -111.44173872,34.36872016 -111.44178094,34.36871360 -111.44178094,34.36871360 -111.44183468,34.36869431 -111.44183468,34.36869431 -111.44187575,34.36869149 -111.44187575,34.36869149 -111.44192000,34.36868007 -111.44192000,34.36868007 -111.44196583,34.36867242 -111.44196583,34.36867242 -111.44201360,34.36867172 -111.44201360,34.36867172 -111.44206149,34.36868846 -111.44206149,34.36868846 -111.44210669,34.36870083 -111.44210669,34.36870083 -111.44214926,34.36870979 -111.44214926,34.36870979 -111.44218397,34.36871985 -111.44218397,34.36871985 -111.44222344,34.36872995 -111.44222344,34.36872995 -111.44226127,34.36875486 -111.44226127,34.36875486 -111.44229844,34.36877016 -111.44229844,34.36877016 -111.44234017,34.36879007 -111.44234017,34.36879007 -111.44237487,34.36880276 -111.44237487,34.36880276 -111.44241486,34.36880325 -111.44241486,34.36880325 -111.44244869,34.36880535 -111.44244869,34.36880535 -111.44249866,34.36882037 -111.44249866,34.36882037 -111.44255443,34.36881034 -111.44255443,34.36881034 -111.44259242,34.36880525 -111.44259242,34.36880525 -111.44262302,34.36879094 -111.44262302,34.36879094 -111.44265583,34.36877280 -111.44265583,34.36877280 -111.44268796,34.36875955 -111.44268796,34.36875955 -111.44272507,34.36872921 -111.44272507,34.36872921 -111.44275028,34.36870567 -111.44275028,34.36870567 -111.44280464,34.36868343 -111.44280464,34.36868343 -111.44283253,34.36865968 -111.44283253,34.36865968 -111.44286459,34.36863231 -111.44286459,34.36863231 -111.44289543,34.36859877 -111.44289543,34.36859877 -111.44292331,34.36856663 -111.44292331,34.36856663 -111.44295484,34.36853230 -111.44295484,34.36853230 -111.44298318,34.36850544 -111.44298318,34.36850544 -111.44301154,34.36847874 -111.44301154,34.36847874 -111.44304225,34.36845421 -111.44304225,34.36845421 -111.44307500,34.36843522 -111.44307500,34.36843522 -111.44311011,34.36841820 -111.44311011,34.36841820 -111.44314691,34.36840003 -111.44314691,34.36840003 -111.44319823,34.36836916 -111.44319823,34.36836916 -111.44325056,34.36833770 -111.44325056,34.36833770 -111.44328453,34.36831157 -111.44328453,34.36831157 -111.44334063,34.36828743 -111.44334063,34.36828743 -111.44339032,34.36827469 -111.44339032,34.36827469 -111.44344863,34.36827577 -111.44344863,34.36827577 -111.44351480,34.36824910 -111.44351480,34.36824910 -111.44348996,34.36823182 -111.44348996,34.36823182 -111.44345731,34.36820620 -111.44345731,34.36820620 -111.44341767,34.36818514 -111.44341767,34.36818514 -111.44337884,34.36816854 -111.44337884,34.36816854 -111.44335218,34.36815171 -111.44335218,34.36815171 -111.44333217,34.36812361 -111.44333217,34.36812361 -111.44331301,34.36809988 -111.44331301,34.36809988 -111.44327438,34.36805904 -111.44327438,34.36805904 -111.44325899,34.36802828 -111.44325899,34.36802828 -111.44323912,34.36798620 -111.44323912,34.36798620 -111.44322549,34.36795584 -111.44322549,34.36795584 -111.44321275,34.36791936 -111.44321275,34.36791936 -111.44320086,34.36788595 -111.44320086,34.36788595 -111.44318942,34.36785487 -111.44318942,34.36785487 -111.44316579,34.36782323 -111.44316579,34.36782323 -111.44314789,34.36778971 -111.44314789,34.36778971 -111.44311932,34.36775503 -111.44311932,34.36775503 -111.44308862,34.36772008 -111.44308862,34.36772008 -111.44306273,34.36769080 -111.44306273,34.36769080 -111.44303121,34.36767024 -111.44303121,34.36767024 -111.44300432,34.36764608 -111.44300432,34.36764608 -111.44298215,34.36761543 -111.44298215,34.36761543 -111.44295024,34.36758707 -111.44295024,34.36758707 -111.44290850,34.36755577 -111.44290850,34.36755577 -111.44287277,34.36753670 -111.44287277,34.36753670 -111.44283236,34.36751241 -111.44283236,34.36751241 -111.44279171,34.36747878 -111.44279171,34.36747878 -111.44275344,34.36744922 -111.44275344,34.36744922 -111.44271954,34.36742140 -111.44271954,34.36742140 -111.44267407,34.36739394 -111.44267407,34.36739394 -111.44263290,34.36735917 -111.44263290,34.36735917 -111.44260535,34.36732538 -111.44260535,34.36732538 -111.44259548,34.36728861 -111.44259548,34.36728861 -111.44259431,34.36725248 -111.44259431,34.36725248 -111.44259933,34.36722223 -111.44259933,34.36722223 -111.44260863,34.36719461 -111.44260863,34.36719461 -111.44262381,34.36716665 -111.44262381,34.36716665 -111.44263719,34.36713944 -111.44263719,34.36713944 -111.44265215,34.36711371 -111.44265215,34.36711371 -111.44265263,34.36707718 -111.44265263,34.36707718 -111.44265353,34.36704730 -111.44265353,34.36704730 -111.44265894,34.36701672 -111.44265894,34.36701672 -111.44265080,34.36698667 -111.44265080,34.36698667 -111.44264177,34.36695426 -111.44264177,34.36695426 -111.44261814,34.36689782 -111.44261814,34.36689782 -111.44261562,34.36684678 -111.44261562,34.36684678 -111.44260410,34.36680907 -111.44260410,34.36680907 -111.44257601,34.36675543 -111.44257601,34.36675543 -111.44253337,34.36672739 -111.44253337,34.36672739 -111.44249495,34.36670173 -111.44249495,34.36670173 -111.44246556,34.36668151 -111.44246556,34.36668151 -111.44243023,34.36666324 -111.44243023,34.36666324 -111.44239372,34.36664400 -111.44239372,34.36664400 -111.44235675,34.36662268 -111.44235675,34.36662268 -111.44232539,34.36660589 -111.44232539,34.36660589 -111.44229646,34.36658610 -111.44229646,34.36658610 -111.44226589,34.36656609 -111.44226589,34.36656609 -111.44223654,34.36653860 -111.44223654,34.36653860 -111.44221590,34.36650975 -111.44221590,34.36650975 -111.44218758,34.36648282 -111.44218758,34.36648282 -111.44216658,34.36645754 -111.44216658,34.36645754 -111.44214921,34.36642940 -111.44214921,34.36642940 -111.44212614,34.36640966 -111.44212614,34.36640966 -111.44209626,34.36639281 -111.44209626,34.36639281 -111.44207463,34.36637080 -111.44207463,34.36637080 -111.44203412,34.36632661 -111.44203412,34.36632661 -111.44201004,34.36630223 -111.44201004,34.36630223 -111.44198328,34.36627550 -111.44198328,34.36627550 -111.44195535,34.36624479 -111.44195535,34.36624479 -111.44192233,34.36622262 -111.44192233,34.36622262 -111.44188439,34.36620252 -111.44188439,34.36620252 -111.44183744,34.36617829 -111.44183744,34.36617829 -111.44180533,34.36615392 -111.44180533,34.36615392 -111.44175858,34.36612145 -111.44175858,34.36612145 -111.44173188,34.36608438 -111.44173188,34.36608438 -111.44169173,34.36605462 -111.44169173,34.36605462 -111.44164798,34.36603294 -111.44164798,34.36603294 -111.44161445,34.36600962 -111.44161445,34.36600962 -111.44157985,34.36598627 -111.44157985,34.36598627 -111.44154303,34.36596391 -111.44154303,34.36596391 -111.44150934,34.36593687 -111.44150934,34.36593687 -111.44147481,34.36592022 -111.44147481,34.36592022 -111.44144074,34.36590401 -111.44144074,34.36590401 -111.44140138,34.36588247 -111.44140138,34.36588247 -111.44136153,34.36586401 -111.44136153,34.36586401 -111.44131913,34.36585683 -111.44131913,34.36585683 -111.44128335,34.36584889 -111.44128335,34.36584889 -111.44125065,34.36583694 -111.44125065,34.36583694 -111.44121910,34.36582103 -111.44121910,34.36582103 -111.44118930,34.36580425 -111.44118930,34.36580425 -111.44115423,34.36578902 -111.44115423,34.36578902 -111.44111980,34.36577349 -111.44111980,34.36577349 -111.44108917,34.36575843 -111.44108917,34.36575843 -111.44104789,34.36574616 -111.44104789,34.36574616 -111.44101177,34.36574018 -111.44101177,34.36574018 -111.44097799,34.36572152 -111.44097799,34.36572152 -111.44093881,34.36570729 -111.44093881,34.36570729 -111.44089252,34.36568861 -111.44089252,34.36568861 -111.44085172,34.36566679 -111.44085172,34.36566679 -111.44081335,34.36564330 -111.44081335,34.36564330 -111.44078129,34.36562461 -111.44078129,34.36562461 -111.44074329,34.36560842 -111.44074329,34.36560842 -111.44070970,34.36559424 -111.44070970,34.36559424 -111.44064998,34.36556948 -111.44064998,34.36556948 -111.44061726,34.36555752 -111.44061726,34.36555752 -111.44058331,34.36554757 -111.44058331,34.36554757 -111.44055021,34.36553791 -111.44055021,34.36553791 -111.44051934,34.36552763 -111.44051934,34.36552763 -111.44048790,34.36551501 -111.44048790,34.36551501 -111.44044442,34.36550151 -111.44044442,34.36550151 -111.44041080,34.36549286 -111.44041080,34.36549286 -111.44037077,34.36548517 -111.44037077,34.36548517 -111.44032561,34.36546372 -111.44032561,34.36546372 -111.44029089,34.36544938 -111.44029089,34.36544938 -111.44024630,34.36543925 -111.44024630,34.36543925 -111.44018068,34.36543389 -111.44018068,34.36543389 -111.44013676,34.36539657 -111.44013676,34.36539657 -111.44012693,34.36536340 -111.44012693,34.36536340 -111.44010649,34.36533518 -111.44010649,34.36533518 -111.44008759,34.36529966 -111.44008759,34.36529966 -111.44006938,34.36526236 -111.44006938,34.36526236 -111.44005271,34.36523468 -111.44005271,34.36523468 -111.44003319,34.36520454 -111.44003319,34.36520454 -111.44000487,34.36516375 -111.44000487,34.36516375 -111.43998016,34.36511368 -111.43998016,34.36511368 -111.43994636,34.36507862 -111.43994636,34.36507862 -111.43990635,34.36505169 -111.43990635,34.36505169 -111.43985887,34.36502656 -111.43985887,34.36502656 -111.43979699,34.36500286 -111.43979699,34.36500286 -111.43974610,34.36497534 -111.43974610,34.36497534 -111.43969991,34.36494833 -111.43969991,34.36494833 -111.43965669,34.36492884 -111.43965669,34.36492884 -111.43962215,34.36490609 -111.43962215,34.36490609 -111.43958509,34.36488085 -111.43958509,34.36488085 -111.43954153,34.36486072 -111.43954153,34.36486072 -111.43950671,34.36484335 -111.43950671,34.36484335 -111.43947506,34.36482912 -111.43947506,34.36482912 -111.43943825,34.36481210 -111.43943825,34.36481210 -111.43939384,34.36479376 -111.43939384,34.36479376 -111.43936083,34.36477739 -111.43936083,34.36477739 -111.43932187,34.36475800 -111.43932187,34.36475800 -111.43928349,34.36474227 -111.43928349,34.36474227 -111.43924688,34.36472155 -111.43924688,34.36472155 -111.43920525,34.36470067 -111.43920525,34.36470067 -111.43916231,34.36466732 -111.43916231,34.36466732 -111.43913269,34.36464106 -111.43913269,34.36464106 -111.43910329,34.36461874 -111.43910329,34.36461874 -111.43907000,34.36458715 -111.43907000,34.36458715 -111.43904766,34.36455676 -111.43904766,34.36455676 -111.43903071,34.36452852 -111.43903071,34.36452852 -111.43901545,34.36449793 -111.43901545,34.36449793 -111.43898569,34.36447432 -111.43898569,34.36447432 -111.43896029,34.36444932 -111.43896029,34.36444932 -111.43893683,34.36442312 -111.43893683,34.36442312 -111.43891274,34.36439223 -111.43891274,34.36439223 -111.43888826,34.36436353 -111.43888826,34.36436353 -111.43885631,34.36434155 -111.43885631,34.36434155 -111.43882340,34.36431586 -111.43882340,34.36431586 -111.43878979,34.36429127 -111.43878979,34.36429127 -111.43875445,34.36426350 -111.43875445,34.36426350 -111.43872685,34.36423545 -111.43872685,34.36423545 -111.43868848,34.36418992 -111.43868848,34.36418992 -111.43866291,34.36416261 -111.43866291,34.36416261 -111.43865114,34.36413939 -111.43865114,34.36413939 -111.43858938,34.36401977 -111.43858938,34.36401977 -111.43858213,34.36399823 -111.43858213,34.36399823 -111.43856177,34.36394818 -111.43856177,34.36394818 -111.43854798,34.36388797 -111.43854798,34.36388797 -111.43854120,34.36386157 -111.43854120,34.36386157 -111.43851790,34.36380672 -111.43851790,34.36380672 -111.43850008,34.36374548 -111.43850008,34.36374548 -111.43849738,34.36371478 -111.43849738,34.36371478 -111.43850823,34.36367258 -111.43850823,34.36367258 -111.43854283,34.36359567 -111.43854283,34.36359567 -111.43861992,34.36352603 -111.43861992,34.36352603 -111.43871858,34.36347123 -111.43871858,34.36347123 -111.43876683,34.36343990 -111.43876683,34.36343990 -111.43880997,34.36340998 -111.43880997,34.36340998 -111.43889523,34.36332235 -111.43889523,34.36332235 -111.43892248,34.36327372 -111.43892248,34.36327372 -111.43895372,34.36316847 -111.43895372,34.36316847 -111.43895717,34.36307570 -111.43895717,34.36307570 -111.43895002,34.36296715 -111.43895002,34.36296715 -111.43895558,34.36290640 -111.43895558,34.36290640 -111.43900258,34.36280572 -111.43900258,34.36280572 -111.43900745,34.36275148 -111.43900745,34.36275148 -111.43901242,34.36263972 -111.43901242,34.36263972 -111.43902592,34.36252392 -111.43902592,34.36252392 -111.43902613,34.36241623 -111.43902613,34.36241623 -111.43902368,34.36235998 -111.43902368,34.36235998 -111.43899320,34.36225288 -111.43899320,34.36225288 -111.43898270,34.36219327 -111.43898270,34.36219327 -111.43898528,34.36214478 -111.43898528,34.36214478 -111.43898572,34.36210167 -111.43898572,34.36210167 -111.43899838,34.36199873 -111.43899838,34.36199873 -111.43895338,34.36189498 -111.43895338,34.36189498 -111.43892733,34.36184858 -111.43892733,34.36184858 -111.43887072,34.36175908 -111.43887072,34.36175908 -111.43881348,34.36165518 -111.43881348,34.36165518 -111.43877700,34.36154387 -111.43877700,34.36154387 -111.43875167,34.36148277 -111.43875167,34.36148277 -111.43874762,34.36138048 -111.43874762,34.36138048 -111.43873762,34.36129328 -111.43873762,34.36129328 -111.43869852,34.36121427 -111.43869852,34.36121427 -111.43866348,34.36118088 -111.43866348,34.36118088 -111.43863438,34.36114052 -111.43863438,34.36114052 -111.43859970,34.36111525 -111.43859970,34.36111525 -111.43856052,34.36106978 -111.43856052,34.36106978 -111.43853053,34.36102362 -111.43853053,34.36102362 -111.43846382,34.36094287 -111.43846382,34.36094287 -111.43844243,34.36090470 -111.43844243,34.36090470 -111.43840815,34.36083578 -111.43840815,34.36083578 -111.43839893,34.36080343 -111.43839893,34.36080343 -111.43839020,34.36076957 -111.43839020,34.36076957 -111.43836117,34.36072103 -111.43836117,34.36072103 -111.43834077,34.36065425 -111.43834077,34.36065425 -111.43832148,34.36062248 -111.43832148,34.36062248 -111.43830187,34.36058307 -111.43830187,34.36058307 -111.43828615,34.36054438 -111.43828615,34.36054438 -111.43823238,34.36044920 -111.43823238,34.36044920 -111.43821763,34.36041358 -111.43821763,34.36041358 -111.43819503,34.36034572 -111.43819503,34.36034572 -111.43817498,34.36029012 -111.43817498,34.36029012 -111.43816727,34.36025807 -111.43816727,34.36025807 -111.43815600,34.36022653 -111.43815600,34.36022653 -111.43813580,34.36015608 -111.43813580,34.36015608 -111.43810100,34.36008713 -111.43810100,34.36008713 -111.43805478,34.36001067 -111.43805478,34.36001067 -111.43799423,34.35991737 -111.43799423,34.35991737 -111.43794403,34.35984047 -111.43794403,34.35984047 -111.43790277,34.35977593 -111.43790277,34.35977593 -111.43783112,34.35967513 -111.43783112,34.35967513 -111.43780142,34.35962687 -111.43780142,34.35962687 -111.43777315,34.35953053 -111.43777315,34.35953053 -111.43774637,34.35948218 -111.43774637,34.35948218 -111.43772452,34.35938437 -111.43772452,34.35938437 -111.43771227,34.35934772 -111.43771227,34.35934772 -111.43768648,34.35928162 -111.43768648,34.35928162 -111.43767390,34.35924852 -111.43767390,34.35924852 -111.43764723,34.35918387 -111.43764723,34.35918387 -111.43763232,34.35914908 -111.43763232,34.35914908 -111.43761413,34.35911450 -111.43761413,34.35911450 -111.43757772,34.35904343 -111.43757772,34.35904343 -111.43755393,34.35899447 -111.43755393,34.35899447 -111.43754977,34.35897632 -111.43754977,34.35897632 -111.43753618,34.35894433 -111.43753618,34.35894433 -111.43750930,34.35889272 -111.43750930,34.35889272 -111.43748357,34.35883200 -111.43748357,34.35883200 -111.43744823,34.35877257 -111.43744823,34.35877257 -111.43742292,34.35872608 -111.43742292,34.35872608 -111.43739963,34.35863332 -111.43739963,34.35863332 -111.43736650,34.35855688 -111.43736650,34.35855688 -111.43733607,34.35847328 -111.43733607,34.35847328 -111.43732573,34.35839418 -111.43732573,34.35839418 -111.43729703,34.35830248 -111.43729703,34.35830248 -111.43727682,34.35818833 -111.43727682,34.35818833 -111.43722487,34.35811983 -111.43722487,34.35811983 -111.43716137,34.35804532 -111.43716137,34.35804532 -111.43712928,34.35800682 -111.43712928,34.35800682 -111.43707197,34.35793240 -111.43707197,34.35793240 -111.43704687,34.35789728 -111.43704687,34.35789728 -111.43702568,34.35786200 -111.43702568,34.35786200 -111.43701020,34.35782598 -111.43701020,34.35782598 -111.43698922,34.35775967 -111.43698922,34.35775967 -111.43697897,34.35772633 -111.43697897,34.35772633 -111.43696750,34.35768968 -111.43696750,34.35768968 -111.43694547,34.35761912 -111.43694547,34.35761912 -111.43693628,34.35756343 -111.43693628,34.35756343 -111.43693940,34.35753453 -111.43693940,34.35753453 -111.43695417,34.35746655 -111.43695417,34.35746655 -111.43696165,34.35739312 -111.43696165,34.35739312 -111.43695297,34.35735942 -111.43695297,34.35735942 -111.43690288,34.35730247 -111.43690288,34.35730247 -111.43683897,34.35725793 -111.43683897,34.35725793 -111.43681318,34.35723160 -111.43681318,34.35723160 -111.43679118,34.35720252 -111.43679118,34.35720252 -111.43675897,34.35714765 -111.43675897,34.35714765 -111.43675790,34.35711193 -111.43675790,34.35711193 -111.43674005,34.35706528 -111.43674005,34.35706528 -111.43673257,34.35702537 -111.43673257,34.35702537 -111.43671362,34.35694182 -111.43671362,34.35694182 -111.43669162,34.35690548 -111.43669162,34.35690548 -111.43663748,34.35682683 -111.43663748,34.35682683 -111.43660782,34.35679282 -111.43660782,34.35679282 -111.43653797,34.35673663 -111.43653797,34.35673663 -111.43650592,34.35670870 -111.43650592,34.35670870 -111.43640767,34.35666535 -111.43640767,34.35666535 -111.43630078,34.35662627 -111.43630078,34.35662627 -111.43625342,34.35660578 -111.43625342,34.35660578 -111.43620567,34.35658033 -111.43620567,34.35658033 -111.43615992,34.35655123 -111.43615992,34.35655123 -111.43607142,34.35650473 -111.43607142,34.35650473 -111.43599498,34.35645905 -111.43599498,34.35645905 -111.43596382,34.35643192 -111.43596382,34.35643192 -111.43591575,34.35636697 -111.43591575,34.35636697 -111.43589467,34.35632983 -111.43589467,34.35632983 -111.43586228,34.35625252 -111.43586228,34.35625252 -111.43582537,34.35617737 -111.43582537,34.35617737 -111.43578127,34.35610577 -111.43578127,34.35610577 -111.43575275,34.35607052 -111.43575275,34.35607052 -111.43568137,34.35601097 -111.43568137,34.35601097 -111.43560352,34.35596358 -111.43560352,34.35596358 -111.43553843,34.35593455 -111.43553843,34.35593455 -111.43550893,34.35592583 -111.43550893,34.35592583 -111.43548153,34.35591843 -111.43548153,34.35591843 -111.43543233,34.35590182 -111.43543233,34.35590182 -111.43541017,34.35589317 -111.43541017,34.35589317 -111.43538897,34.35588167 -111.43538897,34.35588167 -111.43536897,34.35586967 -111.43536897,34.35586967 -111.43534922,34.35585588 -111.43534922,34.35585588 -111.43532923,34.35584182 -111.43532923,34.35584182 -111.43528843,34.35581330 -111.43528843,34.35581330 -111.43526295,34.35579578 -111.43526295,34.35579578 -111.43521252,34.35574827 -111.43521252,34.35574827 -111.43518803,34.35569563 -111.43518803,34.35569563 -111.43519597,34.35565510 -111.43519597,34.35565510 -111.43520843,34.35563605 -111.43520843,34.35563605 -111.43524153,34.35559947 -111.43524153,34.35559947 -111.43525985,34.35558263 -111.43525985,34.35558263 -111.43530135,34.35554487 -111.43530135,34.35554487 -111.43532383,34.35552397 -111.43532383,34.35552397 -111.43536795,34.35546903 -111.43536795,34.35546903 -111.43539563,34.35540297 -111.43539563,34.35540297 -111.43540155,34.35536982 -111.43540155,34.35536982 -111.43542187,34.35531012 -111.43542187,34.35531012 -111.43546437,34.35527192 -111.43546437,34.35527192 -111.43548588,34.35525697 -111.43548588,34.35525697 -111.43550860,34.35524387 -111.43550860,34.35524387 -111.43555692,34.35521872 -111.43555692,34.35521872 -111.43557970,34.35520212 -111.43557970,34.35520212 -111.43560202,34.35518313 -111.43560202,34.35518313 -111.43564323,34.35514310 -111.43564323,34.35514310 -111.43566012,34.35512765 -111.43566012,34.35512765 -111.43567575,34.35511310 -111.43567575,34.35511310 -111.43571023,34.35508233 -111.43571023,34.35508233 -111.43573107,34.35506100 -111.43573107,34.35506100 -111.43576573,34.35500813 -111.43576573,34.35500813 -111.43578190,34.35497378 -111.43578190,34.35497378 -111.43580027,34.35493558 -111.43580027,34.35493558 -111.43582077,34.35489593 -111.43582077,34.35489593 -111.43586633,34.35481532 -111.43586633,34.35481532 -111.43588925,34.35477400 -111.43588925,34.35477400 -111.43591072,34.35473643 -111.43591072,34.35473643 -111.43594932,34.35466487 -111.43594932,34.35466487 -111.43596148,34.35463063 -111.43596148,34.35463063 -111.43596898,34.35459657 -111.43596898,34.35459657 -111.43597557,34.35456222 -111.43597557,34.35456222 -111.43598747,34.35449407 -111.43598747,34.35449407 -111.43599515,34.35446033 -111.43599515,34.35446033 -111.43601317,34.35439138 -111.43601317,34.35439138 -111.43602133,34.35435767 -111.43602133,34.35435767 -111.43603377,34.35428953 -111.43603377,34.35428953 -111.43603160,34.35421747 -111.43603160,34.35421747 -111.43601432,34.35413907 -111.43601432,34.35413907 -111.43600353,34.35410235 -111.43600353,34.35410235 -111.43598927,34.35404678 -111.43598927,34.35404678 -111.43598682,34.35400068 -111.43598682,34.35400068 -111.43599292,34.35396730 -111.43599292,34.35396730 -111.43600263,34.35394547 -111.43600263,34.35394547 -111.43602193,34.35394203 -111.43602193,34.35394203 -111.43603372,34.35391885 -111.43603372,34.35391885 -111.43604192,34.35390435 -111.43604192,34.35390435 -111.43605640,34.35387962 -111.43605640,34.35387962 -111.43606838,34.35386423 -111.43606838,34.35386423 -111.43607025,34.35383082 -111.43607025,34.35383082 -111.43605955,34.35379837 -111.43605955,34.35379837 -111.43602177,34.35373573 -111.43602177,34.35373573 -111.43600615,34.35370532 -111.43600615,34.35370532 -111.43598595,34.35364153 -111.43598595,34.35364153 -111.43597063,34.35357558 -111.43597063,34.35357558 -111.43594692,34.35350412 -111.43594692,34.35350412 -111.43593578,34.35346633 -111.43593578,34.35346633 -111.43592442,34.35342932 -111.43592442,34.35342932 -111.43590903,34.35335265 -111.43590903,34.35335265 -111.43590453,34.35327092 -111.43590453,34.35327092 -111.43590740,34.35322942 -111.43590740,34.35322942 -111.43591383,34.35318835 -111.43591383,34.35318835 -111.43592402,34.35314762 -111.43592402,34.35314762 -111.43593628,34.35310675 -111.43593628,34.35310675 -111.43596485,34.35302685 -111.43596485,34.35302685 -111.43597583,34.35298683 -111.43597583,34.35298683 -111.43598090,34.35291213 -111.43598090,34.35291213 -111.43597363,34.35284183 -111.43597363,34.35284183 -111.43595860,34.35277142 -111.43595860,34.35277142 -111.43594477,34.35269317 -111.43594477,34.35269317 -111.43594415,34.35260917 -111.43594415,34.35260917 -111.43594852,34.35256785 -111.43594852,34.35256785 -111.43595485,34.35252863 -111.43595485,34.35252863 -111.43596967,34.35245508 -111.43596967,34.35245508 -111.43599407,34.35238860 -111.43599407,34.35238860 -111.43603445,34.35232803 -111.43603445,34.35232803 -111.43605558,34.35229522 -111.43605558,34.35229522 -111.43608812,34.35222207 -111.43608812,34.35222207 -111.43610982,34.35214262 -111.43610982,34.35214262 -111.43611895,34.35210145 -111.43611895,34.35210145 -111.43613315,34.35201818 -111.43613315,34.35201818 -111.43613865,34.35197647 -111.43613865,34.35197647 -111.43614552,34.35193517 -111.43614552,34.35193517 -111.43616563,34.35185462 -111.43616563,34.35185462 -111.43618652,34.35177328 -111.43618652,34.35177328 -111.43620728,34.35168807 -111.43620728,34.35168807 -111.43621567,34.35164465 -111.43621567,34.35164465 -111.43622982,34.35155768 -111.43622982,34.35155768 -111.43624547,34.35147878 -111.43624547,34.35147878 -111.43626472,34.35141028 -111.43626472,34.35141028 -111.43627480,34.35137623 -111.43627480,34.35137623 -111.43629300,34.35131030 -111.43629300,34.35131030 -111.43631262,34.35124792 -111.43631262,34.35124792 -111.43631995,34.35121637 -111.43631995,34.35121637 -111.43632367,34.35118433 -111.43632367,34.35118433 -111.43632113,34.35115547 -111.43632113,34.35115547 -111.43629132,34.35111303 -111.43629132,34.35111303 -111.43624673,34.35107205 -111.43624673,34.35107205 -111.43622608,34.35104922 -111.43622608,34.35104922 -111.43618158,34.35099277 -111.43618158,34.35099277 -111.43615808,34.35096250 -111.43615808,34.35096250 -111.43613545,34.35093477 -111.43613545,34.35093477 -111.43610270,34.35090133 -111.43610270,34.35090133 -111.43607977,34.35088390 -111.43607977,34.35088390 -111.43603007,34.35082972 -111.43603007,34.35082972 -111.43595913,34.35083133 -111.43595913,34.35083133 -111.43588227,34.35085272 -111.43588227,34.35085272 -111.43584240,34.35086747 -111.43584240,34.35086747 -111.43576972,34.35089768 -111.43576972,34.35089768 -111.43569657,34.35092017 -111.43569657,34.35092017 -111.43565852,34.35092628 -111.43565852,34.35092628 -111.43558148,34.35093530 -111.43558148,34.35093530 -111.43550143,34.35094610 -111.43550143,34.35094610 -111.43542303,34.35094977 -111.43542303,34.35094977 -111.43534077,34.35094018 -111.43534077,34.35094018 -111.43525793,34.35091312 -111.43525793,34.35091312 -111.43516713,34.35086983 -111.43516713,34.35086983 -111.43512535,34.35084493 -111.43512535,34.35084493 -111.43507462,34.35078732 -111.43507462,34.35078732 -111.43506488,34.35075372 -111.43506488,34.35075372 -111.43507242,34.35068305 -111.43507242,34.35068305 -111.43510772,34.35062258 -111.43510772,34.35062258 -111.43515228,34.35056757 -111.43515228,34.35056757 -111.43517092,34.35054305 -111.43517092,34.35054305 -111.43520495,34.35049462 -111.43520495,34.35049462 -111.43523785,34.35044930 -111.43523785,34.35044930 -111.43525648,34.35042418 -111.43525648,34.35042418 -111.43529458,34.35036973 -111.43529458,34.35036973 -111.43531367,34.35033902 -111.43531367,34.35033902 -111.43534518,34.35028333 -111.43534518,34.35028333 -111.43536103,34.35025530 -111.43536103,34.35025530 -111.43539340,34.35020477 -111.43539340,34.35020477 -111.43542732,34.35015168 -111.43542732,34.35015168 -111.43545378,34.35009520 -111.43545378,34.35009520 -111.43547337,34.35004303 -111.43547337,34.35004303 -111.43548350,34.35001527 -111.43548350,34.35001527 -111.43549467,34.34995320 -111.43549467,34.34995320 -111.43549308,34.34990413 -111.43549308,34.34990413 -111.43549997,34.34987757 -111.43549997,34.34987757 -111.43551515,34.34985420 -111.43551515,34.34985420 -111.43553918,34.34981743 -111.43553918,34.34981743 -111.43557997,34.34975822 -111.43557997,34.34975822 -111.43562997,34.34969668 -111.43562997,34.34969668 -111.43568747,34.34963852 -111.43568747,34.34963852 -111.43574542,34.34958050 -111.43574542,34.34958050 -111.43578703,34.34951390 -111.43578703,34.34951390 -111.43580717,34.34944490 -111.43580717,34.34944490 -111.43581108,34.34940817 -111.43581108,34.34940817 -111.43581555,34.34933767 -111.43581555,34.34933767 -111.43581137,34.34927412 -111.43581137,34.34927412 -111.43580905,34.34924512 -111.43580905,34.34924512 -111.43580823,34.34921837 -111.43580823,34.34921837 -111.43581138,34.34916347 -111.43581138,34.34916347 -111.43581317,34.34910287 -111.43581317,34.34910287 -111.43581042,34.34907023 -111.43581042,34.34907023 -111.43580715,34.34903577 -111.43580715,34.34903577 -111.43580157,34.34896688 -111.43580157,34.34896688 -111.43579848,34.34893043 -111.43579848,34.34893043 -111.43579657,34.34886325 -111.43579657,34.34886325 -111.43580078,34.34880423 -111.43580078,34.34880423 -111.43580292,34.34877013 -111.43580292,34.34877013 -111.43580657,34.34873582 -111.43580657,34.34873582 -111.43581322,34.34866553 -111.43581322,34.34866553 -111.43582515,34.34859617 -111.43582515,34.34859617 -111.43583452,34.34853372 -111.43583452,34.34853372 -111.43583813,34.34847090 -111.43583813,34.34847090 -111.43583838,34.34843983 -111.43583838,34.34843983 -111.43583707,34.34841222 -111.43583707,34.34841222 -111.43583033,34.34835365 -111.43583033,34.34835365 -111.43581558,34.34829022 -111.43581558,34.34829022 -111.43579613,34.34822373 -111.43579613,34.34822373 -111.43577983,34.34815537 -111.43577983,34.34815537 -111.43577227,34.34812278 -111.43577227,34.34812278 -111.43574993,34.34806497 -111.43574993,34.34806497 -111.43571952,34.34801998 -111.43571952,34.34801998 -111.43570482,34.34800172 -111.43570482,34.34800172 -111.43569237,34.34798550 -111.43569237,34.34798550 -111.43567767,34.34796245 -111.43567767,34.34796245 -111.43566722,34.34794085 -111.43566722,34.34794085 -111.43565978,34.34792237 -111.43565978,34.34792237 -111.43565603,34.34789900 -111.43565603,34.34789900 -111.43565087,34.34786983 -111.43565087,34.34786983 -111.43563967,34.34783860 -111.43563967,34.34783860 -111.43562067,34.34779377 -111.43562067,34.34779377 -111.43559682,34.34774758 -111.43559682,34.34774758 -111.43556028,34.34769933 -111.43556028,34.34769933 -111.43552328,34.34765535 -111.43552328,34.34765535 -111.43550997,34.34763508 -111.43550997,34.34763508 -111.43549798,34.34761162 -111.43549798,34.34761162 -111.43547057,34.34755423 -111.43547057,34.34755423 -111.43545615,34.34752338 -111.43545615,34.34752338 -111.43542598,34.34745857 -111.43542598,34.34745857 -111.43540553,34.34739468 -111.43540553,34.34739468 -111.43539163,34.34732973 -111.43539163,34.34732973 -111.43536973,34.34726437 -111.43536973,34.34726437 -111.43533322,34.34720195 -111.43533322,34.34720195 -111.43531218,34.34717022 -111.43531218,34.34717022 -111.43529102,34.34713388 -111.43529102,34.34713388 -111.43526048,34.34705945 -111.43526048,34.34705945 -111.43523773,34.34698515 -111.43523773,34.34698515 -111.43522612,34.34694977 -111.43522612,34.34694977 -111.43518747,34.34688692 -111.43518747,34.34688692 -111.43515780,34.34686063 -111.43515780,34.34686063 -111.43512185,34.34683795 -111.43512185,34.34683795 -111.43504310,34.34680187 -111.43504310,34.34680187 -111.43500388,34.34678527 -111.43500388,34.34678527 -111.43493022,34.34674623 -111.43493022,34.34674623 -111.43489208,34.34672470 -111.43489208,34.34672470 -111.43485275,34.34670208 -111.43485275,34.34670208 -111.43481247,34.34668332 -111.43481247,34.34668332 -111.43477227,34.34666528 -111.43477227,34.34666528 -111.43469188,34.34662668 -111.43469188,34.34662668 -111.43465742,34.34660858 -111.43465742,34.34660858 -111.43459277,34.34657388 -111.43459277,34.34657388 -111.43452782,34.34652960 -111.43452782,34.34652960 -111.43449177,34.34651493 -111.43449177,34.34651493 -111.43442447,34.34646772 -111.43442447,34.34646772 -111.43439015,34.34643948 -111.43439015,34.34643948 -111.43434802,34.34641492 -111.43434802,34.34641492 -111.43427003,34.34636683 -111.43427003,34.34636683 -111.43423230,34.34634380 -111.43423230,34.34634380 -111.43414478,34.34628927 -111.43414478,34.34628927 -111.43409202,34.34626183 -111.43409202,34.34626183 -111.43400133,34.34621410 -111.43400133,34.34621410 -111.43391942,34.34617582 -111.43391942,34.34617582 -111.43382597,34.34613917 -111.43382597,34.34613917 -111.43377950,34.34611743 -111.43377950,34.34611743 -111.43370053,34.34608625 -111.43370053,34.34608625 -111.43361143,34.34605175 -111.43361143,34.34605175 -111.43352528,34.34600378 -111.43352528,34.34600378 -111.43344797,34.34594498 -111.43344797,34.34594498 -111.43340520,34.34592257 -111.43340520,34.34592257 -111.43332027,34.34588928 -111.43332027,34.34588928 -111.43328340,34.34587827 -111.43328340,34.34587827 -111.43325467,34.34587062 -111.43325467,34.34587062 -111.43320222,34.34585872 -111.43320222,34.34585872 -111.43318437,34.34585263 -111.43318437,34.34585263 -111.43314987,34.34584183 -111.43314987,34.34584183 -111.43310803,34.34582632 -111.43310803,34.34582632 -111.43305893,34.34581097 -111.43305893,34.34581097 -111.43299655,34.34578878 -111.43299655,34.34578878 -111.43295690,34.34576907 -111.43295690,34.34576907 -111.43290783,34.34575295 -111.43290783,34.34575295 -111.43280542,34.34571898 -111.43280542,34.34571898 -111.43270668,34.34568183 -111.43270668,34.34568183 -111.43265735,34.34565862 -111.43265735,34.34565862 -111.43259660,34.34557867 -111.43259660,34.34557867 -111.43253168,34.34551733 -111.43253168,34.34551733 -111.43249397,34.34549882 -111.43249397,34.34549882 -111.43241010,34.34547393 -111.43241010,34.34547393 -111.43236885,34.34545928 -111.43236885,34.34545928 -111.43228685,34.34541587 -111.43228685,34.34541587 -111.43220782,34.34537523 -111.43220782,34.34537523 -111.43217045,34.34535918 -111.43217045,34.34535918 -111.43209808,34.34533732 -111.43209808,34.34533732 -111.43206378,34.34533250 -111.43206378,34.34533250 -111.43199878,34.34533542 -111.43199878,34.34533542 -111.43196192,34.34534157 -111.43196192,34.34534157 -111.43187522,34.34535698 -111.43187522,34.34535698 -111.43183050,34.34536365 -111.43183050,34.34536365 -111.43173880,34.34537810 -111.43173880,34.34537810 -111.43164903,34.34540478 -111.43164903,34.34540478 -111.43155942,34.34544080 -111.43155942,34.34544080 -111.43147658,34.34548097 -111.43147658,34.34548097 -111.43143938,34.34550247 -111.43143938,34.34550247 -111.43140090,34.34552467 -111.43140090,34.34552467 -111.43136142,34.34554408 -111.43136142,34.34554408 -111.43132263,34.34555367 -111.43132263,34.34555367 -111.43125843,34.34554675 -111.43125843,34.34554675 -111.43123253,34.34553398 -111.43123253,34.34553398 -111.43120808,34.34551332 -111.43120808,34.34551332 -111.43115005,34.34546250 -111.43115005,34.34546250 -111.43109810,34.34541898 -111.43109810,34.34541898 -111.43108030,34.34540293 -111.43108030,34.34540293 -111.43105032,34.34537913 -111.43105032,34.34537913 -111.43103023,34.34537365 -111.43103023,34.34537365 -111.43101435,34.34536680 -111.43101435,34.34536680 -111.43099150,34.34535193 -111.43099150,34.34535193 -111.43096543,34.34534467 -111.43096543,34.34534467 -111.43094362,34.34533250 -111.43094362,34.34533250 -111.43091440,34.34532742 -111.43091440,34.34532742 -111.43091166,34.34532790 -111.43091166,34.34532790 -111.43089357,34.34532592 -111.43089357,34.34532592 -111.43086234,34.34532859 -111.43086234,34.34532859 -111.43084271,34.34531944 -111.43084271,34.34531944 -111.43082386,34.34531057 -111.43082386,34.34531057 -111.43080014,34.34529200 -111.43080014,34.34529200 -111.43077714,34.34526645 -111.43077714,34.34526645 -111.43076547,34.34525287 -111.43076547,34.34525287 -111.43075407,34.34523707 -111.43075407,34.34523707 -111.43074387,34.34522022 -111.43074387,34.34522022 -111.43073476,34.34520247 -111.43073476,34.34520247 -111.43072776,34.34518444 -111.43072776,34.34518444 -111.43072368,34.34516439 -111.43072368,34.34516439 -111.43072207,34.34514345 -111.43072207,34.34514345 -111.43072379,34.34512315 -111.43072379,34.34512315 -111.43073138,34.34508592 -111.43073138,34.34508592 -111.43073574,34.34506677 -111.43073574,34.34506677 -111.43074151,34.34504537 -111.43074151,34.34504537 -111.43074731,34.34502267 -111.43074731,34.34502267 -111.43075614,34.34497844 -111.43075614,34.34497844 -111.43075952,34.34492985 -111.43075952,34.34492985 -111.43075981,34.34490427 -111.43075981,34.34490427 -111.43075556,34.34485582 -111.43075556,34.34485582 -111.43075286,34.34483445 -111.43075286,34.34483445 -111.43074831,34.34478584 -111.43074831,34.34478584 -111.43075111,34.34474074 -111.43075111,34.34474074 -111.43075919,34.34469950 -111.43075919,34.34469950 -111.43076596,34.34466102 -111.43076596,34.34466102 -111.43076711,34.34462730 -111.43076711,34.34462730 -111.43076121,34.34458345 -111.43076121,34.34458345 -111.43075481,34.34455014 -111.43075481,34.34455014 -111.43074656,34.34451715 -111.43074656,34.34451715 -111.43073216,34.34447757 -111.43073216,34.34447757 -111.43071863,34.34445278 -111.43071863,34.34445278 -111.43070954,34.34443612 -111.43070954,34.34443612 -111.43069006,34.34439322 -111.43069006,34.34439322 -111.43067707,34.34434790 -111.43067707,34.34434790 -111.43067012,34.34432670 -111.43067012,34.34432670 -111.43065287,34.34428989 -111.43065287,34.34428989 -111.43062926,34.34425375 -111.43062926,34.34425375 -111.43060059,34.34421759 -111.43060059,34.34421759 -111.43058627,34.34419980 -111.43058627,34.34419980 -111.43057176,34.34418145 -111.43057176,34.34418145 -111.43054034,34.34415144 -111.43054034,34.34415144 -111.43052501,34.34413897 -111.43052501,34.34413897 -111.43050792,34.34412710 -111.43050792,34.34412710 -111.43047576,34.34410220 -111.43047576,34.34410220 -111.43046064,34.34408805 -111.43046064,34.34408805 -111.43044389,34.34407297 -111.43044389,34.34407297 -111.43040547,34.34404440 -111.43040547,34.34404440 -111.43036466,34.34401599 -111.43036466,34.34401599 -111.43032162,34.34398997 -111.43032162,34.34398997 -111.43027691,34.34396707 -111.43027691,34.34396707 -111.43022981,34.34394685 -111.43022981,34.34394685 -111.43020696,34.34393914 -111.43020696,34.34393914 -111.43018527,34.34393265 -111.43018527,34.34393265 -111.43014572,34.34392220 -111.43014572,34.34392220 -111.43010942,34.34391482 -111.43010942,34.34391482 -111.43007789,34.34391067 -111.43007789,34.34391067 -111.43001931,34.34390192 -111.43001931,34.34390192 -111.42997767,34.34388907 -111.42997767,34.34388907 -111.42996917,34.34387075 -111.42996917,34.34387075 -111.42993837,34.34385702 -111.42993837,34.34385702 -111.42989836,34.34383512 -111.42989836,34.34383512 -111.42985341,34.34381170 -111.42985341,34.34381170 -111.42983349,34.34380179 -111.42983349,34.34380179 -111.42979901,34.34378204 -111.42979901,34.34378204 -111.42978202,34.34377100 -111.42978202,34.34377100 -111.42976439,34.34375942 -111.42976439,34.34375942 -111.42972799,34.34373657 -111.42972799,34.34373657 -111.42970894,34.34372594 -111.42970894,34.34372594 -111.42966602,34.34370307 -111.42966602,34.34370307 -111.42963062,34.34368590 -111.42963062,34.34368590 -111.42957007,34.34365432 -111.42957007,34.34365432 -111.42954534,34.34363637 -111.42954534,34.34363637 -111.42950481,34.34359985 -111.42950481,34.34359985 -111.42946941,34.34356400 -111.42946941,34.34356400 -111.42945460,34.34355189 -111.42945460,34.34355189 -111.42944166,34.34352227 -111.42944166,34.34352227 -111.42944278,34.34349520 -111.42944278,34.34349520 -111.42945162,34.34346320 -111.42945162,34.34346320 -111.42946002,34.34344605 -111.42946002,34.34344605 -111.42947579,34.34341747 -111.42947579,34.34341747 -111.42948852,34.34338725 -111.42948852,34.34338725 -111.42950019,34.34335957 -111.42950019,34.34335957 -111.42950131,34.34334584 -111.42950131,34.34334584 -111.42949034,34.34330889 -111.42949034,34.34330889 -111.42948871,34.34330455 -111.42948871,34.34330455 -111.42947492,34.34326794 -111.42947492,34.34326794 -111.42946836,34.34324707 -111.42946836,34.34324707 -111.42946231,34.34322824 -111.42946231,34.34322824 -111.42945711,34.34320667 -111.42945711,34.34320667 -111.42945187,34.34318220 -111.42945187,34.34318220 -111.42944356,34.34313200 -111.42944356,34.34313200 -111.42943757,34.34307807 -111.42943757,34.34307807 -111.42943577,34.34302389 -111.42943577,34.34302389 -111.42944296,34.34296265 -111.42944296,34.34296265 -111.42944981,34.34293194 -111.42944981,34.34293194 -111.42945892,34.34290039 -111.42945892,34.34290039 -111.42948109,34.34283420 -111.42948109,34.34283420 -111.42949387,34.34280162 -111.42949387,34.34280162 -111.42952886,34.34274164 -111.42952886,34.34274164 -111.42956722,34.34269360 -111.42956722,34.34269360 -111.42958532,34.34267319 -111.42958532,34.34267319 -111.42962692,34.34263084 -111.42962692,34.34263084 -111.42966672,34.34258795 -111.42966672,34.34258795 -111.42968431,34.34256650 -111.42968431,34.34256650 -111.42969807,34.34254430 -111.42969807,34.34254430 -111.42970792,34.34252055 -111.42970792,34.34252055 -111.42971594,34.34249564 -111.42971594,34.34249564 -111.42972901,34.34245104 -111.42972901,34.34245104 -111.42973374,34.34242844 -111.42973374,34.34242844 -111.42973346,34.34241817 -111.42973346,34.34241817 -111.42973244,34.34238080 -111.42973244,34.34238080 -111.42972849,34.34235757 -111.42972849,34.34235757 -111.42972029,34.34233325 -111.42972029,34.34233325 -111.42968826,34.34227925 -111.42968826,34.34227925 -111.42964586,34.34221800 -111.42964586,34.34221800 -111.42961047,34.34215405 -111.42961047,34.34215405 -111.42959194,34.34212417 -111.42959194,34.34212417 -111.42957037,34.34209714 -111.42957037,34.34209714 -111.42954487,34.34207197 -111.42954487,34.34207197 -111.42948404,34.34202477 -111.42948404,34.34202477 -111.42942457,34.34197822 -111.42942457,34.34197822 -111.42939896,34.34195392 -111.42939896,34.34195392 -111.42935402,34.34191052 -111.42935402,34.34191052 -111.42933557,34.34188822 -111.42933557,34.34188822 -111.42931787,34.34186687 -111.42931787,34.34186687 -111.42930076,34.34184650 -111.42930076,34.34184650 -111.42926647,34.34180114 -111.42926647,34.34180114 -111.42925242,34.34177562 -111.42925242,34.34177562 -111.42923167,34.34172300 -111.42923167,34.34172300 -111.42922231,34.34169477 -111.42922231,34.34169477 -111.42921342,34.34166645 -111.42921342,34.34166645 -111.42919056,34.34160969 -111.42919056,34.34160969 -111.42916001,34.34155484 -111.42916001,34.34155484 -111.42911961,34.34150414 -111.42911961,34.34150414 -111.42909591,34.34148232 -111.42909591,34.34148232 -111.42904574,34.34144572 -111.42904574,34.34144572 -111.42901811,34.34142825 -111.42901811,34.34142825 -111.42896306,34.34139227 -111.42896306,34.34139227 -111.42891516,34.34135370 -111.42891516,34.34135370 -111.42887582,34.34131602 -111.42887582,34.34131602 -111.42885707,34.34129667 -111.42885707,34.34129667 -111.42882516,34.34125150 -111.42882516,34.34125150 -111.42881176,34.34122665 -111.42881176,34.34122665 -111.42878281,34.34117085 -111.42878281,34.34117085 -111.42874751,34.34110860 -111.42874751,34.34110860 -111.42870456,34.34104617 -111.42870456,34.34104617 -111.42866922,34.34100432 -111.42866922,34.34100432 -111.42864321,34.34096830 -111.42864321,34.34096830 -111.42861592,34.34091592 -111.42861592,34.34091592 -111.42860391,34.34089217 -111.42860391,34.34089217 -111.42859544,34.34087640 -111.42859544,34.34087640 -111.42857481,34.34084172 -111.42857481,34.34084172 -111.42856117,34.34082157 -111.42856117,34.34082157 -111.42854702,34.34080049 -111.42854702,34.34080049 -111.42852046,34.34075727 -111.42852046,34.34075727 -111.42848617,34.34071982 -111.42848617,34.34071982 -111.42845276,34.34068282 -111.42845276,34.34068282 -111.42842216,34.34064387 -111.42842216,34.34064387 -111.42838912,34.34060320 -111.42838912,34.34060320 -111.42836107,34.34056090 -111.42836107,34.34056090 -111.42832686,34.34052445 -111.42832686,34.34052445 -111.42829096,34.34048377 -111.42829096,34.34048377 -111.42825121,34.34043480 -111.42825121,34.34043480 -111.42821401,34.34038335 -111.42821401,34.34038335 -111.42817811,34.34033295 -111.42817811,34.34033295 -111.42813857,34.34028005 -111.42813857,34.34028005 -111.42811799,34.34025237 -111.42811799,34.34025237 -111.42809736,34.34022605 -111.42809736,34.34022605 -111.42805051,34.34017545 -111.42805051,34.34017545 -111.42800609,34.34012687 -111.42800609,34.34012687 -111.42798652,34.34010337 -111.42798652,34.34010337 -111.42796711,34.34008139 -111.42796711,34.34008139 -111.42793054,34.34004152 -111.42793054,34.34004152 -111.42789981,34.34000424 -111.42789981,34.34000424 -111.42787051,34.33996519 -111.42787051,34.33996519 -111.42785697,34.33994619 -111.42785697,34.33994619 -111.42782736,34.33990792 -111.42782736,34.33990792 -111.42781236,34.33988815 -111.42781236,34.33988815 -111.42777969,34.33984977 -111.42777969,34.33984977 -111.42776377,34.33982980 -111.42776377,34.33982980 -111.42773476,34.33979017 -111.42773476,34.33979017 -111.42770399,34.33975554 -111.42770399,34.33975554 -111.42768917,34.33973830 -111.42768917,34.33973830 -111.42767506,34.33971992 -111.42767506,34.33971992 -111.42764637,34.33968424 -111.42764637,34.33968424 -111.42763082,34.33966615 -111.42763082,34.33966615 -111.42759941,34.33962905 -111.42759941,34.33962905 -111.42758557,34.33961119 -111.42758557,34.33961119 -111.42755502,34.33957777 -111.42755502,34.33957777 -111.42752246,34.33954305 -111.42752246,34.33954305 -111.42750972,34.33952375 -111.42750972,34.33952375 -111.42749902,34.33950225 -111.42749902,34.33950225 -111.42748351,34.33945410 -111.42748351,34.33945410 -111.42747757,34.33942859 -111.42747757,34.33942859 -111.42747062,34.33940477 -111.42747062,34.33940477 -111.42744351,34.33936385 -111.42744351,34.33936385 -111.42742612,34.33934369 -111.42742612,34.33934369 -111.42740511,34.33932023 -111.42740511,34.33932023 -111.42739147,34.33930500 -111.42739147,34.33930500 -111.42734741,34.33927279 -111.42734741,34.33927279 -111.42730851,34.33924127 -111.42730851,34.33924127 -111.42729219,34.33922234 -111.42729219,34.33922234 -111.42726716,34.33918107 -111.42726716,34.33918107 -111.42725909,34.33916120 -111.42725909,34.33916120 -111.42724486,34.33914895 -111.42724486,34.33914895 -111.42723734,34.33913352 -111.42723734,34.33913352 -111.42723062,34.33911720 -111.42723062,34.33911720 -111.42722441,34.33910297 -111.42722441,34.33910297 -111.42721949,34.33908370 -111.42721949,34.33908370 -111.42721247,34.33907105 -111.42721247,34.33907105 -111.42719776,34.33904612 -111.42719776,34.33904612 -111.42717882,34.33902120 -111.42717882,34.33902120 -111.42717071,34.33900777 -111.42717071,34.33900777 -111.42716181,34.33899204 -111.42716181,34.33899204 -111.42713706,34.33895745 -111.42713706,34.33895745 -111.42710646,34.33891785 -111.42710646,34.33891785 -111.42709046,34.33889477 -111.42709046,34.33889477 -111.42706226,34.33885702 -111.42706226,34.33885702 -111.42704886,34.33884187 -111.42704886,34.33884187 -111.42703507,34.33882884 -111.42703507,34.33882884 -111.42700516,34.33880519 -111.42700516,34.33880519 -111.42697317,34.33877992 -111.42697317,34.33877992 -111.42695712,34.33876530 -111.42695712,34.33876530 -111.42694134,34.33875012 -111.42694134,34.33875012 -111.42691076,34.33872037 -111.42691076,34.33872037 -111.42688361,34.33868985 -111.42688361,34.33868985 -111.42686157,34.33866464 -111.42686157,34.33866464 -111.42685459,34.33865665 -111.42685459,34.33865665 -111.42684007,34.33864040 -111.42684007,34.33864040 -111.42681557,34.33860949 -111.42681557,34.33860949 -111.42680754,34.33859554 -111.42680754,34.33859554 -111.42679517,34.33856675 -111.42679517,34.33856675 -111.42677821,34.33853805 -111.42677821,34.33853805 -111.42673679,34.33850104 -111.42673679,34.33850104 -111.42674921,34.33846415 -111.42674921,34.33846415 -111.42676102,34.33843209 -111.42676102,34.33843209 -111.42677737,34.33839727 -111.42677737,34.33839727 -111.42680576,34.33836480 -111.42680576,34.33836480 -111.42682236,34.33835125 -111.42682236,34.33835125 -111.42685739,34.33832674 -111.42685739,34.33832674 -111.42689157,34.33830400 -111.42689157,34.33830400 -111.42690125,34.33829843 -111.42690125,34.33829843 -111.42690961,34.33829362 -111.42690961,34.33829362 -111.42692831,34.33828362 -111.42692831,34.33828362 -111.42696521,34.33826085 -111.42696521,34.33826085 -111.42699782,34.33823620 -111.42699782,34.33823620 -111.42703027,34.33821175 -111.42703027,34.33821175 -111.42704326,34.33819985 -111.42704326,34.33819985 -111.42706496,34.33817519 -111.42706496,34.33817519 -111.42707864,34.33816130 -111.42707864,34.33816130 -111.42711467,34.33813355 -111.42711467,34.33813355 -111.42716156,34.33811147 -111.42716156,34.33811147 -111.42720786,34.33808979 -111.42720786,34.33808979 -111.42725597,34.33806002 -111.42725597,34.33806002 -111.42731012,34.33801092 -111.42731012,34.33801092 -111.42733224,34.33798270 -111.42733224,34.33798270 -111.42734751,34.33795419 -111.42734751,34.33795419 -111.42736081,34.33790082 -111.42736081,34.33790082 -111.42736272,34.33787497 -111.42736272,34.33787497 -111.42736037,34.33784585 -111.42736037,34.33784585 -111.42733722,34.33777164 -111.42733722,34.33777164 -111.42732106,34.33773265 -111.42732106,34.33773265 -111.42728931,34.33765325 -111.42728931,34.33765325 -111.42727819,34.33761527 -111.42727819,34.33761527 -111.42726237,34.33754470 -111.42726237,34.33754470 -111.42725652,34.33751115 -111.42725652,34.33751115 -111.42725507,34.33744900 -111.42725507,34.33744900 -111.42727251,34.33738272 -111.42727251,34.33738272 -111.42730057,34.33730992 -111.42730057,34.33730992 -111.42733352,34.33723085 -111.42733352,34.33723085 -111.42737617,34.33715199 -111.42737617,34.33715199 -111.42739707,34.33711392 -111.42739707,34.33711392 -111.42741396,34.33707704 -111.42741396,34.33707704 -111.42743341,34.33700875 -111.42743341,34.33700875 -111.42743607,34.33697834 -111.42743607,34.33697834 -111.42743631,34.33694870 -111.42743631,34.33694870 -111.42743591,34.33688465 -111.42743591,34.33688465 -111.42743912,34.33681482 -111.42743912,34.33681482 -111.42744692,34.33674575 -111.42744692,34.33674575 -111.42745681,34.33667495 -111.42745681,34.33667495 -111.42745407,34.33659520 -111.42745407,34.33659520 -111.42741700,34.33650667 -111.42741700,34.33650667 -111.42740369,34.33646440 -111.42740369,34.33646440 -111.42735997,34.33638227 -111.42735997,34.33638227 -111.42734752,34.33633335 -111.42734752,34.33633335 -111.42734014,34.33628577 -111.42734014,34.33628577 -111.42733399,34.33616052 -111.42733399,34.33616052 -111.42732274,34.33610117 -111.42732274,34.33610117 -111.42729279,34.33600340 -111.42729279,34.33600340 -111.42723537,34.33588495 -111.42723537,34.33588495 -111.42719731,34.33583025 -111.42719731,34.33583025 -111.42717410,34.33578040 -111.42717410,34.33578040 -111.42714457,34.33571697 -111.42714457,34.33571697 -111.42713716,34.33560627 -111.42713716,34.33560627 -111.42714451,34.33555747 -111.42714451,34.33555747 -111.42716817,34.33545012 -111.42716817,34.33545012 -111.42717886,34.33532655 -111.42717886,34.33532655 -111.42722117,34.33520927 -111.42722117,34.33520927 -111.42724695,34.33510806 -111.42724695,34.33510806 -111.42725180,34.33506323 -111.42725180,34.33506323 -111.42724947,34.33496675 -111.42724947,34.33496675 -111.42724411,34.33490532 -111.42724411,34.33490532 -111.42725682,34.33477375 -111.42725682,34.33477375 -111.42725797,34.33465669 -111.42725797,34.33465669 -111.42726490,34.33455105 -111.42726490,34.33455105 -111.42727977,34.33450322 -111.42727977,34.33450322 -111.42731207,34.33442519 -111.42731207,34.33442519 -111.42732364,34.33440023 -111.42732364,34.33440023 -111.42735161,34.33414204 -111.42735161,34.33414204 -111.42775912,34.33411667 -111.42775912,34.33411667 -111.42807466,34.33414157 -111.42807466,34.33414157 -111.42830601,34.33417652 -111.42830601,34.33417652 -111.42861209,34.33426483 -111.42861209,34.33426483 -111.42893978,34.33436770 -111.42893978,34.33436770 -111.42940668,34.33449120 -111.42940668,34.33449120 -111.42986948,34.33457896 -111.42986948,34.33457896 -111.43032042,34.33464564 -111.43032042,34.33464564 -111.43099870,34.33472939 -111.43099870,34.33472939 -111.43160056,34.33480853 -111.43160056,34.33480853 -111.43224947,34.33489400 -111.43224947,34.33489400 -111.43284011,34.33497207 -111.43284011,34.33497207 -111.43287798,34.33497721 -111.43287798,34.33497721 -111.43289258,34.33494484 -111.43289258,34.33494484 -111.43290415,34.33491324 -111.43290415,34.33491324 -111.43291798,34.33487632 -111.43291798,34.33487632 -111.43293173,34.33483450 -111.43308974,34.33446827 -111.43319703,34.33428359 -111.43319435,34.33412784 -111.43337406,34.33388753 -111.43340893,34.33375625 -111.43341697,34.33353820 -111.43344380,34.33336909 -111.43341161,34.33324004 -111.43327482,34.33317106 -111.43307365,34.33310208 -111.43311657,34.33299528 -111.43315143,34.33287068 -111.43311925,34.33276832 -111.43300928,34.33270602 -111.43283493,34.33263259 -111.43270887,34.33257251 -111.43248088,34.33241676 -111.43231727,34.33227213 -111.43230784,34.33225991 -111.43222071,34.33213862 -111.43221534,34.33212861 -111.43219389,34.33211637 -111.43218182,34.33198731 -111.43218316,34.33183044 -111.43218450,34.33162017 -111.43210269,34.33152227 -111.43203295,34.33145106 -111.43202222,34.33138765 -111.43205173,34.33127973 -111.43213622,34.33121965 -111.43221132,34.33114400 -111.43223948,34.33099491 -111.43222607,34.33089478 -111.43222607,34.33080689 -111.43221534,34.33070565 -111.43212817,34.33060551 -111.43205709,34.33051095 -111.43205978,34.33036186 -111.43208526,34.33026173 -111.43217511,34.33011598 -111.43226496,34.32996356 -111.43229179,34.32986565 -111.43222071,34.32975662 -111.43214024,34.32971879 -111.43208794,34.32960976 -111.43206916,34.32941617 -111.43205039,34.32927042 -111.43202222,34.32914581 -111.43189884,34.32904011 -111.43178351,34.32894999 -111.43155016,34.32887768 -111.43135704,34.32879868 -111.43122963,34.32869076 -111.43094264,34.32857950 -111.43090777,34.32857171 -111.43068648,34.32850718 -111.43045045,34.32841595 -111.43018089,34.32830358 -111.42996229,34.32818119 -111.42976515,34.32808328 -111.42975173,34.32807661 -111.42973832,34.32807104 -111.42967797,34.32797091 -111.42956800,34.32783962 -111.42944865,34.32773615 -111.42940573,34.32761932 -111.42936684,34.32747246 -111.42927832,34.32735230 -111.42908521,34.32714535 -111.42894707,34.32699515 -111.42882637,34.32688055 -111.42877005,34.32673257 -111.42860375,34.32641770 -111.42845086,34.32607501 -111.42833285,34.32585916 -111.42822690,34.32569671 -111.42796538,34.32553093 -111.42763413,34.32528615 -111.42733372,34.32515152 -111.42713792,34.32498907 -111.42703868,34.32469978 -111.42688311,34.32437489 -111.42666854,34.32400549 -111.42644323,34.32372510 -111.42622597,34.32337127 -111.42612941,34.32287279 -111.42594434,34.32216736 -111.42589874,34.32182910 -111.42595507,34.32148639 -111.42600335,34.32118596 -111.42589606,34.32096788 -111.42567880,34.32072753 -111.42549373,34.32053392 -111.42533280,34.32021346 -111.42504312,34.31988410 -111.42488487,34.31960592 -111.42486877,34.31940118 -111.42464079,34.31907181 -111.42445303,34.31870461 -111.42440475,34.31847317 -111.42448522,34.31835299 -111.42442353,34.31809484 -111.42414189,34.31789454 -111.42396755,34.31770315 -111.42393000,34.31753624 -111.42352230,34.31729144 -111.42319507,34.31705998 -111.42291344,34.31690643 -111.42269350,34.31670390 -111.42254866,34.31648135 -111.42229117,34.31629663 -111.42213560,34.31605183 -111.42200954,34.31580257 -111.42178692,34.31562007 -111.42156161,34.31542422 -111.42090112,34.31502752 -111.41924083,34.31443552 -111.41902893,34.31429976 -111.41873657,34.31421742 -111.41829669,34.31409279 -111.41589611,34.31316026 -111.41655325,34.31262389 -111.41699045,34.31235681 -111.41736060,34.31207861 -111.41756177,34.31195620 -111.41768246,34.31196065 -111.41810357,34.31203632 -111.41835302,34.31193394 -111.41946077,34.31163348 -111.42019569,34.31138866 -111.42056316,34.31118390 -111.42078846,34.31101030 -111.42095208,34.31081666 -111.42101645,34.31076770 -111.42127126,34.31078551 -111.42157971,34.31072986 -111.42191499,34.31054736 -111.42212152,34.31043162 -111.42260432,34.31021128 -111.42307370,34.30990859 -111.42340898,34.30969492 -111.42368257,34.30964818 -111.42416000,34.30977282 -111.42467498,34.30999984 -111.42519265,34.31030476 -111.42558962,34.31039601 -111.42594099,34.31035818 -111.42624408,34.31023354 -111.42654717,34.30998871 -111.42669469,34.30967934 -111.42676711,34.30937442 -111.42698973,34.30908062 -111.42723381,34.30892482 -111.42758786,34.30880909 -111.42779976,34.30876902 -111.42806261,34.30875567 -111.42785340,34.30850194 -111.42746716,34.30827269 -111.42705679,34.30808572 -111.42672419,34.30799892 -111.42647206,34.30778747 -111.42634667,34.30780750 -111.42618104,34.30780917 -111.42608113,34.30780417 -111.42603352,34.30771068 -111.42605699,34.30765615 -111.42611600,34.30757491 -111.42624542,34.30750146 -111.42636746,34.30747309 -111.42652839,34.30745305 -111.42670542,34.30742356 -111.42681673,34.30743692 -111.42695285,34.30740464 -111.42711445,34.30734956 -111.42729483,34.30731172 -111.42750941,34.30729669 -111.42775483,34.30729336 -111.42799355,34.30729558 -111.42815046,34.30723326 -111.42828323,34.30709415 -111.42836503,34.30702626 -111.42857156,34.30697841 -111.42868422,34.30696728 -111.42878212,34.30690385 -111.42880223,34.30666012 -111.42885454,34.30641751 -111.42889209,34.30612260 -111.42889879,34.30597013 -111.42887331,34.30579652 -111.42913751,34.30567298 -111.42938830,34.30558395 -111.42958141,34.30550494 -111.42982147,34.30543260 -111.43003337,34.30522114 -111.43021978,34.30504642 -111.43044106,34.30493735 -111.43053092,34.30468806 -111.43061675,34.30446993 -111.43076695,34.30437310 -111.43103651,34.30424400 -111.43130339,34.30419392 -111.43159039,34.30412937 -111.43189884,34.30408040 -111.43218048,34.30398024 -111.43256671,34.30386561 -111.43275447,34.30372649 -111.43281884,34.30363746 -111.43303208,34.30363523 -111.43321313,34.30353841 -111.43342502,34.30344047 -111.43361412,34.30322790 -111.43378712,34.30300754 -111.43395744,34.30286619 -111.43413983,34.30267811 -111.43445838,34.30236023 -111.43486197,34.30219825 -111.43514647,34.30224218 -111.43535488,34.30225316 -111.43555668,34.30219551 -111.43561953,34.30204177 -111.43584118,34.30174802 -111.43621500,34.30176723 -111.43669798,34.30176998 -111.43707511,34.30169860 -111.43760110,34.30140210 -111.43794184,34.30120718 -111.43821972,34.30108364 -111.43850092,34.30089146 -111.43886481,34.30040827 -111.43889127,34.30014471 -111.43875895,34.29969996 -111.43864647,34.29943365 -111.43850166,34.29930337 -111.43848644,34.29912651 -111.43867294,34.29889555 -111.43881188,34.29859904 -111.43895413,34.29829155 -111.43902029,34.29798954 -111.43907322,34.29773970 -111.43924855,34.29760243 -111.43935441,34.29744868 -111.43942058,34.29726748 -111.43958267,34.29706431 -111.44005243,34.29684193 -111.44032370,34.29662778 -111.44056188,34.29644108 -111.44068428,34.29622418 -111.44078683,34.29608416 -111.44105148,34.29594139 -111.44126320,34.29586177 -111.44141538,34.29567782 -111.44138561,34.29539777 -111.44144515,34.29516440 -111.44153778,34.29504634 -111.44168665,34.29502438 -111.44185205,34.29509027 -111.44202738,34.29509851 -111.44219941,34.29501339 -111.44226557,34.29487337 -111.44229865,34.29467843 -111.44208031,34.29456861 -111.44176604,34.29458234 -111.44142861,34.29451095 -111.44130952,34.29434896 -111.44124336,34.29392065 -111.44123012,34.29361588 -111.44109780,34.29334681 -111.44104487,34.29310794 -111.44120035,34.29281690 -111.44138230,34.29259451 -111.44163702,34.29235838 -111.44172634,34.29216344 -111.44168334,34.29204263 -111.44164033,34.29180650 -111.44185205,34.29157037 -111.44192814,34.29136170 -111.44199761,34.29113381 -111.44197776,34.29087296 -111.44185536,34.29062310 -111.44189175,34.29038972 -111.44198107,34.29020026 -111.44209355,34.28991470 -111.44223580,34.28957698 -111.44242995,34.28940058 -111.44251313,34.28924975 -111.44250706,34.28901135 -111.44255338,34.28879443 -111.44271878,34.28866813 -111.44280479,34.28839355 -111.44297682,34.28809975 -111.44325139,34.28780869 -111.44337379,34.28759177 -111.44317200,34.28745998 -111.44298674,34.28733092 -111.44280392,34.28710412 -111.44260300,34.28672684 -111.44246406,34.28653463 -111.44242105,34.28626004 -111.44241113,34.28605959 -111.44244421,34.28591955 -111.44234166,34.28559279 -111.44239459,34.28534017 -111.44252691,34.28524132 -111.44261954,34.28509853 -111.44255668,34.28491181 -111.44244090,34.28480472 -111.44246075,34.28457132 -111.44246075,34.28443128 -111.44253022,34.28426378 -111.44245744,34.28403861 -111.44227880,34.28392603 -111.44208362,34.28385738 -111.44192152,34.28376676 -111.44184544,34.28354159 -111.44174950,34.28324778 -111.44144184,34.28303908 -111.44123012,34.28295945 -111.44111103,34.28282764 -111.44090593,34.28269309 -111.44060819,34.28259149 -111.44026415,34.28253382 -111.44005243,34.28259698 -111.43990025,34.28280018 -111.43977124,34.28284137 -111.43959921,34.28281391 -111.43948012,34.28272879 -111.43936589,34.28264244 -111.43919816,34.28260184 -111.43888135,34.28266837 -111.43858362,34.28272879 -111.43822965,34.28279194 -111.43802124,34.28275075 -111.43786071,34.28253559 -111.43775328,34.28228394 -111.43760772,34.28216860 -111.43739269,34.28214389 -111.43706993,34.28217298 -111.43694279,34.28216586 -111.43670791,34.28189950 -111.43647303,34.28201208 -111.43621500,34.28210545 -111.43599666,34.28220156 -111.43587757,34.28233062 -111.43588418,34.28257776 -111.43585441,34.28287432 -111.43577502,34.28310224 -111.43548059,34.28333015 -111.43516632,34.28333565 -111.43494467,34.28333839 -111.43478919,34.28334388 -111.43456755,34.28336585 -111.43445507,34.28338233 -111.43438560,34.28331093 -111.43436244,34.28305556 -111.43423343,34.28306380 -111.43412095,34.28305556 -111.43387946,34.28283313 -111.43363796,34.28267387 -111.43350564,34.28245144 -111.43335016,34.28227295 -111.43314836,34.28214389 -111.43301241,34.28208565 -111.43307227,34.28190224 -111.43302265,34.28174023 -111.43290356,34.28161117 -111.43279439,34.28157821 -111.43267530,34.28152604 -111.43273154,34.28141620 -111.43278116,34.28125693 -111.43267861,34.28115258 -111.43254628,34.28107294 -111.43246688,34.28090818 -111.43235441,34.28070497 -111.43223602,34.28062087 -111.43210134,34.28059239 -111.43205337,34.28040154 -111.43213276,34.28011595 -111.43222208,34.27986056 -111.43236433,34.27964362 -111.43249997,34.27944865 -111.43272482,34.27926611 -111.43287276,34.27913512 -111.43287276,34.27912176 -111.43295859,34.27884122 -111.43295376,34.27882379 -111.43292343,34.27871424 -111.43285130,34.27845380 -111.43278156,34.27807974 -111.43274401,34.27772795 -111.43263136,34.27742959 -111.43255089,34.27726483 -111.43255089,34.27725147 -111.43256162,34.27706889 -111.43240605,34.27689076 -111.43238996,34.27689522 -111.43234704,34.27674381 -111.43234168,34.27673490 -111.43215392,34.27663248 -111.43199299,34.27653006 -111.43198763,34.27652115 -111.43182669,34.27633412 -111.43173013,34.27614263 -111.43177841,34.27600903 -111.43211101,34.27591106 -111.43243824,34.27582200 -111.43272792,34.27571957 -111.43273328,34.27571067 -111.43293176,34.27558152 -111.43313025,34.27549246 -111.43336628,34.27526980 -111.43360768,34.27503378 -111.43374716,34.27479775 -111.43382762,34.27466416 -111.43391345,34.27453946 -111.43392418,34.27433461 -111.43389736,34.27401843 -111.43390809,34.27383139 -111.43385444,34.27362654 -111.43373106,34.27346176 -111.43354331,34.27328808 -111.43335555,34.27313667 -111.43318926,34.27292736 -111.43318389,34.27291400 -111.43317853,34.27290064 -111.43317316,34.27289174 -111.43309806,34.27274477 -111.43309270,34.27273587 -111.43308733,34.27272696 -111.43308197,34.27271805 -111.43306587,34.27254437 -111.43306587,34.27253101 -111.43320535,34.27231280 -111.43340383,34.27216138 -111.43364523,34.27206341 -111.43384371,34.27197879 -111.43409584,34.27190754 -111.43420850,34.27191199 -111.43443380,34.27206341 -111.43469666,34.27216583 -111.43484150,34.27218365 -111.43502925,34.27225045 -111.43510972,34.27233952 -111.43530820,34.27241077 -111.43557106,34.27250429 -111.43581782,34.27254437 -111.43599485,34.27262453 -111.43622552,34.27265571 -111.43638108,34.27268688 -111.43664931,34.27283384 -111.43687461,34.27284720 -111.43731986,34.27290064 -111.43731986,34.27288728 -111.43763099,34.27296299 -111.43777583,34.27304760 -111.43823717,34.27316784 -111.43849467,34.27324355 -111.43884872,34.27331926 -111.43910084,34.27331035 -111.43937979,34.27330145 -111.43961046,34.27329254 -111.43975530,34.27328363 -111.44005035,34.27303424 -111.44035075,34.27284275 -111.44047414,34.27269579 -111.44064043,34.27259781 -111.44081746,34.27253547 -111.44100521,34.27250875 -111.44126271,34.27257109 -111.44141291,34.27265571 -111.44155238,34.27267352 -111.44174550,34.27261117 -111.44195471,34.27251765 -111.44218538,34.27247757 -111.44218002,34.27246867 -111.44236778,34.27248648 -111.44261454,34.27257555 -111.44282375,34.27262008 -111.44303833,34.27273142 -111.44329046,34.27276259 -111.44353185,34.27285166 -111.44364987,34.27288283 -111.44382153,34.27289619 -111.44405220,34.27303425 -111.44426678,34.27311441 -111.44439553,34.27315894 -111.44467447,34.27308769 -111.44490514,34.27301198 -111.44509826,34.27296744 -111.44510899,34.27296299 -111.44511436,34.27294963 -111.44511972,34.27294072 -111.44542549,34.27290064 -111.44579027,34.27280267 -111.44604240,34.27256664 -111.44642864,34.27222818 -111.44680951,34.27190308 -111.44681488,34.27189418 -111.44705091,34.27176503 -111.44705628,34.27175612 -111.44724940,34.27167151 -111.44747470,34.27157353 -111.44767855,34.27139985 -111.44785557,34.27099458 -111.44816671,34.27072292 -111.44837056,34.27053142 -111.44864414,34.27028202 -111.44865487,34.27027757 -111.44883190,34.26998364 -111.44898210,34.26979659 -111.44914840,34.26964517 -111.44928787,34.26950711 -111.44941126,34.26923099 -111.44942198,34.26921318 -111.44970093,34.26890143 -111.44984041,34.26860749 -111.45021592,34.26831355 -111.45058070,34.26809978 -111.45089184,34.26785037 -111.45106350,34.26760988 -111.45121370,34.26744955 -111.45175014,34.26728031 -111.45203982,34.26700418 -111.45224367,34.26678149 -111.45226513,34.26676368 -111.45243679,34.26658553 -111.45282303,34.26648755 -111.45325218,34.26648755 -111.45374571,34.26646973 -111.45400320,34.26635394 -111.45434652,34.26610453 -111.45456110,34.26606890 -111.45476495,34.26611344 -111.45481859,34.26592638 -111.45479713,34.26562353 -111.45479713,34.26542756 -111.45478640,34.26540974 -111.45502244,34.26519596 -111.45512973,34.26486638 -111.45514045,34.26448336 -111.45511900,34.26393108 -111.45524774,34.26368167 -111.45521556,34.26327191 -111.45518337,34.26306703 -111.45537649,34.26271963 -111.45564471,34.26230096 -111.45597730,34.26176648 -111.45622407,34.26129436 -111.45624552,34.26128545 -111.45625625,34.26126764 -111.45626698,34.26124982 -111.45644937,34.26069753 -111.45656739,34.26043919 -111.45721112,34.25999379 -111.45770465,34.25950384 -111.45817672,34.25903171 -111.45850931,34.25880009 -111.45880972,34.25865756 -111.45905648,34.25846158 -111.45951782,34.25832795 -111.45970021,34.25821215 -111.45998989,34.25790036 -111.46035467,34.25779345 -111.46056925,34.25763310 -111.46081601,34.25744603 -111.46125589,34.25737476 -111.46160994,34.25735694 -111.46172796,34.25720550 -111.46186743,34.25687589 -111.46187816,34.25684916 -111.46203910,34.25654628 -111.46240388,34.25621666 -111.46265064,34.25601177 -111.46330510,34.25571778 -111.46366988,34.25546834 -111.46404539,34.25524563 -111.46434580,34.25509418 -111.46434580,34.25506746 -111.46452819,34.25485365 -111.46461402,34.25459530 -111.46456037,34.25417659 -111.46442090,34.25374006 -111.46422778,34.25346389 -111.46417413,34.25313426 -111.46433507,34.25285808 -111.46467839,34.25265318 -111.46531139,34.25262645 -111.46589075,34.25246609 -111.46637355,34.25224337 -111.46653448,34.25200283 -111.46650229,34.25158411 -111.46664177,34.25106738 -111.46679197,34.25056847 -111.46688853,34.24994483 -111.46710311,34.24935682 -111.46717821,34.24885790 -111.46714602,34.24850153 -111.46695290,34.24802933 -111.46689926,34.24767296 -111.46687780,34.24731658 -111.46689926,34.24729876 -111.46689926,34.24727203 -111.46684561,34.24678201 -111.46687780,34.24643454 -111.46692072,34.24625635 -111.46689926,34.24623853 -111.46686707,34.24598015 -111.46696363,34.24557031 -111.46700655,34.24491099 -111.46716748,34.24426949 -111.46743570,34.24381508 -111.46760736,34.24358343 -111.46759663,34.24356561 -111.46765028,34.24302210 -111.46765028,34.24263898 -111.46840130,34.24205092 -111.46907721,34.24151631 -111.46940981,34.24107081 -111.46976386,34.24080350 -111.47013937,34.24024216 -111.47040759,34.24001049 -111.47052561,34.23964072 -111.47067581,34.23915956 -111.47067581,34.23913283 -111.47067581,34.23910610 -111.47104059,34.23854475 -111.47104059,34.23851802 -111.47140537,34.23814378 -111.47168432,34.23780518 -111.47189890,34.23741312 -111.47189890,34.23738639 -111.47221003,34.23713689 -111.47238169,34.23674483 -111.47280012,34.23624583 -111.47312198,34.23599633 -111.47370134,34.23583594 -111.47419487,34.23535476 -111.47464548,34.23465081 -111.47479568,34.23391121 -111.47475277,34.23341220 -111.47472058,34.23292209 -111.47480641,34.23265476 -111.47494589,34.23245872 -111.47505317,34.23219139 -111.47512828,34.23141612 -111.47516046,34.23118443 -111.47493516,34.23097947 -111.47470985,34.23079233 -111.47454892,34.23036459 -111.47446309,34.22983883 -111.47445236,34.22932197 -111.47442017,34.22879619 -111.47453819,34.22840409 -111.47476350,34.22798525 -111.47519265,34.22766443 -111.47555743,34.22734362 -111.47596513,34.22710300 -111.47632991,34.22672871 -111.47698436,34.22600686 -111.47720967,34.22553454 -111.47727136,34.22527833 -111.47724990,34.22509564 -111.47723917,34.22508673 -111.47723381,34.22507782 -111.47722308,34.22507336 -111.47721772,34.22485948 -111.47729818,34.22460994 -111.47734110,34.22440051 -111.47727673,34.22429803 -111.47706215,34.22434259 -111.47677783,34.22440497 -111.47654180,34.22453419 -111.47631113,34.22460103 -111.47613410,34.22460994 -111.47595171,34.22445844 -111.47588734,34.22421336 -111.47583370,34.22398165 -111.47581760,34.22379004 -111.47599463,34.22358952 -111.47605900,34.22336672 -111.47608582,34.22309045 -111.47629504,34.22275179 -111.47629504,34.22273842 -111.47630577,34.22272951 -111.47654180,34.22240422 -111.47682611,34.22205219 -111.47702460,34.22184275 -111.47723381,34.22149072 -111.47723917,34.22148181 -111.47745375,34.22108522 -111.47764687,34.22088915 -111.47790973,34.22055048 -111.47808139,34.22015833 -111.47817258,34.21984194 -111.47814040,34.21963250 -111.47807066,34.21946762 -111.47822086,34.21917351 -111.47844080,34.21878137 -111.47877340,34.21847389 -111.47906844,34.21814858 -111.47918646,34.21784555 -111.47911136,34.21724840 -111.47781853,34.21720829 -111.47781853,34.21719492 -111.47745375,34.21677603 -111.47743229,34.21657995 -111.47694413,34.21679385 -111.47610728,34.21740437 -111.47611265,34.21739546 -111.47545819,34.21782772 -111.47502903,34.21793913 -111.47472326,34.21809064 -111.47466425,34.21809513 -111.47438530,34.21825556 -111.47382740,34.21903986 -111.47273306,34.21944983 -111.47155289,34.21991328 -111.47093062,34.22012718 -111.46957879,34.22018065 -111.46824841,34.22035890 -111.46691803,34.22007370 -111.46623139,34.21939636 -111.46578078,34.21861206 -111.46554474,34.21775645 -111.46558766,34.21684736 -111.46537308,34.21620564 -111.46528725,34.21577783 -111.46537308,34.21504697 -111.46537308,34.21504697 -111.46464352,34.21511827 -111.46417145,34.21529653 -111.46384959,34.21552827 -111.46361355,34.21595608 -111.46361355,34.21595608 -111.46318440,34.21586696 -111.46327023,34.21527871 -111.46331315,34.21428046 -111.46279816,34.21371002 -111.46206860,34.21347828 -111.46110301,34.21319306 -111.46056656,34.21296132 -111.45981554,34.21294350 -111.45893578,34.21299698 -111.45839934,34.21319306 -111.45784144,34.21378133 -111.45721917,34.21476176 -111.45666127,34.21520740 -111.45573859,34.21579565 -111.45533089,34.21625912 -111.45473008,34.21641955 -111.45380740,34.21643737 -111.45282034,34.21604521 -111.45221953,34.21613434 -111.45140414,34.21631260 -111.45046000,34.21611651 -111.44953732,34.21524305 -111.44885067,34.21494002 -111.44764904,34.21510045 -111.44687657,34.21531436 -111.44612555,34.21629477 -111.44475226,34.21723952 -111.44370083,34.21793471 -111.44262795,34.21873684 -111.44131903,34.21961026 -111.44076113,34.21989546 -111.43981699,34.22003805 -111.43880848,34.22046585 -111.43758540,34.22087581 -111.43636231,34.22137490 -111.43531088,34.22128578 -111.43430237,34.22153532 -111.43372302,34.22132143 -111.43333678,34.22089364 -111.43211369,34.22132143 -111.43089060,34.22100059 -111.42996792,34.22094711 -111.42895941,34.22101841 -111.42827277,34.22112536 -111.42752175,34.22108971 -111.42694239,34.22121448 -111.42554764,34.22105406 -111.42438893,34.22082234 -111.42372374,34.22051932 -111.42316584,34.22044802 -111.42265086,34.22075104 -111.42245774,34.22117883 -111.42226462,34.22164227 -111.42189984,34.22174922 -111.42114882,34.22190964 -111.42076258,34.22253349 -111.42054800,34.22313951 -111.41953949,34.22353164 -111.41846661,34.22331775 -111.41722207,34.22290779 -111.41690020,34.22272955 -111.41595606,34.22281867 -111.41524796,34.22278302 -111.41445403,34.22280085 -111.41284470,34.22248001 -111.41132121,34.22215918 -111.40992646,34.22166009 -111.40885357,34.22130360 -111.40838150,34.22085799 -111.40769486,34.22051932 -111.40614991,34.22050150 -111.40406851,34.22035890 -111.40224461,34.21978851 -111.40095715,34.21891509 -111.40020613,34.21818426 -111.39966969,34.21782776 -111.39848952,34.21780993 -111.39767413,34.21759603 -111.39700894,34.21736430 -111.39657979,34.21695432 -111.39625792,34.21670476 -111.39529232,34.21691867 -111.39439110,34.21715040 -111.39364008,34.21763168 -111.39331822,34.21820209 -111.39301781,34.21852294 -111.39248137,34.21852294 -111.39203076,34.21813079 -111.39153723,34.21782776 -111.39097933,34.21763168 -111.39072184,34.21711474 -111.39022831,34.21665128 -111.38962750,34.21633042 -111.38913397,34.21638390 -111.38840441,34.21657998 -111.38815635,34.21661286 -111.38775938,34.21674655 -111.38721221,34.21693372 -111.38664358,34.21722783 -111.38627880,34.21761999 -111.38609641,34.21798541 -111.38606232,34.21797922 </coordinates>
</LineString>
</Placemark>
<Placemark>
<name>AZAT-08 Border Line</name>
<LookAt>
<longitude>-110.13437828</longitude>
<latitude>34.24292250</latitude>
<range>31571</range>
</LookAt>
<styleUrl>#Line_Forest_Service_Rd_level_2_or_higher_e6e6fa_04</styleUrl>
<ExtendedData>
<Data name="Type">
<value>Forest Service Rd level 2 or higher</value>
</Data>
<Data name="Name on GPS">
<value>AZAT08-Border Line</value>
</Data>
<Data name="Total Distance">
<value>26.0 mi</value>
</Data>
<Data name="Number of Trackpoints">
<value>963</value>
</Data>
</ExtendedData>
<LineString>
<coordinates>-110.30289856,34.23308738 -110.30281500,34.23296900 -110.30275900,34.23281700 -110.30268900,34.23261700 -110.30265500,34.23242600 -110.30265000,34.23216300 -110.30263400,34.23185000 -110.30263300,34.23156400 -110.30261600,34.23143800 -110.30258500,34.23132800 -110.30255000,34.23122900 -110.30247900,34.23105000 -110.30233400,34.23083100 -110.30163900,34.22975300 -110.30129700,34.22921800 -110.30079900,34.22858800 -110.30033700,34.22805800 -110.29993200,34.22759600 -110.29970800,34.22739300 -110.29920700,34.22684300 -110.29871400,34.22631400 -110.29830800,34.22587800 -110.29803400,34.22561400 -110.29767800,34.22524200 -110.29721200,34.22473800 -110.29694300,34.22444100 -110.29671900,34.22419600 -110.29649800,34.22397400 -110.29623400,34.22376600 -110.29587000,34.22347200 -110.29550600,34.22319800 -110.29523500,34.22298500 -110.29482500,34.22270500 -110.29456900,34.22253700 -110.29414100,34.22224500 -110.29372700,34.22195300 -110.29320600,34.22156600 -110.29295500,34.22138800 -110.29256700,34.22111100 -110.29210800,34.22084000 -110.29181100,34.22071000 -110.29143200,34.22056200 -110.29084100,34.22035000 -110.28891500,34.21970900 -110.28756800,34.21935000 -110.28600200,34.21895900 -110.28544700,34.21878600 -110.28431700,34.21842100 -110.28386900,34.21831100 -110.28344600,34.21822800 -110.28040000,34.21797800 -110.28278700,34.21809600 -110.28257700,34.21805900 -110.28238300,34.21803400 -110.28212100,34.21802400 -110.28145700,34.21801100 -110.28040000,34.21797700 -110.28016500,34.21798500 -110.27994600,34.21799000 -110.27835000,34.21775800 -110.27968800,34.21795800 -110.27938600,34.21790000 -110.27908900,34.21785600 -110.27873400,34.21781300 -110.27835000,34.21775700 -110.27768200,34.21766400 -110.27621100,34.21741300 -110.27585100,34.21737200 -110.27435200,34.21717500 -110.27413500,34.21715300 -110.27393000,34.21714300 -110.27373600,34.21713900 -110.27352800,34.21713800 -110.27328400,34.21715100 -110.27301400,34.21717900 -110.27229200,34.21725300 -110.27154600,34.21732300 -110.27100700,34.21735800 -110.27038800,34.21740800 -110.26979500,34.21746400 -110.26935600,34.21748900 -110.26905700,34.21749900 -110.26602600,34.21740600 -110.26763200,34.21741300 -110.26675800,34.21737800 -110.26648100,34.21739100 -110.26608300,34.21740400 -110.26602600,34.21740600 -110.26355700,34.21769600 -110.26570700,34.21741900 -110.26542400,34.21744100 -110.26468700,34.21752300 -110.26412500,34.21759500 -110.26355700,34.21769600 -110.26186100,34.21805200 -110.26094400,34.21827300 -110.26004300,34.21846200 -110.25957500,34.21854900 -110.25908100,34.21865000 -110.25812800,34.21880200 -110.25745800,34.21892600 -110.25732800,34.21895000 -110.25693200,34.21901000 -110.25671700,34.21902900 -110.25629600,34.21906300 -110.25565500,34.21912100 -110.25509400,34.21919000 -110.25473100,34.21925000 -110.25423500,34.21931900 -110.25370100,34.21939900 -110.25285200,34.21953400 -110.25177500,34.21970600 -110.25029500,34.21992800 -110.24966900,34.22002100 -110.24908300,34.22009500 -110.24885600,34.22014500 -110.24861800,34.22020300 -110.24846400,34.22025000 -110.24834900,34.22025500 -110.24822700,34.22024500 -110.24804400,34.22017300 -110.24791200,34.22012400 -110.24777200,34.22008700 -110.24756400,34.22004100 -110.24737800,34.22001900 -110.24702100,34.21999600 -110.24620600,34.21993200 -110.24550300,34.21988000 -110.24512400,34.21985300 -110.24481900,34.21984500 -110.24430200,34.21984500 -110.24381000,34.21985700 -110.24338100,34.21986900 -110.24172500,34.22000900 -110.24297200,34.21988200 -110.24262300,34.21989800 -110.24230700,34.21993700 -110.24187400,34.21998800 -110.24172600,34.22000800 -110.24107200,34.22007300 -110.24001000,34.22019800 -110.23985200,34.22021400 -110.23972300,34.22024100 -110.23960000,34.22027000 -110.23946000,34.22032200 -110.23919100,34.22047900 -110.23877900,34.22071500 -110.23833200,34.22096500 -110.23743100,34.22150900 -110.23699100,34.22173900 -110.23658700,34.22192400 -110.23613300,34.22211200 -110.23560700,34.22232700 -110.23528400,34.22248000 -110.23500600,34.22262400 -110.23488000,34.22269500 -110.23486400,34.22270700 -110.23426100,34.22311800 -110.23377500,34.22355000 -110.23358000,34.22377800 -110.23350700,34.22389100 -110.23344000,34.22406700 -110.23338500,34.22419200 -110.23327600,34.22434300 -110.23316400,34.22443800 -110.23298400,34.22451700 -110.23279300,34.22457600 -110.23255200,34.22466700 -110.23236800,34.22478200 -110.23190800,34.22521200 -110.23181900,34.22530600 -110.23171000,34.22543400 -110.23164800,34.22557100 -110.23159200,34.22574300 -110.23154400,34.22596100 -110.23149100,34.22622000 -110.23144200,34.22642300 -110.23140700,34.22677100 -110.23137800,34.22719500 -110.23139300,34.22757400 -110.23137700,34.22772900 -110.23136100,34.22791300 -110.23141500,34.22821200 -110.23145500,34.22856700 -110.23145400,34.22874900 -110.23144100,34.22893400 -110.23136100,34.22909400 -110.23126900,34.22924900 -110.23120700,34.22938300 -110.23117400,34.22953500 -110.23119000,34.22970500 -110.23142000,34.23050600 -110.23146800,34.23068800 -110.23148100,34.23085200 -110.23145100,34.23101000 -110.23131300,34.23120000 -110.23112600,34.23144900 -110.23013700,34.23277000 -110.22916900,34.23391300 -110.22894400,34.23418500 -110.22878100,34.23439000 -110.22864200,34.23464300 -110.22856100,34.23485100 -110.22850200,34.23506300 -110.22847200,34.23521500 -110.22839100,34.23538400 -110.22826700,34.23555000 -110.22809700,34.23571900 -110.22796100,34.23584900 -110.22781800,34.23600400 -110.22756200,34.23626500 -110.22725400,34.23659700 -110.22680500,34.23701400 -110.22641800,34.23731900 -110.22551300,34.23789800 -110.22519500,34.23812000 -110.22489800,34.23836300 -110.22465600,34.23859400 -110.22445600,34.23878300 -110.22427100,34.23898200 -110.22407900,34.23920500 -110.22392300,34.23939400 -110.22379200,34.23958400 -110.22369000,34.23976600 -110.22354700,34.23998500 -110.22323600,34.24048200 -110.22307600,34.24068900 -110.22291200,34.24089700 -110.22270200,34.24110500 -110.22244000,34.24135000 -110.22216100,34.24157800 -110.22186400,34.24179700 -110.22152800,34.24204300 -110.22126500,34.24219300 -110.22025000,34.24272900 -110.21825900,34.24388900 -110.21801200,34.24401800 -110.21777000,34.24412100 -110.21752500,34.24422700 -110.21733000,34.24431000 -110.21713900,34.24438300 -110.21690200,34.24445600 -110.21666600,34.24451400 -110.21638500,34.24456300 -110.21613000,34.24459400 -110.21582800,34.24464000 -110.21549300,34.24466700 -110.21511600,34.24468900 -110.21484500,34.24471400 -110.21452500,34.24474800 -110.21423700,34.24475800 -110.21400800,34.24475800 -110.21388500,34.24475900 -110.21364100,34.24474200 -110.21355700,34.24472400 -110.21338400,34.24470100 -110.21327400,34.24468600 -110.21299400,34.24465100 -110.21190600,34.24461500 -110.21055100,34.24453700 -110.21007500,34.24452200 -110.20985300,34.24450600 -110.20969500,34.24450500 -110.20956200,34.24453400 -110.20934500,34.24460100 -110.20893800,34.24472400 -110.20851700,34.24486100 -110.20812700,34.24503200 -110.20694600,34.24559100 -110.20638600,34.24584600 -110.20628200,34.24588700 -110.20617100,34.24592100 -110.20604900,34.24594900 -110.20566100,34.24603900 -110.20522200,34.24613500 -110.20506900,34.24618400 -110.20489200,34.24626400 -110.20458200,34.24643800 -110.20426100,34.24660800 -110.20409100,34.24671500 -110.20399700,34.24679800 -110.20394500,34.24691400 -110.20389600,34.24715500 -110.20385100,34.24740500 -110.20381300,34.24756300 -110.20374700,34.24773900 -110.20365600,34.24789300 -110.20355700,34.24810100 -110.20342200,34.24837800 -110.20337400,34.24849400 -110.20335100,34.24857700 -110.20336800,34.24867900 -110.20340000,34.24875900 -110.20346000,34.24883400 -110.20354600,34.24890600 -110.20363500,34.24894600 -110.20376400,34.24898200 -110.20383900,34.24901000 -110.20387500,34.24905800 -110.20389200,34.24911200 -110.20394900,34.24922500 -110.20401600,34.24927900 -110.20418700,34.24943800 -110.20438300,34.24965100 -110.20454200,34.24988500 -110.20457400,34.24999300 -110.20456500,34.25009100 -110.20452900,34.25019500 -110.20448500,34.25024900 -110.20438800,34.25030800 -110.20430800,34.25036700 -110.20423500,34.25047700 -110.20417300,34.25057500 -110.20411800,34.25065500 -110.20408200,34.25073500 -110.20408800,34.25082800 -110.20414800,34.25094700 -110.20421500,34.25107900 -110.20428200,34.25116300 -110.20430300,34.25124100 -110.20431300,34.25133000 -110.20424400,34.25141600 -110.20409900,34.25152900 -110.20363000,34.25183000 -110.20342800,34.25198900 -110.20336800,34.25203600 -110.20321000,34.25211100 -110.20307489,34.25211011 -110.20305800,34.25211000 -110.20284100,34.25205500 -110.20270100,34.25200000 -110.20257100,34.25192700 -110.20237700,34.25179000 -110.20153500,34.25117200 -110.20134600,34.25101900 -110.20122300,34.25090800 -110.20113700,34.25079900 -110.20106200,34.25069100 -110.20076400,34.25046700 -110.20049900,34.25031700 -110.20013400,34.25020200 -110.19989400,34.25013800 -110.19962500,34.25006000 -110.19943900,34.25002500 -110.19909100,34.24997200 -110.19882900,34.24997300 -110.19852900,34.24998500 -110.19823300,34.25003200 -110.19791600,34.25009600 -110.19758100,34.25012600 -110.19730500,34.25008400 -110.19707000,34.24992600 -110.19689300,34.24981100 -110.19663800,34.24964500 -110.19642200,34.24955300 -110.19620600,34.24945400 -110.19602900,34.24940400 -110.19568400,34.24938500 -110.19546700,34.24935900 -110.19529000,34.24929200 -110.19517300,34.24913600 -110.19496900,34.24884000 -110.19489100,34.24876500 -110.19481300,34.24872700 -110.19465500,34.24864900 -110.19437000,34.24854900 -110.19413500,34.24844900 -110.19389800,34.24839800 -110.19372200,34.24836600 -110.19362200,34.24834700 -110.19334700,34.24832100 -110.19308000,34.24833600 -110.19285000,34.24830200 -110.19257800,34.24823400 -110.19234300,34.24808500 -110.19220600,34.24790400 -110.19214900,34.24770700 -110.19211200,34.24747700 -110.19210900,34.24720100 -110.19208100,34.24704600 -110.19201400,34.24689600 -110.19197800,34.24673300 -110.19194200,34.24659500 -110.19193700,34.24635700 -110.19189300,34.24618800 -110.19189500,34.24601800 -110.19186300,34.24596200 -110.19178300,34.24582400 -110.19174800,34.24559800 -110.19175000,34.24541700 -110.19175200,34.24516600 -110.19174000,34.24487800 -110.19175000,34.24455300 -110.19176900,34.24425400 -110.19177300,34.24410800 -110.19175000,34.24387800 -110.19170600,34.24364500 -110.19167000,34.24353300 -110.19160900,34.24320700 -110.19136700,34.24282600 -110.19115400,34.24249100 -110.19091700,34.24216800 -110.19082800,34.24204700 -110.19075700,34.24195100 -110.19057700,34.24131800 -110.19049200,34.24115000 -110.19035700,34.24100000 -110.19022200,34.24086700 -110.19004300,34.24072900 -110.18991500,34.24061500 -110.18973700,34.24046500 -110.18955900,34.24028500 -110.18938100,34.24013400 -110.18921700,34.23999000 -110.18903900,34.23983400 -110.18886100,34.23966600 -110.18866900,34.23952100 -110.18856600,34.23941300 -110.18836200,34.23924500 -110.18827800,34.23916600 -110.18817000,34.23910900 -110.18797000,34.23906300 -110.18780100,34.23904700 -110.18763900,34.23904600 -110.18740200,34.23908300 -110.18714600,34.23913500 -110.18693100,34.23916100 -110.18676200,34.23916200 -110.18658600,34.23915800 -110.18644200,34.23919000 -110.18630500,34.23930000 -110.18617800,34.23944800 -110.18603200,34.23963800 -110.18587100,34.23993100 -110.18578300,34.24005700 -110.18549300,34.24035300 -110.18496600,34.24060000 -110.18444700,34.24077600 -110.18403700,34.24092800 -110.18387800,34.24097500 -110.18378500,34.24096800 -110.18367700,34.24095500 -110.18352700,34.24091900 -110.18336900,34.24085800 -110.18323400,34.24077900 -110.18308400,34.24064100 -110.18296300,34.24050300 -110.18289300,34.24033000 -110.18282300,34.24018000 -110.18273100,34.24000600 -110.18262500,34.23986300 -110.18251100,34.23973100 -110.18235500,34.23956200 -110.18222600,34.23947200 -110.18201900,34.23939300 -110.18184000,34.23930900 -110.18156800,34.23923500 -110.18133100,34.23916200 -110.18105200,34.23907100 -110.18071000,34.23895200 -110.18047800,34.23886300 -110.18034700,34.23883000 -110.18030400,34.23882100 -110.18026000,34.23881100 -110.18012100,34.23881600 -110.17990100,34.23883700 -110.17963400,34.23889700 -110.17941800,34.23895600 -110.17920200,34.23900000 -110.17894500,34.23904800 -110.17866000,34.23909600 -110.17837900,34.23915500 -110.17819600,34.23918800 -110.17798400,34.23923600 -110.17789100,34.23925000 -110.17773700,34.23928200 -110.17762400,34.23981900 -110.17762400,34.23981900 -110.17762400,34.23981900 -110.17762400,34.23981900 -110.17762400,34.23981900 -110.17762400,34.23981900 -110.17762400,34.23981900 -110.17762400,34.23981900 -110.17762400,34.23981900 -110.17762400,34.23981900 -110.17762400,34.23981900 -110.17762400,34.23981900 -110.17762400,34.23981900 -110.17762400,34.23981900 -110.17762400,34.23981900 -110.17762400,34.23981900 -110.17762400,34.23981900 -110.17762400,34.23981900 -110.17762400,34.23981900 -110.17741200,34.24082600 -110.17729100,34.24126700 -110.17655800,34.24471600 -110.17646800,34.24518900 -110.17587800,34.24828100 -110.17564600,34.24892100 -110.17520200,34.24946900 -110.17488500,34.24990300 -110.17468900,34.25026600 -110.17462100,34.25035100 -110.17434800,34.25068600 -110.17405700,34.25087800 -110.17268100,34.25134400 -110.17225600,34.25150800 -110.17199200,34.25158200 -110.17181800,34.25158300 -110.17163100,34.25156000 -110.17132900,34.25141300 -110.17118600,34.25125500 -110.17109800,34.25109600 -110.17067400,34.25023400 -110.17030500,34.24981500 -110.16982000,34.24939900 -110.16960800,34.24931300 -110.16938900,34.24926900 -110.16921100,34.24925200 -110.16897400,34.24926500 -110.16863400,34.24936700 -110.16821900,34.24953700 -110.16804100,34.24975500 -110.16771800,34.25025400 -110.16747000,34.25045000 -110.16720500,34.25054800 -110.16686000,34.25056100 -110.16664500,34.25047200 -110.16626200,34.25025900 -110.16593300,34.24997300 -110.16571600,34.24969300 -110.16464500,34.24857900 -110.16403000,34.24799900 -110.16357700,34.24776800 -110.16330300,34.24772000 -110.16311900,34.24768800 -110.16243500,34.24773200 -110.16174500,34.24776800 -110.16118900,34.24766100 -110.16064000,34.24736700 -110.16036500,34.24706800 -110.15985200,34.24652000 -110.15932200,34.24627600 -110.15772800,34.24595400 -110.15623000,34.24557500 -110.15532400,34.24548600 -110.15354000,34.24531200 -110.15310300,34.24529500 -110.15271000,34.24541500 -110.15230000,34.24561100 -110.15194400,34.24583700 -110.15165900,34.24611500 -110.15097900,34.24641000 -110.15057800,34.24653600 -110.15024100,34.24666200 -110.14961600,34.24688500 -110.14952200,34.24692000 -110.14910400,34.24705800 -110.14891400,34.24712100 -110.14696900,34.24781500 -110.14579900,34.24819900 -110.14520200,34.24844000 -110.14424700,34.24909100 -110.14306000,34.24989100 -110.14266500,34.25014300 -110.14212000,34.25049300 -110.14141300,34.25087400 -110.14115600,34.25099600 -110.14098000,34.25105400 -110.14069000,34.25115200 -110.14041400,34.25121700 -110.14012200,34.25126400 -110.13987500,34.25129800 -110.13965000,34.25132100 -110.13942500,34.25131900 -110.13909600,34.25130700 -110.13817800,34.25119900 -110.13796400,34.25118900 -110.13781100,34.25119600 -110.13766200,34.25122800 -110.13754800,34.25125900 -110.13683900,34.25147600 -110.13664000,34.25153900 -110.13638300,34.25162100 -110.13619400,34.25166300 -110.13600500,34.25169100 -110.13579300,34.25170200 -110.13555800,34.25170800 -110.13536700,34.25169900 -110.13522500,34.25168800 -110.13505100,34.25166400 -110.13486000,34.25162300 -110.13470400,34.25158600 -110.13403600,34.25138900 -110.13368300,34.25129400 -110.13328100,34.25116600 -110.13316700,34.25113500 -110.13306100,34.25112100 -110.13293900,34.25111700 -110.13275200,34.25112300 -110.13243700,34.25114900 -110.13225500,34.25115500 -110.13202500,34.25114300 -110.13180600,34.25112400 -110.13155300,34.25107700 -110.13134600,34.25102600 -110.13112400,34.25095700 -110.13095100,34.25090700 -110.13074500,34.25086200 -110.13058800,34.25083700 -110.13044300,34.25083200 -110.13030900,34.25084200 -110.13014800,34.25087000 -110.12997900,34.25091200 -110.12851700,34.25136700 -110.12711800,34.25180800 -110.12573400,34.25227600 -110.12517900,34.25246900 -110.12494600,34.25258000 -110.12476900,34.25268600 -110.12452100,34.25288800 -110.12429500,34.25308200 -110.12386500,34.25347600 -110.12370400,34.25362000 -110.12360900,34.25369700 -110.12331000,34.25390400 -110.12297600,34.25410100 -110.12268600,34.25423700 -110.12202200,34.25455100 -110.12138400,34.25483600 -110.12105200,34.25496600 -110.12068800,34.25508500 -110.12033800,34.25516800 -110.11991100,34.25525400 -110.11946200,34.25530900 -110.11927300,34.25531900 -110.11910000,34.25531800 -110.11881800,34.25529400 -110.11856200,34.25524900 -110.11836600,34.25521500 -110.11781000,34.25512200 -110.11722200,34.25502500 -110.11662300,34.25494800 -110.11639700,34.25490900 -110.11617400,34.25486000 -110.11501500,34.25454800 -110.11442100,34.25439100 -110.11376800,34.25425600 -110.11366600,34.25424200 -110.11345400,34.25422900 -110.11331200,34.25423300 -110.11305400,34.25427400 -110.11279100,34.25433600 -110.11252300,34.25441400 -110.11197900,34.25458900 -110.11165900,34.25471200 -110.11075000,34.25510500 -110.11051500,34.25518700 -110.11034700,34.25521300 -110.11026900,34.25521000 -110.11026900,34.25521000 -110.11026900,34.25521000 -110.11026900,34.25521000 -110.11026900,34.25521000 -110.11026900,34.25521000 -110.11026900,34.25521000 -110.11026900,34.25521000 -110.11026900,34.25521000 -110.11026900,34.25521000 -110.11026900,34.25521000 -110.11026900,34.25521000 -110.11026900,34.25521000 -110.11026900,34.25521000 -110.11026900,34.25521000 -110.11026900,34.25521000 -110.11026900,34.25521000 -110.11026900,34.25521000 -110.11026900,34.25521000 -110.11026900,34.25521000 -110.11017500,34.25520700 -110.10962600,34.25510000 -110.10906700,34.25498900 -110.10877600,34.25495800 -110.10845900,34.25495100 -110.10813400,34.25496800 -110.10785500,34.25500200 -110.10757400,34.25511400 -110.10734000,34.25527800 -110.10631800,34.25634400 -110.10577700,34.25680200 -110.10560700,34.25693900 -110.10546500,34.25702800 -110.10530000,34.25710600 -110.10466400,34.25733900 -110.10425400,34.25743800 -110.10369300,34.25751100 -110.10336300,34.25757400 -110.10313900,34.25763500 -110.10300600,34.25768600 -110.10275200,34.25787800 -110.10262000,34.25805500 -110.10236400,34.25843600 -110.10195500,34.25894100 -110.10181000,34.25912100 -110.10170000,34.25931300 -110.10149500,34.25969300 -110.10122400,34.26025400 -110.10088800,34.26079700 -110.10081900,34.26093300 -110.10066400,34.26112700 -110.10044600,34.26134600 -110.10001100,34.26172100 -110.09969400,34.26199700 -110.09961800,34.26207500 -110.09952200,34.26219500 -110.09945800,34.26233000 -110.09944600,34.26242100 -110.09939800,34.26263500 -110.09934400,34.26285400 -110.09927400,34.26304500 -110.09915800,34.26325700 -110.09901400,34.26340100 -110.09889200,34.26350400 -110.09834400,34.26389800 -110.09787300,34.26435900 -110.09692300,34.26550300 -110.09550100,34.26697100 -110.09519800,34.26722100 -110.09459400,34.26742400 -110.09406500,34.26762700 -110.09366500,34.26796900 -110.09285700,34.26870700 -110.09277800,34.26843700 -110.09277800,34.26843700 -110.09277800,34.26843700 -110.09277800,34.26843700 -110.09277800,34.26843700 -110.09277800,34.26843700 -110.09277800,34.26843700 -110.09277800,34.26843700 -110.09277800,34.26843700 -110.09277800,34.26843700 -110.09277800,34.26843700 -110.09277800,34.26843700 -110.09277800,34.26843700 -110.09277800,34.26843700 -110.09277800,34.26843700 -110.09277800,34.26843700 -110.09277800,34.26843700 -110.09277800,34.26843700 -110.09277800,34.26843700 -110.09260600,34.26784800 -110.09223900,34.26672000 -110.09199900,34.26614300 -110.09097200,34.26409000 -110.09044500,34.26318400 -110.08935200,34.26125000 -110.08870300,34.26012500 -110.08689700,34.25694100 -110.08636200,34.25620500 -110.08589500,34.25563100 -110.08518200,34.25488700 -110.08422900,34.25409800 -110.08381200,34.25380700 -110.08323300,34.25342100 -110.08276000,34.25314600 -110.08213400,34.25280900 -110.08127300,34.25243000 -110.08042200,34.25212600 -110.07962200,34.25186800 -110.07693800,34.25098600 -110.07594600,34.25056500 -110.07513200,34.25014800 -110.07468300,34.24987300 -110.07459000,34.24981300 -110.07449900,34.24975400 -110.07401500,34.24944100 -110.07340900,34.24899000 -110.07270700,34.24840300 -110.07179400,34.24756800 -110.07093500,34.24679500 -110.07038600,34.24633500 -110.07001600,34.24607600 -110.06928000,34.24560000 -110.06886900,34.24538600 -110.06829500,34.24510900 -110.06765300,34.24484800 -110.06715800,34.24468800 -110.06663300,34.24454400 -110.06612900,34.24442300 -110.06503500,34.24418500 -110.06422300,34.24399900 -110.06330200,34.24377700 -110.06282100,34.24364300 -110.06230500,34.24345300 -110.06183800,34.24325900 -110.06173400,34.24321500 -110.06129300,34.24299900 -110.06084800,34.24276200 -110.06035800,34.24244600 -110.05988900,34.24211800 -110.05955700,34.24184300 -110.05934400,34.24166700 -110.05927900,34.24161300 -110.05870600,34.24109100 -110.05861500,34.24116100 -110.05861500,34.24116100 -110.05861500,34.24116100 -110.05861500,34.24116100 -110.05861500,34.24116100 -110.05861500,34.24116100 -110.05861500,34.24116100 -110.05861500,34.24116100 -110.05861500,34.24116100 -110.05861500,34.24116100 -110.05861500,34.24116100 -110.05861500,34.24116100 -110.05861500,34.24116100 -110.05861500,34.24116100 -110.05861500,34.24116100 -110.05861500,34.24116100 -110.05861500,34.24116100 -110.05861500,34.24116100 -110.05811800,34.24154100 -110.05792500,34.24168800 -110.05697800,34.24237600 -110.05635200,34.24279400 -110.05583100,34.24312800 -110.05503600,34.24363000 -110.05434700,34.24404100 -110.05391700,34.24429100 -110.05327400,34.24464500 -110.05251600,34.24504800 -110.05153900,34.24557300 -110.05082700,34.24596000 -110.05055900,34.24610600 -110.04997100,34.24642600 -110.04991000,34.24645900 -110.04914800,34.24687200 -110.04797600,34.24750800 -110.04776000,34.24762400 -110.04748000,34.24777400 -110.04702500,34.24801800 -110.04681700,34.24812900 -110.04664200,34.24822300 -110.04651600,34.24829100 -110.04629900,34.24840700 -110.04618800,34.24846700 -110.04593100,34.24860500 -110.04580200,34.24867600 -110.04557200,34.24880400 -110.04491100,34.24916800 -110.04374000,34.24979500 -110.04317300,34.25009700 -110.04294300,34.25021900 -110.04233200,34.25054700 -110.04197200,34.25074300 -110.04134200,34.25108100 -110.04112500,34.25120000 -110.04098100,34.25127800 -110.04080500,34.25137400 -110.04025000,34.25167200 -110.04021300,34.25169000 -110.03988000,34.25185000 -110.03984800,34.25186500 -110.03937600,34.25207000 -110.03888700,34.25225200 -110.03862000,34.25233600 -110.03836900,34.25241600 -110.03796900,34.25252100 -110.03777700,34.25257000 -110.03743500,34.25263700 -110.03720100,34.25268400 -110.03665600,34.25277100 -110.03610400,34.25285000 -110.03538600,34.25294100 -110.03371800,34.25320400 -110.03311100,34.25331000 -110.03216000,34.25348700 -110.03034600,34.25389000 -110.02871600,34.25433200 -110.02840800,34.25440800 -110.02763600,34.25462100 -110.02703300,34.25478200 -110.02513400,34.25527800 -110.02387500,34.25562600 -110.02262200,34.25597200 -110.02239300,34.25603400 -110.02212900,34.25610600 -110.02153300,34.25627400 -110.02131400,34.25632800 -110.02074200,34.25648600 -110.02001500,34.25667700 -110.01947100,34.25682000 -110.01915000,34.25690600 -110.01863900,34.25704400 -110.01807800,34.25719500 -110.01796300,34.25722600 -110.01796300,34.25722600 -110.01796300,34.25722600 -110.01796300,34.25722600 -110.01796300,34.25722600 -110.01796300,34.25722600 -110.01796300,34.25722600 -110.01796300,34.25722600 -110.01796300,34.25722600 -110.01796300,34.25722600 -110.01796300,34.25722600 -110.01796300,34.25722600 -110.01796300,34.25722600 -110.01796300,34.25722600 -110.01796300,34.25722600 -110.01796300,34.25722600 -110.01796300,34.25722600 -110.01796300,34.25722600 -110.01664100,34.25757600 -110.01621100,34.25768800 -110.01519200,34.25793600 -110.01446900,34.25809300 -110.01391000,34.25819100 -110.01233100,34.25845300 -110.01039400,34.25872900 -110.00903000,34.25892600 -110.00813200,34.25905100 -110.00770500,34.25911300 -110.00652000,34.25928300 -110.00430700,34.25958000 -110.00370200,34.25967200 -110.00342000,34.25971500 -110.00258200,34.25983400 -110.00059000,34.26012200 -109.99950500,34.26028100 -109.99893100,34.26036600 -109.99690800,34.26065400 -109.99537400,34.26087400 -109.99272100,34.26126400 -109.99129600,34.26146000 -109.99011400,34.26159900 -109.98963600,34.26163300 -109.98137600,34.26234800 -109.98131700,34.26233500 -109.97395905,34.26288733 -109.97311862,34.26296176 -109.97295100,34.26296300 -109.97289600,34.26248200 -109.97278500,34.26241300 -109.97209600,34.26239100 -109.97135100,34.26248200 -109.97055100,34.26246000 -109.96955800,34.26184200 -109.96908800,34.26133800 -109.96864700,34.26042200 -109.96737700,34.25911600 -109.96735000,34.25865800 -109.96710100,34.25842900 -109.96699100,34.25808600 -109.96654900,34.25794800 -109.96624600,34.25774200 -109.96604800,34.25756400 -109.96590000,34.25737200 -109.96585800,34.25722600 </coordinates>
</LineString>
</Placemark>
<Placemark>
<name>AZAT-23 Lone Pine Dam</name>
<LookAt>
<longitude>-110.11596142</longitude>
<latitude>34.30825984</latitude>
<range>32337</range>
</LookAt>
<styleUrl>#Line_Forest_Service_Rd_level_2_or_higher_000000_04</styleUrl>
<ExtendedData>
<Data name="Type">
<value>Forest Service Rd level 2 or higher</value>
</Data>
<Data name="Name on GPS">
<value>AZAT23-Lone Pine Dam</value>
</Data>
<Data name="Total Distance">
<value>35.6 mi</value>
</Data>
<Data name="Number of Trackpoints">
<value>3602</value>
</Data>
</ExtendedData>
<LineString>
<coordinates>-109.96513418,34.25721567 -109.96493569,34.25718894 -109.96475330,34.25721567 -109.96456018,34.25722012 -109.96434024,34.25722903 -109.96421150,34.25722903 -109.96397546,34.25714440 -109.96391109,34.25714440 -109.96382858,34.25710840 -109.96382858,34.25710840 -109.96356319,34.25687668 -109.96332446,34.25677045 -109.96308642,34.25669627 -109.96290218,34.25666769 -109.96258702,34.25668303 -109.96235828,34.25673525 -109.96221688,34.25675210 -109.96212945,34.25679644 -109.96204220,34.25682276 -109.96195444,34.25689417 -109.96176819,34.25702786 -109.96163635,34.25715300 -109.96154867,34.25721536 -109.96148321,34.25724185 -109.96139595,34.25726817 -109.96129814,34.25727638 -109.96111348,34.25727479 -109.96052717,34.25726079 -109.95908238,34.25728460 -109.95772518,34.25731813 -109.95740390,34.25754871 -109.95686528,34.25781769 -109.95595434,34.25822027 -109.95525009,34.25855613 -109.95450008,34.25926784 -109.95349400,34.26069528 -109.95256780,34.26232866 -109.95189959,34.26307515 -109.95186129,34.26320298 -109.95168485,34.26379139 -109.95200537,34.26451215 -109.95232883,34.26499360 -109.95255531,34.26546399 -109.95260987,34.26557732 -109.95267618,34.26571595 -109.95277357,34.26591955 -109.95315621,34.26614678 -109.95373221,34.26659061 -109.95412163,34.26716460 -109.95448440,34.26776022 -109.95486410,34.26804881 -109.95515085,34.26838048 -109.95546165,34.26889890 -109.95549778,34.26918447 -109.95534564,34.26973189 -109.95515730,34.26999366 -109.95501942,34.27045332 -109.95473552,34.27096671 -109.95465280,34.27124030 -109.95484675,34.27159309 -109.95508153,34.27184748 -109.95523525,34.27224386 -109.95547120,34.27239952 -109.95590539,34.27256783 -109.95659086,34.27271635 -109.95723685,34.27285348 -109.95773834,34.27292364 -109.95821209,34.27309228 -109.95839364,34.27337911 -109.95824578,34.27357541 -109.95792450,34.27390189 -109.95785435,34.27423046 -109.95762443,34.27465651 -109.95730181,34.27509271 -109.95689739,34.27572571 -109.95691842,34.27616484 -109.95706779,34.27691225 -109.95706595,34.27706270 -109.95712705,34.27713102 -109.95719310,34.27747300 -109.95719276,34.27749546 -109.95718966,34.27774734 -109.95716016,34.27799947 -109.95702513,34.27822880 -109.95683637,34.27852342 -109.95705538,34.27898618 -109.95728354,34.27977819 -109.95739577,34.28032788 -109.95757129,34.28109750 -109.95755285,34.28152531 -109.95777086,34.28175883 -109.95780070,34.28179077 -109.95775921,34.28194407 -109.95768872,34.28229460 -109.95764530,34.28260155 -109.95797262,34.28285670 -109.95851249,34.28303682 -109.95888205,34.28308393 -109.95923895,34.28308695 -109.95971479,34.28309097 -109.96017748,34.28309491 -109.96057386,34.28310924 -109.96133879,34.28325836 -109.96165185,34.28334486 -109.96167314,34.28338073 -109.96186391,34.28370251 -109.96186031,34.28399806 -109.96171136,34.28452863 -109.96106193,34.28523238 -109.96055701,34.28575994 -109.96054469,34.28676459 -109.96032231,34.28747186 -109.96017337,34.28800251 -109.96037898,34.28865437 -109.96044653,34.28895042 -109.96029910,34.28936290 -109.96029105,34.29001291 -109.96078508,34.29037166 -109.96234998,34.29050317 -109.96541005,34.29064726 -109.96548280,34.29065111 -109.96615830,34.29093232 -109.96654043,34.29107004 -109.96746588,34.29141051 -109.96790576,34.29170446 -109.96868419,34.29221358 -109.96903078,34.29247133 -109.97002495,34.29276997 -109.97090153,34.29292596 -109.97092970,34.29292621 -109.97144736,34.29293057 -109.97176345,34.29293635 -109.97215513,34.29294356 -109.97253751,34.29306007 -109.97342038,34.29340012 -109.97416746,34.29368243 -109.97449226,34.29362853 -109.97491320,34.29337724 -109.97552181,34.29312746 -109.97601843,34.29296887 -109.97606571,34.29289729 -109.97614877,34.29277173 -109.97633125,34.29249010 -109.97633502,34.29217863 -109.97633755,34.29197052 -109.97649680,34.29181900 -109.97658500,34.29181200 -109.97664600,34.29173100 -109.97664700,34.29172500 -109.97668000,34.29178300 -109.97674200,34.29182000 -109.97679200,34.29177200 -109.97681900,34.29171100 -109.97685500,34.29165400 -109.97692600,34.29161900 -109.97708200,34.29157600 -109.97724000,34.29152200 -109.97740200,34.29149400 -109.97756000,34.29151000 -109.97772500,34.29151800 -109.97789300,34.29149400 -109.97804900,34.29145900 -109.97820400,34.29140500 -109.97835700,34.29139900 -109.97842800,34.29142300 -109.97852800,34.29152400 -109.97857000,34.29165500 -109.97860700,34.29179000 -109.97866600,34.29191400 -109.97880100,34.29200300 -109.97895900,34.29202800 -109.97911200,34.29206800 -109.97920000,34.29218700 -109.97928500,34.29230900 -109.97940800,34.29241200 -109.97953800,34.29249700 -109.97967700,34.29257200 -109.97976100,34.29257000 -109.97988900,34.29248800 -109.97997900,34.29237500 -109.98003900,34.29225500 -109.98011200,34.29212700 -109.98022000,34.29202300 -109.98033700,34.29192600 -109.98044800,34.29183600 -109.98056700,34.29174700 -109.98068300,34.29165300 -109.98077700,34.29154000 -109.98086400,34.29143000 -109.98096300,34.29131600 -109.98107600,34.29122100 -109.98123400,34.29118800 -109.98138900,34.29116800 -109.98154500,34.29115200 -109.98168900,34.29109100 -109.98185100,34.29104900 -109.98197700,34.29096200 -109.98209700,34.29087600 -109.98223100,34.29080600 -109.98238100,34.29079200 -109.98252800,34.29082900 -109.98267900,34.29078900 -109.98282600,34.29071900 -109.98298000,34.29066900 -109.98314700,34.29065400 -109.98330700,34.29064800 -109.98345500,34.29059500 -109.98360600,34.29055500 -109.98376300,34.29056900 -109.98391800,34.29056800 -109.98406100,34.29051700 -109.98411700,34.29047500 -109.98418300,34.29043800 -109.98426100,34.29044700 -109.98439600,34.29051100 -109.98451300,34.29059500 -109.98458000,34.29063000 -109.98466000,34.29064400 -109.98482200,34.29062400 -109.98498500,34.29059100 -109.98515000,34.29057100 -109.98523100,34.29058500 -109.98529500,34.29062300 -109.98540900,34.29071400 -109.98556200,34.29075300 -109.98562000,34.29080000 -109.98566800,34.29085000 -109.98574400,34.29086200 -109.98591100,34.29083700 -109.98606800,34.29084500 -109.98622800,34.29088600 -109.98638800,34.29087000 -109.98654300,34.29084800 -109.98669100,34.29089500 -109.98684800,34.29093500 -109.98699200,34.29098600 -109.98713900,34.29104600 -109.98728000,34.29110300 -109.98742600,34.29116900 -109.98754300,34.29126900 -109.98767800,34.29132500 -109.98783900,34.29131000 -109.98799400,34.29133000 -109.98813800,34.29138900 -109.98829900,34.29136500 -109.98846200,34.29139400 -109.98861900,34.29141300 -109.98876900,34.29144700 -109.98886500,34.29155200 -109.98893500,34.29166800 -109.98899900,34.29170700 -109.98907900,34.29171100 -109.98915600,34.29172000 -109.98922700,34.29174900 -109.98929900,34.29177800 -109.98944600,34.29182400 -109.98952500,34.29184400 -109.98960400,34.29186200 -109.98975300,34.29189100 -109.98991400,34.29191900 -109.98999200,34.29193300 -109.99006700,34.29194500 -109.99014200,34.29195600 -109.99022000,34.29196900 -109.99029400,34.29199600 -109.99036300,34.29203700 -109.99036900,34.29204400 -109.99042200,34.29216500 -109.99048200,34.29229300 -109.99056400,34.29241300 -109.99066100,34.29251900 -109.99078500,34.29260700 -109.99091000,34.29268500 -109.99104600,34.29276800 -109.99119900,34.29283800 -109.99135600,34.29288600 -109.99159200,34.29294100 -109.99182700,34.29299700 -109.99208300,34.29305900 -109.99231600,34.29310500 -109.99255100,34.29315000 -109.99271000,34.29317200 -109.99287800,34.29318000 -109.99303300,34.29318400 -109.99327100,34.29320500 -109.99351600,34.29323600 -109.99377000,34.29326900 -109.99400100,34.29332200 -109.99423500,34.29340100 -109.99440200,34.29346100 -109.99464900,34.29355000 -109.99481700,34.29360800 -109.99505400,34.29369000 -109.99528300,34.29377500 -109.99543700,34.29384100 -109.99565300,34.29395000 -109.99581100,34.29401900 -109.99597000,34.29406400 -109.99613000,34.29409500 -109.99636500,34.29413700 -109.99661400,34.29418100 -109.99684800,34.29423100 -109.99700100,34.29425700 -109.99723800,34.29429300 -109.99747300,34.29433000 -109.99772600,34.29436900 -109.99797000,34.29440700 -109.99821700,34.29444600 -109.99847300,34.29448300 -109.99863600,34.29449400 -109.99880000,34.29447600 -109.99905000,34.29444300 -109.99930400,34.29438400 -109.99947200,34.29435300 -109.99962500,34.29431800 -109.99975700,34.29424200 -109.99982900,34.29411300 -109.99991000,34.29400300 -110.00005300,34.29393600 -110.00018900,34.29385700 -110.00030200,34.29376300 -110.00044800,34.29368400 -110.00058000,34.29360600 -110.00070200,34.29350900 -110.00080500,34.29340200 -110.00090200,34.29329600 -110.00101900,34.29319300 -110.00114900,34.29311300 -110.00129300,34.29305600 -110.00139700,34.29296300 -110.00153200,34.29289700 -110.00170100,34.29288900 -110.00195200,34.29281900 -110.00208900,34.29273700 -110.00219200,34.29261600 -110.00231100,34.29244100 -110.00241700,34.29227000 -110.00251600,34.29208500 -110.00260700,34.29196700 -110.00272900,34.29186900 -110.00285500,34.29178500 -110.00297300,34.29168600 -110.00307800,34.29157600 -110.00322400,34.29150300 -110.00337700,34.29149300 -110.00352600,34.29144800 -110.00364500,34.29136500 -110.00374700,34.29125700 -110.00387200,34.29118200 -110.00398200,34.29109000 -110.00408300,34.29097900 -110.00417700,34.29086400 -110.00427000,34.29074300 -110.00437600,34.29062600 -110.00449300,34.29052300 -110.00466500,34.29037100 -110.00484000,34.29020500 -110.00501600,34.29004000 -110.00520000,34.28989000 -110.00533200,34.28971600 -110.00544000,34.28952500 -110.00554800,34.28934600 -110.00567300,34.28916400 -110.00572900,34.28904000 -110.00578000,34.28891500 -110.00592900,34.28886600 -110.00607500,34.28881100 -110.00620200,34.28872500 -110.00633200,34.28863700 -110.00645800,34.28855700 -110.00659100,34.28848100 -110.00671800,34.28838800 -110.00681800,34.28828200 -110.00691200,34.28817900 -110.00699000,34.28806200 -110.00704500,34.28794200 -110.00710200,34.28782000 -110.00717500,34.28769400 -110.00724600,34.28757400 -110.00730700,34.28745600 -110.00738400,34.28733800 -110.00746800,34.28722600 -110.00755900,34.28710800 -110.00760700,34.28698500 -110.00761500,34.28685300 -110.00764600,34.28671600 -110.00768200,34.28665400 -110.00771000,34.28662400 -110.00777400,34.28658500 -110.00785100,34.28658400 -110.00792600,34.28657200 -110.00792900,34.28657100 -110.00800500,34.28657100 -110.00805700,34.28661700 -110.00808700,34.28674800 -110.00809800,34.28688300 -110.00811300,34.28702100 -110.00811500,34.28716200 -110.00811000,34.28730100 -110.00814900,34.28736100 -110.00822100,34.28747100 -110.00826300,34.28760200 -110.00832900,34.28773200 -110.00837800,34.28786600 -110.00842100,34.28799500 -110.00842900,34.28812400 -110.00845200,34.28826000 -110.00848700,34.28839300 -110.00855500,34.28851900 -110.00866500,34.28861800 -110.00872200,34.28873900 -110.00869300,34.28886500 -110.00870400,34.28899100 -110.00879200,34.28910200 -110.00890700,34.28920300 -110.00901000,34.28930000 -110.00905000,34.28942600 -110.00898200,34.28954200 -110.00891200,34.28966700 -110.00887300,34.28980100 -110.00885500,34.28993900 -110.00883500,34.29007400 -110.00884100,34.29020500 -110.00886500,34.29034200 -110.00885700,34.29047200 -110.00884200,34.29060200 -110.00892400,34.29072200 -110.00905500,34.29079700 -110.00919100,34.29088700 -110.00931900,34.29098100 -110.00941500,34.29108700 -110.00952900,34.29118400 -110.00963300,34.29128200 -110.00974900,34.29137400 -110.00983800,34.29148200 -110.00990600,34.29160100 -110.01003500,34.29168200 -110.01011200,34.29179100 -110.01013800,34.29192100 -110.01021800,34.29203100 -110.01032000,34.29214500 -110.01045100,34.29223200 -110.01069100,34.29231000 -110.01085200,34.29232100 -110.01099800,34.29226700 -110.01123300,34.29220600 -110.01147500,34.29218800 -110.01173300,34.29221600 -110.01196300,34.29228500 -110.01218200,34.29237600 -110.01233900,34.29244100 -110.01249900,34.29248200 -110.01265600,34.29245800 -110.01281100,34.29242800 -110.01296500,34.29238600 -110.01302400,34.29233900 -110.01313600,34.29224300 -110.01322400,34.29213500 -110.01329700,34.29200700 -110.01335800,34.29187500 -110.01344600,34.29176600 -110.01353800,34.29166100 -110.01362200,34.29153000 -110.01367500,34.29139700 -110.01369700,34.29126300 -110.01375900,34.29114000 -110.01384500,34.29102200 -110.01399000,34.29095300 -110.01414900,34.29094700 -110.01428400,34.29087800 -110.01437500,34.29076900 -110.01446800,34.29063800 -110.01456900,34.29051900 -110.01470600,34.29046000 -110.01486600,34.29046600 -110.01497500,34.29037400 -110.01503500,34.29025000 -110.01505800,34.29011000 -110.01511600,34.28998900 -110.01522300,34.28989100 -110.01521000,34.28982200 -110.01524200,34.28970100 -110.01534300,34.28959000 -110.01542600,34.28947300 -110.01556600,34.28940700 -110.01572800,34.28936700 -110.01587300,34.28932300 -110.01602700,34.28927400 -110.01615500,34.28919700 -110.01625900,34.28909800 -110.01638500,34.28902100 -110.01651200,34.28893600 -110.01663000,34.28884600 -110.01676800,34.28878200 -110.01692400,34.28873900 -110.01714800,34.28868500 -110.01730600,34.28862500 -110.01747300,34.28860100 -110.01764800,34.28858900 -110.01781900,34.28859800 -110.01798500,34.28860000 -110.01813700,34.28863500 -110.01827400,34.28869600 -110.01844100,34.28872000 -110.01859600,34.28869000 -110.01875000,34.28870600 -110.01890700,34.28871100 -110.01900400,34.28861500 -110.01907200,34.28850000 -110.01910500,34.28844000 -110.01916100,34.28832200 -110.01918200,34.28818800 -110.01924600,34.28799400 -110.01927700,34.28785100 -110.01930400,34.28772200 -110.01935000,34.28759100 -110.01947700,34.28749900 -110.01961100,34.28743000 -110.01973700,34.28735300 -110.01986300,34.28727000 -110.01998500,34.28718600 -110.02010000,34.28710000 -110.02024700,34.28706000 -110.02039900,34.28708000 -110.02056000,34.28705600 -110.02080100,34.28701400 -110.02095600,34.28701100 -110.02110000,34.28707300 -110.02122000,34.28716200 -110.02137500,34.28719000 -110.02153400,34.28717400 -110.02165400,34.28707700 -110.02177600,34.28697500 -110.02193000,34.28690600 -110.02207500,34.28684700 -110.02222400,34.28678000 -110.02236200,34.28670300 -110.02257200,34.28660700 -110.02272300,34.28655400 -110.02284600,34.28646100 -110.02294600,34.28635500 -110.02309700,34.28630000 -110.02327300,34.28628500 -110.02344200,34.28625500 -110.02359800,34.28622300 -110.02376700,34.28623900 -110.02392500,34.28625200 -110.02408200,34.28622500 -110.02422300,34.28615900 -110.02439100,34.28615000 -110.02454900,34.28618500 -110.02472000,34.28620900 -110.02485900,34.28627500 -110.02492200,34.28631200 -110.02504700,34.28638600 -110.02517700,34.28646400 -110.02524000,34.28650100 -110.02537300,34.28656900 -110.02544400,34.28659400 -110.02552100,34.28661800 -110.02559600,34.28663700 -110.02566500,34.28666900 -110.02571300,34.28672100 -110.02577700,34.28676200 -110.02585700,34.28676600 -110.02593500,34.28676900 -110.02600100,34.28680500 -110.02605800,34.28684900 -110.02612300,34.28688500 -110.02619900,34.28690400 -110.02627400,34.28691800 -110.02639600,34.28699700 -110.02651500,34.28707500 -110.02663100,34.28717200 -110.02675900,34.28725300 -110.02686700,34.28735300 -110.02701100,34.28739300 -110.02716200,34.28736800 -110.02732200,34.28735600 -110.02747400,34.28731000 -110.02754900,34.28729800 -110.02768300,34.28736500 -110.02780100,34.28745900 -110.02795200,34.28750800 -110.02803400,34.28750100 -110.02810900,34.28749000 -110.02816700,34.28748900 -110.02824100,34.28751500 -110.02829100,34.28756300 -110.02833600,34.28761900 -110.02839900,34.28766200 -110.02847500,34.28768900 -110.02855300,34.28769800 -110.02871600,34.28769900 -110.02879800,34.28770500 -110.02887400,34.28771900 -110.02895300,34.28774000 -110.02901600,34.28775700 -110.02908800,34.28777900 -110.02916100,34.28780400 -110.02923700,34.28780600 -110.02928100,34.28775400 -110.02933400,34.28770600 -110.02938100,34.28767400 -110.02944200,34.28763100 -110.02950300,34.28758800 -110.02962200,34.28750400 -110.02975300,34.28742600 -110.02989800,34.28736000 -110.02997700,34.28736100 -110.03005300,34.28736700 -110.03012800,34.28734200 -110.03027500,34.28730500 -110.03034400,34.28729800 -110.03034400,34.28729800 -110.03049600,34.28730900 -110.03056100,34.28734900 -110.03060300,34.28740500 -110.03063800,34.28746100 -110.03068100,34.28751600 -110.03071600,34.28757300 -110.03074700,34.28763100 -110.03077800,34.28769100 -110.03080700,34.28775100 -110.03083700,34.28781300 -110.03086400,34.28787400 -110.03089100,34.28793500 -110.03094200,34.28806100 -110.03098800,34.28818300 -110.03101000,34.28824500 -110.03103000,34.28831100 -110.03104600,34.28837500 -110.03106300,34.28843800 -110.03108400,34.28850100 -110.03111700,34.28856400 -110.03118000,34.28869200 -110.03121500,34.28882500 -110.03127500,34.28895600 -110.03133500,34.28908500 -110.03139000,34.28920700 -110.03140500,34.28927100 -110.03143300,34.28940200 -110.03148100,34.28953000 -110.03154200,34.28966300 -110.03160200,34.28980300 -110.03165600,34.28993400 -110.03170700,34.29005900 -110.03175600,34.29018700 -110.03181100,34.29032000 -110.03186800,34.29045300 -110.03191200,34.29058900 -110.03195600,34.29071600 -110.03200500,34.29084600 -110.03205300,34.29097200 -110.03210500,34.29110000 -110.03217100,34.29122200 -110.03226100,34.29134100 -110.03232700,34.29145900 -110.03240300,34.29165700 -110.03247700,34.29185100 -110.03251900,34.29198800 -110.03255200,34.29212500 -110.03258800,34.29225500 -110.03263200,34.29238700 -110.03267800,34.29251100 -110.03272900,34.29263400 -110.03276600,34.29276200 -110.03280700,34.29288700 -110.03285200,34.29300900 -110.03292600,34.29319500 -110.03297300,34.29332000 -110.03301800,34.29346100 -110.03307600,34.29359600 -110.03317600,34.29378800 -110.03327800,34.29397300 -110.03333200,34.29410300 -110.03336600,34.29423500 -110.03338900,34.29436900 -110.03342500,34.29449800 -110.03347000,34.29462700 -110.03352600,34.29475600 -110.03358200,34.29488500 -110.03363800,34.29501300 -110.03369200,34.29514900 -110.03368200,34.29528300 -110.03367700,34.29542400 -110.03370100,34.29555100 -110.03375600,34.29560200 -110.03383300,34.29562600 -110.03391100,34.29562800 -110.03397400,34.29566500 -110.03400200,34.29572500 -110.03401700,34.29579200 -110.03405300,34.29591800 -110.03409800,34.29605300 -110.03417500,34.29625800 -110.03426300,34.29645100 -110.03435700,34.29665100 -110.03443900,34.29684900 -110.03451600,34.29705400 -110.03456400,34.29718100 -110.03461700,34.29731400 -110.03467200,34.29743800 -110.03470000,34.29749800 -110.03473300,34.29755900 -110.03476500,34.29762000 -110.03481500,34.29775000 -110.03486600,34.29788300 -110.03491700,34.29801200 -110.03496700,34.29814700 -110.03501400,34.29827400 -110.03508600,34.29846400 -110.03515900,34.29865600 -110.03524900,34.29884500 -110.03530300,34.29896600 -110.03535500,34.29909700 -110.03540400,34.29922900 -110.03545000,34.29935400 -110.03550600,34.29948000 -110.03552900,34.29954400 -110.03554200,34.29960900 -110.03558000,34.29973900 -110.03561900,34.29987100 -110.03566400,34.29999300 -110.03572400,34.30012000 -110.03578100,34.30024200 -110.03584400,34.30038000 -110.03589200,34.30051600 -110.03595900,34.30070900 -110.03603800,34.30091000 -110.03612700,34.30112100 -110.03621200,34.30133000 -110.03629300,34.30155400 -110.03635800,34.30175000 -110.03644500,34.30194800 -110.03653400,34.30214700 -110.03661900,34.30235900 -110.03668300,34.30255200 -110.03672200,34.30268400 -110.03676700,34.30281000 -110.03681400,34.30293400 -110.03684000,34.30299800 -110.03688900,34.30312200 -110.03694000,34.30325100 -110.03698600,34.30338100 -110.03703300,34.30352300 -110.03707900,34.30365600 -110.03715900,34.30385000 -110.03721600,34.30398300 -110.03730000,34.30417300 -110.03734800,34.30430100 -110.03739000,34.30443000 -110.03743800,34.30456300 -110.03749400,34.30468800 -110.03754200,34.30481400 -110.03760600,34.30495000 -110.03767200,34.30507400 -110.03773500,34.30520000 -110.03778500,34.30532700 -110.03782200,34.30545700 -110.03784500,34.30558800 -110.03785800,34.30572100 -110.03790700,34.30584300 -110.03795000,34.30597200 -110.03798300,34.30610000 -110.03804100,34.30622700 -110.03811100,34.30634400 -110.03813700,34.30640300 -110.03815500,34.30646700 -110.03821200,34.30659200 -110.03826200,34.30671800 -110.03831200,34.30684500 -110.03840600,34.30704100 -110.03849300,34.30723500 -110.03857300,34.30743500 -110.03864800,34.30762900 -110.03872700,34.30783000 -110.03880400,34.30803400 -110.03887900,34.30823700 -110.03895900,34.30844700 -110.03903600,34.30863500 -110.03909200,34.30876600 -110.03914900,34.30889700 -110.03920700,34.30903200 -110.03926300,34.30915600 -110.03935000,34.30934200 -110.03940700,34.30946200 -110.03946800,34.30959100 -110.03953300,34.30971500 -110.03955900,34.30977800 -110.03959900,34.30990700 -110.03964100,34.31004000 -110.03968300,34.31017600 -110.03972200,34.31030200 -110.03977200,34.31042800 -110.03982500,34.31055700 -110.03988200,34.31068600 -110.03994400,34.31082400 -110.04003000,34.31102000 -110.04009000,34.31116100 -110.04014600,34.31129700 -110.04019300,34.31142200 -110.04023400,34.31155300 -110.04027600,34.31168200 -110.04032500,34.31180700 -110.04037500,34.31193100 -110.04042800,34.31206200 -110.04047800,34.31219500 -110.04051400,34.31233100 -110.04056000,34.31245400 -110.04062200,34.31258300 -110.04068300,34.31270700 -110.04073600,34.31283200 -110.04077500,34.31295800 -110.04082500,34.31308500 -110.04087000,34.31321700 -110.04090000,34.31327600 -110.04095700,34.31340000 -110.04103300,34.31359500 -110.04107600,34.31372500 -110.04112400,34.31386200 -110.04117000,34.31398700 -110.04122000,34.31412100 -110.04127000,34.31425300 -110.04131700,34.31438400 -110.04136600,34.31451200 -110.04141700,34.31464300 -110.04146200,34.31476900 -110.04151200,34.31490000 -110.04156400,34.31503300 -110.04161400,34.31516300 -110.04166300,34.31528800 -110.04171800,34.31542000 -110.04177100,34.31554800 -110.04182700,34.31567700 -110.04189000,34.31579800 -110.04195400,34.31593100 -110.04200400,34.31605700 -110.04204500,34.31618600 -110.04208700,34.31632200 -110.04213100,34.31645200 -110.04218700,34.31658600 -110.04221700,34.31664500 -110.04225300,34.31670500 -110.04231300,34.31682600 -110.04235100,34.31695200 -110.04238200,34.31707900 -110.04242800,34.31720900 -110.04248100,34.31733600 -110.04252600,34.31746400 -110.04254600,34.31752800 -110.04256400,34.31759000 -110.04258100,34.31765600 -110.04260100,34.31771800 -110.04261200,34.31778200 -110.04262400,34.31784500 -110.04270100,34.31796700 -110.04278300,34.31808100 -110.04284900,34.31821500 -110.04289900,34.31835000 -110.04295300,34.31847200 -110.04301800,34.31859200 -110.04305100,34.31872100 -110.04308400,34.31885400 -110.04312700,34.31898400 -110.04318200,34.31910800 -110.04324700,34.31923900 -110.04327100,34.31937100 -110.04327200,34.31950000 -110.04331200,34.31963600 -110.04337700,34.31975600 -110.04347200,34.31987000 -110.04352500,34.31999400 -110.04355700,34.32012600 -110.04357900,34.32018900 -110.04364000,34.32031400 -110.04369900,34.32044100 -110.04375400,34.32056000 -110.04380700,34.32068400 -110.04386000,34.32081100 -110.04391400,34.32093600 -110.04395300,34.32106400 -110.04399300,34.32119400 -110.04404600,34.32132000 -110.04408100,34.32137800 -110.04411200,34.32144000 -110.04414500,34.32149700 -110.04416700,34.32153300 -110.04419000,34.32159400 -110.04421000,34.32165900 -110.04422900,34.32172100 -110.04424400,34.32178500 -110.04427100,34.32184600 -110.04429700,34.32190500 -110.04431400,34.32196800 -110.04433400,34.32203000 -110.04435400,34.32209100 -110.04439500,34.32214500 -110.04444600,34.32219400 -110.04448600,34.32224800 -110.04451500,34.32230900 -110.04452500,34.32237200 -110.04452800,34.32243600 -110.04454200,34.32250100 -110.04458200,34.32255600 -110.04460400,34.32261800 -110.04460600,34.32268200 -110.04460500,34.32274600 -110.04461600,34.32281000 -110.04463400,34.32287200 -110.04466600,34.32293000 -110.04470500,34.32298500 -110.04474400,34.32304200 -110.04478100,34.32309800 -110.04480800,34.32315800 -110.04481500,34.32322300 -110.04480500,34.32335000 -110.04481700,34.32341300 -110.04486000,34.32353900 -110.04491300,34.32366700 -110.04496200,34.32379600 -110.04501800,34.32392300 -110.04506800,34.32405600 -110.04513600,34.32424900 -110.04521000,34.32443600 -110.04528300,34.32463100 -110.04532800,34.32475500 -110.04538400,34.32488900 -110.04544200,34.32503500 -110.04549800,34.32517400 -110.04555400,34.32531400 -110.04560800,34.32545200 -110.04565100,34.32558600 -110.04569900,34.32571100 -110.04575500,34.32584000 -110.04583300,34.32602700 -110.04591900,34.32621800 -110.04597900,34.32635200 -110.04603100,34.32647700 -110.04607500,34.32660200 -110.04613000,34.32673400 -110.04619600,34.32686500 -110.04625500,34.32698400 -110.04629600,34.32711200 -110.04632900,34.32723900 -110.04636600,34.32736500 -110.04640800,34.32749300 -110.04645700,34.32762400 -110.04650600,34.32775700 -110.04656100,34.32789200 -110.04661200,34.32801900 -110.04667100,34.32814400 -110.04673700,34.32826700 -110.04679800,34.32838800 -110.04686700,34.32850600 -110.04692700,34.32863300 -110.04699500,34.32874700 -110.04707200,34.32886000 -110.04715600,34.32897600 -110.04722100,34.32909900 -110.04728100,34.32921900 -110.04731400,34.32928300 -110.04734000,34.32934200 -110.04736600,34.32940700 -110.04739500,34.32946700 -110.04741800,34.32952800 -110.04742000,34.32959500 -110.04743900,34.32965800 -110.04745900,34.32972200 -110.04746800,34.32978500 -110.04746700,34.32984800 -110.04750000,34.32997600 -110.04752500,34.33011400 -110.04756300,34.33024600 -110.04760500,34.33037500 -110.04762800,34.33043500 -110.04768300,34.33055500 -110.04774200,34.33068400 -110.04779700,34.33081400 -110.04784200,34.33094100 -110.04786600,34.33100200 -110.04789200,34.33106300 -110.04791500,34.33112500 -110.04792500,34.33114700 -110.04795400,34.33120700 -110.04798200,34.33126600 -110.04801200,34.33132600 -110.04804300,34.33138600 -110.04810200,34.33151000 -110.04814700,34.33164000 -110.04817800,34.33177200 -110.04819500,34.33183600 -110.04821400,34.33189700 -110.04823300,34.33196100 -110.04826400,34.33201900 -110.04831700,34.33206600 -110.04838200,34.33210100 -110.04844600,34.33213700 -110.04848900,34.33219300 -110.04850000,34.33225500 -110.04849400,34.33231900 -110.04849600,34.33238500 -110.04850600,34.33244800 -110.04853100,34.33250900 -110.04855200,34.33257100 -110.04857200,34.33263200 -110.04858300,34.33269600 -110.04857800,34.33276300 -110.04858000,34.33289400 -110.04864100,34.33301400 -110.04869900,34.33313800 -110.04875900,34.33325700 -110.04878900,34.33339100 -110.04879600,34.33352500 -110.04883500,34.33365600 -110.04889900,34.33377300 -110.04894500,34.33382900 -110.04896500,34.33389100 -110.04899300,34.33401800 -110.04904900,34.33414000 -110.04910400,34.33426600 -110.04914400,34.33440100 -110.04920800,34.33454000 -110.04926200,34.33467900 -110.04929400,34.33481800 -110.04934400,34.33495200 -110.04938100,34.33507600 -110.04943600,34.33521000 -110.04948900,34.33533800 -110.04954500,34.33546300 -110.04959900,34.33559300 -110.04965000,34.33572300 -110.04969800,34.33585000 -110.04973800,34.33598200 -110.04976900,34.33611200 -110.04982200,34.33623400 -110.04988300,34.33635500 -110.04993700,34.33648000 -110.04998800,34.33661400 -110.05003800,34.33674400 -110.05009300,34.33687100 -110.05014700,34.33699800 -110.05020800,34.33713000 -110.05024200,34.33719400 -110.05029400,34.33731700 -110.05038600,34.33751400 -110.05047500,34.33769700 -110.05055500,34.33788400 -110.05064000,34.33807800 -110.05069600,34.33820300 -110.05075100,34.33833400 -110.05079100,34.33846400 -110.05083600,34.33859200 -110.05089700,34.33872200 -110.05097500,34.33884400 -110.05103700,34.33896400 -110.05108800,34.33909400 -110.05113100,34.33922700 -110.05116500,34.33935400 -110.05122700,34.33947800 -110.05130800,34.33959400 -110.05134600,34.33972900 -110.05137200,34.33986400 -110.05140700,34.33999300 -110.05142500,34.34005500 -110.05144100,34.34012200 -110.05146100,34.34018300 -110.05149400,34.34031900 -110.05151700,34.34038400 -110.05154600,34.34051400 -110.05157900,34.34064700 -110.05161500,34.34077300 -110.05166400,34.34089300 -110.05171700,34.34101400 -110.05173700,34.34107500 -110.05175700,34.34113900 -110.05178000,34.34120100 -110.05181900,34.34129400 -110.05187300,34.34134000 -110.05193600,34.34138200 -110.05199800,34.34142200 -110.05205400,34.34147100 -110.05210100,34.34152400 -110.05213600,34.34158100 -110.05216500,34.34163900 -110.05220000,34.34169700 -110.05224900,34.34174800 -110.05232100,34.34177400 -110.05248100,34.34175500 -110.05263700,34.34172000 -110.05279500,34.34171800 -110.05287900,34.34172200 -110.05302100,34.34177600 -110.05314500,34.34186300 -110.05321200,34.34189800 -110.05335100,34.34195700 -110.05342300,34.34198600 -110.05348300,34.34202700 -110.05354400,34.34206900 -110.05361000,34.34210100 -110.05375400,34.34215100 -110.05389900,34.34220500 -110.05401900,34.34228600 -110.05416300,34.34234600 -110.05432200,34.34237200 -110.05448600,34.34239200 -110.05464400,34.34239900 -110.05472800,34.34239900 -110.05481000,34.34239300 -110.05488800,34.34237100 -110.05504200,34.34234700 -110.05519900,34.34235200 -110.05536500,34.34234800 -110.05553000,34.34234800 -110.05569400,34.34235100 -110.05586600,34.34235900 -110.05603000,34.34236900 -110.05619500,34.34238000 -110.05635500,34.34240100 -110.05643200,34.34240300 -110.05651500,34.34239900 -110.05659400,34.34239600 -110.05667200,34.34240000 -110.05674900,34.34241100 -110.05682700,34.34242200 -110.05698300,34.34241100 -110.05715000,34.34236700 -110.05730600,34.34230600 -110.05743500,34.34222400 -110.05750500,34.34210900 -110.05752000,34.34196900 -110.05753600,34.34183100 -110.05759500,34.34170200 -110.05767200,34.34158300 -110.05777600,34.34147800 -110.05785800,34.34136700 -110.05791700,34.34124600 -110.05798300,34.34112200 -110.05807800,34.34101100 -110.05812600,34.34096000 -110.05819200,34.34092300 -110.05833200,34.34086000 -110.05845300,34.34076600 -110.05850100,34.34063600 -110.05851100,34.34050800 -110.05852700,34.34037200 -110.05860300,34.34025600 -110.05871500,34.34015300 -110.05881900,34.34005000 -110.05886500,34.33992400 -110.05890700,34.33979900 -110.05895700,34.33967500 -110.05902100,34.33955200 -110.05906900,34.33942400 -110.05910500,34.33928900 -110.05914100,34.33916100 -110.05918500,34.33910100 -110.05924200,34.33905600 -110.05930600,34.33902200 -110.05945100,34.33896800 -110.05960200,34.33892900 -110.05977200,34.33890500 -110.05993500,34.33890500 -110.06008400,34.33894700 -110.06022400,34.33901300 -110.06038100,34.33905700 -110.06053600,34.33907600 -110.06069200,34.33911800 -110.06083900,34.33916000 -110.06099800,34.33918200 -110.06116500,34.33919100 -110.06132200,34.33920500 -110.06148600,34.33922700 -110.06164800,34.33922000 -110.06179900,34.33920000 -110.06196200,34.33918500 -110.06212600,34.33917300 -110.06228500,34.33918100 -110.06243700,34.33921200 -110.06258800,34.33926200 -110.06266200,34.33928600 -110.06273700,34.33931500 -110.06280600,34.33934900 -110.06287000,34.33938700 -110.06292900,34.33941400 -110.06299400,34.33945100 -110.06306000,34.33948200 -110.06313200,34.33951100 -110.06320300,34.33954000 -110.06321400,34.33954700 -110.06328000,34.33958200 -110.06334500,34.33961800 -110.06341400,34.33965400 -110.06354200,34.33972500 -110.06367300,34.33980800 -110.06380100,34.33989300 -110.06393100,34.33997600 -110.06407700,34.34003900 -110.06422700,34.34007800 -110.06438900,34.34009300 -110.06455400,34.34008100 -110.06471200,34.34005700 -110.06486300,34.34002600 -110.06493600,34.33999800 -110.06507100,34.33992400 -110.06520500,34.33985200 -110.06535900,34.33983600 -110.06543800,34.33983800 -110.06551800,34.33983900 -110.06556700,34.33984900 -110.06564200,34.33983100 -110.06570700,34.33979300 -110.06577300,34.33975500 -110.06585300,34.33975100 -110.06588300,34.33975400 -110.06595900,34.33975700 -110.06600600,34.33975900 -110.06619200,34.33972000 -110.06622400,34.33977900 -110.06625800,34.33983600 -110.06629600,34.33989100 -110.06632000,34.33995100 -110.06634800,34.34001000 -110.06649300,34.34005700 -110.06664900,34.34007600 -110.06681000,34.34009400 -110.06697100,34.34011700 -110.06713100,34.34014400 -110.06728200,34.34020500 -110.06738000,34.34030900 -110.06744000,34.34044000 -110.06748300,34.34057200 -110.06753100,34.34069700 -110.06753100,34.34076100 -110.06750900,34.34082300 -110.06742900,34.34093200 -110.06734300,34.34104200 -110.06732400,34.34110400 -110.06736000,34.34116300 -110.06742100,34.34120300 -110.06749500,34.34131900 -110.06751600,34.34144800 -110.06758900,34.34156600 -110.06764100,34.34168900 -110.06762900,34.34175500 -110.06760200,34.34181400 -110.06757200,34.34187500 -110.06754800,34.34193700 -110.06750500,34.34207000 -110.06739600,34.34217000 -110.06731000,34.34228300 -110.06725800,34.34241600 -110.06720700,34.34254500 -110.06713200,34.34266600 -110.06702800,34.34277400 -110.06692400,34.34287600 -110.06681900,34.34299200 -110.06674200,34.34310500 -110.06666700,34.34323000 -110.06659600,34.34334900 -110.06654100,34.34347600 -110.06648700,34.34361100 -110.06641700,34.34373300 -110.06634500,34.34386100 -110.06628300,34.34398300 -110.06620000,34.34409500 -110.06609200,34.34419700 -110.06598300,34.34429100 -110.06586100,34.34437700 -110.06578200,34.34448800 -110.06573900,34.34461600 -110.06563900,34.34471800 -110.06552500,34.34480800 -110.06542900,34.34491300 -110.06533100,34.34502700 -110.06520400,34.34510300 -110.06512300,34.34512800 -110.06502300,34.34522900 -110.06499600,34.34536300 -110.06501900,34.34550000 -110.06512700,34.34560600 -110.06522900,34.34570200 -110.06532000,34.34581000 -110.06543500,34.34589600 -110.06562800,34.34601300 -110.06577000,34.34609600 -110.06590600,34.34617600 -110.06598100,34.34629400 -110.06604700,34.34641600 -110.06615200,34.34652700 -110.06628700,34.34660300 -110.06641500,34.34667700 -110.06653100,34.34676800 -110.06662300,34.34688100 -110.06670700,34.34700200 -110.06675800,34.34705600 -110.06684800,34.34716700 -110.06698700,34.34734400 -110.06716700,34.34749900 -110.06740100,34.34757900 -110.06761000,34.34768000 -110.06776600,34.34774500 -110.06786400,34.34785200 -110.06780900,34.34805400 -110.06764900,34.34820900 -110.06752600,34.34830000 -110.06747100,34.34842600 -110.06750400,34.34856500 -110.06749500,34.34870200 -110.06741000,34.34888400 -110.06736600,34.34901500 -110.06738500,34.34914700 -110.06742800,34.34929100 -110.06753000,34.34947600 -110.06763100,34.34966100 -110.06768700,34.34986200 -110.06767000,34.35000100 -110.06762100,34.35012700 -110.06754000,34.35024000 -110.06749000,34.35029000 -110.06738300,34.35038200 -110.06726000,34.35046600 -110.06711800,34.35054500 -110.06697100,34.35061000 -110.06684000,34.35068000 -110.06675000,34.35078500 -110.06669000,34.35091700 -110.06661000,34.35110600 -110.06654500,34.35123600 -110.06647400,34.35136200 -110.06637600,34.35147100 -110.06625500,34.35156000 -110.06615600,34.35167600 -110.06607700,34.35179000 -110.06598900,34.35191300 -110.06597300,34.35203900 -110.06603300,34.35216500 -110.06608400,34.35229900 -110.06608300,34.35243600 -110.06608100,34.35257800 -110.06610300,34.35271400 -110.06613200,34.35284400 -110.06608700,34.35297900 -110.06600500,34.35309700 -110.06598700,34.35322200 -110.06602200,34.35335100 -110.06603800,34.35341700 -110.06607800,34.35347200 -110.06615200,34.35345700 -110.06635900,34.35335400 -110.06655000,34.35323900 -110.06669200,34.35316100 -110.06684200,34.35310000 -110.06701200,34.35307000 -110.06716800,34.35304600 -110.06730400,34.35298100 -110.06734200,34.35284700 -110.06739400,34.35271800 -110.06753900,34.35266000 -110.06770400,34.35271100 -110.06783600,34.35278300 -110.06797500,34.35285300 -110.06813400,34.35284500 -110.06826200,34.35277000 -110.06833800,34.35265100 -110.06843200,34.35254000 -110.06846800,34.35248200 -110.06841800,34.35236100 -110.06835900,34.35223300 -110.06833200,34.35209800 -110.06841600,34.35198100 -110.06853700,34.35190100 -110.06861400,34.35188000 -110.06867700,34.35184100 -110.06873400,34.35179400 -110.06879600,34.35175700 -110.06886600,34.35173200 -110.06902600,34.35174300 -110.06918100,34.35173200 -110.06941200,34.35167100 -110.06957600,34.35164400 -110.06971000,34.35156100 -110.06981000,34.35144700 -110.06983100,34.35132100 -110.06996000,34.35122000 -110.07012600,34.35106400 -110.07023800,34.35096200 -110.07034200,34.35085300 -110.07039000,34.35072400 -110.07037900,34.35058600 -110.07034800,34.35045500 -110.07037500,34.35031900 -110.07042200,34.35018300 -110.07046600,34.35005300 -110.07060300,34.35000500 -110.07075900,34.34998400 -110.07090500,34.34991800 -110.07104500,34.34986200 -110.07112600,34.34974800 -110.07116000,34.34960700 -110.07127200,34.34951900 -110.07140400,34.34944300 -110.07154200,34.34936100 -110.07168700,34.34928700 -110.07180100,34.34919700 -110.07195000,34.34912300 -110.07199800,34.34907100 -110.07205500,34.34902800 -110.07213300,34.34902600 -110.07220200,34.34893200 -110.07220500,34.34890300 -110.07222800,34.34884200 -110.07229000,34.34880200 -110.07230700,34.34878000 -110.07235700,34.34873000 -110.07241600,34.34868600 -110.07249200,34.34867900 -110.07256000,34.34870900 -110.07271400,34.34875900 -110.07287800,34.34876400 -110.07300300,34.34884300 -110.07313100,34.34892300 -110.07329900,34.34892800 -110.07338000,34.34893800 -110.07345900,34.34895000 -110.07353300,34.34892300 -110.07359800,34.34888900 -110.07366700,34.34891700 -110.07365300,34.34898100 -110.07362800,34.34904000 -110.07359600,34.34909800 -110.07359600,34.34916100 -110.07360400,34.34917900 -110.07366200,34.34922000 -110.07372000,34.34926200 -110.07379600,34.34928300 -110.07387000,34.34925900 -110.07394800,34.34924000 -110.07401800,34.34921500 -110.07409600,34.34920100 -110.07417300,34.34922400 -110.07423700,34.34925800 -110.07428100,34.34931200 -110.07434800,34.34934700 -110.07442000,34.34937000 -110.07449600,34.34938000 -110.07457300,34.34938600 -110.07464800,34.34939900 -110.07472400,34.34940300 -110.07480100,34.34940100 -110.07484300,34.34945300 -110.07485000,34.34951600 -110.07487300,34.34957800 -110.07494300,34.34960600 -110.07501800,34.34962600 -110.07507300,34.34966900 -110.07512500,34.34971700 -110.07519900,34.34974100 -110.07526900,34.34976600 -110.07533300,34.34980200 -110.07540300,34.34983400 -110.07547700,34.34985800 -110.07554700,34.34988900 -110.07560000,34.34993700 -110.07564600,34.34998800 -110.07569000,34.35003900 -110.07576900,34.35003900 -110.07583900,34.35006800 -110.07586200,34.35012900 -110.07590400,34.35018200 -110.07597400,34.35021300 -110.07605200,34.35021100 -110.07611300,34.35016800 -110.07619000,34.35016600 -110.07621800,34.35022500 -110.07623100,34.35029000 -110.07630400,34.35031000 -110.07637700,34.35028700 -110.07645200,34.35027200 -110.07652900,34.35028200 -110.07660500,34.35027900 -110.07666400,34.35023900 -110.07671500,34.35019100 -110.07677100,34.35014500 -110.07687600,34.35004700 -110.07691100,34.34999000 -110.07694400,34.34993100 -110.07696900,34.34987100 -110.07699500,34.34981100 -110.07702300,34.34975200 -110.07705000,34.34969200 -110.07707100,34.34962800 -110.07714700,34.34951200 -110.07719700,34.34938900 -110.07720100,34.34932100 -110.07720900,34.34925800 -110.07720400,34.34919000 -110.07719200,34.34912500 -110.07722300,34.34906400 -110.07735400,34.34898800 -110.07741600,34.34895100 -110.07748200,34.34891700 -110.07754200,34.34887800 -110.07760700,34.34883600 -110.07768000,34.34880500 -110.07774800,34.34877400 -110.07781600,34.34874200 -110.07789500,34.34873500 -110.07797400,34.34873500 -110.07804600,34.34876000 -110.07812200,34.34877100 -110.07820000,34.34877100 -110.07827700,34.34877900 -110.07842900,34.34876800 -110.07857800,34.34872800 -110.07873800,34.34870500 -110.07890100,34.34870100 -110.07903800,34.34863500 -110.07916600,34.34855400 -110.07928200,34.34846000 -110.07941700,34.34839400 -110.07948200,34.34835000 -110.07950400,34.34828400 -110.07945200,34.34823700 -110.07939900,34.34818800 -110.07940300,34.34812100 -110.07946000,34.34799000 -110.07951400,34.34786400 -110.07952900,34.34779900 -110.07955500,34.34767100 -110.07961200,34.34754800 -110.07966000,34.34749300 -110.07972900,34.34746300 -110.07987900,34.34749700 -110.07999500,34.34758600 -110.08012000,34.34767500 -110.08023800,34.34777500 -110.08031800,34.34789300 -110.08041700,34.34799800 -110.08055600,34.34806400 -110.08063100,34.34808400 -110.08070800,34.34809300 -110.08078300,34.34807200 -110.08084500,34.34795800 -110.08087600,34.34782900 -110.08092100,34.34770300 -110.08105400,34.34753600 -110.08128700,34.34742400 -110.08149300,34.34730300 -110.08165800,34.34723800 -110.08189700,34.34719700 -110.08215700,34.34718000 -110.08232500,34.34717200 -110.08249400,34.34716700 -110.08258000,34.34716500 -110.08273300,34.34715200 -110.08289400,34.34712300 -110.08305600,34.34708800 -110.08322300,34.34706000 -110.08338000,34.34703500 -110.08353100,34.34699400 -110.08360800,34.34696900 -110.08368100,34.34694900 -110.08383900,34.34692300 -110.08399100,34.34690100 -110.08414200,34.34684900 -110.08421300,34.34681500 -110.08428000,34.34678300 -110.08437100,34.34668400 -110.08437400,34.34661400 -110.08435500,34.34654900 -110.08431400,34.34649200 -110.08419000,34.34641100 -110.08403800,34.34638000 -110.08388400,34.34636200 -110.08374200,34.34628600 -110.08363000,34.34619600 -110.08354500,34.34607300 -110.08351600,34.34594100 -110.08354500,34.34580400 -110.08360400,34.34568300 -110.08363500,34.34562300 -110.08369400,34.34550100 -110.08373300,34.34537600 -110.08376800,34.34523600 -110.08383400,34.34504900 -110.08387300,34.34484200 -110.08386600,34.34462500 -110.08384700,34.34442400 -110.08383000,34.34427400 -110.08382400,34.34413800 -110.08384400,34.34400700 -110.08386500,34.34394300 -110.08389900,34.34388300 -110.08394900,34.34383300 -110.08401100,34.34379600 -110.08415900,34.34375200 -110.08422800,34.34371800 -110.08429500,34.34368400 -110.08443700,34.34362400 -110.08458800,34.34358700 -110.08466000,34.34356500 -110.08473500,34.34353600 -110.08478300,34.34348600 -110.08491600,34.34342900 -110.08507400,34.34346100 -110.08519400,34.34337500 -110.08534600,34.34331300 -110.08551100,34.34325800 -110.08566600,34.34321300 -110.08581600,34.34316700 -110.08595900,34.34311800 -110.08610200,34.34305900 -110.08626000,34.34301000 -110.08639900,34.34295200 -110.08653600,34.34288100 -110.08668800,34.34283600 -110.08684700,34.34278200 -110.08699900,34.34271500 -110.08722600,34.34261500 -110.08743700,34.34251800 -110.08766700,34.34241300 -110.08781000,34.34236400 -110.08797200,34.34232500 -110.08813700,34.34229900 -110.08829600,34.34227800 -110.08845200,34.34224900 -110.08861900,34.34222000 -110.08877700,34.34219000 -110.08893400,34.34215200 -110.08908800,34.34211300 -110.08924500,34.34209300 -110.08940300,34.34206700 -110.08956300,34.34206200 -110.08972900,34.34205900 -110.08989800,34.34204800 -110.09005300,34.34204300 -110.09020800,34.34206700 -110.09036800,34.34209000 -110.09053100,34.34208700 -110.09068800,34.34206200 -110.09084300,34.34201100 -110.09098500,34.34194200 -110.09114000,34.34188000 -110.09129600,34.34184500 -110.09144900,34.34181100 -110.09158600,34.34173000 -110.09172700,34.34167700 -110.09188000,34.34161700 -110.09202600,34.34154700 -110.09216600,34.34147800 -110.09231500,34.34141700 -110.09246300,34.34137300 -110.09253800,34.34135500 -110.09268800,34.34131900 -110.09283200,34.34127200 -110.09298600,34.34121800 -110.09320400,34.34113300 -110.09335700,34.34106900 -110.09350400,34.34100400 -110.09366100,34.34095700 -110.09382500,34.34093300 -110.09399200,34.34091800 -110.09415100,34.34089500 -110.09422900,34.34088300 -110.09430400,34.34090400 -110.09441700,34.34100100 -110.09448200,34.34113600 -110.09450300,34.34133800 -110.09449500,34.34147600 -110.09438000,34.34157100 -110.09425500,34.34166800 -110.09415100,34.34178100 -110.09402800,34.34186100 -110.09394500,34.34197600 -110.09391600,34.34203500 -110.09385000,34.34215300 -110.09379800,34.34228300 -110.09385000,34.34240700 -110.09389900,34.34246300 -110.09396100,34.34258200 -110.09406000,34.34268100 -110.09417200,34.34277100 -110.09415500,34.34290300 -110.09416700,34.34303400 -110.09422400,34.34316000 -110.09425600,34.34321900 -110.09429700,34.34327400 -110.09421000,34.34337500 -110.09412100,34.34348300 -110.09413000,34.34361200 -110.09417700,34.34374800 -110.09411600,34.34387200 -110.09405600,34.34399000 -110.09402800,34.34412200 -110.09391400,34.34421300 -110.09383600,34.34433400 -110.09377800,34.34445400 -110.09373100,34.34450600 -110.09369700,34.34456300 -110.09369800,34.34459900 -110.09381300,34.34468500 -110.09388600,34.34479800 -110.09396800,34.34490500 -110.09409100,34.34498500 -110.09422600,34.34504700 -110.09429700,34.34508200 -110.09436400,34.34511300 -110.09444400,34.34512900 -110.09459000,34.34509000 -110.09466700,34.34508200 -110.09473900,34.34510400 -110.09479400,34.34515100 -110.09485200,34.34527300 -110.09488400,34.34540100 -110.09490500,34.34553200 -110.09491600,34.34566600 -110.09492800,34.34580900 -110.09498100,34.34593400 -110.09508400,34.34603900 -110.09519500,34.34614400 -110.09530700,34.34624800 -110.09541200,34.34635100 -110.09552600,34.34644800 -110.09558300,34.34649300 -110.09569800,34.34658400 -110.09576400,34.34670200 -110.09570800,34.34682800 -110.09569100,34.34696100 -110.09570100,34.34709600 -110.09571900,34.34716200 -110.09584400,34.34725100 -110.09598600,34.34732200 -110.09611700,34.34742600 -110.09624900,34.34750200 -110.09632600,34.34762600 -110.09634000,34.34768900 -110.09634600,34.34775200 -110.09638300,34.34787800 -110.09640700,34.34801400 -110.09635800,34.34814400 -110.09638500,34.34827500 -110.09641100,34.34840800 -110.09644900,34.34854100 -110.09648400,34.34860100 -110.09658000,34.34870000 -110.09665300,34.34873300 -110.09681200,34.34876900 -110.09697300,34.34879900 -110.09712500,34.34882700 -110.09729000,34.34886000 -110.09745200,34.34890400 -110.09760400,34.34896000 -110.09784400,34.34901800 -110.09810000,34.34904800 -110.09835900,34.34906000 -110.09860500,34.34905100 -110.09886900,34.34902300 -110.09910800,34.34896500 -110.09926000,34.34890300 -110.09941700,34.34885200 -110.09965900,34.34881700 -110.09981400,34.34882600 -110.09997200,34.34885000 -110.10004900,34.34884300 -110.10011500,34.34880700 -110.10015700,34.34875400 -110.10020600,34.34863000 -110.10023900,34.34849800 -110.10026600,34.34836000 -110.10027500,34.34822500 -110.10027600,34.34809500 -110.10029000,34.34794500 -110.10033000,34.34775200 -110.10036400,34.34761500 -110.10040000,34.34749100 -110.10041800,34.34735100 -110.10042500,34.34713900 -110.10047900,34.34691400 -110.10052900,34.34671400 -110.10057500,34.34651800 -110.10064400,34.34632700 -110.10076500,34.34614400 -110.10089500,34.34597200 -110.10099400,34.34586100 -110.10117900,34.34572300 -110.10138900,34.34562400 -110.10160500,34.34552900 -110.10177500,34.34545700 -110.10191500,34.34538000 -110.10204000,34.34530000 -110.10217300,34.34522800 -110.10231100,34.34517100 -110.10246600,34.34512900 -110.10270800,34.34505000 -110.10293300,34.34496900 -110.10314800,34.34487400 -110.10336100,34.34475100 -110.10356000,34.34461400 -110.10373100,34.34446000 -110.10382200,34.34432900 -110.10389300,34.34419900 -110.10399200,34.34410000 -110.10419800,34.34399900 -110.10436000,34.34397000 -110.10451300,34.34394400 -110.10467100,34.34390600 -110.10490700,34.34385400 -110.10507400,34.34382700 -110.10532200,34.34381000 -110.10556400,34.34378300 -110.10572700,34.34375800 -110.10588600,34.34373300 -110.10595800,34.34371300 -110.10611100,34.34368800 -110.10626500,34.34367000 -110.10643500,34.34366500 -110.10659700,34.34366900 -110.10666900,34.34363700 -110.10671900,34.34358500 -110.10674300,34.34352200 -110.10674200,34.34339200 -110.10671700,34.34325600 -110.10667300,34.34303100 -110.10662400,34.34280200 -110.10658800,34.34259100 -110.10656700,34.34238200 -110.10656600,34.34218100 -110.10661700,34.34198300 -110.10673600,34.34177800 -110.10685500,34.34160900 -110.10698300,34.34143300 -110.10710300,34.34124900 -110.10722000,34.34105300 -110.10729600,34.34091900 -110.10736800,34.34079300 -110.10743900,34.34066300 -110.10754200,34.34046600 -110.10763800,34.34027200 -110.10775600,34.34009700 -110.10791900,34.33992700 -110.10809600,34.33979300 -110.10830300,34.33967800 -110.10851000,34.33953800 -110.10864800,34.33937700 -110.10880800,34.33922100 -110.10901500,34.33908400 -110.10922100,34.33897000 -110.10936100,34.33889600 -110.10949400,34.33880800 -110.10960900,34.33870100 -110.10971500,34.33851700 -110.10981500,34.33832300 -110.10990500,34.33819000 -110.11001100,34.33807400 -110.11012800,34.33798800 -110.11025500,34.33789400 -110.11037100,34.33778800 -110.11052000,34.33761700 -110.11066000,34.33743400 -110.11077800,34.33726000 -110.11086200,34.33713600 -110.11095000,34.33702700 -110.11112100,34.33686500 -110.11128000,34.33670700 -110.11142200,34.33652600 -110.11160200,34.33637400 -110.11179900,34.33623200 -110.11193100,34.33604200 -110.11206800,34.33587000 -110.11220900,34.33569600 -110.11228500,34.33549300 -110.11229300,34.33529000 -110.11228800,34.33514300 -110.11227200,34.33500700 -110.11221300,34.33486800 -110.11206300,34.33470900 -110.11189900,34.33454500 -110.11173900,34.33437100 -110.11158900,34.33419700 -110.11147800,34.33400300 -110.11145000,34.33385800 -110.11145800,34.33371200 -110.11143400,34.33357500 -110.11136300,34.33345100 -110.11131400,34.33332100 -110.11127800,34.33318800 -110.11121700,34.33305300 -110.11115100,34.33292400 -110.11114900,34.33278800 -110.11122900,34.33267200 -110.11127300,34.33261800 -110.11134900,34.33250400 -110.11143400,34.33239600 -110.11158300,34.33236300 -110.11168000,34.33246200 -110.11167600,34.33259600 -110.11177100,34.33271200 -110.11191100,34.33278500 -110.11205900,34.33283200 -110.11221100,34.33288600 -110.11225900,34.33300700 -110.11233300,34.33312800 -110.11240100,34.33324400 -110.11252600,34.33333700 -110.11267100,34.33339300 -110.11280900,34.33345500 -110.11295800,34.33351700 -110.11311300,34.33355900 -110.11327400,34.33358800 -110.11343400,34.33363500 -110.11351500,34.33374500 -110.11359100,34.33386600 -110.11362800,34.33392100 -110.11367900,34.33404400 -110.11370800,34.33417700 -110.11370400,34.33431500 -110.11367900,34.33444900 -110.11379200,34.33454000 -110.11395700,34.33456000 -110.11411000,34.33459800 -110.11424700,34.33466000 -110.11437800,34.33474200 -110.11444900,34.33487000 -110.11452100,34.33499200 -110.11456100,34.33512300 -110.11456600,34.33525300 -110.11448500,34.33537600 -110.11451200,34.33550900 -110.11460000,34.33563600 -110.11476400,34.33566300 -110.11491900,34.33569200 -110.11501500,34.33580000 -110.11513000,34.33588200 -110.11526500,34.33581700 -110.11540300,34.33575100 -110.11555300,34.33580500 -110.11559500,34.33592900 -110.11559800,34.33607000 -110.11565900,34.33619500 -110.11568100,34.33631900 -110.11569000,34.33644900 -110.11570700,34.33658800 -110.11574000,34.33671700 -110.11589600,34.33672800 -110.11606000,34.33670000 -110.11621600,34.33672700 -110.11629700,34.33672700 -110.11636800,34.33669400 -110.11638300,34.33662900 -110.11634400,34.33650400 -110.11630400,34.33636700 -110.11625500,34.33624200 -110.11622300,34.33610500 -110.11618700,34.33597500 -110.11613500,34.33584300 -110.11606900,34.33571200 -110.11603500,34.33565400 -110.11599800,34.33559800 -110.11595300,34.33547400 -110.11591500,34.33534200 -110.11585200,34.33521300 -110.11582200,34.33514900 -110.11579900,34.33508500 -110.11578400,34.33501900 -110.11579000,34.33488400 -110.11577800,34.33475000 -110.11577500,34.33460700 -110.11577200,34.33446300 -110.11577300,34.33431600 -110.11577300,34.33417300 -110.11576800,34.33404400 -110.11575800,34.33391500 -110.11573900,34.33377100 -110.11576400,34.33364400 -110.11578100,34.33350800 -110.11577400,34.33337700 -110.11575300,34.33323800 -110.11575700,34.33316600 -110.11574100,34.33303400 -110.11573600,34.33289900 -110.11585300,34.33281400 -110.11593300,34.33279000 -110.11600700,34.33276700 -110.11608000,34.33274700 -110.11615200,34.33271700 -110.11624800,34.33264800 -110.11639200,34.33249100 -110.11653900,34.33231500 -110.11662000,34.33219500 -110.11666800,34.33214000 -110.11670700,34.33208600 -110.11667100,34.33195300 -110.11655700,34.33186100 -110.11653500,34.33184700 -110.11651300,34.33178500 -110.11655800,34.33173400 -110.11663000,34.33171000 -110.11669900,34.33168100 -110.11678600,34.33157000 -110.11684600,34.33144600 -110.11689200,34.33131600 -110.11690800,34.33118700 -110.11691100,34.33116900 -110.11698000,34.33114000 -110.11703600,34.33109600 -110.11705100,34.33103200 -110.11705600,34.33099800 -110.11720200,34.33097200 -110.11733300,34.33104900 -110.11748000,34.33109500 -110.11764300,34.33111800 -110.11780700,34.33111400 -110.11797300,34.33111300 -110.11812800,34.33110300 -110.11825500,34.33102200 -110.11833400,34.33090500 -110.11841900,34.33079600 -110.11838700,34.33067500 -110.11827400,34.33056800 -110.11818000,34.33045000 -110.11812800,34.33039900 -110.11804700,34.33039000 -110.11789400,34.33041300 -110.11781700,34.33039300 -110.11773400,34.33028800 -110.11767500,34.33024800 -110.11759900,34.33024700 -110.11752800,34.33021600 -110.11756300,34.33009300 -110.11756900,34.32996500 -110.11748400,34.32984700 -110.11738100,34.32973900 -110.11727300,34.32963100 -110.11719100,34.32952000 -110.11717200,34.32945800 -110.11721400,34.32940500 -110.11723400,34.32934100 -110.11719300,34.32928600 -110.11716900,34.32922100 -110.11716000,34.32915500 -110.11717600,34.32908900 -110.11721800,34.32903400 -110.11731300,34.32893000 -110.11741800,34.32882100 -110.11746400,34.32876800 -110.11747700,34.32864000 -110.11745600,34.32850700 -110.11744800,34.32837600 -110.11741000,34.32825100 -110.11737200,34.32819500 -110.11737900,34.32813000 -110.11753600,34.32814500 -110.11768500,34.32821900 -110.11781900,34.32830400 -110.11795800,34.32839000 -110.11810500,34.32844700 -110.11825700,34.32848500 -110.11842200,34.32846700 -110.11857900,34.32843400 -110.11874000,34.32840700 -110.11881900,34.32840300 -110.11890000,34.32840300 -110.11905900,34.32841600 -110.11920100,34.32849000 -110.11934000,34.32855500 -110.11950800,34.32859000 -110.11966400,34.32860600 -110.11983800,34.32862300 -110.12001200,34.32863700 -110.12019100,34.32865000 -110.12043900,34.32864100 -110.12068600,34.32862500 -110.12084300,34.32860300 -110.12100000,34.32854300 -110.12121500,34.32843800 -110.12134100,34.32834000 -110.12147800,34.32815700 -110.12157700,34.32797200 -110.12165100,34.32785600 -110.12173600,34.32773000 -110.12179500,34.32760900 -110.12185400,34.32742300 -110.12186900,34.32728200 -110.12191600,34.32707800 -110.12201500,34.32687400 -110.12211500,34.32667200 -110.12220700,34.32647500 -110.12226800,34.32626600 -110.12234200,34.32607200 -110.12245400,34.32587900 -110.12254900,34.32567200 -110.12266400,34.32549200 -110.12278500,34.32530300 -110.12285700,34.32511400 -110.12293100,34.32492300 -110.12299100,34.32478800 -110.12305100,34.32466200 -110.12311100,34.32453300 -110.12317100,34.32440700 -110.12319700,34.32434400 -110.12325700,34.32421900 -110.12331200,34.32409500 -110.12337900,34.32396100 -110.12348500,34.32377400 -110.12355600,34.32364100 -110.12369500,34.32345200 -110.12386300,34.32329200 -110.12404600,34.32314000 -110.12424300,34.32298300 -110.12442000,34.32284400 -110.12458000,34.32269400 -110.12472300,34.32252400 -110.12482900,34.32240400 -110.12492900,34.32229200 -110.12501300,34.32216300 -110.12510200,34.32204400 -110.12521900,34.32194700 -110.12543400,34.32182300 -110.12565400,34.32168100 -110.12585100,34.32153700 -110.12596400,34.32143700 -110.12607200,34.32134000 -110.12619500,34.32124100 -110.12631000,34.32113700 -110.12642500,34.32103400 -110.12653000,34.32093600 -110.12663500,34.32083300 -110.12673600,34.32073100 -110.12684300,34.32063400 -110.12697000,34.32055200 -110.12710300,34.32047200 -110.12722900,34.32039300 -110.12735600,34.32031400 -110.12748700,34.32022200 -110.12761400,34.32012900 -110.12770900,34.32002100 -110.12779400,34.31990500 -110.12792400,34.31982100 -110.12809200,34.31977400 -110.12825100,34.31976100 -110.12837700,34.31969200 -110.12858000,34.31958000 -110.12873500,34.31951500 -110.12889600,34.31945300 -110.12903600,34.31939000 -110.12910100,34.31935300 -110.12916300,34.31931500 -110.12927800,34.31922500 -110.12938200,34.31911300 -110.12948000,34.31900800 -110.12956200,34.31889700 -110.12966100,34.31879200 -110.12977000,34.31868700 -110.12982100,34.31856700 -110.12988800,34.31843800 -110.12999200,34.31834500 -110.13012800,34.31827700 -110.13024700,34.31818300 -110.13039300,34.31813500 -110.13054800,34.31810200 -110.13065100,34.31799800 -110.13067600,34.31787000 -110.13070700,34.31767300 -110.13075500,34.31754100 -110.13080000,34.31741000 -110.13088800,34.31730300 -110.13107300,34.31716500 -110.13123900,34.31701700 -110.13135600,34.31684800 -110.13141600,34.31672100 -110.13148900,34.31658400 -110.13158300,34.31646200 -110.13171200,34.31638200 -110.13186800,34.31635300 -110.13202300,34.31631900 -110.13216600,34.31624500 -110.13230700,34.31607700 -110.13237100,34.31587300 -110.13237400,34.31573400 -110.13237400,34.31559500 -110.13238800,34.31553000 -110.13244300,34.31539800 -110.13258000,34.31522000 -110.13273600,34.31506700 -110.13291100,34.31492900 -110.13305600,34.31485300 -110.13323200,34.31485200 -110.13340400,34.31488600 -110.13353900,34.31495800 -110.13378000,34.31497500 -110.13403300,34.31490600 -110.13421200,34.31490300 -110.13439300,34.31491600 -110.13457300,34.31492900 -110.13474200,34.31494100 -110.13491200,34.31494900 -110.13507500,34.31495200 -110.13523800,34.31495500 -110.13540900,34.31495200 -110.13556400,34.31494500 -110.13572700,34.31492500 -110.13587600,34.31484900 -110.13600500,34.31476400 -110.13612600,34.31467000 -110.13627300,34.31460900 -110.13642700,34.31458900 -110.13658500,34.31455900 -110.13673900,34.31451800 -110.13690100,34.31448900 -110.13706500,34.31449000 -110.13723000,34.31449300 -110.13737300,34.31443000 -110.13754200,34.31442400 -110.13770000,34.31444000 -110.13786600,34.31442300 -110.13803500,34.31439800 -110.13820700,34.31437900 -110.13834600,34.31430300 -110.13845000,34.31418900 -110.13853900,34.31407900 -110.13867800,34.31397800 -110.13884100,34.31392600 -110.13896600,34.31384900 -110.13906700,34.31374600 -110.13918800,34.31357300 -110.13927900,34.31344800 -110.13938900,34.31334900 -110.13945000,34.31322600 -110.13944700,34.31308400 -110.13947900,34.31294800 -110.13949300,34.31281300 -110.13942500,34.31268100 -110.13941900,34.31253800 -110.13960400,34.31241100 -110.13981700,34.31229500 -110.13997600,34.31223000 -110.14021400,34.31217100 -110.14035900,34.31210500 -110.14046900,34.31200500 -110.14055600,34.31188500 -110.14061400,34.31175500 -110.14065300,34.31161800 -110.14071600,34.31142800 -110.14077600,34.31130100 -110.14088300,34.31120500 -110.14103800,34.31116300 -110.14118800,34.31112600 -110.14134100,34.31107300 -110.14149000,34.31101600 -110.14160600,34.31092300 -110.14168300,34.31080600 -110.14172800,34.31074900 -110.14178200,34.31070000 -110.14193000,34.31064000 -110.14209800,34.31062100 -110.14227400,34.31063400 -110.14244700,34.31064300 -110.14259900,34.31060700 -110.14267100,34.31058300 -110.14281800,34.31052800 -110.14295800,34.31046200 -110.14313200,34.31032500 -110.14321000,34.31021100 -110.14326800,34.31008100 -110.14335900,34.30997300 -110.14346500,34.30988300 -110.14352100,34.30976000 -110.14355100,34.30962600 -110.14364200,34.30951200 -110.14374000,34.30939800 -110.14370700,34.30926500 -110.14359100,34.30917500 -110.14351600,34.30905400 -110.14356800,34.30893100 -110.14371600,34.30887500 -110.14387500,34.30883700 -110.14393600,34.30879700 -110.14403000,34.30869700 -110.14407100,34.30857100 -110.14412900,34.30844900 -110.14425500,34.30837500 -110.14439200,34.30829500 -110.14451800,34.30820900 -110.14462000,34.30811000 -110.14475400,34.30804300 -110.14486500,34.30794500 -110.14494400,34.30783000 -110.14498800,34.30770200 -110.14500500,34.30757100 -110.14505200,34.30744400 -110.14511700,34.30731800 -110.14518700,34.30720200 -110.14526000,34.30708100 -110.14534300,34.30697100 -110.14545800,34.30686800 -110.14556000,34.30675900 -110.14565200,34.30664600 -110.14575900,34.30652900 -110.14585400,34.30641000 -110.14593500,34.30628200 -110.14599700,34.30624300 -110.14607400,34.30625100 -110.14620100,34.30633500 -110.14632600,34.30641700 -110.14646600,34.30649000 -110.14661800,34.30654300 -110.14676000,34.30661500 -110.14688800,34.30670800 -110.14701000,34.30680200 -110.14713000,34.30689500 -110.14724300,34.30698500 -110.14736100,34.30708100 -110.14747700,34.30717900 -110.14760300,34.30726700 -110.14773400,34.30735200 -110.14787900,34.30741700 -110.14803100,34.30745800 -110.14819500,34.30749700 -110.14835800,34.30753100 -110.14851300,34.30755600 -110.14867600,34.30757200 -110.14883600,34.30758000 -110.14900900,34.30758400 -110.14916800,34.30758100 -110.14933400,34.30756800 -110.14948900,34.30753900 -110.14964100,34.30750500 -110.14979500,34.30746500 -110.14994900,34.30741700 -110.15009400,34.30737200 -110.15025300,34.30732300 -110.15041300,34.30727700 -110.15056400,34.30723300 -110.15071500,34.30717200 -110.15085900,34.30710500 -110.15093200,34.30707400 -110.15100000,34.30704200 -110.15114000,34.30698000 -110.15118500,34.30696200 -110.15125700,34.30693400 -110.15132700,34.30690700 -110.15139900,34.30687900 -110.15146900,34.30685200 -110.15154500,34.30682800 -110.15161900,34.30680300 -110.15176400,34.30674500 -110.15190700,34.30668600 -110.15205400,34.30662600 -110.15220200,34.30656800 -110.15234800,34.30650400 -110.15242100,34.30647100 -110.15248800,34.30643700 -110.15255500,34.30640700 -110.15270400,34.30635300 -110.15286200,34.30630600 -110.15302400,34.30626400 -110.15317400,34.30623000 -110.15334200,34.30619600 -110.15349500,34.30616800 -110.15365000,34.30614300 -110.15380500,34.30613700 -110.15395400,34.30613200 -110.15411400,34.30612400 -110.15428000,34.30612200 -110.15444800,34.30611100 -110.15461100,34.30611000 -110.15477300,34.30610200 -110.15493500,34.30609200 -110.15501600,34.30609900 -110.15509600,34.30610300 -110.15518000,34.30610600 -110.15525900,34.30612000 -110.15533800,34.30614100 -110.15547000,34.30621000 -110.15549100,34.30623500 -110.15555000,34.30635200 -110.15553200,34.30647500 -110.15548600,34.30660400 -110.15544000,34.30673300 -110.15534900,34.30685300 -110.15526500,34.30697500 -110.15519700,34.30710000 -110.15515300,34.30722800 -110.15512300,34.30735500 -110.15510600,34.30748600 -110.15509200,34.30761800 -110.15509600,34.30775900 -110.15510900,34.30788700 -110.15509600,34.30802300 -110.15508400,34.30815200 -110.15508200,34.30822000 -110.15507100,34.30828300 -110.15505100,34.30834500 -110.15498100,34.30846300 -110.15494800,34.30852500 -110.15492900,34.30858900 -110.15494300,34.30871600 -110.15501200,34.30883900 -110.15506500,34.30896300 -110.15504900,34.30909500 -110.15510900,34.30922200 -110.15519200,34.30934100 -110.15527700,34.30946900 -110.15540500,34.30956600 -110.15556100,34.30961900 -110.15572500,34.30964500 -110.15589400,34.30968000 -110.15604100,34.30975200 -110.15614500,34.30985100 -110.15624300,34.30995600 -110.15634700,34.31006600 -110.15644800,34.31017100 -110.15654600,34.31028500 -110.15662700,34.31039700 -110.15670100,34.31051100 -110.15677500,34.31062700 -110.15687000,34.31074000 -110.15691900,34.31079100 -110.15696800,34.31084100 -110.15704900,34.31094900 -110.15711800,34.31107200 -110.15720200,34.31118000 -110.15735900,34.31120400 -110.15752500,34.31121600 -110.15766800,34.31127100 -110.15777300,34.31137700 -110.15780500,34.31143800 -110.15783600,34.31150100 -110.15787000,34.31156300 -110.15791100,34.31161900 -110.15795500,34.31167500 -110.15799400,34.31173100 -110.15802800,34.31179300 -110.15803200,34.31180200 -110.15802700,34.31186600 -110.15799400,34.31192500 -110.15795000,34.31198200 -110.15791100,34.31202700 -110.15788400,34.31208600 -110.15785400,34.31214400 -110.15780100,34.31219500 -110.15777800,34.31225700 -110.15780900,34.31231700 -110.15786800,34.31236400 -110.15794000,34.31238800 -110.15801500,34.31240700 -110.15809300,34.31242500 -110.15824200,34.31246600 -110.15831800,34.31248200 -110.15839400,34.31249200 -110.15846900,34.31250500 -110.15854600,34.31251300 -110.15870700,34.31251600 -110.15887200,34.31250500 -110.15903100,34.31249000 -110.15920500,34.31247500 -110.15937700,34.31245400 -110.15953800,34.31241300 -110.15969700,34.31237200 -110.15985100,34.31234200 -110.16001200,34.31233800 -110.16009200,34.31233500 -110.16024800,34.31230300 -110.16040200,34.31229600 -110.16055600,34.31233300 -110.16069900,34.31238400 -110.16085100,34.31241800 -110.16101100,34.31244300 -110.16117200,34.31244500 -110.16132200,34.31240300 -110.16148000,34.31238000 -110.16163800,34.31238900 -110.16180000,34.31237900 -110.16195900,34.31235500 -110.16203900,34.31233900 -110.16219400,34.31231400 -110.16234500,34.31234700 -110.16247500,34.31242300 -110.16262700,34.31247400 -110.16276100,34.31254500 -110.16286600,34.31264600 -110.16296500,34.31276000 -110.16299500,34.31282200 -110.16307500,34.31293600 -110.16319300,34.31303300 -110.16330500,34.31312100 -110.16342000,34.31320600 -110.16353000,34.31331400 -110.16366800,34.31338700 -110.16380600,34.31346800 -110.16391200,34.31356400 -110.16400000,34.31367500 -110.16407300,34.31379100 -110.16414700,34.31390900 -110.16423500,34.31402400 -110.16433200,34.31413500 -110.16442400,34.31425100 -110.16451500,34.31437100 -110.16460300,34.31448800 -110.16468100,34.31460400 -110.16480300,34.31468900 -110.16496300,34.31472100 -110.16512500,34.31473100 -110.16528700,34.31477000 -110.16545100,34.31482500 -110.16560700,34.31487300 -110.16577400,34.31490900 -110.16594500,34.31492400 -110.16610600,34.31492700 -110.16627100,34.31491400 -110.16642900,34.31488100 -110.16658600,34.31483800 -110.16674800,34.31479500 -110.16690500,34.31477100 -110.16706100,34.31475100 -110.16721700,34.31470900 -110.16734500,34.31463600 -110.16747700,34.31455700 -110.16761800,34.31448500 -110.16778000,34.31446400 -110.16795700,34.31447700 -110.16812000,34.31447200 -110.16828000,34.31443400 -110.16844500,34.31443100 -110.16860500,34.31443400 -110.16878000,34.31441900 -110.16894200,34.31441600 -110.16910500,34.31442500 -110.16927100,34.31442500 -110.16942400,34.31439600 -110.16958500,34.31439100 -110.16974100,34.31436200 -110.16988000,34.31431400 -110.16996300,34.31432400 -110.17011500,34.31435300 -110.17028600,34.31435400 -110.17045100,34.31433800 -110.17069100,34.31433400 -110.17086100,34.31433900 -110.17103000,34.31439000 -110.17118600,34.31444100 -110.17134700,34.31445300 -110.17150500,34.31446700 -110.17165700,34.31451700 -110.17181700,34.31450700 -110.17196700,34.31447000 -110.17213200,34.31447600 -110.17228900,34.31445300 -110.17243600,34.31439700 -110.17255300,34.31429900 -110.17270300,34.31427300 -110.17286500,34.31426400 -110.17303400,34.31424900 -110.17319900,34.31423900 -110.17335900,34.31425200 -110.17353000,34.31424900 -110.17369000,34.31422900 -110.17385600,34.31426000 -110.17401400,34.31430000 -110.17416600,34.31435100 -110.17435800,34.31448400 -110.17449500,34.31456200 -110.17465700,34.31457100 -110.17482400,34.31457700 -110.17497600,34.31452600 -110.17511400,34.31443600 -110.17524200,34.31435200 -110.17539300,34.31428900 -110.17555800,34.31425200 -110.17571700,34.31422100 -110.17586400,34.31427200 -110.17591100,34.31433100 -110.17590200,34.31439600 -110.17587900,34.31445800 -110.17592100,34.31457600 -110.17607900,34.31459700 -110.17623000,34.31462500 -110.17637900,34.31466600 -110.17653200,34.31471300 -110.17666000,34.31478400 -110.17680300,34.31483500 -110.17696100,34.31480300 -110.17710000,34.31474000 -110.17723200,34.31466900 -110.17738800,34.31464200 -110.17754600,34.31462700 -110.17760600,34.31466700 -110.17761300,34.31473200 -110.17766200,34.31478300 -110.17768300,34.31484900 -110.17768000,34.31498400 -110.17762100,34.31510900 -110.17760000,34.31517200 -110.17772600,34.31523000 -110.17789900,34.31521700 -110.17799800,34.31531300 -110.17800000,34.31537600 -110.17794000,34.31550000 -110.17780800,34.31559100 -110.17771200,34.31570800 -110.17766900,34.31583700 -110.17763600,34.31597200 -110.17759300,34.31602500 -110.17750100,34.31612800 -110.17748500,34.31619300 -110.17751300,34.31625300 -110.17758900,34.31636800 -110.17770300,34.31646300 -110.17774900,34.31651500 -110.17776200,34.31658100 -110.17775700,34.31671500 -110.17777600,34.31685400 -110.17779300,34.31699200 -110.17780400,34.31712800 -110.17779600,34.31725900 -110.17779900,34.31739300 -110.17777600,34.31745700 -110.17770900,34.31749300 -110.17758500,34.31757000 -110.17744300,34.31764900 -110.17732500,34.31774000 -110.17724800,34.31786600 -110.17725700,34.31793200 -110.17728500,34.31799100 -110.17732700,34.31811900 -110.17730400,34.31825800 -110.17729300,34.31839900 -110.17731900,34.31846000 -110.17736100,34.31851300 -110.17748300,34.31860000 -110.17763400,34.31868400 -110.17779200,34.31873800 -110.17796400,34.31876300 -110.17812200,34.31876200 -110.17828200,34.31870800 -110.17841800,34.31862400 -110.17854700,34.31854000 -110.17868700,34.31845900 -110.17884000,34.31839000 -110.17904600,34.31829500 -110.17925300,34.31818600 -110.17945100,34.31806700 -110.17958000,34.31799100 -110.17972200,34.31791100 -110.17985600,34.31783000 -110.18001600,34.31776900 -110.18018000,34.31772000 -110.18033000,34.31766700 -110.18048500,34.31760700 -110.18064200,34.31756000 -110.18081000,34.31755100 -110.18097400,34.31756100 -110.18113500,34.31758500 -110.18129400,34.31762700 -110.18141900,34.31771700 -110.18155100,34.31780400 -110.18170700,34.31782000 -110.18179100,34.31782700 -110.18186400,34.31784600 -110.18199000,34.31791800 -110.18210200,34.31802300 -110.18221500,34.31811100 -110.18234500,34.31819400 -110.18244900,34.31828700 -110.18249900,34.31841400 -110.18254400,34.31854700 -110.18263600,34.31865500 -110.18278800,34.31871000 -110.18295700,34.31870400 -110.18319900,34.31866800 -110.18344700,34.31864700 -110.18369200,34.31862300 -110.18393100,34.31860900 -110.18410300,34.31860000 -110.18435500,34.31859400 -110.18458600,34.31865400 -110.18479000,34.31876600 -110.18501300,34.31889400 -110.18526100,34.31899400 -110.18549100,34.31907200 -110.18564700,34.31912800 -110.18580900,34.31918300 -110.18595000,34.31924400 -110.18607600,34.31932600 -110.18620700,34.31939300 -110.18635600,34.31945400 -110.18650000,34.31951600 -110.18671700,34.31962200 -110.18686500,34.31967100 -110.18700500,34.31972600 -110.18722000,34.31983200 -110.18742700,34.31993400 -110.18758800,34.32000700 -110.18780600,34.32010200 -110.18804100,34.32020300 -110.18825500,34.32032200 -110.18842300,34.32047000 -110.18852600,34.32057600 -110.18863000,34.32068200 -110.18874700,34.32078200 -110.18887200,34.32086600 -110.18894500,34.32089600 -110.18902200,34.32090800 -110.18918200,34.32086200 -110.18940400,34.32075300 -110.18953700,34.32066200 -110.18962400,34.32054300 -110.18969100,34.32041800 -110.18976800,34.32030400 -110.18989400,34.32020900 -110.19008100,34.32007200 -110.19030100,34.31994000 -110.19046400,34.31987500 -110.19061100,34.31982700 -110.19076500,34.31977500 -110.19092800,34.31971300 -110.19108500,34.31965700 -110.19132000,34.31959500 -110.19148000,34.31958300 -110.19166300,34.31960000 -110.19189200,34.31965300 -110.19212700,34.31971700 -110.19237500,34.31979100 -110.19261300,34.31984000 -110.19285600,34.31985400 -110.19311100,34.31985100 -110.19336800,34.31983300 -110.19353800,34.31985200 -110.19368100,34.31990800 -110.19380100,34.31999700 -110.19390300,34.32010600 -110.19402800,34.32018700 -110.19410100,34.32021100 -110.19418000,34.32020600 -110.19433300,34.32020400 -110.19444100,34.32030000 -110.19453900,34.32041800 -110.19466900,34.32051000 -110.19481400,34.32055100 -110.19496400,34.32061700 -110.19510500,34.32070100 -110.19520800,34.32081000 -110.19529600,34.32092800 -110.19539500,34.32104200 -110.19551900,34.32113100 -110.19565600,34.32119000 -110.19581600,34.32122100 -110.19598800,34.32122500 -110.19614900,34.32121800 -110.19631900,34.32120600 -110.19648100,34.32120900 -110.19664700,34.32121000 -110.19681800,34.32124100 -110.19707500,34.32126100 -110.19724300,34.32124500 -110.19740100,34.32123100 -110.19755200,34.32128800 -110.19769800,34.32134600 -110.19786500,34.32137700 -110.19803700,34.32138700 -110.19819800,34.32136500 -110.19836100,34.32134800 -110.19851400,34.32135400 -110.19868900,34.32135300 -110.19885400,34.32134000 -110.19901500,34.32133000 -110.19919000,34.32132200 -110.19944200,34.32129800 -110.19959900,34.32128100 -110.19976300,34.32124900 -110.19990300,34.32116600 -110.20003500,34.32108600 -110.20018600,34.32103800 -110.20034400,34.32100400 -110.20042300,34.32100900 -110.20050000,34.32102200 -110.20057600,34.32104000 -110.20064900,34.32107000 -110.20079400,34.32112200 -110.20093200,34.32118800 -110.20107900,34.32125500 -110.20123300,34.32128400 -110.20138800,34.32130600 -110.20154100,34.32132300 -110.20170500,34.32132300 -110.20187400,34.32130500 -110.20203300,34.32133000 -110.20210200,34.32135700 -110.20217100,34.32139100 -110.20224400,34.32142100 -110.20232000,34.32144300 -110.20240600,34.32152700 -110.20241900,34.32146000 -110.20242400,34.32146300 -110.20248700,34.32150000 -110.20254400,34.32154600 -110.20257600,34.32160500 -110.20265300,34.32171800 -110.20277900,34.32181200 -110.20291100,34.32189200 -110.20304000,34.32197900 -110.20310800,34.32201200 -110.20326300,34.32203800 -110.20343000,34.32205200 -110.20358300,34.32207500 -110.20374200,34.32210100 -110.20389900,34.32213000 -110.20406400,34.32217100 -110.20429900,34.32226600 -110.20445900,34.32235500 -110.20466600,34.32247700 -110.20490300,34.32254600 -110.20508000,34.32256800 -110.20523600,34.32257600 -110.20539000,34.32255400 -110.20553500,34.32250900 -110.20569000,34.32245700 -110.20583700,34.32241700 -110.20607000,34.32237000 -110.20624300,34.32235100 -110.20639400,34.32231000 -110.20652700,34.32224200 -110.20667800,34.32219300 -110.20682300,34.32215000 -110.20697400,34.32209900 -110.20713100,34.32205400 -110.20728200,34.32201700 -110.20743900,34.32199900 -110.20760500,34.32198700 -110.20776200,34.32198300 -110.20791800,34.32200200 -110.20808900,34.32198500 -110.20824900,34.32198200 -110.20840700,34.32201100 -110.20856000,34.32205300 -110.20873500,34.32219400 -110.20891800,34.32232100 -110.20907100,34.32236800 -110.20923700,34.32240700 -110.20939500,34.32242400 -110.20955200,34.32243800 -110.20968900,34.32249600 -110.20983300,34.32255500 -110.20997900,34.32260300 -110.21021300,34.32267600 -110.21044900,34.32274900 -110.21067100,34.32282000 -110.21089400,34.32291300 -110.21111600,34.32301800 -110.21132400,34.32312100 -110.21152800,34.32321800 -110.21175500,34.32332700 -110.21197300,34.32343100 -110.21219500,34.32353200 -110.21240100,34.32363000 -110.21260800,34.32373300 -110.21281700,34.32384200 -110.21301600,34.32395300 -110.21320700,34.32407400 -110.21341900,34.32419500 -110.21361100,34.32430800 -110.21381500,34.32443600 -110.21400500,34.32457400 -110.21417600,34.32474800 -110.21430800,34.32492300 -110.21440700,34.32509500 -110.21447700,34.32522400 -110.21454700,34.32534800 -110.21461200,34.32547200 -110.21470600,34.32566700 -110.21479100,34.32586000 -110.21487500,34.32606400 -110.21496100,34.32628300 -110.21503600,34.32646600 -110.21512000,34.32666700 -110.21519900,34.32685600 -110.21527500,34.32704200 -110.21532600,34.32716900 -110.21537900,34.32729100 -110.21543300,34.32741700 -110.21545100,34.32754500 -110.21545300,34.32760900 -110.21550100,34.32765900 -110.21550500,34.32766600 -110.21555700,34.32771300 -110.21556700,34.32773800 -110.21559500,34.32779700 -110.21562100,34.32785700 -110.21565000,34.32792000 -110.21568000,34.32798100 -110.21571300,34.32804100 -110.21577600,34.32816000 -110.21584700,34.32827500 -110.21588700,34.32833500 -110.21594000,34.32841400 -110.21603700,34.32852800 -110.21615900,34.32862200 -110.21628300,34.32870100 -110.21642300,34.32876900 -110.21659200,34.32882700 -110.21667600,34.32883900 -110.21675400,34.32883500 -110.21683200,34.32881900 -110.21699200,34.32877600 -110.21706700,34.32875900 -110.21719500,34.32869400 -110.21725700,34.32857700 -110.21731700,34.32845000 -110.21745400,34.32838100 -110.21762400,34.32836400 -110.21778200,34.32833800 -110.21791200,34.32826900 -110.21805800,34.32820200 -110.21823200,34.32816200 -110.21839300,34.32813200 -110.21856100,34.32810500 -110.21873100,34.32808800 -110.21889200,34.32807800 -110.21904400,34.32803000 -110.21917400,34.32794900 -110.21933500,34.32790700 -110.21948700,34.32787500 -110.21962500,34.32781200 -110.21975900,34.32772600 -110.21990200,34.32767300 -110.22006000,34.32766200 -110.22023000,34.32765900 -110.22038000,34.32763100 -110.22050100,34.32753300 -110.22058600,34.32742300 -110.22068900,34.32731700 -110.22072400,34.32719300 -110.22077600,34.32706500 -110.22079300,34.32693000 -110.22081100,34.32680300 -110.22087000,34.32667900 -110.22098000,34.32659100 -110.22113700,34.32654800 -110.22128700,34.32657100 -110.22142200,34.32664600 -110.22155600,34.32671900 -110.22170100,34.32678200 -110.22177500,34.32689200 -110.22180600,34.32702100 -110.22189800,34.32713500 -110.22201500,34.32731700 -110.22207100,34.32744600 -110.22211400,34.32758600 -110.22215300,34.32772100 -110.22216800,34.32785300 -110.22215900,34.32798300 -110.22217500,34.32811900 -110.22221200,34.32826000 -110.22227200,34.32845800 -110.22229200,34.32866100 -110.22227200,34.32880700 -110.22219400,34.32892400 -110.22214600,34.32904700 -110.22220600,34.32917800 -110.22229200,34.32928600 -110.22238100,34.32939400 -110.22248400,34.32949500 -110.22254500,34.32953200 -110.22260900,34.32957300 -110.22268200,34.32960400 -110.22275800,34.32961400 -110.22281800,34.32957400 -110.22282700,34.32951000 -110.22282800,34.32944600 -110.22283000,34.32938300 -110.22283800,34.32931900 -110.22284800,34.32925500 -110.22285900,34.32919100 -110.22286700,34.32912600 -110.22287800,34.32906000 -110.22288800,34.32899700 -110.22289400,34.32893200 -110.22290700,34.32880400 -110.22294400,34.32867400 -110.22300000,34.32854800 -110.22305100,34.32842000 -110.22307300,34.32820600 -110.22309600,34.32801100 -110.22313700,34.32780300 -110.22316600,34.32758800 -110.22318100,34.32738900 -110.22318500,34.32718600 -110.22318300,34.32704500 -110.22318600,34.32691600 -110.22319400,34.32685000 -110.22323100,34.32679400 -110.22335000,34.32671300 -110.22347000,34.32662700 -110.22359300,34.32653800 -110.22377100,34.32640800 -110.22396600,34.32626500 -110.22406900,34.32615500 -110.22414700,34.32603900 -110.22421500,34.32591500 -110.22428500,34.32579500 -110.22440100,34.32571100 -110.22454200,34.32564700 -110.22460000,34.32560600 -110.22463500,34.32554700 -110.22471800,34.32544000 -110.22479400,34.32541600 -110.22487400,34.32540700 -110.22493600,34.32536500 -110.22502100,34.32525800 -110.22510300,34.32525100 -110.22518000,34.32525500 -110.22527500,34.32515200 -110.22535400,34.32503100 -110.22546900,34.32493500 -110.22557000,34.32482300 -110.22564400,34.32470300 -110.22574800,34.32458700 -110.22585400,34.32448100 -110.22590200,34.32442500 -110.22597400,34.32440200 -110.22605000,34.32440200 -110.22610800,34.32444700 -110.22620500,34.32454900 -110.22629300,34.32465700 -110.22636000,34.32477500 -110.22646300,34.32495900 -110.22655400,34.32509300 -110.22664500,34.32521500 -110.22673600,34.32533600 -110.22681600,34.32545300 -110.22688600,34.32557800 -110.22698900,34.32576600 -110.22705400,34.32588300 -110.22712700,34.32600700 -110.22724200,34.32610300 -110.22736200,34.32618700 -110.22748700,34.32627600 -110.22762300,34.32643100 -110.22772100,34.32656100 -110.22781500,34.32667400 -110.22792300,34.32677900 -110.22806000,34.32684600 -110.22822600,34.32686400 -110.22838400,34.32688400 -110.22854200,34.32690500 -110.22870700,34.32692700 -110.22887500,34.32694600 -110.22912400,34.32694300 -110.22937100,34.32694800 -110.22961500,34.32698500 -110.22984200,34.32706500 -110.23004800,34.32716100 -110.23021300,34.32719900 -110.23039000,34.32721600 -110.23055500,34.32723900 -110.23071800,34.32725200 -110.23087700,34.32725800 -110.23104600,34.32727400 -110.23121100,34.32729600 -110.23137200,34.32731900 -110.23153200,34.32735400 -110.23167100,34.32741100 -110.23176400,34.32751600 -110.23181200,34.32765000 -110.23183200,34.32778300 -110.23184900,34.32791800 -110.23186700,34.32804600 -110.23192900,34.32817500 -110.23201700,34.32828900 -110.23215200,34.32846000 -110.23230600,34.32862500 -110.23246100,34.32877900 -110.23256800,34.32889100 -110.23266500,34.32900100 -110.23275600,34.32912300 -110.23283300,34.32924200 -110.23291400,34.32935800 -110.23299100,34.32948500 -110.23307600,34.32967100 -110.23313300,34.32987200 -110.23315000,34.33001000 -110.23318600,34.33015100 -110.23323900,34.33027700 -110.23331100,34.33040500 -110.23343300,34.33057500 -110.23349100,34.33070400 -110.23352400,34.33084300 -110.23351400,34.33097700 -110.23347600,34.33110600 -110.23349400,34.33124000 -110.23348100,34.33136900 -110.23342400,34.33150200 -110.23332800,34.33168600 -110.23325300,34.33188000 -110.23319100,34.33208800 -110.23312200,34.33228500 -110.23304400,34.33248000 -110.23296000,34.33268100 -110.23290500,34.33281300 -110.23285000,34.33293800 -110.23281300,34.33306700 -110.23277600,34.33320700 -110.23272100,34.33333200 -110.23266400,34.33346000 -110.23259600,34.33365300 -110.23257100,34.33379700 -110.23258900,34.33399200 -110.23262500,34.33419600 -110.23263800,34.33440500 -110.23265100,34.33462100 -110.23267600,34.33483200 -110.23272300,34.33503500 -110.23277300,34.33523400 -110.23276100,34.33544000 -110.23273700,34.33558900 -110.23270000,34.33572200 -110.23266300,34.33585400 -110.23269400,34.33605100 -110.23274900,34.33617600 -110.23276900,34.33632000 -110.23275500,34.33646600 -110.23274300,34.33659700 -110.23275400,34.33673500 -110.23279800,34.33686100 -110.23286800,34.33698800 -110.23293700,34.33710800 -110.23297000,34.33724300 -110.23296500,34.33737600 -110.23292700,34.33751600 -110.23287100,34.33764400 -110.23286300,34.33785600 -110.23290400,34.33804900 -110.23292900,34.33819800 -110.23295200,34.33833700 -110.23297300,34.33847000 -110.23298500,34.33860900 -110.23297500,34.33874900 -110.23294800,34.33888900 -110.23291800,34.33909400 -110.23290600,34.33929200 -110.23289600,34.33949300 -110.23289700,34.33970100 -110.23289200,34.33983800 -110.23287500,34.33997600 -110.23285000,34.34011100 -110.23280500,34.34023600 -110.23276500,34.34036900 -110.23273500,34.34050400 -110.23270100,34.34063500 -110.23265300,34.34076300 -110.23257000,34.34088200 -110.23239500,34.34100700 -110.23226200,34.34109100 -110.23212800,34.34119100 -110.23198100,34.34124700 -110.23182500,34.34129500 -110.23167000,34.34134300 -110.23151900,34.34139900 -110.23151600,34.34152200 -110.23156200,34.34164500 -110.23153400,34.34170800 -110.23144600,34.34181900 -110.23137500,34.34194300 -110.23136400,34.34208000 -110.23139700,34.34221800 -110.23146300,34.34241800 -110.23146300,34.34256000 -110.23142000,34.34275900 -110.23144100,34.34288700 -110.23150600,34.34300700 -110.23157100,34.34313000 -110.23162600,34.34325900 -110.23169000,34.34338200 -110.23177000,34.34349400 -110.23185100,34.34361000 -110.23187800,34.34367100 -110.23186700,34.34380400 -110.23184200,34.34394100 -110.23182500,34.34408200 -110.23184300,34.34421800 -110.23187400,34.34434800 -110.23190900,34.34448400 -110.23194500,34.34461400 -110.23198400,34.34474800 -110.23201600,34.34487600 -110.23203400,34.34500600 -110.23204100,34.34507200 -110.23205400,34.34513500 -110.23214100,34.34533100 -110.23228800,34.34550200 -110.23243600,34.34565900 -110.23258200,34.34582500 -110.23268900,34.34594200 -110.23278700,34.34604100 -110.23284600,34.34616400 -110.23287900,34.34629200 -110.23295700,34.34642000 -110.23310900,34.34658000 -110.23323700,34.34675600 -110.23332300,34.34687300 -110.23342500,34.34697500 -110.23350600,34.34708700 -110.23355200,34.34721300 -110.23354600,34.34734100 -110.23351100,34.34747800 -110.23345100,34.34759900 -110.23339000,34.34773900 -110.23327000,34.34791000 -110.23312200,34.34808000 -110.23297700,34.34824500 -110.23280400,34.34840000 -110.23263100,34.34855200 -110.23247100,34.34871200 -110.23231000,34.34888500 -110.23227300,34.34902200 -110.23226600,34.34916000 -110.23224000,34.34929800 -110.23218600,34.34942300 -110.23214800,34.34955400 -110.23212000,34.34968200 -110.23205300,34.34987700 -110.23200900,34.35001800 -110.23196000,34.35022500 -110.23189600,34.35042500 -110.23184000,34.35062800 -110.23181700,34.35083100 -110.23181000,34.35103000 -110.23172200,34.35124100 -110.23168100,34.35144100 -110.23171200,34.35158100 -110.23176400,34.35170900 -110.23177700,34.35184500 -110.23174200,34.35198700 -110.23168300,34.35211700 -110.23158900,34.35230900 -110.23154200,34.35251300 -110.23155300,34.35272200 -110.23155500,34.35293500 -110.23154000,34.35306800 -110.23151900,34.35313500 -110.23142100,34.35323900 -110.23128200,34.35331700 -110.23113000,34.35336500 -110.23097800,34.35342200 -110.23084000,34.35351400 -110.23075900,34.35362700 -110.23069900,34.35375500 -110.23061800,34.35394700 -110.23053100,34.35412900 -110.23042600,34.35432400 -110.23035000,34.35451900 -110.23031400,34.35466800 -110.23029100,34.35480500 -110.23029000,34.35487100 -110.23029000,34.35493500 -110.23032400,34.35506600 -110.23043400,34.35525800 -110.23050000,34.35537900 -110.23052900,34.35551300 -110.23050300,34.35565200 -110.23047500,34.35578400 -110.23053100,34.35590500 -110.23063100,34.35602000 -110.23073700,34.35613200 -110.23087900,34.35628900 -110.23102400,34.35646000 -110.23119900,34.35660300 -110.23138300,34.35675200 -110.23157200,34.35687800 -110.23181100,34.35691000 -110.23206000,34.35691500 -110.23222900,34.35690500 -110.23238400,34.35689500 -110.23254800,34.35693000 -110.23269700,34.35699700 -110.23283500,34.35708500 -110.23296000,34.35718000 -110.23309400,34.35727600 -110.23321600,34.35736100 -110.23334400,34.35745000 -110.23351600,34.35760000 -110.23373300,34.35773900 -110.23395000,34.35787600 -110.23414400,34.35800300 -110.23427700,34.35808100 -110.23442100,34.35815500 -110.23456300,34.35820300 -110.23472800,34.35819000 -110.23488400,34.35818000 -110.23504200,34.35822800 -110.23516700,34.35832100 -110.23523000,34.35836700 -110.23535400,34.35844200 -110.23550300,34.35849000 -110.23564900,34.35854200 -110.23587900,34.35863500 -110.23603300,34.35870200 -110.23625800,34.35879900 -110.23641100,34.35885900 -110.23657800,34.35886500 -110.23673300,34.35883000 -110.23688800,34.35877300 -110.23704400,34.35873200 -110.23720900,34.35870100 -110.23737400,34.35868800 -110.23753300,34.35870500 -110.23769800,34.35872200 -110.23786600,34.35871600 -110.23803400,34.35867700 -110.23818200,34.35862500 -110.23834400,34.35860200 -110.23850100,34.35857800 -110.23864800,34.35853300 -110.23879500,34.35847700 -110.23895100,34.35844400 -110.23911200,34.35842900 -110.23926800,34.35842900 -110.23943800,34.35843600 -110.23960900,34.35847800 -110.23976500,34.35849600 -110.23993200,34.35847400 -110.24010100,34.35844700 -110.24026300,34.35841100 -110.24042200,34.35837100 -110.24065300,34.35834100 -110.24082600,34.35833300 -110.24106900,34.35832200 -110.24130900,34.35831400 -110.24156100,34.35830900 -110.24180500,34.35833600 -110.24198000,34.35834700 -110.24222400,34.35834800 -110.24238900,34.35834200 -110.24256000,34.35834100 -110.24271900,34.35834500 -110.24287900,34.35835300 -110.24295500,34.35835000 -110.24302800,34.35832900 -110.24307400,34.35827700 -110.24309700,34.35821500 -110.24314600,34.35816600 -110.24321800,34.35814500 -110.24337200,34.35814100 -110.24353400,34.35815900 -110.24370000,34.35816000 -110.24385800,34.35817200 -110.24401800,34.35816900 -110.24416800,34.35814200 -110.24433000,34.35811700 -110.24448700,34.35812900 -110.24464700,34.35813200 -110.24480000,34.35814600 -110.24498000,34.35813800 -110.24521300,34.35814100 -110.24546400,34.35817000 -110.24562200,34.35819200 -110.24578700,34.35820400 -110.24595100,34.35820900 -110.24619200,34.35820700 -110.24636100,34.35816900 -110.24651700,34.35809400 -110.24666800,34.35810400 -110.24681700,34.35816700 -110.24696000,34.35822800 -110.24711500,34.35820400 -110.24727500,34.35819700 -110.24744100,34.35820600 -110.24761300,34.35820700 -110.24777100,34.35821600 -110.24792300,34.35823500 -110.24808800,34.35824700 -110.24825300,34.35824600 -110.24841700,34.35823900 -110.24859200,34.35823600 -110.24875200,34.35824000 -110.24893100,34.35823300 -110.24909500,34.35822500 -110.24926200,34.35825600 -110.24941900,34.35827300 -110.24957800,34.35827100 -110.24972500,34.35822100 -110.24986900,34.35816000 -110.25002700,34.35811400 -110.25018100,34.35808500 -110.25041400,34.35805500 -110.25058100,34.35804600 -110.25075300,34.35803100 -110.25099200,34.35798400 -110.25114400,34.35795100 -110.25130700,34.35793700 -110.25147000,34.35794400 -110.25171000,34.35795600 -110.25186300,34.35796700 -110.25202100,34.35800400 -110.25216200,34.35806900 -110.25230100,34.35813500 -110.25244700,34.35820800 -110.25258900,34.35827800 -110.25266000,34.35830600 -110.25279900,34.35836500 -110.25294900,34.35838500 -110.25310700,34.35838100 -110.25327800,34.35838300 -110.25343400,34.35834200 -110.25357900,34.35827900 -110.25371100,34.35834600 -110.25386200,34.35837200 -110.25400500,34.35829900 -110.25413100,34.35822400 -110.25425200,34.35813900 -110.25437600,34.35804600 -110.25450300,34.35797200 -110.25462600,34.35788000 -110.25473700,34.35777300 -110.25486300,34.35769100 -110.25500200,34.35762400 -110.25514300,34.35756400 -110.25530500,34.35753800 -110.25546200,34.35749200 -110.25561700,34.35745900 -110.25577600,34.35740800 -110.25591800,34.35734500 -110.25608300,34.35732400 -110.25617400,34.35722200 -110.25622800,34.35709200 -110.25635300,34.35699400 -110.25646400,34.35689200 -110.25655400,34.35678400 -110.25664800,34.35666700 -110.25673700,34.35655800 -110.25685400,34.35645700 -110.25698000,34.35637200 -110.25711200,34.35629000 -110.25724100,34.35621500 -110.25736000,34.35613000 -110.25747800,34.35603700 -110.25762400,34.35601700 -110.25778000,34.35600300 -110.25784600,34.35587700 -110.25786100,34.35574100 -110.25792100,34.35561000 -110.25795200,34.35547500 -110.25804100,34.35536200 -110.25820600,34.35532600 -110.25836800,34.35534500 -110.25851900,34.35541300 -110.25866000,34.35546900 -110.25881500,34.35550400 -110.25897500,34.35549100 -110.25913300,34.35547400 -110.25927400,34.35554300 -110.25940400,34.35562100 -110.25952400,34.35570700 -110.25965000,34.35580000 -110.25982600,34.35593900 -110.26000500,34.35608400 -110.26017200,34.35622900 -110.26028000,34.35634200 -110.26034400,34.35647400 -110.26036600,34.35661000 -110.26041600,34.35674500 -110.26050200,34.35686200 -110.26063800,34.35693600 -110.26079400,34.35695700 -110.26102700,34.35693900 -110.26119600,34.35691900 -110.26136400,34.35695000 -110.26151700,34.35701100 -110.26165100,34.35707800 -110.26179900,34.35715500 -110.26192200,34.35723800 -110.26201300,34.35734800 -110.26208900,34.35747800 -110.26223700,34.35753500 -110.26239600,34.35755900 -110.26255500,34.35759200 -110.26271200,34.35761500 -110.26287400,34.35764500 -110.26302700,34.35768400 -110.26318600,34.35765800 -110.26343400,34.35769900 -110.26367200,34.35777000 -110.26383600,34.35782000 -110.26396000,34.35790600 -110.26408600,34.35800000 -110.26424100,34.35804100 -110.26448300,34.35798900 -110.26463600,34.35794800 -110.26479900,34.35795700 -110.26495800,34.35793900 -110.26511000,34.35789700 -110.26526400,34.35785600 -110.26542800,34.35783200 -110.26558300,34.35782900 -110.26572700,34.35776800 -110.26587200,34.35781800 -110.26598800,34.35791200 -110.26607800,34.35802900 -110.26619800,34.35812000 -110.26635400,34.35815100 -110.26649800,34.35820900 -110.26664100,34.35816000 -110.26679400,34.35817900 -110.26696400,34.35820500 -110.26713300,34.35821000 -110.26729400,34.35821200 -110.26746600,34.35821000 -110.26762200,34.35820000 -110.26779400,34.35821500 -110.26796200,34.35822300 -110.26812100,34.35823600 -110.26827600,34.35826400 -110.26835900,34.35827800 -110.26849000,34.35821600 -110.26853700,34.35808700 -110.26869700,34.35806300 -110.26885100,34.35806700 -110.26900300,34.35805500 -110.26915100,34.35803500 -110.26929600,34.35808900 -110.26940100,34.35818800 -110.26954900,34.35823700 -110.26962600,34.35824800 -110.26970600,34.35825500 -110.26978600,34.35826200 -110.26985900,34.35826900 -110.27001200,34.35829600 -110.27001200,34.35829700 -110.27021100,34.35851100 -110.27031200,34.35861900 -110.27031200,34.35861900 -110.27031300,34.35888900 -110.27031400,34.35915900 -110.27031400,34.35925600 -110.27031400,34.35925600 -110.27048400,34.35934300 -110.27048400,34.35934300 -110.27077000,34.35921300 -110.27102500,34.35909700 -110.27102500,34.35909700 -110.27121800,34.35908200 -110.27121800,34.35908200 -110.27152600,34.35899300 -110.27183500,34.35890300 -110.27195700,34.35886800 -110.27195700,34.35886800 -110.27222600,34.35871500 -110.27240400,34.35861300 -110.27240400,34.35861300 -110.27269500,34.35849000 -110.27296700,34.35837600 -110.27296700,34.35837600 -110.27328700,34.35831900 -110.27330600,34.35831600 -110.27330600,34.35831600 -110.27330500,34.35830400 -110.27345300,34.35829800 -110.27368300,34.35829900 -110.27403500,34.35823600 -110.27434600,34.35807800 -110.27448100,34.35797000 -110.27472900,34.35784000 -110.27499000,34.35777100 -110.27523800,34.35773200 -110.27533600,34.35767400 -110.27535700,34.35767000 -110.27535700,34.35767000 -110.27552100,34.35763600 -110.27576500,34.35762400 -110.27665100,34.35742600 -110.27725200,34.35726000 -110.27728700,34.35727000 -110.27728700,34.35727000 -110.27734300,34.35735900 -110.27731500,34.35744700 -110.27734100,34.35755200 -110.27745700,34.35764300 -110.27757500,34.35769700 -110.27773800,34.35772700 -110.27785200,34.35781200 -110.27794000,34.35788400 -110.27808900,34.35787800 -110.27815500,34.35791400 -110.27815500,34.35796700 -110.27816700,34.35807400 -110.27835300,34.35829700 -110.27842800,34.35847400 -110.27864800,34.35871800 -110.27873900,34.35889100 -110.27879800,34.35904100 -110.27879800,34.35914300 -110.27885200,34.35921900 -110.27888400,34.35930700 -110.27890500,34.35956800 -110.27892700,34.35963500 -110.27905000,34.35985200 -110.27930700,34.35978500 -110.27943100,34.35977600 -110.27969600,34.35958200 -110.28000400,34.35948400 -110.28023800,34.35941100 </coordinates>
</LineString>
</Placemark>
<Placemark>
<name>AZAT-12 Black River</name>
<LookAt>
<longitude>-109.47260450</longitude>
<latitude>33.81188550</latitude>
<range>25978</range>
</LookAt>
<styleUrl>#Line_Forest_Service_Rd_level_2_or_higher_e6e6fa_04</styleUrl>
<ExtendedData>
<Data name="Type">
<value>Forest Service Rd level 2 or higher</value>
</Data>
<Data name="Name on GPS">
<value>AZAT12-Black River</value>
</Data>
<Data name="Total Distance">
<value>25.5 mi</value>
</Data>
<Data name="Number of Trackpoints">
<value>1692</value>
</Data>
</ExtendedData>
<LineString>
<coordinates>-109.48199600,33.92784200 -109.48204400,33.92778300 -109.48223300,33.92760800 -109.48235100,33.92751300 -109.48247800,33.92742900 -109.48263200,33.92734700 -109.48271500,33.92731300 -109.48280700,33.92728400 -109.48300100,33.92724900 -109.48359100,33.92721400 -109.48368200,33.92720000 -109.48384900,33.92715600 -109.48417100,33.92702300 -109.48442200,33.92695600 -109.48450300,33.92693800 -109.48458200,33.92691800 -109.48464800,33.92688800 -109.48470500,33.92685400 -109.48474800,33.92680800 -109.48477300,33.92675300 -109.48480400,33.92660500 -109.48487200,33.92645100 -109.48491000,33.92638100 -109.48495500,33.92615100 -109.48494000,33.92607300 -109.48475500,33.92568800 -109.48472000,33.92561000 -109.48462500,33.92539000 -109.48457300,33.92532200 -109.48435200,33.92515300 -109.48423800,33.92503000 -109.48418700,33.92496700 -109.48404200,33.92478300 -109.48398800,33.92473100 -109.48364200,33.92454500 -109.48357200,33.92450100 -109.48343400,33.92440600 -109.48331000,33.92429300 -109.48317500,33.92410200 -109.48308300,33.92399200 -109.48303800,33.92394000 -109.48286900,33.92379200 -109.48282300,33.92373500 -109.48279300,33.92366900 -109.48279100,33.92359600 -109.48281600,33.92352900 -109.48288500,33.92339700 -109.48291100,33.92333400 -109.48295700,33.92321300 -109.48297200,33.92314500 -109.48297400,33.92307800 -109.48296100,33.92301600 -109.48293400,33.92296000 -109.48283500,33.92279400 -109.48279700,33.92273400 -109.48276000,33.92267700 -109.48271000,33.92255500 -109.48268900,33.92231700 -109.48264600,33.92220400 -109.48261400,33.92215100 -109.48243200,33.92192200 -109.48238100,33.92187800 -109.48232300,33.92184600 -109.48225900,33.92182400 -109.48211600,33.92179700 -109.48204100,33.92179200 -109.48175800,33.92178400 -109.48169200,33.92177100 -109.48163600,33.92174500 -109.48158900,33.92170400 -109.48155900,33.92165000 -109.48154100,33.92158800 -109.48152700,33.92152400 -109.48147400,33.92141500 -109.48139200,33.92133000 -109.48134100,33.92129700 -109.48121700,33.92125700 -109.48106800,33.92124700 -109.48099500,33.92124800 -109.48092100,33.92124500 -109.48077500,33.92122100 -109.48037600,33.92112000 -109.48030300,33.92109900 -109.48017000,33.92103900 -109.47995000,33.92090500 -109.47976600,33.92084400 -109.47970000,33.92082800 -109.47920200,33.92072400 -109.47913200,33.92070900 -109.47876300,33.92064000 -109.47864400,33.92058400 -109.47855300,33.92049300 -109.47853200,33.92043200 -109.47851600,33.92023000 -109.47849900,33.92016000 -109.47843600,33.92003100 -109.47839300,33.91989600 -109.47838300,33.91983100 -109.47838200,33.91976600 -109.47849100,33.91943800 -109.47850700,33.91929800 -109.47851600,33.91925800 -109.47856000,33.91901900 -109.47856900,33.91886900 -109.47858100,33.91881000 -109.47859800,33.91875400 -109.47862300,33.91870000 -109.47866000,33.91865600 -109.47871300,33.91862300 -109.47891000,33.91853600 -109.47909500,33.91842700 -109.47916000,33.91839400 -109.47928400,33.91832700 -109.47935100,33.91832600 -109.47947400,33.91838300 -109.47972400,33.91851900 -109.47979200,33.91854400 -109.47986100,33.91855300 -109.48000200,33.91852400 -109.48007900,33.91851800 -109.48015600,33.91853400 -109.48028600,33.91860000 -109.48035700,33.91862100 -109.48043500,33.91862800 -109.48050300,33.91861900 -109.48062800,33.91860300 -109.48069700,33.91860700 -109.48119500,33.91867000 -109.48128200,33.91867800 -109.48154300,33.91869800 -109.48187900,33.91868000 -109.48204100,33.91868800 -109.48212100,33.91869900 -109.48243700,33.91874200 -109.48282700,33.91875200 -109.48290300,33.91875000 -109.48305400,33.91872800 -109.48328300,33.91866700 -109.48343500,33.91861800 -109.48357900,33.91854000 -109.48364200,33.91850100 -109.48369300,33.91845500 -109.48372200,33.91839800 -109.48374800,33.91828000 -109.48372700,33.91816000 -109.48367200,33.91797300 -109.48364600,33.91791300 -109.48356600,33.91773200 -109.48350200,33.91762100 -109.48332600,33.91743200 -109.48329000,33.91738500 -109.48307900,33.91709900 -109.48299200,33.91694400 -109.48296500,33.91689200 -109.48272200,33.91642300 -109.48269200,33.91637400 -109.48243500,33.91590800 -109.48241200,33.91585700 -109.48233200,33.91576600 -109.48227800,33.91573000 -109.48188300,33.91559500 -109.48182000,33.91557200 -109.48149800,33.91545400 -109.48125200,33.91534600 -109.48119000,33.91532200 -109.48102600,33.91525900 -109.48092100,33.91523100 -109.48073200,33.91523400 -109.48068500,33.91524200 -109.48063500,33.91523900 -109.48055000,33.91521000 -109.48026700,33.91506000 -109.48022200,33.91503400 -109.48013500,33.91498800 -109.48003300,33.91495300 -109.47980300,33.91493700 -109.47974800,33.91492300 -109.47969900,33.91490600 -109.47960800,33.91486000 -109.47954500,33.91479500 -109.47952700,33.91475700 -109.47951000,33.91460700 -109.47949700,33.91456500 -109.47944600,33.91444800 -109.47938000,33.91437900 -109.47922100,33.91424600 -109.47918700,33.91420400 -109.47910300,33.91414400 -109.47904900,33.91413100 -109.47868400,33.91417800 -109.47862600,33.91418600 -109.47844500,33.91421000 -109.47821700,33.91419100 -109.47809500,33.91419300 -109.47803200,33.91419700 -109.47768800,33.91423900 -109.47740300,33.91429200 -109.47734400,33.91430900 -109.47721900,33.91433500 -109.47681000,33.91438600 -109.47674800,33.91440100 -109.47662400,33.91444200 -109.47646400,33.91452000 -109.47640300,33.91453900 -109.47621000,33.91454600 -109.47613900,33.91454600 -109.47599000,33.91455200 -109.47591700,33.91456700 -109.47550400,33.91468200 -109.47544600,33.91469600 -109.47525900,33.91473400 -109.47513300,33.91474800 -109.47488300,33.91473300 -109.47481900,33.91472600 -109.47449600,33.91467100 -109.47438400,33.91463300 -109.47428300,33.91458600 -109.47423400,33.91456000 -109.47399300,33.91442800 -109.47380300,33.91430500 -109.47375400,33.91427400 -109.47334500,33.91401200 -109.47330700,33.91398200 -109.47319100,33.91389600 -109.47306500,33.91378300 -109.47299200,33.91373900 -109.47294600,33.91372200 -109.47283500,33.91370300 -109.47278100,33.91370500 -109.47267000,33.91371800 -109.47246600,33.91377100 -109.47240600,33.91378300 -109.47206200,33.91385100 -109.47192500,33.91383700 -109.47189400,33.91383400 -109.47158200,33.91387000 -109.47154200,33.91387700 -109.47145700,33.91389200 -109.47121800,33.91389300 -109.47112300,33.91391300 -109.47108200,33.91392400 -109.47085900,33.91400900 -109.47075900,33.91402900 -109.47065300,33.91403400 -109.47060000,33.91403500 -109.47044800,33.91402500 -109.47010600,33.91394800 -109.47005700,33.91393600 -109.46973800,33.91385800 -109.46971100,33.91385100 -109.46939100,33.91382500 -109.46933300,33.91380800 -109.46921800,33.91376400 -109.46901600,33.91362500 -109.46883000,33.91356400 -109.46876100,33.91354500 -109.46861500,33.91351000 -109.46855100,33.91348100 -109.46843800,33.91339900 -109.46839600,33.91334600 -109.46832500,33.91315200 -109.46830500,33.91308400 -109.46825100,33.91288500 -109.46818700,33.91276500 -109.46809200,33.91266700 -109.46798200,33.91258800 -109.46792600,33.91255600 -109.46780800,33.91249600 -109.46775400,33.91245800 -109.46756200,33.91227200 -109.46747400,33.91216000 -109.46744300,33.91210800 -109.46738400,33.91200900 -109.46730500,33.91193400 -109.46721700,33.91188700 -109.46708100,33.91184100 -109.46702700,33.91182200 -109.46681500,33.91173900 -109.46656900,33.91169100 -109.46651900,33.91167600 -109.46636000,33.91163900 -109.46610200,33.91155700 -109.46606300,33.91154700 -109.46597600,33.91151400 -109.46579900,33.91147700 -109.46553200,33.91138000 -109.46547100,33.91136100 -109.46508900,33.91127600 -109.46488200,33.91119400 -109.46481100,33.91115100 -109.46459300,33.91101300 -109.46450600,33.91097300 -109.46408000,33.91083700 -109.46399400,33.91081300 -109.46384800,33.91077500 -109.46368800,33.91075500 -109.46333700,33.91077100 -109.46326400,33.91077600 -109.46304600,33.91079200 -109.46291000,33.91079200 -109.46284800,33.91078600 -109.46271100,33.91074000 -109.46268600,33.91073500 -109.46265500,33.91073500 -109.46246800,33.91068800 -109.46235800,33.91064300 -109.46229400,33.91060600 -109.46215900,33.91052600 -109.46198100,33.91037500 -109.46191700,33.91033200 -109.46178600,33.91026600 -109.46173200,33.91022100 -109.46167400,33.91017100 -109.46152000,33.91001800 -109.46129400,33.90968600 -109.46126600,33.90963300 -109.46121000,33.90952000 -109.46117200,33.90946600 -109.46108900,33.90937800 -109.46107500,33.90932200 -109.46109000,33.90925100 -109.46113300,33.90918100 -109.46119700,33.90912200 -109.46127200,33.90906500 -109.46143500,33.90894100 -109.46150300,33.90887500 -109.46156000,33.90880200 -109.46166400,33.90858200 -109.46167700,33.90850600 -109.46167300,33.90842900 -109.46169300,33.90834900 -109.46174000,33.90827400 -109.46192100,33.90807900 -109.46212100,33.90778300 -109.46213600,33.90772300 -109.46216100,33.90760300 -109.46219400,33.90753700 -109.46228700,33.90741100 -109.46240500,33.90729700 -109.46249100,33.90717700 -109.46252300,33.90711400 -109.46260300,33.90686400 -109.46260800,33.90672500 -109.46264200,33.90651000 -109.46265200,33.90643400 -109.46266400,33.90628800 -109.46258500,33.90582200 -109.46257300,33.90576600 -109.46255500,33.90567000 -109.46254400,33.90543800 -109.46255300,33.90537000 -109.46258000,33.90529800 -109.46262100,33.90522400 -109.46266700,33.90515200 -109.46270400,33.90508300 -109.46280700,33.90481700 -109.46284300,33.90462600 -109.46286500,33.90456800 -109.46289200,33.90450700 -109.46293900,33.90439200 -109.46299900,33.90414500 -109.46306200,33.90397800 -109.46308600,33.90393000 -109.46311900,33.90381900 -109.46314400,33.90365700 -109.46314900,33.90363900 -109.46318600,33.90348300 -109.46321000,33.90327400 -109.46321600,33.90311700 -109.46320600,33.90304100 -109.46319300,33.90297100 -109.46314500,33.90278700 -109.46313700,33.90272400 -109.46313800,33.90265700 -109.46316700,33.90252600 -109.46316800,33.90239100 -109.46316400,33.90232200 -109.46315200,33.90196600 -109.46313000,33.90183100 -109.46309300,33.90169600 -109.46309100,33.90162900 -109.46308900,33.90143700 -109.46305400,33.90125300 -109.46300500,33.90108300 -109.46298700,33.90102500 -109.46291900,33.90086000 -109.46284700,33.90074200 -109.46275400,33.90064200 -109.46264700,33.90055500 -109.46259600,33.90051900 -109.46245500,33.90041400 -109.46246000,33.90039800 -109.46242800,33.90039900 -109.46242700,33.90039900 -109.46240400,33.90038500 -109.46225300,33.90029000 -109.46195700,33.90016400 -109.46189900,33.90012400 -109.46185300,33.90007600 -109.46179000,33.90002400 -109.46165800,33.89995000 -109.46139100,33.89976800 -109.46122300,33.89971400 -109.46113500,33.89969600 -109.46081900,33.89961900 -109.46075000,33.89958700 -109.46069700,33.89954100 -109.46066600,33.89948500 -109.46065900,33.89943300 -109.46066900,33.89938300 -109.46069900,33.89934100 -109.46074200,33.89930500 -109.46080600,33.89927800 -109.46088400,33.89926000 -109.46118200,33.89925900 -109.46147000,33.89928900 -109.46156700,33.89929300 -109.46203800,33.89926200 -109.46239400,33.89919100 -109.46248200,33.89918000 -109.46290700,33.89913400 -109.46304000,33.89908800 -109.46311800,33.89901900 -109.46314000,33.89898700 -109.46319900,33.89884000 -109.46319100,33.89881000 -109.46316200,33.89877800 -109.46311300,33.89874500 -109.46305100,33.89871400 -109.46297000,33.89869000 -109.46287600,33.89867700 -109.46247900,33.89867700 -109.46220200,33.89866100 -109.46211800,33.89864000 -109.46195700,33.89858100 -109.46187800,33.89853600 -109.46140200,33.89822200 -109.46131500,33.89817000 -109.46065500,33.89785100 -109.46046000,33.89777200 -109.46036100,33.89773800 -109.45945700,33.89743400 -109.45936400,33.89739300 -109.45917600,33.89732200 -109.45898800,33.89727000 -109.45890100,33.89725600 -109.45873600,33.89724600 -109.45862200,33.89725800 -109.45858700,33.89726700 -109.45834300,33.89733800 -109.45822200,33.89741200 -109.45817900,33.89743700 -109.45809800,33.89746700 -109.45806300,33.89745800 -109.45803200,33.89743200 -109.45790600,33.89715800 -109.45786500,33.89708900 -109.45770300,33.89688100 -109.45732000,33.89643300 -109.45725800,33.89635900 -109.45675100,33.89578800 -109.45660600,33.89561100 -109.45654100,33.89551600 -109.45648400,33.89541800 -109.45644300,33.89531600 -109.45638900,33.89509800 -109.45637100,33.89498900 -109.45636400,33.89476300 -109.45637600,33.89465200 -109.45640400,33.89454500 -109.45643600,33.89444300 -109.45662200,33.89391100 -109.45671100,33.89347700 -109.45672800,33.89336500 -109.45680400,33.89233500 -109.45681200,33.89221900 -109.45684100,33.89188000 -109.45688200,33.89155700 -109.45694900,33.89123000 -109.45698500,33.89111800 -109.45713500,33.89067100 -109.45718200,33.89056000 -109.45729900,33.89034900 -109.45737400,33.89024900 -109.45745800,33.89015700 -109.45755700,33.89007700 -109.45777900,33.88993600 -109.45812900,33.88975100 -109.45837200,33.88963000 -109.45861900,33.88953000 -109.45874600,33.88949500 -109.45887200,33.88946400 -109.45899900,33.88944600 -109.45990200,33.88940200 -109.46003800,33.88939300 -109.46121200,33.88933200 -109.46134700,33.88932700 -109.46256700,33.88927600 -109.46270400,33.88926800 -109.46354000,33.88923100 -109.46395700,33.88922500 -109.46409200,33.88922900 -109.46422000,33.88923800 -109.46448500,33.88927500 -109.46473700,33.88932800 -109.46485900,33.88936500 -109.46497700,33.88941700 -109.46521100,33.88953600 -109.46533200,33.88959900 -109.46638200,33.89014200 -109.46649900,33.89020500 -109.46720600,33.89059500 -109.46732600,33.89065600 -109.46758800,33.89076800 -109.46771700,33.89081100 -109.46784700,33.89084400 -109.46811400,33.89086600 -109.46838000,33.89083900 -109.46888700,33.89073400 -109.46901000,33.89070900 -109.46914200,33.89068800 -109.46955700,33.89065200 -109.47025900,33.89061600 -109.47039300,33.89059400 -109.47065200,33.89053500 -109.47103800,33.89041500 -109.47115800,33.89036600 -109.47127100,33.89030400 -109.47137100,33.89023100 -109.47145900,33.89015100 -109.47153600,33.89005900 -109.47160500,33.88996400 -109.47166200,33.88986000 -109.47171000,33.88975400 -109.47178200,33.88953300 -109.47180500,33.88942200 -109.47180800,33.88930700 -109.47178200,33.88909500 -109.47175800,33.88899000 -109.47166000,33.88866900 -109.47161200,33.88856400 -109.47149400,33.88837500 -109.47128900,33.88810000 -109.47121800,33.88800900 -109.47058900,33.88720300 -109.47051800,33.88711700 -109.47036700,33.88694200 -109.47016300,33.88667400 -109.47004900,33.88648700 -109.46996400,33.88629900 -109.46992800,33.88620800 -109.46969700,33.88562900 -109.46968600,33.88558000 -109.46965100,33.88533400 -109.46965500,33.88513100 -109.46966000,33.88508700 -109.46970900,33.88467500 -109.46971300,33.88462900 -109.46971900,33.88449000 -109.46973500,33.88440400 -109.46975600,33.88432000 -109.46979400,33.88424500 -109.46982100,33.88420800 -109.47012900,33.88388300 -109.47016700,33.88384100 -109.47031300,33.88370100 -109.47037600,33.88366000 -109.47044500,33.88363000 -109.47061000,33.88359700 -109.47069900,33.88359000 -109.47079500,33.88359600 -109.47089600,33.88360500 -109.47123400,33.88366300 -109.47133700,33.88369600 -109.47143000,33.88373900 -109.47150900,33.88378600 -109.47156500,33.88383900 -109.47162500,33.88397500 -109.47163200,33.88405100 -109.47161800,33.88422100 -109.47153000,33.88470000 -109.47152600,33.88479600 -109.47154000,33.88488900 -109.47157100,33.88496500 -109.47163900,33.88503600 -109.47172900,33.88509400 -109.47182500,33.88514100 -109.47251300,33.88539200 -109.47262700,33.88544100 -109.47331900,33.88575000 -109.47368100,33.88590000 -109.47380500,33.88594900 -109.47418900,33.88607800 -109.47502600,33.88626900 -109.47516600,33.88629600 -109.47644300,33.88651500 -109.47659100,33.88653900 -109.47717300,33.88665100 -109.47747200,33.88669100 -109.47761900,33.88668400 -109.47788900,33.88661500 -109.47803200,33.88657500 -109.47816600,33.88653800 -109.47829900,33.88651400 -109.47843100,33.88650900 -109.47855900,33.88653000 -109.47899600,33.88663200 -109.47932900,33.88669400 -109.47948500,33.88673300 -109.47991600,33.88686300 -109.48021100,33.88689300 -109.48050600,33.88687200 -109.48077700,33.88681900 -109.48090300,33.88676700 -109.48113300,33.88662800 -109.48124200,33.88655000 -109.48133500,33.88646600 -109.48142400,33.88638000 -109.48150400,33.88628500 -109.48171300,33.88599000 -109.48177900,33.88589100 -109.48185300,33.88579500 -109.48194200,33.88571100 -109.48204200,33.88564000 -109.48215400,33.88557800 -109.48281400,33.88538800 -109.48294400,33.88534100 -109.48307900,33.88528800 -109.48321500,33.88521500 -109.48335300,33.88513400 -109.48346000,33.88505000 -109.48362800,33.88486100 -109.48383300,33.88452800 -109.48387700,33.88440800 -109.48392100,33.88415000 -109.48394300,33.88389500 -109.48393600,33.88364800 -109.48390900,33.88326900 -109.48390200,33.88314400 -109.48390800,33.88291200 -109.48398300,33.88244600 -109.48398600,33.88221600 -109.48396700,33.88210800 -109.48394300,33.88200800 -109.48385300,33.88168100 -109.48381300,33.88144900 -109.48381600,33.88133100 -109.48387800,33.88099900 -109.48390600,33.88088600 -109.48399600,33.88055700 -109.48404300,33.88046100 -109.48411600,33.88038000 -109.48421800,33.88031900 -109.48432800,33.88027500 -109.48444900,33.88025200 -109.48457400,33.88024800 -109.48469300,33.88026800 -109.48495300,33.88031800 -109.48509200,33.88032500 -109.48523100,33.88030700 -109.48536300,33.88026400 -109.48548300,33.88020100 -109.48581600,33.87998300 -109.48592900,33.87990400 -109.48633100,33.87961300 -109.48643300,33.87954400 -109.48654400,33.87948500 -109.48666500,33.87944200 -109.48679000,33.87942000 -109.48692200,33.87941200 -109.48704900,33.87942400 -109.48716800,33.87944400 -109.48790100,33.87960800 -109.48803500,33.87962100 -109.48816900,33.87961200 -109.48829200,33.87958700 -109.48840400,33.87954700 -109.48850900,33.87949200 -109.48860400,33.87942600 -109.48868700,33.87934800 -109.48887500,33.87908000 -109.48901400,33.87891200 -109.48909000,33.87883500 -109.48939800,33.87852100 -109.48944600,33.87844000 -109.48947700,33.87835100 -109.48948400,33.87825700 -109.48947400,33.87815800 -109.48944200,33.87806900 -109.48937800,33.87799300 -109.48929400,33.87793600 -109.48909200,33.87784500 -109.48877000,33.87773100 -109.48867300,33.87768000 -109.48858300,33.87761600 -109.48849700,33.87753800 -109.48843200,33.87745400 -109.48839200,33.87736100 -109.48838400,33.87726900 -109.48841500,33.87718600 -109.48846900,33.87711100 -109.48853900,33.87704400 -109.48870000,33.87691700 -109.48887200,33.87679900 -109.48895900,33.87674300 -109.48914700,33.87664800 -109.48934900,33.87657600 -109.48956900,33.87652700 -109.48988700,33.87648400 -109.48999700,33.87647500 -109.49030800,33.87644700 -109.49049800,33.87640100 -109.49068200,33.87632200 -109.49084800,33.87621100 -109.49092300,33.87614300 -109.49106100,33.87599400 -109.49110600,33.87591100 -109.49116900,33.87566000 -109.49117300,33.87549200 -109.49116400,33.87540800 -109.49114700,33.87532400 -109.49112600,33.87524100 -109.49109100,33.87516400 -109.49103900,33.87508900 -109.49091900,33.87494300 -109.49065800,33.87466600 -109.49059100,33.87459500 -109.49021900,33.87422200 -109.48986900,33.87395000 -109.48978100,33.87389100 -109.48959800,33.87377800 -109.48933900,33.87358200 -109.48917100,33.87343300 -109.48903500,33.87327800 -109.48897600,33.87319400 -109.48887200,33.87301700 -109.48881200,33.87282800 -109.48877700,33.87263700 -109.48876400,33.87235900 -109.48877000,33.87226500 -109.48881400,33.87197200 -109.48885700,33.87188400 -109.48892600,33.87181200 -109.48901100,33.87175300 -109.48910700,33.87170700 -109.48921400,33.87167800 -109.48932600,33.87166600 -109.48943800,33.87167200 -109.48955000,33.87169800 -109.48965100,33.87174100 -109.49001200,33.87196400 -109.49028700,33.87211900 -109.49037200,33.87217100 -109.49075800,33.87239500 -109.49126800,33.87265600 -109.49136300,33.87270400 -109.49188200,33.87294200 -109.49196900,33.87295900 -109.49205900,33.87295200 -109.49213600,33.87291500 -109.49218200,33.87284700 -109.49219300,33.87277000 -109.49216900,33.87268900 -109.49208900,33.87251900 -109.49182800,33.87205400 -109.49176900,33.87195600 -109.49171500,33.87186200 -109.49167700,33.87176900 -109.49166200,33.87167400 -109.49168200,33.87158100 -109.49171900,33.87150000 -109.49178500,33.87142400 -109.49186500,33.87134900 -109.49203600,33.87121300 -109.49211700,33.87114200 -109.49216900,33.87105000 -109.49219500,33.87094600 -109.49219700,33.87084900 -109.49216300,33.87076300 -109.49209300,33.87068800 -109.49200200,33.87062500 -109.49167300,33.87044300 -109.49155800,33.87038500 -109.49110500,33.87015600 -109.49078100,33.86995500 -109.49058200,33.86981200 -109.49048700,33.86973500 -109.48961300,33.86903200 -109.48951900,33.86895700 -109.48923900,33.86874400 -109.48861600,33.86831800 -109.48852500,33.86824200 -109.48844400,33.86816200 -109.48837100,33.86807300 -109.48831000,33.86797800 -109.48826300,33.86787200 -109.48822100,33.86765700 -109.48824300,33.86734600 -109.48823200,33.86724100 -109.48819200,33.86714100 -109.48812300,33.86705300 -109.48802500,33.86699200 -109.48780200,33.86687300 -109.48768500,33.86682500 -109.48731100,33.86670000 -109.48717800,33.86665500 -109.48692400,33.86655300 -109.48682100,33.86648500 -109.48673400,33.86640500 -109.48666200,33.86631800 -109.48638000,33.86594400 -109.48630400,33.86585400 -109.48612300,33.86569200 -109.48562700,33.86530600 -109.48545400,33.86514000 -109.48538100,33.86505100 -109.48504600,33.86458700 -109.48475400,33.86421300 -109.48467500,33.86411500 -109.48459800,33.86401900 -109.48453200,33.86391800 -109.48447800,33.86381200 -109.48444500,33.86370400 -109.48443100,33.86359400 -109.48443000,33.86348200 -109.48445600,33.86315800 -109.48445900,33.86304900 -109.48445100,33.86293900 -109.48439400,33.86272500 -109.48428400,33.86252000 -109.48403800,33.86213500 -109.48398600,33.86203200 -109.48394600,33.86192800 -109.48392400,33.86181800 -109.48391500,33.86170700 -109.48391500,33.86148200 -109.48390100,33.86136600 -109.48386300,33.86125500 -109.48379600,33.86115500 -109.48370500,33.86105500 -109.48360800,33.86097600 -109.48350000,33.86090800 -109.48314800,33.86072600 -109.48254500,33.86044300 -109.48244300,33.86036200 -109.48227700,33.86017600 -109.48222600,33.86007600 -109.48220200,33.85996700 -109.48218400,33.85974300 -109.48218100,33.85963700 -109.48220300,33.85942500 -109.48221900,33.85931500 -109.48233000,33.85900000 -109.48242600,33.85880800 -109.48254800,33.85861800 -109.48262400,33.85852600 -109.48271600,33.85843900 -109.48281600,33.85835800 -109.48319700,33.85803700 -109.48338400,33.85786500 -109.48355400,33.85769000 -109.48362600,33.85759300 -109.48368700,33.85749000 -109.48384400,33.85717200 -109.48408800,33.85648000 -109.48413600,33.85636700 -109.48422200,33.85613400 -109.48424800,33.85601900 -109.48426100,33.85578600 -109.48425200,33.85567200 -109.48422900,33.85555900 -109.48415800,33.85533900 -109.48411000,33.85523000 -109.48394400,33.85490600 -109.48388100,33.85480900 -109.48380500,33.85471800 -109.48371400,33.85464000 -109.48360100,33.85457500 -109.48336200,33.85448100 -109.48323400,33.85444100 -109.48284300,33.85434600 -109.48259700,33.85426200 -109.48248300,33.85420600 -109.48239400,33.85413300 -109.48232200,33.85405500 -109.48225800,33.85396300 -109.48219400,33.85385900 -109.48207400,33.85364600 -109.48185700,33.85322200 -109.48171600,33.85289300 -109.48168500,33.85278500 -109.48161300,33.85245300 -109.48158500,33.85222700 -109.48160800,33.85178200 -109.48162100,33.85167000 -109.48165300,33.85122300 -109.48172000,33.85067200 -109.48173500,33.85055500 -109.48180700,33.84998100 -109.48184800,33.84987000 -109.48204200,33.84956700 -109.48210000,33.84946200 -109.48220200,33.84924600 -109.48233100,33.84892700 -109.48252000,33.84850200 -109.48257300,33.84839600 -109.48281500,33.84796800 -109.48300500,33.84768500 -109.48310800,33.84748000 -109.48314300,33.84737300 -109.48323700,33.84705900 -109.48334600,33.84675000 -109.48343300,33.84654900 -109.48349000,33.84645500 -109.48354700,33.84636200 -109.48393200,33.84575600 -109.48405000,33.84559000 -109.48411200,33.84551100 -109.48454700,33.84480100 -109.48459600,33.84473400 -109.48468400,33.84462100 -109.48470600,33.84455800 -109.48471000,33.84449800 -109.48469200,33.84444600 -109.48465400,33.84440100 -109.48450400,33.84426300 -109.48444200,33.84420800 -109.48368900,33.84348600 -109.48360500,33.84340200 -109.48328100,33.84305300 -109.48296800,33.84259700 -109.48290400,33.84250200 -109.48232400,33.84164000 -109.48226000,33.84154700 -109.48169900,33.84070900 -109.48163400,33.84061900 -109.48151200,33.84042700 -109.48140000,33.84022500 -109.48106800,33.83972700 -109.48100300,33.83962300 -109.48081000,33.83931500 -109.48054200,33.83891500 -109.48037900,33.83873000 -109.48029100,33.83863900 -109.47988900,33.83820100 -109.47955300,33.83789900 -109.47947700,33.83782300 -109.47878800,33.83717900 -109.47871500,33.83711200 -109.47836700,33.83678000 -109.47806900,33.83651700 -109.47799500,33.83645400 -109.47763400,33.83613000 -109.47736100,33.83586200 -109.47729200,33.83579500 -109.47716300,33.83567300 -109.47710400,33.83560000 -109.47706400,33.83552100 -109.47704100,33.83543400 -109.47704000,33.83534700 -109.47706300,33.83525400 -109.47714500,33.83508700 -109.47718900,33.83500300 -109.47723400,33.83492300 -109.47729500,33.83485500 -109.47737600,33.83480300 -109.47780200,33.83463100 -109.47802500,33.83450200 -109.47812800,33.83443800 -109.47821000,33.83436600 -109.47828100,33.83428200 -109.47839300,33.83408400 -109.47843000,33.83398200 -109.47844900,33.83388000 -109.47845000,33.83378000 -109.47843000,33.83368200 -109.47838800,33.83359000 -109.47833800,33.83350500 -109.47827300,33.83342500 -109.47819300,33.83335400 -109.47809500,33.83329200 -109.47738000,33.83295100 -109.47724600,33.83288800 -109.47683600,33.83270100 -109.47614000,33.83241300 -109.47600800,33.83234600 -109.47589200,33.83227800 -109.47559300,33.83203100 -109.47542200,33.83185100 -109.47535800,33.83175200 -109.47519200,33.83142800 -109.47513500,33.83131100 -109.47454500,33.83035700 -109.47448300,33.83025300 -109.47417900,33.82971300 -109.47388700,33.82926000 -109.47381600,33.82913800 -109.47352700,33.82858800 -109.47334000,33.82826400 -109.47329800,33.82820300 -109.47319100,33.82806300 -109.47313300,33.82796700 -109.47312100,33.82794500 -109.47299400,33.82766200 -109.47296500,33.82760100 -109.47271300,33.82710600 -109.47252900,33.82679700 -109.47246200,33.82669000 -109.47232500,33.82647500 -109.47227100,33.82637200 -109.47205500,33.82584100 -109.47203700,33.82579600 -109.47190300,33.82556400 -109.47187800,33.82552100 -109.47171400,33.82521900 -109.47162800,33.82497700 -109.47159900,33.82485500 -109.47159300,33.82473400 -109.47160100,33.82461200 -109.47161400,33.82448800 -109.47164600,33.82436900 -109.47173500,33.82413700 -109.47201800,33.82371400 -109.47218300,33.82350300 -109.47227000,33.82339900 -109.47256300,33.82296200 -109.47268100,33.82272700 -109.47272200,33.82260400 -109.47275000,33.82247700 -109.47276100,33.82234900 -109.47276600,33.82222400 -109.47276600,33.82198200 -109.47275400,33.82185900 -109.47268200,33.82162300 -109.47250500,33.82117500 -109.47246000,33.82105900 -109.47230700,33.82060400 -109.47215900,33.82027600 -109.47208000,33.82004000 -109.47204400,33.81991900 -109.47189900,33.81955500 -109.47157300,33.81883800 -109.47151900,33.81872300 -109.47132200,33.81829800 -109.47123600,33.81808000 -109.47109100,33.81776100 -109.47104000,33.81764900 -109.47094100,33.81742200 -109.47067200,33.81660600 -109.47061400,33.81649900 -109.47042000,33.81619800 -109.47036400,33.81609500 -109.47014500,33.81556800 -109.47008400,33.81545600 -109.46991400,33.81514300 -109.46987600,33.81503600 -109.46979200,33.81469800 -109.46977500,33.81459700 -109.46977800,33.81452300 -109.46980700,33.81445400 -109.46991900,33.81430100 -109.47010000,33.81410500 -109.47014100,33.81404100 -109.47015000,33.81396000 -109.47012700,33.81386200 -109.47007600,33.81377200 -109.47000300,33.81368300 -109.46952800,33.81315700 -109.46934900,33.81287100 -109.46929200,33.81278000 -109.46924300,33.81268500 -109.46910200,33.81228300 -109.46903500,33.81207100 -109.46898100,33.81185800 -109.46894700,33.81175800 -109.46893500,33.81166300 -109.46895900,33.81158500 -109.46903400,33.81143700 -109.46909000,33.81137000 -109.46916600,33.81131300 -109.46926000,33.81126500 -109.46936500,33.81123600 -109.46948600,33.81123200 -109.46960200,33.81123700 -109.47015300,33.81134300 -109.47041900,33.81143100 -109.47079100,33.81158800 -109.47088300,33.81164000 -109.47096300,33.81169000 -109.47104800,33.81171600 -109.47113200,33.81171600 -109.47119700,33.81168400 -109.47124500,33.81163400 -109.47125600,33.81157100 -109.47118300,33.81130300 -109.47115900,33.81118700 -109.47113900,33.81106600 -109.47111100,33.81075300 -109.47108500,33.81067000 -109.47097000,33.81050600 -109.47082300,33.81032800 -109.47074500,33.81023900 -109.47059100,33.81006200 -109.47045500,33.80988500 -109.47023500,33.80964000 -109.47010000,33.80945000 -109.47002600,33.80936000 -109.46917200,33.80845300 -109.46907700,33.80834700 -109.46881600,33.80804500 -109.46852000,33.80776300 -109.46828700,33.80746400 -109.46820700,33.80736700 -109.46812700,33.80727300 -109.46800200,33.80707400 -109.46779900,33.80664800 -109.46771000,33.80641600 -109.46767800,33.80629800 -109.46761300,33.80596600 -109.46761400,33.80575000 -109.46764000,33.80553900 -109.46763600,33.80532900 -109.46764800,33.80521700 -109.46770400,33.80487000 -109.46769100,33.80437300 -109.46773900,33.80413800 -109.46776500,33.80402600 -109.46780300,33.80379300 -109.46783600,33.80343600 -109.46783100,33.80320900 -109.46780100,33.80297400 -109.46778700,33.80285300 -109.46781700,33.80261100 -109.46789800,33.80228300 -109.46791700,33.80196100 -109.46791200,33.80184000 -109.46790800,33.80171400 -109.46791900,33.80159300 -109.46794100,33.80147600 -109.46805500,33.80113600 -109.46810500,33.80102200 -109.46830400,33.80070700 -109.46838100,33.80061300 -109.46846300,33.80052500 -109.46855100,33.80045000 -109.46886400,33.80022600 -109.46909200,33.80010500 -109.46935000,33.80000300 -109.46948200,33.79996000 -109.46976300,33.79990200 -109.47006000,33.79986400 -109.47070700,33.79983100 -109.47083900,33.79982300 -109.47211700,33.79973300 -109.47225400,33.79972000 -109.47251400,33.79969900 -109.47289600,33.79970100 -109.47302500,33.79969300 -109.47315600,33.79967800 -109.47327800,33.79965000 -109.47339500,33.79960800 -109.47350300,33.79955000 -109.47416300,33.79916800 -109.47437600,33.79901000 -109.47446700,33.79892900 -109.47455100,33.79883600 -109.47462700,33.79873300 -109.47468500,33.79862000 -109.47488100,33.79818300 -109.47501900,33.79784400 -109.47507200,33.79772800 -109.47552400,33.79681800 -109.47556600,33.79670700 -109.47559700,33.79659400 -109.47565200,33.79626400 -109.47568300,33.79583000 -109.47566000,33.79573300 -109.47561900,33.79564100 -109.47557100,33.79554900 -109.47553600,33.79544600 -109.47551400,33.79534200 -109.47547400,33.79524100 -109.47529800,33.79492700 -109.47522500,33.79482600 -109.47504400,33.79463600 -109.47494900,33.79454300 -109.47420300,33.79388700 -109.47400600,33.79368100 -109.47390300,33.79356800 -109.47370700,33.79335800 -109.47349300,33.79318700 -109.47313400,33.79295200 -109.47288300,33.79281100 -109.47274800,33.79275100 -109.47260400,33.79269400 -109.47214600,33.79257300 -109.47168500,33.79247700 -109.47137000,33.79243200 -109.47122300,33.79240300 -109.47006700,33.79215500 -109.46993300,33.79210900 -109.46979600,33.79205400 -109.46942600,33.79183300 -109.46920100,33.79165300 -109.46902200,33.79143200 -109.46891000,33.79118800 -109.46886600,33.79106500 -109.46875600,33.79071500 -109.46870100,33.79047400 -109.46860800,33.79023900 -109.46850400,33.79001500 -109.46845600,33.78991300 -109.46834000,33.78971500 -109.46826300,33.78962200 -109.46816400,33.78954200 -109.46805800,33.78947500 -109.46754500,33.78923700 -109.46740500,33.78917500 -109.46711600,33.78907600 -109.46616500,33.78879600 -109.46602900,33.78875700 -109.46561500,33.78863400 -109.46519300,33.78852400 -109.46478700,33.78845300 -109.46464900,33.78843300 -109.46395800,33.78833100 -109.46336700,33.78828700 -109.46321500,33.78826700 -109.46292700,33.78822500 -109.46231300,33.78815400 -109.46184500,33.78812800 -109.46170100,33.78812300 -109.46082000,33.78805600 -109.46067100,33.78803100 -109.46039300,33.78793600 -109.46025800,33.78788600 -109.45999900,33.78777400 -109.45965500,33.78758800 -109.45928600,33.78747400 -109.45917800,33.78742100 -109.45909500,33.78735300 -109.45877100,33.78699000 -109.45869700,33.78689300 -109.45864600,33.78678600 -109.45854800,33.78642900 -109.45852000,33.78630800 -109.45850400,33.78618600 -109.45851100,33.78593900 -109.45853500,33.78582300 -109.45865500,33.78546300 -109.45871300,33.78522200 -109.45874200,33.78509500 -109.45887600,33.78448000 -109.45900900,33.78399200 -109.45903700,33.78387100 -109.45906700,33.78374400 -109.45918900,33.78339100 -109.45920500,33.78327600 -109.45920700,33.78305200 -109.45917100,33.78281400 -109.45914100,33.78269400 -109.45891900,33.78212100 -109.45868200,33.78169700 -109.45862800,33.78158800 -109.45836100,33.78100400 -109.45829800,33.78076800 -109.45824900,33.78065700 -109.45818200,33.78055400 -109.45811000,33.78045300 -109.45804400,33.78035100 -109.45781300,33.77990400 -109.45759200,33.77943000 -109.45754000,33.77931400 -109.45733600,33.77886300 -109.45706200,33.77829700 -109.45701000,33.77817700 -109.45682100,33.77782200 -109.45667400,33.77747000 -109.45648700,33.77713400 -109.45642300,33.77701600 -109.45600400,33.77618300 -109.45591000,33.77595400 -109.45587400,33.77583400 -109.45585000,33.77571000 -109.45585400,33.77559500 -109.45588000,33.77548000 -109.45594200,33.77528200 -109.45607800,33.77498700 -109.45611700,33.77488000 -109.45615100,33.77477000 -109.45651600,33.77362900 -109.45655300,33.77350800 -109.45673800,33.77304000 -109.45684100,33.77268000 -109.45692600,33.77244000 -109.45697400,33.77232200 -109.45706900,33.77208500 -109.45716200,33.77174500 -109.45729700,33.77139500 -109.45731700,33.77127700 -109.45731300,33.77115800 -109.45729100,33.77104000 -109.45725400,33.77093000 -109.45716300,33.77073900 -109.45706000,33.77056800 -109.45699500,33.77033400 -109.45698000,33.77026700 -109.45697700,33.77005400 -109.45701400,33.76994800 -109.45710300,33.76981300 -109.45712100,33.76976900 -109.45714500,33.76972500 -109.45718100,33.76969200 -109.45726900,33.76964500 -109.45732200,33.76964600 -109.45738200,33.76966300 -109.45758600,33.76974100 -109.45766100,33.76977100 -109.45801300,33.76990200 -109.45850100,33.77006500 -109.45860700,33.77009900 -109.45950400,33.77039400 -109.45960200,33.77042700 -109.45980500,33.77049000 -109.46001000,33.77053800 -109.46032200,33.77058300 -109.46053300,33.77058600 -109.46063800,33.77058300 -109.46085200,33.77055500 -109.46106600,33.77050700 -109.46135100,33.77039900 -109.46152800,33.77030200 -109.46161000,33.77024200 -109.46176600,33.77012300 -109.46191700,33.76998500 -109.46205300,33.76982900 -109.46224800,33.76956900 -109.46231300,33.76948300 -109.46290300,33.76870700 -109.46296600,33.76862900 -109.46351600,33.76787100 -109.46357900,33.76779700 -109.46377700,33.76757400 -109.46398500,33.76736600 -109.46425500,33.76716000 -109.46434800,33.76709000 -109.46456000,33.76696600 -109.46479700,33.76685300 -109.46515100,33.76672200 -109.46539000,33.76664400 -109.46551000,33.76660200 -109.46600000,33.76645300 -109.46657700,33.76625800 -109.46669500,33.76622100 -109.46782100,33.76587200 -109.46794800,33.76583000 -109.46918100,33.76543900 -109.46931200,33.76539500 -109.47041400,33.76504500 -109.47053500,33.76500600 -109.47166500,33.76464900 -109.47179200,33.76461000 -109.47252200,33.76437500 -109.47286500,33.76425300 -109.47297900,33.76420800 -109.47356600,33.76395900 -109.47400300,33.76372000 -109.47410800,33.76365700 -109.47442700,33.76344100 -109.47501500,33.76297400 -109.47510300,33.76290100 -109.47591300,33.76223400 -109.47601800,33.76214200 -109.47696500,33.76134300 -109.47706500,33.76125700 -109.47796100,33.76050000 -109.47805600,33.76041300 -109.47844300,33.76007300 -109.47895600,33.75965300 -109.47905300,33.75956700 -109.47977100,33.75896700 -109.47997200,33.75878000 -109.48007700,33.75868700 -109.48061800,33.75822000 -109.48106900,33.75785900 -109.48117900,33.75777000 -109.48150900,33.75749800 -109.48217900,33.75691700 -109.48229900,33.75681500 -109.48253600,33.75661400 -109.48290500,33.75632800 -109.48314700,33.75612600 -109.48334500,33.75590400 -109.48343500,33.75579100 -109.48360400,33.75555100 -109.48367600,33.75542400 -109.48372800,33.75529500 -109.48381500,33.75503500 -109.48384300,33.75490400 -109.48385500,33.75477200 -109.48385200,33.75464100 -109.48384400,33.75451200 -109.48380700,33.75425500 -109.48377500,33.75413100 -109.48347400,33.75338300 -109.48342600,33.75325300 -109.48312800,33.75250300 -109.48299500,33.75211900 -109.48294400,33.75198700 -109.48270700,33.75134500 -109.48252400,33.75081200 -109.48248100,33.75067900 -109.48204300,33.74952300 -109.48199600,33.74939400 -109.48186200,33.74901900 -109.48156000,33.74826400 -109.48150500,33.74813000 -109.48121100,33.74736500 -109.48110100,33.74704900 -109.48107700,33.74696400 -109.48105600,33.74689500 -109.48096700,33.74673700 -109.48094100,33.74667100 -109.48093100,33.74664200 -109.48086400,33.74644500 -109.48081300,33.74632400 -109.48079400,33.74628000 -109.48063400,33.74582700 -109.48061200,33.74576900 -109.48036600,33.74511200 -109.48033500,33.74501500 -109.48015100,33.74453400 -109.48006400,33.74427800 -109.47990700,33.74389300 -109.47985800,33.74376600 -109.47943000,33.74260200 -109.47938600,33.74247600 -109.47914200,33.74184500 -109.47896300,33.74134400 -109.47891600,33.74122100 -109.47863100,33.74048200 -109.47849600,33.74010300 -109.47844900,33.73997500 -109.47803300,33.73885400 -109.47798600,33.73873300 -109.47788100,33.73848900 -109.47775500,33.73811700 -109.47757000,33.73761700 -109.47752300,33.73748900 -109.47710000,33.73636000 -109.47705300,33.73623600 -109.47682700,33.73566200 -109.47657600,33.73514500 -109.47650800,33.73500800 -109.47615800,33.73432000 -109.47589700,33.73377600 -109.47582900,33.73364100 -109.47523600,33.73245100 -109.47517300,33.73232500 -109.47459700,33.73116500 -109.47453600,33.73103700 -109.47397800,33.72991100 -109.47391600,33.72978400 -109.47335400,33.72864500 -109.47328800,33.72851700 -109.47270500,33.72738000 -109.47264700,33.72725600 -109.47207600,33.72611000 -109.47201700,33.72598400 -109.47178700,33.72547500 -109.47153000,33.72484000 -109.47147400,33.72471000 -109.47095100,33.72352500 -109.47089600,33.72339400 -109.47041000,33.72223400 -109.47035400,33.72210500 -109.46985100,33.72096200 -109.46979600,33.72083800 -109.46962100,33.72045100 -109.46930300,33.71968800 -109.46924900,33.71956400 -109.46875500,33.71839800 -109.46870000,33.71826200 -109.46821300,33.71712400 -109.46815500,33.71699800 -109.46804500,33.71674500 -109.46796200,33.71648700 -109.46789500,33.71622900 -109.46781200,33.71582600 -109.46779500,33.71568200 -109.46777700,33.71542500 -109.46777700,33.71516400 -109.46783600,33.71475500 -109.46790600,33.71449500 -109.46795000,33.71436600 -109.46810400,33.71399500 -109.46846100,33.71329100 -109.46852500,33.71317200 -109.46863600,33.71292700 -109.46866900,33.71280400 -109.46867900,33.71267600 -109.46867600,33.71254700 -109.46865500,33.71241900 -109.46855100,33.71202900 -109.46852100,33.71189500 -109.46845800,33.71150000 -109.46845200,33.71137400 -109.46849000,33.71099400 -109.46854500,33.71074400 -109.46857900,33.71062000 -109.46862500,33.71049400 -109.46874100,33.71025000 -109.46915700,33.70953900 -109.46922500,33.70942700 -109.46983800,33.70840700 -109.46990100,33.70829700 -109.47003200,33.70807200 -109.47019100,33.70772800 -109.47023500,33.70760700 -109.47026100,33.70748400 -109.47029400,33.70723500 -109.47031200,33.70710800 -109.47034300,33.70698400 -109.47039200,33.70686500 -109.47057600,33.70652000 -109.47063000,33.70639600 -109.47073400,33.70602300 -109.47076200,33.70590300 -109.47079800,33.70554700 -109.47080300,33.70529800 -109.47075300,33.70480800 -109.47073500,33.70468300 -109.47069700,33.70443300 -109.47065900,33.70431400 -109.47054000,33.70409800 -109.47036300,33.70389800 -109.47025700,33.70380900 -109.47013500,33.70373500 -109.47000300,33.70367400 -109.46986600,33.70362100 -109.46972500,33.70358700 -109.46958400,33.70356700 -109.46930000,33.70355200 -109.46871900,33.70356700 -109.46857500,33.70357900 -109.46829400,33.70362700 -109.46815500,33.70366300 -109.46802200,33.70371300 -109.46789900,33.70378000 -109.46752700,33.70401000 -109.46739300,33.70407500 -109.46724900,33.70412100 -109.46694500,33.70414600 -109.46664500,33.70415800 -109.46649600,33.70417600 -109.46620800,33.70425400 -109.46607900,33.70430600 -109.46595900,33.70437000 -109.46584000,33.70443700 -109.46571900,33.70450500 -109.46559000,33.70456000 -109.46545100,33.70459200 -109.46530500,33.70460000 -109.46520700,33.70454400 -109.46513000,33.70446100 -109.46502700,33.70427400 -109.46499500,33.70416700 -109.46498300,33.70404500 -109.46498000,33.70391700 -109.46499000,33.70379300 -109.46507000,33.70355200 -109.46513200,33.70343900 -109.46520900,33.70334800 -109.46549400,33.70306700 -109.46559500,33.70296500 -109.46577000,33.70275000 -109.46584300,33.70264100 -109.46589800,33.70252400 -109.46593400,33.70240200 -109.46597000,33.70215200 -109.46596100,33.70202700 -109.46593300,33.70190200 -109.46588500,33.70178700 -109.46582500,33.70167100 -109.46575100,33.70156300 -109.46558500,33.70135900 -109.46540300,33.70116100 -109.46511000,33.70086900 -109.46501100,33.70077200 -109.46423300,33.70002600 -109.46414600,33.69992200 -109.46407800,33.69981800 -109.46402800,33.69970500 -109.46400700,33.69947000 -109.46404000,33.69936400 -109.46409800,33.69926900 -109.46419000,33.69919900 -109.46430800,33.69915200 -109.46456800,33.69908500 -109.46470700,33.69908000 -109.46485800,33.69907600 -109.46500700,33.69905400 -109.46515300,33.69901600 -109.46529500,33.69895800 -109.46568500,33.69875100 -109.46582000,33.69869200 -109.46596700,33.69864500 -109.46611600,33.69861600 -109.46657000,33.69856600 -109.46671100,33.69853500 -109.46684800,33.69848700 -109.46696600,33.69841300 -109.46706100,33.69831700 -109.46712400,33.69821200 -109.46715700,33.69810000 -109.46715900,33.69798200 -109.46713400,33.69786900 -109.46707900,33.69776300 -109.46699900,33.69767100 -109.46689900,33.69759700 -109.46633700,33.69726700 -109.46622100,33.69720000 -109.46510000,33.69656300 -109.46497700,33.69649400 -109.46413600,33.69600600 -109.46402000,33.69595300 -109.46390200,33.69592900 -109.46377800,33.69593400 -109.46365900,33.69596800 -109.46355800,33.69603200 -109.46346900,33.69611100 -109.46338900,33.69619900 -109.46332200,33.69630000 -109.46311700,33.69675700 -109.46305100,33.69687500 -109.46290400,33.69710300 -109.46282200,33.69721200 -109.46273600,33.69731500 -109.46245000,33.69759500 -109.46237100,33.69769500 -109.46231300,33.69780600 -109.46228000,33.69792500 -109.46218900,33.69841300 -109.46215200,33.69853800 -109.46204400,33.69879200 -109.46197200,33.69891300 -109.46188600,33.69902400 -109.46178300,33.69912400 -109.46155200,33.69929900 -109.46130700,33.69945200 -109.46104000,33.69956800 -109.46063700,33.69972000 -109.46049000,33.69976000 -109.45988700,33.69988000 -109.45973100,33.69989300 -109.45941800,33.69989500 -109.45912100,33.69987000 -109.45897800,33.69985200 -109.45802500,33.69967800 -109.45788400,33.69967400 -109.45774200,33.69969300 -109.45760300,33.69972900 -109.45746900,33.69978200 -109.45724300,33.69993300 -109.45703800,33.70010500 -109.45668900,33.70043200 -109.45661300,33.70050600 -109.45612300,33.70095000 -109.45606800,33.70099800 -109.45548900,33.70149000 -109.45541700,33.70155100 -109.45495700,33.70194500 -109.45471900,33.70221400 -109.45464800,33.70231100 -109.45445300,33.70260400 -109.45434700,33.70279900 -109.45426400,33.70300400 -109.45418900,33.70321900 -109.45415700,33.70332600 -109.45407100,33.70363800 -109.45400900,33.70380000 -109.45396400,33.70386200 -109.45390500,33.70391500 -109.45375300,33.70398400 -109.45366800,33.70400400 -109.45349600,33.70400700 -109.45341500,33.70399100 -109.45333900,33.70396400 -109.45320400,33.70387900 -109.45314600,33.70382900 -109.45305400,33.70372200 -109.45301200,33.70365100 </coordinates>
</LineString>
</Placemark>
<Placemark>
<name>AZAT-09 Porter Mountain</name>
<LookAt>
<longitude>-109.95035816</longitude>
<latitude>34.21884723</latitude>
<range>9434</range>
</LookAt>
<styleUrl>#Line_Forest_Service_Rd_level_2_or_higher_0000ff_04</styleUrl>
<ExtendedData>
<Data name="Type">
<value>Forest Service Rd level 2 or higher</value>
</Data>
<Data name="Name on GPS">
<value>AZAT09-Porter Mountain</value>
</Data>
<Data name="Total Distance">
<value>8.9 mi</value>
</Data>
<Data name="Number of Trackpoints">
<value>854</value>
</Data>
</ExtendedData>
<LineString>
<coordinates>-109.96539130,34.25722706 -109.96541980,34.25722887 -109.96557268,34.25717542 -109.96560755,34.25706184 -109.96557000,34.25680795 -109.96554050,34.25657856 -109.96526155,34.25615986 -109.96507916,34.25589260 -109.96496650,34.25573893 -109.96460709,34.25493493 -109.96452662,34.25471221 -109.96426376,34.25450954 -109.96397677,34.25414428 -109.96399823,34.25382357 -109.96407601,34.25359416 -109.96406528,34.25348058 -109.96405455,34.25338703 -109.96425035,34.25283691 -109.96425035,34.25283691 -109.96433082,34.25281019 -109.96441933,34.25278791 -109.96445688,34.25272332 -109.96462855,34.25239815 -109.96475491,34.25202125 -109.96476296,34.25193216 -109.96471736,34.25181857 -109.96470127,34.25160698 -109.96470127,34.25147780 -109.96475759,34.25135753 -109.96485415,34.25109694 -109.96493730,34.25091207 -109.96495339,34.25080071 -109.96506873,34.25061362 -109.96524844,34.25044657 -109.96534231,34.25032185 -109.96558640,34.25003898 -109.96566954,34.24995880 -109.96577147,34.24974498 -109.96606651,34.24954897 -109.96662173,34.24916810 -109.96667269,34.24912356 -109.96670219,34.24905451 -109.96675584,34.24885628 -109.96709916,34.24852663 -109.96714208,34.24846204 -109.96715817,34.24801435 -109.96719036,34.24787848 -109.96721986,34.24780497 -109.96721718,34.24750205 -109.96721718,34.24739737 -109.96718231,34.24728377 -109.96706966,34.24714790 -109.96705625,34.24708554 -109.96706697,34.24703208 -109.96708575,34.24696080 -109.96710989,34.24693185 -109.96707502,34.24678930 -109.96704552,34.24667570 -109.96702138,34.24631486 -109.96698651,34.24617008 -109.96698114,34.24604758 -109.96708039,34.24576915 -109.96720913,34.24556423 -109.96721450,34.24546622 -109.96725205,34.24538158 -109.96737543,34.24521452 -109.96760073,34.24491159 -109.96784213,34.24441487 -109.96794137,34.24405180 -109.96801111,34.24390479 -109.96814791,34.24360408 -109.96825251,34.24335683 -109.96837589,34.24306726 -109.96844295,34.24291356 -109.96852341,34.24273091 -109.96862534,34.24243688 -109.96871922,34.24225200 -109.96893647,34.24211835 -109.96911350,34.24208494 -109.96937904,34.24212726 -109.96962580,34.24220968 -109.96986720,34.24224977 -109.97011128,34.24227873 -109.97034732,34.24234110 -109.97052166,34.24237674 -109.97061017,34.24236115 -109.97067991,34.24232773 -109.97074965,34.24230546 -109.97079525,34.24224532 -109.97083816,34.24216735 -109.97089717,34.24204484 -109.97098032,34.24183991 -109.97105810,34.24165503 -109.97109565,34.24160157 -109.97123781,34.24138104 -109.97129682,34.24120729 -109.97135314,34.24108701 -109.97139338,34.24097563 -109.97151408,34.24086203 -109.97158918,34.24081302 -109.97159186,34.24066600 -109.97151140,34.24052790 -109.97147653,34.24046998 -109.97154895,34.24003561 -109.97149262,34.23989527 -109.97147116,34.23985963 -109.97153285,34.23975048 -109.97168306,34.23958341 -109.97163529,34.23963654 -109.97165082,34.23961926 -109.97167972,34.23958712 -109.97172597,34.23947871 -109.97172061,34.23923368 -109.97168037,34.23912007 -109.97165355,34.23907552 -109.97163209,34.23902206 -109.97164819,34.23892850 -109.97143898,34.23865451 -109.97140142,34.23861664 -109.97135583,34.23851194 -109.97137192,34.23838719 -109.97137728,34.23829141 -109.97132900,34.23823126 -109.97135583,34.23814661 -109.97152212,34.23788821 -109.97158650,34.23785034 -109.97171793,34.23778351 -109.97177157,34.23772782 -109.97177425,34.23755629 -109.97185204,34.23735358 -109.97206929,34.23701943 -109.97218731,34.23669643 -109.97219268,34.23657390 -109.97199419,34.23630659 -109.97190836,34.23624198 -109.97190836,34.23616402 -109.97191909,34.23609719 -109.97199151,34.23602144 -109.97212294,34.23586105 -109.97217658,34.23582764 -109.97226241,34.23554472 -109.97233483,34.23543557 -109.97237775,34.23528408 -109.97235897,34.23515265 -109.97234288,34.23505018 -109.97230801,34.23469820 -109.97228655,34.23461355 -109.97229460,34.23454672 -109.97229728,34.23445315 -109.97231338,34.23441528 -109.97228655,34.23432172 -109.97226778,34.23427493 -109.97224364,34.23422815 -109.97223291,34.23411899 -109.97225437,34.23404771 -109.97226241,34.23393187 -109.97225437,34.23378929 -109.97228119,34.23374919 -109.97231606,34.23368459 -109.97232410,34.23363335 -109.97226510,34.23345290 -109.97222218,34.23334820 -109.97219536,34.23321008 -109.97221682,34.23317666 -109.97225437,34.23301627 -109.97224900,34.23296503 -109.97223023,34.23292270 -109.97219536,34.23281354 -109.97208539,34.23273557 -109.97199151,34.23264869 -109.97194860,34.23260413 -109.97189495,34.23247938 -109.97187618,34.23236576 -109.97188690,34.23225437 -109.97190300,34.23208284 -109.97194055,34.23196699 -109.97195396,34.23188679 -109.97195396,34.23187120 -109.97195396,34.23185337 -109.97195396,34.23184446 -109.97195664,34.23183555 -109.97195664,34.23182664 -109.97195664,34.23181773 -109.97194323,34.23173530 -109.97195396,34.23163060 -109.97203979,34.23153035 -109.97204515,34.23152143 -109.97205320,34.23150361 -109.97205857,34.23149247 -109.97206125,34.23147688 -109.97230801,34.23122514 -109.97235093,34.23114939 -109.97239116,34.23072611 -109.97239921,34.23058130 -109.97238311,34.23049219 -109.97236702,34.23041422 -109.97234556,34.23035407 -109.97234556,34.23031396 -109.97235093,34.23030060 -109.97235629,34.23029169 -109.97236166,34.23027832 -109.97236434,34.23026941 -109.97236970,34.23025604 -109.97237238,34.23024490 -109.97237507,34.23023822 -109.97237507,34.23023822 -109.97235629,34.23012014 -109.97234824,34.23008227 -109.97236166,34.22989736 -109.97235629,34.22979488 -109.97237238,34.22972582 -109.97235897,34.22968126 -109.97238580,34.22961220 -109.97236702,34.22953422 -109.97234288,34.22936936 -109.97235897,34.22840247 -109.97236166,34.22821756 -109.97233215,34.22818414 -109.97218195,34.22819751 -109.97206929,34.22821310 -109.97188154,34.22817746 -109.97164282,34.22813958 -109.97154895,34.22812399 -109.97145775,34.22819083 -109.97132364,34.22826212 -109.97117344,34.22840247 -109.97098836,34.22855174 -109.97086498,34.22868764 -109.97078452,34.22877007 -109.97069064,34.22880795 -109.97008982,34.22911539 -109.96970895,34.22920005 -109.96936563,34.22934040 -109.96913764,34.22939833 -109.96890161,34.22950081 -109.96875677,34.22955650 -109.96863338,34.22956319 -109.96848855,34.22948967 -109.96780458,34.22938496 -109.96772412,34.22939387 -109.96769729,34.22939387 -109.96764097,34.22941615 -109.96761146,34.22943620 -109.96757123,34.22946071 -109.96753368,34.22948299 -109.96749345,34.22950526 -109.96746662,34.22950749 -109.96738079,34.22949858 -109.96730569,34.22948076 -109.96721718,34.22947185 -109.96709380,34.22945848 -109.96700528,34.22945180 -109.96693286,34.22944734 -109.96685240,34.22944066 -109.96671292,34.22946071 -109.96658418,34.22950081 -109.96640447,34.22956764 -109.96628377,34.22964116 -109.96613357,34.22988622 -109.96608529,34.23009118 -109.96604774,34.23025604 -109.96599677,34.23032065 -109.96583048,34.23055012 -109.96570709,34.23059022 -109.96555421,34.23065037 -109.96541473,34.23067487 -109.96521357,34.23074616 -109.96495608,34.23085310 -109.96468517,34.23094667 -109.96454570,34.23101796 -109.96432308,34.23100013 -109.96417019,34.23100682 -109.96394220,34.23102687 -109.96375176,34.23103801 -109.96353719,34.23107588 -109.96319655,34.23112044 -109.96293101,34.23115608 -109.96261183,34.23111598 -109.96234092,34.23110930 -109.96230605,34.23123628 -109.96232751,34.23128752 -109.96230605,34.23134990 -109.96212366,34.23149693 -109.96196273,34.23159050 -109.96186617,34.23167293 -109.96178302,34.23173753 -109.96170792,34.23174867 -109.96165696,34.23173085 -109.96161404,34.23173753 -109.96161404,34.23184001 -109.96161673,34.23195363 -109.96159527,34.23204051 -109.96155235,34.23213408 -109.96141288,34.23226329 -109.96130559,34.23244597 -109.96108833,34.23268657 -109.96093008,34.23284697 -109.96075305,34.23298954 -109.96056798,34.23302964 -109.96034804,34.23308311 -109.96003422,34.23288038 -109.95996180,34.23281132 -109.95993766,34.23275563 -109.95968554,34.23264424 -109.95957020,34.23259968 -109.95942804,34.23251057 -109.95924029,34.23240141 -109.95915982,34.23233904 -109.95895597,34.23224324 -109.95873872,34.23216973 -109.95863411,34.23211403 -109.95865289,34.23199819 -109.95864484,34.23191576 -109.95863411,34.23179323 -109.95853487,34.23163060 -109.95847854,34.23158605 -109.95829615,34.23154372 -109.95806548,34.23146129 -109.95793137,34.23134767 -109.95787504,34.23129198 -109.95755854,34.23116277 -109.95742443,34.23109816 -109.95711061,34.23078850 -109.95705161,34.23070830 -109.95698992,34.23066151 -109.95691481,34.23060804 -109.95682094,34.23059245 -109.95675656,34.23058799 -109.95671901,34.23061918 -109.95665732,34.23066819 -109.95655540,34.23080855 -109.95647761,34.23088875 -109.95621207,34.23102242 -109.95607528,34.23104692 -109.95591167,34.23104247 -109.95538327,34.23090434 -109.95524648,34.23085310 -109.95477441,34.23069270 -109.95431844,34.23060804 -109.95400998,34.23051893 -109.95399657,34.23051670 -109.95398048,34.23051670 -109.95396438,34.23051448 -109.95395097,34.23051002 -109.95393756,34.23050779 -109.95363715,34.23043873 -109.95354328,34.23042759 -109.95339844,34.23046769 -109.95322141,34.23048774 -109.95307925,34.23048552 -109.95296660,34.23046992 -109.95289955,34.23046546 -109.95269302,34.23044987 -109.95215657,34.23018030 -109.95182130,34.23004886 -109.95162818,34.22995529 -109.95153430,34.22990183 -109.95133045,34.22950304 -109.95128486,34.22945626 -109.95108906,34.22945626 -109.95058748,34.22939165 -109.95042119,34.22937383 -109.95035145,34.22938720 -109.95019052,34.22942061 -109.94992498,34.22950527 -109.94975063,34.22957211 -109.94944754,34.22962558 -109.94925442,34.22965899 -109.94895938,34.22973697 -109.94880650,34.22973474 -109.94862679,34.22969241 -109.94825396,34.22956097 -109.94802061,34.22945403 -109.94772020,34.22937606 -109.94731251,34.22928026 -109.94670096,34.22908198 -109.94635227,34.22893272 -109.94602236,34.22873444 -109.94583729,34.22860745 -109.94576755,34.22858962 -109.94568440,34.22857180 -109.94554493,34.22847378 -109.94553420,34.22846486 -109.94552347,34.22846041 -109.94551274,34.22845595 -109.94550470,34.22844927 -109.94549933,34.22844704 -109.94541350,34.22837129 -109.94531158,34.22811954 -109.94514796,34.22780318 -109.94502726,34.22763164 -109.94488242,34.22747568 -109.94479123,34.22735092 -109.94467858,34.22711699 -109.94457397,34.22689197 -109.94445059,34.22670260 -109.94432721,34.22649095 -109.94415823,34.22628821 -109.94397584,34.22610774 -109.94384709,34.22590055 -109.94376663,34.22582480 -109.94376663,34.22577801 -109.94374517,34.22560646 -109.94370762,34.22547056 -109.94360569,34.22535693 -109.94359496,34.22534802 -109.94358423,34.22534133 -109.94357351,34.22533465 -109.94356010,34.22532574 -109.94354937,34.22531905 -109.94353864,34.22531014 -109.94352523,34.22530123 -109.94351450,34.22529455 -109.94350913,34.22529232 -109.94351450,34.22529455 -109.94352523,34.22530123 -109.94353864,34.22531014 -109.94354937,34.22531905 -109.94356010,34.22532574 -109.94357351,34.22533465 -109.94358423,34.22534133 -109.94359496,34.22534802 -109.94350645,34.22518538 -109.94339380,34.22501828 -109.94320873,34.22486678 -109.94305584,34.22476429 -109.94298074,34.22461502 -109.94289222,34.22440559 -109.94287613,34.22429196 -109.94286809,34.22416942 -109.94285736,34.22415383 -109.94285199,34.22414269 -109.94284663,34.22413377 -109.94284126,34.22412041 -109.94276080,34.22395776 -109.94266156,34.22376393 -109.94264010,34.22362579 -109.94230214,34.22318688 -109.94214657,34.22297076 -109.94192663,34.22275464 -109.94158062,34.22251401 -109.94152430,34.22246054 -109.94132850,34.22218426 -109.94105759,34.22173420 -109.94098517,34.22162280 -109.94090471,34.22154704 -109.94085643,34.22152699 -109.94078669,34.22149357 -109.94063112,34.22145124 -109.94048897,34.22144010 -109.94044337,34.22145569 -109.94040045,34.22145347 -109.94025561,34.22146015 -109.94008932,34.22147352 -109.93980768,34.22149580 -109.93979696,34.22150471 -109.93978354,34.22151139 -109.93977282,34.22151585 -109.93976477,34.22152253 -109.93957970,34.22154927 -109.93939462,34.22157601 -109.93918273,34.22158715 -109.93907812,34.22158938 -109.93867579,34.22149803 -109.93848267,34.22145792 -109.93820104,34.22150248 -109.93786040,34.22154927 -109.93765924,34.22156487 -109.93741784,34.22155150 -109.93714693,34.22152922 -109.93692431,34.22149134 -109.93663731,34.22144010 -109.93644956,34.22139108 -109.93643615,34.22138662 -109.93642274,34.22138217 -109.93640933,34.22137994 -109.93639591,34.22137326 -109.93638519,34.22137103 -109.93637446,34.22136657 -109.93636909,34.22136434 -109.93636909,34.22136434 -109.93632350,34.22125740 -109.93628594,34.22116827 -109.93633154,34.22108584 -109.93639055,34.22095438 -109.93644688,34.22085189 -109.93644419,34.22063131 -109.93642542,34.22049762 -109.93640128,34.22001636 -109.93648979,34.21976235 -109.93646297,34.21960639 -109.93644956,34.21948384 -109.93647638,34.21938580 -109.93662122,34.21900925 -109.93666682,34.21891567 -109.93657830,34.21875747 -109.93641469,34.21842325 -109.93622157,34.21804670 -109.93621084,34.21791078 -109.93621889,34.21782834 -109.93650052,34.21739385 -109.93669364,34.21698164 -109.93677142,34.21686355 -109.93685994,34.21673877 -109.93688408,34.21661622 -109.93684384,34.21655383 -109.93681166,34.21639563 -109.93660513,34.21627976 -109.93642274,34.21622183 -109.93627522,34.21615944 -109.93626449,34.21615052 -109.93625108,34.21613716 -109.93624303,34.21613047 -109.93623230,34.21612156 -109.93622425,34.21611265 -109.93621352,34.21610373 -109.93620280,34.21609705 -109.93618938,34.21609036 -109.93604455,34.21603689 -109.93588093,34.21591434 -109.93556175,34.21571602 -109.93524525,34.21555559 -109.93504140,34.21543527 -109.93488583,34.21532163 -109.93478391,34.21515451 -109.93476245,34.21502305 -109.93473026,34.21485147 -109.93473026,34.21475789 -109.93474099,34.21463756 -109.93478927,34.21451947 -109.93482682,34.21445485 -109.93485633,34.21440137 -109.93486974,34.21434344 -109.93487510,34.21427659 -109.93485364,34.21419637 -109.93454787,34.21361034 -109.93421528,34.21305773 -109.93413749,34.21285050 -109.93400875,34.21260761 -109.93393365,34.21248506 -109.93381563,34.21226891 -109.93334624,34.21183216 -109.93315849,34.21164053 -109.93315044,34.21163162 -109.93314240,34.21162270 -109.93313435,34.21161379 -109.93312630,34.21159819 -109.93311826,34.21158705 -109.93311289,34.21157591 -109.93301901,34.21122160 -109.93298146,34.21102328 -109.93280444,34.21047957 -109.93274811,34.21016983 -109.93246111,34.20932527 -109.93242088,34.20917374 -109.93243966,34.20891302 -109.93246111,34.20868573 -109.93245843,34.20867459 -109.93245307,34.20866344 -109.93245039,34.20865453 -109.93244770,34.20864339 -109.93244234,34.20863447 -109.93231359,34.20834255 -109.93227068,34.20723948 -109.93228677,34.20700996 -109.93226263,34.20673140 -109.93219289,34.20651747 -109.93217680,34.20631022 -109.93213925,34.20581773 -109.93208560,34.20555700 -109.93208292,34.20554586 -109.93207756,34.20553026 -109.93207488,34.20552134 -109.93206951,34.20550797 -109.93206683,34.20549460 -109.93206146,34.20548123 -109.93197832,34.20526730 -109.93197563,34.20525615 -109.93197027,34.20524724 -109.93196759,34.20523164 -109.93196759,34.20521827 -109.93196491,34.20521381 -109.93198636,34.20513359 -109.93207756,34.20494417 -109.93221972,34.20466560 -109.93243429,34.20440041 -109.93245843,34.20430458 -109.93250671,34.20406836 -109.93249062,34.20356471 -109.93255231,34.20309449 -109.93257108,34.20301204 -109.93255499,34.20279141 -109.93239138,34.20267775 -109.93229213,34.20260198 -109.93227336,34.20255518 -109.93237797,34.20235461 -109.93246648,34.20224318 -109.93254694,34.20216518 -109.93259791,34.20211393 -109.93266228,34.20196684 -109.93284735,34.20183312 -109.93290100,34.20176850 -109.93290904,34.20167712 -109.93278566,34.20125592 -109.93264082,34.20104198 -109.93256036,34.20096843 -109.93254963,34.20072551 -109.93255231,34.20060517 -109.93251476,34.20045139 -109.93245575,34.20033328 -109.93227336,34.20026865 -109.93223044,34.20015499 -109.93221703,34.20006584 -109.93235383,34.19990538 -109.93241820,34.19974715 -109.93249867,34.19964017 -109.93256036,34.19939725 -109.93259791,34.19931256 -109.93258450,34.19913650 -109.93260327,34.19900947 -109.93261936,34.19886683 -109.93259522,34.19870191 -109.93255767,34.19845453 -109.93253085,34.19832749 -109.93252012,34.19815589 -109.93250671,34.19808234 -109.93244234,34.19779930 -109.93239942,34.19771238 -109.93239406,34.19720201 -109.93245843,34.19685656 -109.93245307,34.19632612 -109.93244234,34.19603639 -109.93247721,34.19578454 -109.93258986,34.19534993 -109.93273202,34.19509363 -109.93278834,34.19501785 -109.93279371,34.19500893 -109.93279907,34.19499779 -109.93280444,34.19498887 -109.93280980,34.19497773 -109.93281248,34.19497104 -109.93285808,34.19486852 -109.93297610,34.19468576 -109.93300024,34.19457655 -109.93296805,34.19421326 -109.93289563,34.19372516 -109.93286613,34.19345101 -109.93284199,34.19317687 -109.93284199,34.19316350 -109.93284199,34.19315458 -109.93284199,34.19313898 -109.93284199,34.19312784 -109.93284199,34.19311892 -109.93284199,34.19310332 -109.93284199,34.19309663 -109.93288759,34.19299411 -109.93292514,34.19273556 -109.93296805,34.19252606 -109.93300560,34.19238341 -109.93313435,34.19214270 -109.93313167,34.19190421 -109.93309948,34.19176825 -109.93305925,34.19166795 -109.93305925,34.19159663 -109.93307802,34.19151862 -109.93308339,34.19148073 -109.93303242,34.19139380 -109.93302438,34.19130688 -109.93302438,34.19130688 -109.93316922,34.19112634 -109.93322823,34.19099929 -109.93323091,34.19094357 -109.93321213,34.19087225 -109.93311021,34.19092797 -109.93305925,34.19097478 -109.93298146,34.19098815 -109.93291173,34.19098815 -109.93282053,34.19096140 -109.93270788,34.19094580 -109.93269178,34.19094357 -109.93267837,34.19094134 -109.93266764,34.19093911 -109.93265423,34.19093689 -109.93264350,34.19093689 -109.93263278,34.19093466 -109.93261936,34.19093020 -109.93260864,34.19093020 -109.93260327,34.19092797 -109.93245039,34.19088785 -109.93225727,34.19094134 -109.93208292,34.19102604 -109.93192467,34.19109514 -109.93174228,34.19112411 -109.93172619,34.19113080 -109.93170205,34.19113525 -109.93168864,34.19113748 -109.93168059,34.19113971 -109.93156257,34.19114863 -109.93143115,34.19116869 -109.93130776,34.19116423 -109.93122193,34.19112857 -109.93107173,34.19108622 -109.93095103,34.19104610 -109.93073109,34.19098815 -109.93060503,34.19103273 -109.93046019,34.19108622 -109.93038240,34.19108622 -109.93030462,34.19107285 -109.93024829,34.19106170 -109.93014369,34.19101713 -109.93009004,34.19100598 -109.92999616,34.19102827 -109.92972526,34.19107731 -109.92952946,34.19108845 -109.92945972,34.19107285 -109.92910299,34.19089900 -109.92877576,34.19070285 -109.92870066,34.19061593 -109.92863360,34.19054238 -109.92854777,34.19048442 -109.92840830,34.19040864 -109.92831710,34.19036629 -109.92831710,34.19017238 -109.92838416,34.19007431 -109.92867383,34.18986034 -109.92887500,34.18975112 -109.92903325,34.18971992 -109.92913249,34.18970431 -109.92925856,34.18978678 -109.92941144,34.18975558 -109.92949996,34.18975781 -109.92967698,34.18990714 -109.92983791,34.18997401 -109.92996130,34.19003642 -109.93006054,34.19005871 -109.93015441,34.19008323 -109.93020269,34.19009883 -109.93027511,34.19010329 -109.93032339,34.19007431 -109.93034485,34.19003419 -109.93036094,34.19001190 -109.93036094,34.19001190 -109.93036631,34.18997624 -109.93037704,34.18995172 -109.93035826,34.18990714 -109.93034217,34.18986034 -109.93030194,34.18980016 -109.93028316,34.18973775 -109.93027511,34.18970877 -109.93030194,34.18965751 -109.93036899,34.18962853 -109.93041459,34.18961739 -109.93046555,34.18958841 -109.93070963,34.18948588 -109.93082497,34.18937889 -109.93092153,34.18929642 -109.93107173,34.18924739 -109.93115220,34.18924962 -109.93124876,34.18927859 -109.93143651,34.18939450 -109.93158940,34.18946805 -109.93167254,34.18944799 -109.93174228,34.18938781 -109.93181738,34.18932094 -109.93194345,34.18924516 -109.93206146,34.18918498 -109.93219558,34.18905347 -109.93228409,34.18892642 -109.93235114,34.18880383 -109.93240747,34.18878600 -109.93252817,34.18873474 -109.93262205,34.18871022 -109.93268374,34.18866564 -109.93277225,34.18862329 -109.93287417,34.18859208 -109.93297610,34.18858985 -109.93306998,34.18861437 -109.93320677,34.18871690 -109.93327919,34.18877486 -109.93331406,34.18881943 -109.93339452,34.18883281 -109.93344280,34.18882166 -109.93346694,34.18878377 -109.93349108,34.18870130 -109.93353132,34.18866341 -109.93366811,34.18861883 -109.93380758,34.18859654 -109.93391219,34.18862106 -109.93401411,34.18867010 -109.93409994,34.18871690 -109.93414822,34.18875257 -109.93419919,34.18876594 -109.93427429,34.18875480 -109.93433061,34.18873474 -109.93449691,34.18865895 -109.93471953,34.18859208 -109.93479732,34.18855865 -109.93486706,34.18858985 -109.93501726,34.18859431 -109.93515942,34.18858094 -109.93526134,34.18848287 -109.93541154,34.18836250 -109.93551347,34.18827780 -109.93564221,34.18819756 -109.93569854,34.18810840 -109.93570659,34.18801033 -109.93552956,34.18755562 -109.93530962,34.18693374 -109.93518356,34.18645451 -109.93517819,34.18644559 -109.93517283,34.18643222 -109.93516746,34.18642330 -109.93516478,34.18641216 -109.93515673,34.18640101 -109.93515405,34.18639433 -109.93508163,34.18599756 -109.93504945,34.18586382 -109.93496898,34.18540019 -109.93492338,34.18523079 -109.93473026,34.18514608 -109.93448082,34.18501903 -109.93457469,34.18495884 -109.93458274,34.18488974 -109.93461761,34.18484070 -109.93462834,34.18475377 -109.93463102,34.18473817 -109.93463102,34.18472925 -109.93463370,34.18471365 -109.93463370,34.18470250 -109.93463639,34.18468913 -109.93463907,34.18447514 -109.93461761,34.18431242 -109.93456665,34.18407837 -109.93447009,34.18362810 -109.93438158,34.18330043 -109.93434671,34.18312656 -109.93438158,34.18283009 -109.93440572,34.18238873 -109.93447277,34.18208780 -109.93449423,34.18203208 -109.93506554,34.18172223 -109.93518892,34.18167542 -109.93550810,34.18158625 -109.93586216,34.18127863 -109.93591580,34.18123405 -109.93599090,34.18102674 -109.93598822,34.18091529 -109.93597749,34.18067900 -109.93588370,34.18065626 -109.93542871,34.18059043 -109.93506930,34.18052801 -109.93462941,34.18050126 -109.93421099,34.18046560 -109.93408224,34.18047452 </coordinates>
</LineString>
</Placemark>
<Placemark>
<name>AZAT-10 Greens Peak</name>
<LookAt>
<longitude>-109.75375064</longitude>
<latitude>34.13341996</latitude>
<range>36949</range>
</LookAt>
<styleUrl>#Line_Forest_Service_Rd_level_2_or_higher_000000_04</styleUrl>
<ExtendedData>
<Data name="Type">
<value>Forest Service Rd level 2 or higher</value>
</Data>
<Data name="Name on GPS">
<value>AZAT10-Greens Peak</value>
</Data>
<Data name="Total Distance">
<value>36.1 mi</value>
</Data>
<Data name="Number of Trackpoints">
<value>1440</value>
</Data>
</ExtendedData>
<LineString>
<coordinates>-109.93579408,34.18056928 -109.93540372,34.18046683 -109.93484215,34.18035300 -109.93449100,34.18013900 -109.93479700,34.18012400 -109.93524800,34.18004200 -109.93537400,34.17998200 -109.93579200,34.17955600 -109.93600700,34.17948300 -109.93648400,34.17936100 -109.93664000,34.17925900 -109.93687300,34.17890100 -109.93691300,34.17872000 -109.93688900,34.17837800 -109.93704700,34.17823800 -109.93735600,34.17797400 -109.93750100,34.17774500 -109.93753800,34.17758300 -109.93747700,34.17739300 -109.93735300,34.17714000 -109.93737500,34.17698600 -109.93746300,34.17686000 -109.93768600,34.17675600 -109.93829500,34.17666900 -109.93868100,34.17666000 -109.93958500,34.17674700 -109.94009400,34.17676400 -109.94049100,34.17672000 -109.94096600,34.17675600 -109.94115900,34.17670200 -109.94139500,34.17652000 -109.94200400,34.17629400 -109.94284100,34.17614100 -109.94316300,34.17605400 -109.94406400,34.17577700 -109.94437000,34.17563500 -109.94492200,34.17518700 -109.94505900,34.17498700 -109.94549600,34.17408200 -109.94567100,34.17381500 -109.94583700,34.17357800 -109.94584200,34.17336700 -109.94580200,34.17318300 -109.94571100,34.17298300 -109.94550700,34.17263500 -109.94530300,34.17236000 -109.94513700,34.17215100 -109.94488000,34.17193800 -109.94450100,34.17166900 -109.94403200,34.17127200 -109.94366400,34.17101500 -109.94333700,34.17083100 -109.94291100,34.17046200 -109.94276100,34.17038200 -109.94246300,34.17025600 -109.94218100,34.17007200 -109.94181400,34.16978300 -109.94130700,34.16943000 -109.94091800,34.16903300 -109.94044000,34.16864000 -109.94003000,34.16835400 -109.93975400,34.16824300 -109.93956900,34.16820500 -109.93894900,34.16788600 -109.93858200,34.16768400 -109.93834300,34.16750400 -109.93809100,34.16738400 -109.93794600,34.16736600 -109.93690500,34.16749300 -109.93665100,34.16751500 -109.93627500,34.16753700 -109.93615400,34.16760400 -109.93594200,34.16788600 -109.93571200,34.16803000 -109.93539500,34.16807900 -109.93514000,34.16803400 -109.93470000,34.16787900 -109.93441300,34.16768400 -109.93430600,34.16754600 -109.93408600,34.16708200 -109.93362800,34.16668100 -109.93342100,34.16644800 -109.93309900,34.16560700 -109.93301600,34.16536000 -109.93288700,34.16519800 -109.93254900,34.16501200 -109.93247400,34.16482100 -109.93243900,34.16467200 -109.93223600,34.16445900 -109.93190800,34.16417500 -109.93164800,34.16404000 -109.93135000,34.16396700 -109.93108900,34.16396800 -109.93108905,34.16396476 -109.93106666,34.16384158 -109.93106666,34.16384158 -109.93119651,34.16366375 -109.93119651,34.16366375 -109.93119539,34.16345258 -109.93119539,34.16345258 -109.93113290,34.16318778 -109.93109016,34.16300671 -109.93109016,34.16300671 -109.93108589,34.16286827 -109.93108589,34.16286827 -109.93114841,34.16260348 -109.93115193,34.16258856 -109.93115193,34.16258856 -109.93127803,34.16233975 -109.93139116,34.16211651 -109.93139116,34.16211651 -109.93140799,34.16189252 -109.93140799,34.16189252 -109.93136770,34.16181565 -109.93136770,34.16181565 -109.93139232,34.16172395 -109.93139232,34.16172395 -109.93147918,34.16163137 -109.93147918,34.16163137 -109.93153914,34.16142689 -109.93153914,34.16142689 -109.93166357,34.16117751 -109.93173278,34.16103880 -109.93173278,34.16103880 -109.93179318,34.16077368 -109.93185358,34.16050855 -109.93185820,34.16048829 -109.93185820,34.16048829 -109.93204193,34.16026541 -109.93222565,34.16004252 -109.93240938,34.15981964 -109.93255332,34.15964502 -109.93255332,34.15964502 -109.93265794,34.15945331 -109.93265794,34.15945331 -109.93288300,34.15925809 -109.93302729,34.15913293 -109.93302729,34.15913293 -109.93329494,34.15897885 -109.93351322,34.15885319 -109.93351322,34.15885319 -109.93370774,34.15863667 -109.93383059,34.15849992 -109.93383059,34.15849992 -109.93399248,34.15836763 -109.93399248,34.15836763 -109.93425248,34.15820484 -109.93441559,34.15810272 -109.93441559,34.15810272 -109.93451935,34.15798484 -109.93451935,34.15798484 -109.93463214,34.15773170 -109.93474492,34.15747856 -109.93475266,34.15746119 -109.93475266,34.15746119 -109.93489427,34.15721817 -109.93502175,34.15699941 -109.93502175,34.15699941 -109.93516791,34.15682641 -109.93516791,34.15682641 -109.93529776,34.15674026 -109.93529776,34.15674026 -109.93561341,34.15672359 -109.93561341,34.15672359 -109.93593768,34.15675169 -109.93621461,34.15677569 -109.93621461,34.15677569 -109.93653810,34.15674203 -109.93686159,34.15670838 -109.93718508,34.15667473 -109.93722773,34.15667029 -109.93722773,34.15667029 -109.93736776,34.15663942 -109.93736776,34.15663942 -109.93756934,34.15659757 -109.93756934,34.15659757 -109.93775913,34.15658055 -109.93775913,34.15658055 -109.93808238,34.15661571 -109.93808266,34.15661574 -109.93808266,34.15661574 -109.93840547,34.15657789 -109.93868206,34.15654546 -109.93868206,34.15654546 -109.93898633,34.15656258 -109.93898633,34.15656258 -109.93919847,34.15661602 -109.93919847,34.15661602 -109.93949494,34.15672827 -109.93971374,34.15681111 -109.93971374,34.15681111 -109.94003274,34.15686685 -109.94012085,34.15688225 -109.94012085,34.15688225 -109.94043719,34.15681695 -109.94055085,34.15679348 -109.94055085,34.15679348 -109.94087689,34.15679349 -109.94095749,34.15679349 -109.94096100,34.15678500 -109.94112500,34.15682400 -109.94134800,34.15689400 -109.94162700,34.15695000 -109.94163900,34.15695100 -109.94179600,34.15696400 -109.94190700,34.15697400 -109.94208200,34.15697000 -109.94213000,34.15696800 -109.94215000,34.15696600 -109.94219200,34.15695900 -109.94220100,34.15695800 -109.94226500,34.15694900 -109.94238000,34.15693200 -109.94240400,34.15692800 -109.94243600,34.15692200 -109.94252200,34.15690000 -109.94258100,34.15688500 -109.94265700,34.15686600 -109.94267400,34.15685600 -109.94284300,34.15676300 -109.94291800,34.15671200 -109.94301300,34.15664700 -109.94313900,34.15651900 -109.94320500,34.15641200 -109.94325800,34.15629800 -109.94331500,34.15622000 -109.94334400,34.15618900 -109.94344800,34.15591800 -109.94344800,34.15591800 -109.94339500,34.15578600 -109.94339200,34.15577500 -109.94336400,34.15569600 -109.94335900,34.15568200 -109.94335600,34.15565300 -109.94335600,34.15564600 -109.94335000,34.15558600 -109.94334700,34.15551600 -109.94334600,34.15548900 -109.94332800,34.15539900 -109.94329200,34.15529100 -109.94329100,34.15528800 -109.94327700,34.15527100 -109.94323600,34.15521600 -109.94322500,34.15515300 -109.94324500,34.15507200 -109.94327400,34.15499800 -109.94332000,34.15490600 -109.94334500,34.15482800 -109.94335700,34.15473100 -109.94337600,34.15469800 -109.94338700,34.15468000 -109.94344400,34.15462800 -109.94357300,34.15451300 -109.94365400,34.15443000 -109.94369200,34.15439400 -109.94375300,34.15433400 -109.94375600,34.15433100 -109.94382900,34.15423700 -109.94391700,34.15411000 -109.94392700,34.15409600 -109.94399300,34.15400600 -109.94405000,34.15390400 -109.94410400,34.15381400 -109.94417100,34.15374200 -109.94424700,34.15366000 -109.94432500,34.15358200 -109.94435400,34.15355400 -109.94441100,34.15349900 -109.94448400,34.15337300 -109.94452700,34.15328300 -109.94453500,34.15319500 -109.94453400,34.15318600 -109.94453300,34.15318300 -109.94450300,34.15307300 -109.94441500,34.15297400 -109.94429200,34.15291500 -109.94414600,34.15288100 -109.94399300,34.15283300 -109.94383600,34.15276800 -109.94382100,34.15275500 -109.94374200,34.15268700 -109.94367300,34.15261800 -109.94363200,34.15257700 -109.94353500,34.15247300 -109.94339700,34.15239600 -109.94324000,34.15233100 -109.94310900,34.15227200 -109.94295800,34.15216000 -109.94289600,34.15210700 -109.94284900,34.15206700 -109.94276400,34.15197200 -109.94270700,34.15191600 -109.94266600,34.15187600 -109.94258600,34.15176900 -109.94258400,34.15176700 -109.94250800,34.15167400 -109.94238100,34.15160100 -109.94227000,34.15156000 -109.94217200,34.15152300 -109.94201800,34.15147100 -109.94195900,34.15144600 -109.94192300,34.15143100 -109.94192300,34.15143100 -109.94187500,34.15141200 -109.94180600,34.15132200 -109.94176300,34.15119600 -109.94165200,34.15103300 -109.94161600,34.15097700 -109.94158600,34.15093100 -109.94158000,34.15083200 -109.94158200,34.15078400 -109.94158400,34.15076200 -109.94158400,34.15075200 -109.94158500,34.15073300 -109.94157200,34.15066400 -109.94157200,34.15066400 -109.94147800,34.15051100 -109.94136800,34.15035900 -109.94128400,34.15021700 -109.94123300,34.15014100 -109.94113400,34.15001600 -109.94107200,34.14993900 -109.94088600,34.14969400 -109.94074200,34.14950900 -109.94069300,34.14944400 -109.94062300,34.14935200 -109.94059442,34.14936748 -109.94048973,34.14911197 -109.94038505,34.14885646 -109.94028037,34.14860095 -109.94027099,34.14857806 -109.94027099,34.14857806 -109.94004189,34.14838612 -109.93995841,34.14831618 -109.93995841,34.14831618 -109.93966005,34.14820745 -109.93953778,34.14816289 -109.93953778,34.14816289 -109.93936118,34.14793610 -109.93931395,34.14787545 -109.93931395,34.14787545 -109.93920770,34.14762039 -109.93915746,34.14749979 -109.93915746,34.14749979 -109.93902386,34.14725369 -109.93891820,34.14705905 -109.93891820,34.14705905 -109.93890663,34.14693450 -109.93888600,34.14690100 -109.93896100,34.14661600 -109.93894100,34.14626900 -109.93881200,34.14595200 -109.93878800,34.14557900 -109.93878800,34.14557900 -109.93839800,34.14553600 -109.93806400,34.14545900 -109.93778900,34.14538400 -109.93754400,34.14529900 -109.93739300,34.14520700 -109.93717200,34.14506400 -109.93678500,34.14479500 -109.93656700,34.14464000 -109.93637100,34.14443000 -109.93566600,34.14376800 -109.93540100,34.14339600 -109.93506200,34.14307900 -109.93479400,34.14281400 -109.93469100,34.14269900 -109.93457800,34.14253300 -109.93447400,34.14229000 -109.93436100,34.14190700 -109.93408000,34.14132500 -109.93386500,34.14093900 -109.93367300,34.14053300 -109.93347900,34.14003000 -109.93342500,34.13993000 -109.93316800,34.13939000 -109.93294900,34.13902600 -109.93285300,34.13881000 -109.93265700,34.13833000 -109.93256200,34.13817600 -109.93239800,34.13805700 -109.93220700,34.13793500 -109.93191900,34.13782600 -109.93160300,34.13774600 -109.93132400,34.13768100 -109.93111400,34.13759800 -109.93088600,34.13746600 -109.93041400,34.13724600 -109.93017500,34.13713100 -109.92995600,34.13704500 -109.92966200,34.13696400 -109.92929700,34.13688100 -109.92994000,34.13704100 -109.92890300,34.13676400 -109.92843400,34.13662100 -109.92806400,34.13651200 -109.92764600,34.13637300 -109.92741300,34.13630100 -109.92710600,34.13624500 -109.92667900,34.13616300 -109.92623100,34.13605200 -109.92590800,34.13600000 -109.92564900,34.13597900 -109.92527300,34.13595600 -109.92496100,34.13593200 -109.92477900,34.13591000 -109.92464200,34.13592200 -109.92452700,34.13596000 -109.92438500,34.13604700 -109.92412000,34.13626300 -109.92394500,34.13639600 -109.92382500,34.13646100 -109.92369200,34.13650800 -109.92349600,34.13653500 -109.92322100,34.13654400 -109.92270100,34.13654700 -109.92241800,34.13656200 -109.92209900,34.13654100 -109.92182500,34.13653000 -109.92157700,34.13654700 -109.92133500,34.13655100 -109.92113400,34.13653000 -109.92095200,34.13648000 -109.92061200,34.13637200 -109.92019600,34.13624500 -109.91990100,34.13617100 -109.91968600,34.13613800 -109.91945000,34.13611700 -109.91912400,34.13610800 -109.91877900,34.13611100 -109.91854900,34.13612900 -109.91838500,34.13616200 -109.91819000,34.13626100 -109.91787200,34.13643700 -109.91769000,34.13651700 -109.91735800,34.13663600 -109.91704800,34.13674600 -109.91661900,34.13692900 -109.91604200,34.13714300 -109.91558100,34.13731700 -109.91526400,34.13743600 -109.91506100,34.13750300 -109.91490400,34.13753700 -109.91476400,34.13755300 -109.91446100,34.13755700 -109.91411600,34.13753000 -109.91389200,34.13749500 -109.91366900,34.13747400 -109.91347600,34.13748000 -109.91331400,34.13748300 -109.91315700,34.13746200 -109.91303600,34.13740600 -109.91291400,34.13732100 -109.91275700,34.13719200 -109.91260600,34.13703500 -109.91242900,34.13689700 -109.91231400,34.13683800 -109.91217000,34.13677500 -109.91199100,34.13671000 -109.91182300,34.13666500 -109.91153900,34.13659400 -109.91082400,34.13645000 -109.91038400,34.13637800 -109.91013100,34.13636300 -109.90992200,34.13636400 -109.90971300,34.13639400 -109.90951900,34.13645300 -109.90935200,34.13651400 -109.90913100,34.13662300 -109.90895600,34.13672300 -109.90867500,34.13695900 -109.90829700,34.13730200 -109.90793200,34.13767000 -109.90779600,34.13778400 -109.90763700,34.13789800 -109.90742900,34.13802200 -109.90722600,34.13809900 -109.90700700,34.13816100 -109.90675900,34.13823600 -109.90640900,34.13833300 -109.90566100,34.13853500 -109.90612000,34.13841800 -109.90480200,34.13877900 -109.90420600,34.13895500 -109.90322800,34.13923400 -109.90233900,34.13947500 -109.90142400,34.13974500 -109.90036900,34.14006200 -109.89991100,34.14018400 -109.89968500,34.14024200 -109.89943200,34.14026900 -109.89921300,34.14026000 -109.89895900,34.14022800 -109.89856200,34.14013000 -109.89846800,34.14010300 -109.89826200,34.14004500 -109.89809600,34.14000600 -109.89788100,34.13997100 -109.89772600,34.13998000 -109.89755100,34.13998500 -109.89745100,34.13998700 -109.89716225,34.13998986 -109.89694633,34.13997425 -109.89651852,34.14016605 -109.89612960,34.14034670 -109.89594586,34.14045152 -109.89587515,34.14048786 -109.89583760,34.14051462 -109.89577859,34.14057038 -109.89573509,34.14060061 -109.89523315,34.14080429 -109.89449310,34.14105225 -109.89378357,34.14128876 -109.89330292,34.14162827 -109.89298248,34.14160538 -109.89257812,34.14168167 -109.89208221,34.14197159 -109.89153290,34.14233780 -109.89093781,34.14271927 -109.89034271,34.14310455 -109.88971710,34.14348984 -109.88910675,34.14385605 -109.88849640,34.14424515 -109.88787842,34.14464188 -109.88729858,34.14503098 -109.88671112,34.14537811 -109.88613892,34.14573288 -109.88556671,34.14608002 -109.88499451,34.14645004 -109.88442230,34.14683151 -109.88383484,34.14715195 -109.88316345,34.14733505 -109.88245392,34.14743042 -109.88175964,34.14750290 -109.88103485,34.14757156 -109.88033295,34.14764404 -109.87968445,34.14765930 -109.87907410,34.14748764 -109.87856293,34.14719772 -109.87820435,34.14680099 -109.87775421,34.14636612 -109.87715912,34.14600754 -109.87659454,34.14577103 -109.87603760,34.14561844 -109.87558746,34.14546585 -109.87516785,34.14524078 -109.87474060,34.14492416 -109.87437439,34.14454269 -109.87397003,34.14407349 -109.87342072,34.14366531 -109.87279510,34.14328384 -109.87213898,34.14298630 -109.87146759,34.14275360 -109.87078857,34.14258957 -109.87007141,34.14247894 -109.86936951,34.14234161 -109.86867523,34.14219666 -109.86795044,34.14210129 -109.86724854,34.14197922 -109.86654663,34.14189148 -109.86586761,34.14176559 -109.86517334,34.14170456 -109.86444855,34.14162827 -109.86380768,34.14141083 -109.86322784,34.14117432 -109.86259460,34.14091873 -109.86194611,34.14072037 -109.86124420,34.14078140 -109.86056519,34.14096451 -109.85987091,34.14098358 -109.85919952,34.14078522 -109.85855103,34.14058685 -109.85785675,34.14054871 -109.85719299,34.14070129 -109.85652161,34.14078140 -109.85589600,34.14062119 -109.85542297,34.14020920 -109.85493469,34.13977432 -109.85446167,34.13938904 -109.85392761,34.13907242 -109.85334015,34.13882828 -109.85273743,34.13861465 -109.85208130,34.13851166 -109.85139465,34.13855743 -109.85070038,34.13860321 -109.84999847,34.13863373 -109.84931183,34.13867569 -109.84864044,34.13865662 -109.84797668,34.13848495 -109.84738922,34.13818741 -109.84677887,34.13785553 -109.84616089,34.13752365 -109.84553528,34.13719559 -109.84492493,34.13688660 -109.84429169,34.13656616 -109.84386444,34.13606262 -109.84349823,34.13551331 -109.84316254,34.13495255 -109.84298706,34.13434982 -109.84288788,34.13374710 -109.84282684,34.13314438 -109.84277344,34.13253403 -109.84272766,34.13193512 -109.84266663,34.13134003 -109.84238434,34.13078690 -109.84182739,34.13040543 -109.84129333,34.13002396 -109.84082794,34.12953568 -109.84041595,34.12907791 -109.83984375,34.12877274 -109.83920288,34.12864304 -109.83854675,34.12879562 -109.83815765,34.12903214 -109.83807373,34.12911224 -109.83779907,34.12960434 -109.83754730,34.13017273 -109.83715820,34.13070297 -109.83665466,34.13102722 -109.83654785,34.13106918 -109.83602905,34.13111496 -109.83533478,34.13110733 -109.83465576,34.13114548 -109.83393860,34.13125229 -109.83332825,34.13152313 -109.83274078,34.13175201 -109.83218384,34.13188171 -109.83161926,34.13188934 -109.83104706,34.13187408 -109.83043671,34.13179398 -109.82979584,34.13169098 -109.82912445,34.13160324 -109.82843781,34.13134003 -109.82791138,34.13095093 -109.82736206,34.13049698 -109.82707214,34.12993622 -109.82674408,34.12939835 -109.82611084,34.12921524 -109.82542419,34.12926865 -109.82472992,34.12939453 -109.82408142,34.12943268 -109.82341766,34.12940979 -109.82277679,34.12938309 -109.82214355,34.12937927 -109.82162476,34.12935638 -109.82130432,34.12923050 -109.82110596,34.12933350 -109.82079315,34.12965012 -109.82051086,34.12991333 -109.82016754,34.13021469 -109.81975555,34.13064194 -109.81935120,34.13107681 -109.81890869,34.13146973 -109.81845856,34.13185883 -109.81794739,34.13219452 -109.81732941,34.13246536 -109.81673431,34.13272095 -109.81616211,34.13298416 -109.81558228,34.13325119 -109.81505585,34.13352203 -109.81450653,34.13374710 -109.81391144,34.13397598 -109.81334686,34.13423920 -109.81284332,34.13444519 -109.81239319,34.13470840 -109.81195831,34.13514709 -109.81161499,34.13565445 -109.81128693,34.13621140 -109.81098938,34.13674927 -109.81066132,34.13728714 -109.81037903,34.13781738 -109.81011200,34.13835144 -109.80991364,34.13887787 -109.80973053,34.13940048 -109.80954742,34.13993835 -109.80941772,34.14028549 -109.80929565,34.14062881 -109.80911255,34.14118576 -109.80891418,34.14177704 -109.80873108,34.14233398 -109.80859375,34.14290237 -109.80845642,34.14347076 -109.80834198,34.14401245 -109.80818176,34.14455032 -109.80795288,34.14507675 -109.80770874,34.14561081 -109.80746460,34.14612579 -109.80722809,34.14662933 -109.80699158,34.14709473 -109.80661774,34.14751434 -109.80614471,34.14786148 -109.80562592,34.14816284 -109.80509186,34.14844513 -109.80457306,34.14872742 -109.80416870,34.14911652 -109.80381775,34.14952469 -109.80364227,34.14981079 -109.80349731,34.14998245 -109.80326080,34.15042877 -109.80298615,34.15089798 -109.80271912,34.15136337 -109.80233002,34.15182114 -109.80178070,34.15217590 -109.80115509,34.15244293 -109.80049896,34.15267944 -109.79980469,34.15295792 -109.79918671,34.15327072 -109.79860687,34.15368271 -109.79807281,34.15413284 -109.79759216,34.15459442 -109.79708862,34.15509415 -109.79660797,34.15553665 -109.79615784,34.15591431 -109.79581451,34.15607452 -109.79573059,34.15612030 -109.79533386,34.15621567 -109.79498291,34.15637589 -109.79452515,34.15654373 -109.79412842,34.15666580 -109.79381561,34.15678406 -109.79343414,34.15688324 -109.79307556,34.15705109 -109.79273987,34.15718842 -109.79228973,34.15732193 -109.79183197,34.15752411 -109.79136658,34.15770340 -109.79094696,34.15784454 -109.79061127,34.15800858 -109.79023743,34.15816498 -109.78978729,34.15827560 -109.78927612,34.15832901 -109.78884888,34.15839767 -109.78854370,34.15837097 -109.78846741,34.15836716 -109.78837585,34.15835953 -109.78819275,34.15835190 -109.78774261,34.15830612 -109.78734589,34.15820694 -109.78689575,34.15808487 -109.78654480,34.15792847 -109.78647614,34.15790176 -109.78649139,34.15795517 -109.78643799,34.15793610 -109.78628540,34.15790176 -109.78591919,34.15770721 -109.78553009,34.15744019 -109.78520966,34.15713501 -109.78492737,34.15676498 -109.78477478,34.15649033 -109.78463745,34.15611649 -109.78454590,34.15569305 -109.78440857,34.15528870 -109.78432465,34.15494919 -109.78421783,34.15454483 -109.78414154,34.15427399 -109.78412628,34.15411758 -109.78406525,34.15378571 -109.78401184,34.15342331 -109.78396606,34.15309906 -109.78395844,34.15293884 -109.78393555,34.15277100 -109.78392792,34.15244293 -109.78389740,34.15207672 -109.78383636,34.15161896 -109.78380585,34.15116882 -109.78376007,34.15076065 -109.78373718,34.15048981 -109.78370667,34.15005112 -109.78365326,34.14960098 -109.78358459,34.14915848 -109.78347015,34.14882278 -109.78328705,34.14847183 -109.78303528,34.14816284 -109.78271484,34.14790726 -109.78241730,34.14770889 -109.78215027,34.14755249 -109.78182983,34.14740753 -109.78154755,34.14731216 -109.78111267,34.14717865 -109.78063965,34.14706802 -109.78015137,34.14695358 -109.77967834,34.14685440 -109.77935791,34.14672852 -109.77903748,34.14665985 -109.77861023,34.14656830 -109.77807617,34.14652634 -109.77758026,34.14655685 -109.77718353,34.14643860 -109.77708435,34.14615250 -109.77691650,34.14606857 -109.77645874,34.14643860 -109.77592468,34.14681244 -109.77536011,34.14718246 -109.77479553,34.14748383 -109.77413177,34.14767838 -109.77339172,34.14799500 -109.77275848,34.14831161 -109.77210236,34.14853287 -109.77140808,34.14871979 -109.77065277,34.14886093 -109.76988983,34.14891815 -109.76910400,34.14900970 -109.76837921,34.14925385 -109.76770020,34.14959335 -109.76678467,34.15001297 -109.76605225,34.15038300 -109.76536560,34.15067291 -109.76468658,34.15086365 -109.76428223,34.15106583 -109.76399231,34.15119934 -109.76377869,34.15124130 -109.76317596,34.15150070 -109.76253510,34.15174484 -109.76184082,34.15189362 -109.76111603,34.15197372 -109.76042175,34.15190125 -109.75964355,34.15179062 -109.75882721,34.15169907 -109.75807190,34.15161133 -109.75739288,34.15158844 -109.75685883,34.15159607 -109.75671387,34.15157700 -109.75622559,34.15158081 -109.75550842,34.15153885 -109.75476837,34.15153885 -109.75399780,34.15159607 -109.75328827,34.15171051 -109.75290680,34.15184402 -109.75280762,34.15179443 -109.75264740,34.15152740 -109.75203705,34.15118027 -109.75132751,34.15081406 -109.75077057,34.15054321 -109.75061798,34.15048599 -109.75022888,34.15035629 -109.74951172,34.15019226 -109.74877930,34.14998627 -109.74815369,34.14971542 -109.74751282,34.14942551 -109.74686432,34.14911270 -109.74622345,34.14880371 -109.74559021,34.14849854 -109.74493408,34.14814377 -109.74432373,34.14782715 -109.74369812,34.14751434 -109.74309540,34.14720535 -109.74248505,34.14690018 -109.74187469,34.14655304 -109.74135590,34.14614487 -109.74103546,34.14566040 -109.74078369,34.14515305 -109.74037170,34.14474869 -109.73970795,34.14443207 -109.73902130,34.14411545 -109.73831177,34.14384460 -109.73751831,34.14387131 -109.73674011,34.14382935 -109.73587799,34.14379883 -109.73480988,34.14385223 -109.73397064,34.14391327 -109.73346710,34.14407730 -109.73307037,34.14414215 -109.73286438,34.14412689 -109.73227692,34.14423752 -109.73165131,34.14467621 -109.73107147,34.14508438 -109.73047638,34.14541626 -109.72988129,34.14574814 -109.72927094,34.14608383 -109.72871399,34.14641190 -109.72819519,34.14677429 -109.72772217,34.14714432 -109.72719574,34.14758682 -109.72665405,34.14794922 -109.72602081,34.14822006 -109.72531891,34.14849854 -109.72471619,34.14880371 -109.72415924,34.14909744 -109.72354889,34.14930725 -109.72285461,34.14939117 -109.72212982,34.14954376 -109.72151947,34.14986038 -109.72103119,34.15020370 -109.72052765,34.15047073 -109.72010040,34.15072632 -109.71990204,34.15089035 -109.71971893,34.15095520 -109.71923828,34.15124512 -109.71882629,34.15166092 -109.71849060,34.15215683 -109.71807861,34.15260696 -109.71752930,34.15291214 -109.71689606,34.15307617 -109.71623230,34.15305328 -109.71560669,34.15293121 -109.71499634,34.15281296 -109.71439362,34.15267181 -109.71390533,34.15233612 -109.71347809,34.15190125 -109.71295166,34.15149307 -109.71235657,34.15129852 -109.71180725,34.15130615 -109.71127319,34.15139389 -109.71073914,34.15158463 -109.71031189,34.15175247 -109.70984650,34.15184402 -109.70929718,34.15172195 -109.70870209,34.15146637 -109.70814514,34.15125656 -109.70748901,34.15106964 -109.70679474,34.15088654 -109.70611572,34.15068817 -109.70542145,34.15048218 -109.70473480,34.15035248 -109.70403290,34.15037918 -109.70333862,34.15058136 -109.70271301,34.15079880 -109.70211792,34.15100098 -109.70175934,34.15113831 -109.70160675,34.15119553 -109.70096588,34.15142059 -109.70030212,34.15162659 -109.69972229,34.15192413 -109.69918060,34.15224457 -109.69862366,34.15257263 -109.69792938,34.15264130 -109.69721222,34.15254974 -109.69657898,34.15227890 -109.69606018,34.15184021 -109.69546509,34.15143204 -109.69508362,34.15127563 -109.69500732,34.15124130 -109.69485474,34.15079117 -109.69470215,34.15024185 -109.69453430,34.14971161 -109.69419098,34.14925385 -109.69363403,34.14892578 -109.69304657,34.14859009 -109.69284058,34.14806366 -109.69263458,34.14757919 -109.69228363,34.14725113 -109.69200134,34.14716339 -109.69174194,34.14716339 -109.69116974,34.14696884 -109.69059753,34.14683533 -109.69006348,34.14670944 -109.68944550,34.14661407 -109.68886566,34.14659119 -109.68828583,34.14666367 -109.68773651,34.14671707 -109.68715668,34.14678955 -109.68671417,34.14682007 -109.68651581,34.14688873 -109.68624878,34.14722061 -109.68608093,34.14760971 -109.68592834,34.14809418 -109.68557739,34.14850616 -109.68518066,34.14887238 -109.68482971,34.14919281 -109.68447113,34.14953613 -109.68405914,34.14978027 -109.68346405,34.14995575 -109.68321991,34.15029144 -109.68273163,34.15055084 -109.68223572,34.15085220 -109.68166351,34.15110397 -109.68115997,34.15143967 -109.68085480,34.15162659 -109.68060303,34.15174484 -109.68025208,34.15184402 -109.67975616,34.15188980 -109.67920685,34.15170670 -109.67869568,34.15165710 -109.67821503,34.15185547 -109.67781830,34.15213776 -109.67740631,34.15235901 -109.67704773,34.15263367 -109.67666626,34.15290451 -109.67627716,34.15319061 -109.67586517,34.15345001 -109.67536163,34.15351105 -109.67488098,34.15361786 -109.67438507,34.15361404 -109.67395782,34.15341949 -109.67360687,34.15370178 -109.67337036,34.15403748 -109.67306519,34.15433502 -109.67266846,34.15456390 -109.67220306,34.15469360 -109.67177582,34.15463638 -109.67145538,34.15430450 -109.67101288,34.15416718 -109.67060852,34.15417099 -109.67041016,34.15446472 -109.67055511,34.15487671 -109.67063904,34.15526199 -109.67067719,34.15567398 -109.67059326,34.15609741 -109.67035675,34.15648651 -109.66979980,34.15671539 -109.66921997,34.15692902 -109.66870880,34.15718460 -109.66841888,34.15756989 -109.66813660,34.15793991 -109.66760254,34.15817261 -109.66706085,34.15831375 -109.66652679,34.15834045 -109.66596985,34.15837097 -109.66539001,34.15849304 -109.66486359,34.15826416 -109.66436005,34.15795898 -109.66407013,34.15760422 -109.66391754,34.15715790 -109.66378021,34.15671539 -109.66356659,34.15630722 -109.66320038,34.15612030 -109.66278076,34.15622711 -109.66242218,34.15601730 -109.66215515,34.15566635 -109.66184235,34.15530777 -109.66143799,34.15501785 -109.66090393,34.15508270 -109.66035461,34.15518188 -109.65985870,34.15526581 -109.65937805,34.15529251 -109.65888214,34.15528488 -109.65845490,34.15531158 -109.65810394,34.15536880 -109.65785980,34.15543747 -109.65779877,34.15545654 -109.65740967,34.15563583 -109.65701294,34.15592957 -109.65666199,34.15629196 -109.65640259,34.15665054 -109.65609741,34.15692902 -109.65561676,34.15714264 -109.65535736,34.15749359 -109.65521240,34.15792084 -109.65509796,34.15832520 -109.65496826,34.15873718 -109.65480804,34.15919113 -109.65465546,34.15964890 -109.65451813,34.16010284 -109.65441132,34.16055679 -109.65425873,34.16099167 -109.65385437,34.16131592 -109.65334320,34.16150665 -109.65283203,34.16168213 -109.65232086,34.16186523 -109.65194702,34.16218185 -109.65152740,34.16246414 -109.65107727,34.16271210 -109.65061951,34.16294861 -109.65018463,34.16321945 -109.64976501,34.16351700 -109.64932251,34.16382599 -109.64889526,34.16410828 -109.64844513,34.16432571 -109.64785767,34.16437149 -109.64729309,34.16437912 -109.64670563,34.16439056 -109.64617157,34.16422653 -109.64568329,34.16403580 -109.64521027,34.16379166 -109.64474487,34.16357803 -109.64431000,34.16339493 -109.64380646,34.16325378 -109.64332581,34.16310883 -109.64292145,34.16296768 -109.64248657,34.16280365 -109.64193726,34.16279984 -109.64144897,34.16299057 -109.64122009,34.16315842 -109.64105988,34.16301727 -109.64084625,34.16263580 -109.64048004,34.16233444 -109.64017487,34.16201019 -109.63984680,34.16165924 -109.63964844,34.16138840 -109.63951874,34.16123581 -109.63920593,34.16097260 -109.63873291,34.16077805 -109.63832855,34.16053391 -109.63814545,34.16020584 -109.63818359,34.15979767 -109.63805389,34.15938568 -109.63784790,34.15901184 -109.63744354,34.15892792 -109.63714600,34.15913391 -109.63689423,34.15941238 -109.63650513,34.15968323 -109.63610077,34.15994263 -109.63565063,34.16001511 -109.63530731,34.15975571 -109.63515472,34.15932846 -109.63519287,34.15881348 -109.63523865,34.15834045 -109.63529968,34.15787506 -109.63536835,34.15742111 -109.63531494,34.15691757 -109.63533020,34.15641403 -109.63539124,34.15590286 -109.63539886,34.15537262 -109.63552856,34.15491486 -109.63573456,34.15445328 -109.63593292,34.15398407 -109.63610840,34.15348434 -109.63630676,34.15304565 -109.63661194,34.15266418 -109.63686371,34.15226364 -109.63702393,34.15177917 -109.63702393,34.15129089 -109.63698578,34.15080643 -109.63690948,34.15034103 -109.63684082,34.15005493 -109.63677979,34.14989853 -109.63673401,34.14969635 -109.63658905,34.14929199 -109.63629913,34.14900970 -109.63591766,34.14870453 -109.63553619,34.14828110 -109.63525391,34.14779282 -109.63478088,34.14754486 -109.63425446,34.14751053 -109.63375092,34.14764404 -109.63328552,34.14755630 -109.63299561,34.14724350 -109.63273621,34.14693069 -109.63246155,34.14671326 -109.63234711,34.14660645 -109.63209534,34.14625549 -109.63204956,34.14590073 -109.63230896,34.14559555 -109.63256073,34.14524078 -109.63273621,34.14483643 -109.63265228,34.14439011 -109.63284302,34.14402771 -109.63317108,34.14364243 -109.63350677,34.14316940 -109.63377380,34.14265442 -109.63393402,34.14210892 -109.63396454,34.14153671 -109.63394165,34.14097214 -109.63389587,34.14038467 -109.63408661,34.13983536 -109.63454437,34.13943100 -109.63502502,34.13904953 -109.63552856,34.13862991 -109.63603210,34.13821793 -109.63654327,34.13779068 -109.63704681,34.13739014 -109.63735962,34.13689041 -109.63732910,34.13629150 -109.63743591,34.13571548 -109.63744354,34.13514328 -109.63734436,34.13464355 -109.63739014,34.13432693 -109.63758087,34.13426971 -109.63816071,34.13434601 -109.63874054,34.13424683 -109.63922882,34.13390732 -109.63961029,34.13344574 -109.64004517,34.13302231 -109.64039612,34.13257599 -109.64047241,34.13203049 -109.64035034,34.13156128 -109.64003754,34.13120270 -109.63965607,34.13075256 -109.63928986,34.13032532 -109.63880157,34.12997818 -109.63825989,34.12968826 -109.63777161,34.12941360 -109.63724518,34.12918472 -109.63669586,34.12889481 -109.63635254,34.12846375 -109.63620758,34.12792206 -109.63629150,34.12762833 -109.63641357,34.12743759 -109.63680267,34.12706757 -109.63729858,34.12670898 -109.63770294,34.12626648 -109.63784790,34.12576675 -109.63766479,34.12524414 -109.63746643,34.12481308 -109.63716888,34.12448883 -109.63708496,34.12444305 -109.63704681,34.12440872 -109.63690948,34.12430191 -109.63668823,34.12406540 -109.63639832,34.12367249 -109.63607788,34.12325287 -109.63576508,34.12282562 -109.63547516,34.12235641 -109.63509369,34.12194824 -109.63458252,34.12165070 -109.63390350,34.12147141 -109.63319397,34.12145615 -109.63253021,34.12144089 -109.63209534,34.12135315 -109.63195801,34.12131119 -109.63147736,34.12099075 -109.63098907,34.12061310 -109.63065338,34.12015533 -109.63055420,34.11967468 -109.63040161,34.11935043 -109.62992096,34.11940002 -109.62940979,34.11962509 -109.62910461,34.11974335 -109.62896729,34.11979675 -109.62847137,34.11993027 -109.62793732,34.12005615 -109.62756348,34.12011719 -109.62734985,34.12012482 -109.62715149,34.12010193 -109.62696838,34.12007904 -109.62704468,34.12007141 -109.62712097,34.12009811 -109.62728119,34.12013245 -109.62735748,34.12018585 -109.62749481,34.12017441 -109.62746429,34.12012482 -109.62714386,34.12007904 -109.62700653,34.12004471 -109.62653351,34.11981201 -109.62615204,34.11944199 -109.62577820,34.11904526 -109.62544250,34.11861038 -109.62515259,34.11813354 -109.62505341,34.11761093 -109.62502289,34.11710358 -109.62507629,34.11658859 -109.62519073,34.11610413 -109.62532043,34.11567307 -109.62558746,34.11532974 -109.62597656,34.11505890 -109.62648010,34.11483002 -109.62681580,34.11448288 -109.62685394,34.11400986 -109.62677002,34.11349869 -109.62670135,34.11325455 -109.62651062,34.11318207 -109.62591553,34.11316681 -109.62530518,34.11302948 -109.62475586,34.11278152 -109.62416840,34.11260605 -109.62358093,34.11248779 -109.62300873,34.11234665 -109.62245178,34.11221313 -109.62187195,34.11215210 -109.62140656,34.11212921 -109.62093353,34.11195755 -109.62052155,34.11159134 -109.62000275,34.11122513 -109.61952209,34.11085510 -109.61898804,34.11056900 -109.61833191,34.11031342 -109.61780548,34.10997391 -109.61740875,34.10954285 -109.61707306,34.10918808 -109.61681366,34.10900497 -109.61624146,34.10892105 -109.61578369,34.10914612 -109.61544800,34.10934830 -109.61504364,34.10955048 -109.61444855,34.10971832 -109.61387634,34.10977936 -109.61331940,34.10994339 -109.61280060,34.11016846 -109.61225128,34.11039352 -109.61167908,34.11056900 -109.61112976,34.11069107 -109.61054230,34.11079788 -109.61000824,34.11089706 -109.60945892,34.11094284 -109.60892487,34.11087036 -109.60841370,34.11076355 -109.60786438,34.11067200 -109.60734558,34.11063004 -109.60690308,34.11057663 -109.60669708,34.11054611 -109.60674286,34.11025238 -109.60662842,34.10995865 -109.60647583,34.10962677 -109.60629272,34.10929871 -109.60604858,34.10894775 -109.60578918,34.10859299 -109.60558319,34.10823059 -109.60559845,34.10783386 -109.60569763,34.10744858 -109.60563660,34.10702896 -109.60563660,34.10662079 -109.60565948,34.10621643 -109.60571289,34.10584641 -109.60565186,34.10546494 -109.60543060,34.10512924 -109.60533905,34.10476685 -109.60522461,34.10443878 -109.60511017,34.10417938 -109.60498047,34.10393143 -109.60484314,34.10368729 -109.60476685,34.10349274 -109.60461426,34.10322189 -109.60448456,34.10294724 -109.60432434,34.10262680 -109.60408783,34.10235596 -109.60382080,34.10208130 -109.60359955,34.10180664 -109.60348511,34.10163116 -109.60343933,34.10159302 -109.60327911,34.10149765 -109.60308838,34.10126114 -109.60285187,34.10106659 -109.60250854,34.10089874 -109.60220337,34.10070801 -109.60189819,34.10075378 -109.60169983,34.10094833 -109.60143280,34.10105515 -109.60131073,34.10112000 -109.60134888,34.10126877 -109.60121155,34.10126114 -109.60119629,34.10121155 -109.60128021,34.10113525 -109.60131836,34.10108948 -109.60142517,34.10101700 -109.60163879,34.10097122 -109.60155487,34.10102463 -109.60150146,34.10104370 -109.60131073,34.10117722 -109.60108185,34.10134506 -109.60076904,34.10149384 -109.60039520,34.10143280 -109.60002899,34.10127258 -109.59994507,34.10121918 -109.59963226,34.10116959 -109.59921265,34.10112000 -109.59881592,34.10102844 -109.59848022,34.10100174 -109.59839630,34.10097885 -109.59805298,34.10083771 -109.59761047,34.10079193 -109.59719086,34.10074997 -109.59671021,34.10071564 -109.59626007,34.10060120 -109.59585571,34.10058975 -109.59542847,34.10049820 -109.59506989,34.10049057 -109.59479523,34.10048294 -109.59432220,34.10051346 -109.59385681,34.10049820 -109.59340668,34.10051346 -109.59319305,34.10053635 -109.59279633,34.10062790 -109.59239197,34.10067749 -109.59204865,34.10078430 -109.59170532,34.10081100 -109.59135437,34.10085297 -109.59104156,34.10076141 -109.59066010,34.10087585 -109.59029388,34.10094070 -109.58995056,34.10094452 -109.58954620,34.10095978 -109.58913422,34.10101318 -109.58872223,34.10105133 -109.58836365,34.10108566 -109.58805847,34.10112762 -109.58767700,34.10112762 -109.58762360,34.10114288 -109.58740234,34.10119629 -109.58711243,34.10137939 -109.58676910,34.10146713 -109.58637238,34.10146332 -109.58596802,34.10151291 -109.58560944,34.10153580 -109.58525085,34.10160828 -109.58497620,34.10166168 -109.58486938,34.10167313 -109.58460999,34.10178757 -109.58423615,34.10191727 -109.58386230,34.10182571 -109.58348083,34.10171890 -109.58314514,34.10162354 -109.58286285,34.10154724 -109.58254242,34.10142136 -109.58215332,34.10131073 -109.58178711,34.10127640 -109.58152771,34.10112762 -109.58131409,34.10097885 -109.58107758,34.10074234 -109.58078766,34.10053635 -109.58045959,34.10041428 -109.58011627,34.10032272 -109.57991791,34.10012436 -109.57964325,34.09999847 -109.57932281,34.10005569 -109.57896423,34.10010147 -109.57856750,34.10012054 -109.57822418,34.10001755 -109.57788086,34.10000610 -109.57753754,34.09994125 -109.57730865,34.09994125 -109.57710266,34.09993744 -109.57704163,34.09992218 -109.57682037,34.09983063 -109.57678441,34.09995650 -109.57677360,34.09995992 -109.57648468,34.09951019 -109.57608795,34.09887695 -109.57567596,34.09822845 -109.57531738,34.09762573 -109.57501221,34.09709549 -109.57465363,34.09696579 -109.57465363,34.09648514 -109.57440948,34.09579468 -109.57398224,34.09513855 -109.57350922,34.09451294 -109.57302856,34.09390640 -109.57245636,34.09333420 -109.57180786,34.09282303 -109.57113647,34.09235001 -109.57045746,34.09189987 -109.56966400,34.09159851 -109.56882477,34.09137726 -109.56812286,34.09107208 -109.56754303,34.09075165 -109.56703949,34.09037781 -109.56652832,34.08998108 -109.56611633,34.08954620 -109.56568146,34.08913422 -109.56515503,34.08882904 -109.56461334,34.08859253 -109.56410217,34.08837509 -109.56359100,34.08810043 -109.56327057,34.08789062 -109.56316376,34.08783340 -109.56293532,34.08770438 -109.56304909,34.08722652 -109.56257393,34.08696133 -109.56229766,34.08667568 -109.56205090,34.08642127 -109.56165929,34.08627064 </coordinates>
</LineString>
</Placemark>
<Placemark>
<name>AZAT-11 Little Colorado River</name>
<LookAt>
<longitude>-109.51773402</longitude>
<latitude>34.00731071</latitude>
<range>19238</range>
</LookAt>
<styleUrl>#Line_Forest_Service_Rd_level_2_or_higher_0000ff_04</styleUrl>
<ExtendedData>
<Data name="Type">
<value>Forest Service Rd level 2 or higher</value>
</Data>
<Data name="Name on GPS">
<value>AZAT11-Little Colorado River</value>
</Data>
<Data name="Total Distance">
<value>16.7 mi</value>
</Data>
<Data name="Number of Trackpoints">
<value>839</value>
</Data>
</ExtendedData>
<LineString>
<coordinates>-109.56147408,34.08600516 -109.56122413,34.08565230 -109.56094940,34.08526445 -109.56067466,34.08487661 -109.56060258,34.08467221 -109.56045035,34.08424059 -109.56029812,34.08380896 -109.56014589,34.08337734 -109.55999367,34.08294572 -109.55984144,34.08251409 -109.55968921,34.08208247 -109.55953699,34.08165085 -109.55938476,34.08121923 -109.55923253,34.08078760 -109.55923253,34.08078760 -109.55904781,34.08036808 -109.55874797,34.08011974 -109.55836408,34.07980179 -109.55818815,34.07973229 -109.55769812,34.07953872 -109.55720810,34.07934515 -109.55671808,34.07915159 -109.55645152,34.07889216 -109.55609966,34.07854973 -109.55574780,34.07820730 -109.55539594,34.07786486 -109.55504409,34.07752243 -109.55469223,34.07717999 -109.55461924,34.07709767 -109.55429789,34.07673526 -109.55397654,34.07637284 -109.55365520,34.07601043 -109.55333385,34.07564802 -109.55301250,34.07528560 -109.55269116,34.07492319 -109.55236981,34.07456078 -109.55204846,34.07419836 -109.55172712,34.07383595 -109.55140577,34.07347353 -109.55108442,34.07311112 -109.55076308,34.07274871 -109.55044173,34.07238629 -109.55012038,34.07202388 -109.54979904,34.07166147 -109.54947769,34.07129905 -109.54915635,34.07093664 -109.54883500,34.07057422 -109.54851365,34.07021181 -109.54819231,34.06984940 -109.54787096,34.06948698 -109.54754961,34.06912457 -109.54754961,34.06912457 -109.54751144,34.06909240 -109.54713092,34.06877173 -109.54675040,34.06845105 -109.54636988,34.06813037 -109.54598936,34.06780970 -109.54560884,34.06748902 -109.54522833,34.06716835 -109.54484781,34.06684767 -109.54446729,34.06652699 -109.54408677,34.06620632 -109.54370625,34.06588564 -109.54332573,34.06556496 -109.54294521,34.06524429 -109.54256469,34.06492361 -109.54218417,34.06460294 -109.54180365,34.06428226 -109.54178165,34.06422226 -109.54174265,34.06415826 -109.54157165,34.06391426 -109.54151565,34.06382726 -109.54133265,34.06354626 -109.54109765,34.06315126 -109.54100165,34.06294926 -109.54096665,34.06285526 -109.54092265,34.06267326 -109.54091365,34.06257626 -109.54089265,34.06225626 -109.54088865,34.06191626 -109.54087965,34.06180326 -109.54087765,34.06169926 -109.54093665,34.06136126 -109.54100165,34.06115626 -109.54112665,34.06085526 -109.54116965,34.06076226 -109.54133265,34.06037926 -109.54150065,34.05993026 -109.54153165,34.05984326 -109.54188565,34.05900726 -109.54194265,34.05889026 -109.54199865,34.05876926 -109.54214965,34.05851926 -109.54268365,34.05776326 -109.54278465,34.05762826 -109.54306765,34.05726126 -109.54315465,34.05713326 -109.54339665,34.05676426 -109.54354865,34.05651226 -109.54362265,34.05639426 -109.54369865,34.05627826 -109.54389165,34.05590626 -109.54398865,34.05564626 -109.54411865,34.05524426 -109.54415365,34.05510426 -109.54421965,34.05483526 -109.54426565,34.05470326 -109.54433565,34.05458626 -109.54442865,34.05448226 -109.54465165,34.05430426 -109.54478265,34.05422626 -109.54492865,34.05415926 -109.54507565,34.05409426 -109.54575965,34.05374226 -109.54619965,34.05355126 -109.54627865,34.05350926 -109.54634465,34.05346926 -109.54639565,34.05342126 -109.54642465,34.05336826 -109.54642065,34.05331026 -109.54639465,34.05326026 -109.54633365,34.05321226 -109.54617165,34.05309926 -109.54606465,34.05303726 -109.54595565,34.05296226 -109.54558065,34.05269326 -109.54519465,34.05238926 -109.54490465,34.05214426 -109.54476665,34.05201326 -109.54461565,34.05188026 -109.54429165,34.05161526 -109.54396065,34.05137026 -109.54342765,34.05105726 -109.54305665,34.05087726 -109.54286365,34.05079226 -109.54224665,34.05057126 -109.54162565,34.05040726 -109.54099165,34.05028426 -109.54078165,34.05025026 -109.54057765,34.05021826 -109.54036365,34.05019826 -109.53993265,34.05017526 -109.53928765,34.05015926 -109.53885665,34.05016226 -109.53863765,34.05016326 -109.53820965,34.05015526 -109.53733865,34.05016026 -109.53669665,34.05014126 -109.53647965,34.05014426 -109.53536165,34.05017426 -109.53468465,34.05020926 -109.53445665,34.05023326 -109.53423465,34.05024826 -109.53400265,34.05026726 -109.53288565,34.05039726 -109.53223165,34.05048726 -109.53201765,34.05051726 -109.53099265,34.05070126 -109.53021065,34.05085826 -109.53001665,34.05090026 -109.52863665,34.05121226 -109.52823365,34.05128126 -109.52803465,34.05132226 -109.52763365,34.05139426 -109.52622165,34.05170826 -109.52602765,34.05175026 -109.52434765,34.05211226 -109.52416865,34.05215226 -109.52280465,34.05242326 -109.52268865,34.05244526 -109.52242665,34.05251826 -109.52236365,34.05251226 -109.52230465,34.05249026 -109.52226965,34.05245526 -109.52223265,34.05234926 -109.52222365,34.05230926 -109.52209165,34.05193326 -109.52198465,34.05157426 -109.52193265,34.05144526 -109.52187865,34.05130826 -109.52162465,34.05063526 -109.52158065,34.05049726 -109.52147465,34.05009126 -109.52146565,34.04995526 -109.52144665,34.04939826 -109.52145565,34.04912226 -109.52145065,34.04885326 -109.52146265,34.04872026 -109.52150065,34.04858826 -109.52153765,34.04846326 -109.52160365,34.04834326 -109.52177765,34.04810826 -109.52188665,34.04799526 -109.52239365,34.04752726 -109.52252765,34.04741426 -109.52288165,34.04710426 -109.52298565,34.04700026 -109.52306565,34.04688326 -109.52312365,34.04674826 -109.52319865,34.04646926 -109.52321065,34.04631426 -109.52321665,34.04617426 -109.52318265,34.04588426 -109.52311365,34.04558626 -109.52301665,34.04480126 -109.52298565,34.04464226 -109.52293565,34.04431626 -109.52281565,34.04334826 -109.52278565,34.04319326 -109.52275765,34.04303526 -109.52272265,34.04272226 -109.52260465,34.04192326 -109.52255465,34.04176926 -109.52247865,34.04162426 -109.52241265,34.04146926 -109.52223565,34.04100926 -109.52209365,34.04071726 -109.52184665,34.04010926 -109.52178965,34.03997126 -109.52166065,34.03969526 -109.52122565,34.03867226 -109.52115165,34.03852726 -109.52103265,34.03823526 -109.52092565,34.03793426 -109.52085065,34.03778326 -109.52058565,34.03718326 -109.52052965,34.03703826 -109.52030765,34.03646826 -109.52000065,34.03573226 -109.51993065,34.03559226 -109.51935265,34.03430826 -109.51929465,34.03417126 -109.51924965,34.03404026 -109.51896665,34.03335026 -109.51878765,34.03294526 -109.51872765,34.03280926 -109.51845965,34.03217026 -109.51828865,34.03180626 -109.51825265,34.03172726 -109.51794065,34.03098526 -109.51790765,34.03090226 -109.51759465,34.03017626 -109.51756165,34.03007926 -109.51745765,34.02978526 -109.51739765,34.02954026 -109.51734965,34.02926026 -109.51731865,34.02896226 -109.51730165,34.02881626 -109.51726165,34.02837426 -109.51724565,34.02807126 -109.51717765,34.02747826 -109.51715865,34.02733426 -109.51708765,34.02673126 -109.51707065,34.02644526 -109.51712265,34.02599026 -109.51714565,34.02582426 -109.51727765,34.02519426 -109.51736465,34.02472226 -109.51737265,34.02456626 -109.51736365,34.02441126 -109.51733865,34.02425926 -109.51715765,34.02338826 -109.51700665,34.02299126 -109.51694965,34.02285726 -109.51678365,34.02247026 -109.51671465,34.02234526 -109.51662365,34.02222426 -109.51617265,34.02181926 -109.51606665,34.02171526 -109.51597365,34.02160326 -109.51575765,34.02125126 -109.51558465,34.02103726 -109.51547765,34.02093926 -109.51523665,34.02078426 -109.51510765,34.02071626 -109.51470965,34.02052626 -109.51446065,34.02036926 -109.51435565,34.02027926 -109.51426765,34.02017626 -109.51419265,34.02006926 -109.51413665,34.01995726 -109.51408465,34.01983926 -109.51395465,34.01948426 -109.51390065,34.01924826 -109.51388365,34.01912626 -109.51388065,34.01900126 -109.51388865,34.01887926 -109.51391365,34.01876026 -109.51394365,34.01863626 -109.51406465,34.01814326 -109.51414065,34.01777526 -109.51413865,34.01765926 -109.51411965,34.01754726 -109.51410065,34.01742526 -109.51401265,34.01692926 -109.51396565,34.01656526 -109.51393365,34.01645626 -109.51388565,34.01635226 -109.51382065,34.01625926 -109.51374665,34.01617226 -109.51365465,34.01610726 -109.51354165,34.01607026 -109.51342665,34.01605126 -109.51330365,34.01605726 -109.51292165,34.01611926 -109.51279365,34.01611226 -109.51266665,34.01607826 -109.51254965,34.01602726 -109.51245265,34.01596026 -109.51236165,34.01588126 -109.51192665,34.01534126 -109.51186065,34.01524626 -109.51173965,34.01504526 -109.51168865,34.01494126 -109.51164865,34.01483426 -109.51161965,34.01472326 -109.51154665,34.01430526 -109.51152465,34.01420526 -109.51148465,34.01410826 -109.51142465,34.01401426 -109.51135465,34.01392526 -109.51127065,34.01384626 -109.51117465,34.01377926 -109.51074565,34.01352326 -109.51063465,34.01345526 -109.50970465,34.01290026 -109.50961365,34.01284626 -109.50943265,34.01274826 -109.50924965,34.01266526 -109.50905665,34.01260626 -109.50880865,34.01255026 -109.50871965,34.01253926 -109.50854465,34.01252326 -109.50837765,34.01252126 -109.50784965,34.01255526 -109.50773865,34.01256626 -109.50681365,34.01266426 -109.50652765,34.01268026 -109.50638865,34.01268226 -109.50611265,34.01268526 -109.50572065,34.01274826 -109.50519265,34.01281526 -109.50506165,34.01283026 -109.50433865,34.01290626 -109.50371365,34.01295926 -109.50356765,34.01297326 -109.50326365,34.01299126 -109.50267365,34.01300126 -109.50225465,34.01302726 -109.50210765,34.01303726 -109.50155765,34.01309226 -109.50141565,34.01309926 -109.50114465,34.01306726 -109.50089365,34.01299026 -109.50077465,34.01293626 -109.50065865,34.01286526 -109.50044665,34.01271126 -109.49985165,34.01216726 -109.49975065,34.01208026 -109.49964765,34.01200126 -109.49952265,34.01193426 -109.49938765,34.01188626 -109.49910565,34.01181226 -109.49856665,34.01169526 -109.49843165,34.01166726 -109.49773165,34.01152126 -109.49717865,34.01138026 -109.49703265,34.01134026 -109.49674865,34.01125726 -109.49661165,34.01120626 -109.49582565,34.01082626 -109.49568165,34.01077126 -109.49553865,34.01072326 -109.49538965,34.01070926 -109.49524465,34.01071326 -109.49510365,34.01072826 -109.49438365,34.01086626 -109.49423965,34.01089126 -109.49394465,34.01093626 -109.49299265,34.01114926 -109.49285665,34.01117926 -109.49271765,34.01120226 -109.49257565,34.01118626 -109.49244565,34.01114726 -109.49232465,34.01109526 -109.49221065,34.01102926 -109.49211265,34.01094826 -109.49203765,34.01085326 -109.49198065,34.01074826 -109.49193365,34.01063626 -109.49188665,34.01052226 -109.49178665,34.01029626 -109.49172465,34.01018526 -109.49164965,34.01007426 -109.49156265,34.00997526 -109.49145765,34.00988826 -109.49133965,34.00981126 -109.49120765,34.00974726 -109.49107165,34.00970026 -109.49092965,34.00966726 -109.49048265,34.00958826 -109.49009565,34.00948326 -109.48998165,34.00942926 -109.48988465,34.00936526 -109.48979965,34.00929026 -109.48972465,34.00919826 -109.48932165,34.00868826 -109.48920165,34.00847026 -109.48915565,34.00835226 -109.48913165,34.00822726 -109.48911965,34.00810526 -109.48906165,34.00748526 -109.48898865,34.00726026 -109.48893065,34.00715026 -109.48885065,34.00705026 -109.48876565,34.00696126 -109.48866665,34.00688226 -109.48844265,34.00673126 -109.48833365,34.00666426 -109.48820565,34.00660826 -109.48807165,34.00656726 -109.48793665,34.00654026 -109.48765465,34.00650226 -109.48750765,34.00648826 -109.48683365,34.00643726 -109.48630465,34.00637126 -109.48617365,34.00636026 -109.48590565,34.00634926 -109.48567765,34.00637126 -109.48566065,34.00637826 -109.48542465,34.00639026 -109.48503565,34.00644226 -109.48490965,34.00644426 -109.48478265,34.00643526 -109.48465565,34.00641026 -109.48426765,34.00629226 -109.48375965,34.00611926 -109.48363965,34.00606726 -109.48327865,34.00589426 -109.48281365,34.00564126 -109.48256765,34.00551926 -109.48245265,34.00546326 -109.48162565,34.00507826 -109.48137465,34.00497726 -109.48124265,34.00494126 -109.48033965,34.00473826 -109.47988565,34.00465026 -109.47973965,34.00462126 -109.47945465,34.00455726 -109.47931465,34.00451126 -109.47919165,34.00445326 -109.47910865,34.00438126 -109.47903065,34.00429726 -109.47881465,34.00401726 -109.47873865,34.00391626 -109.47853165,34.00359526 -109.47845265,34.00348926 -109.47836265,34.00338926 -109.47825765,34.00329826 -109.47813865,34.00322726 -109.47801965,34.00317726 -109.47789965,34.00314426 -109.47778765,34.00312026 -109.47735765,34.00303926 -109.47714065,34.00301526 -109.47702465,34.00301126 -109.47690765,34.00302926 -109.47680365,34.00306326 -109.47670565,34.00311726 -109.47661865,34.00317826 -109.47650265,34.00332826 -109.47646465,34.00341226 -109.47644265,34.00350126 -109.47641665,34.00373826 -109.47638765,34.00381926 -109.47635765,34.00389426 -109.47632065,34.00396426 -109.47627265,34.00403026 -109.47614465,34.00414926 -109.47606465,34.00420626 -109.47589365,34.00430126 -109.47572365,34.00435226 -109.47562665,34.00436326 -109.47543565,34.00437126 -109.47524865,34.00434826 -109.47509065,34.00429726 -109.47488965,34.00419726 -109.47482665,34.00416326 -109.47435765,34.00391226 -109.47431265,34.00388726 -109.47418265,34.00381326 -109.47408465,34.00377826 -109.47399395,34.00372588 -109.47411065,34.00363026 -109.47421565,34.00355126 -109.47440565,34.00338726 -109.47455665,34.00322426 -109.47488865,34.00275026 -109.47496065,34.00264326 -109.47570065,34.00158126 -109.47578565,34.00146326 -109.47650265,34.00038426 -109.47658165,34.00026726 -109.47697365,33.99968826 -109.47714065,33.99947826 -109.47732565,33.99928226 -109.47742865,33.99919226 -109.47753965,33.99911726 -109.47792065,33.99892526 -109.47819165,33.99881226 -109.47862065,33.99865726 -109.47875865,33.99860526 -109.47919465,33.99845626 -109.47946665,33.99835226 -109.47959665,33.99832226 -109.47972665,33.99830926 -109.47984965,33.99831126 -109.47996365,33.99832826 -109.48006165,33.99835826 -109.48021465,33.99844626 -109.48031865,33.99853126 -109.48037165,33.99859826 -109.48042265,33.99868826 -109.48046765,33.99875026 -109.48054665,33.99883026 -109.48073565,33.99896726 -109.48084265,33.99902126 -109.48096265,33.99906526 -109.48109065,33.99909226 -109.48122265,33.99910026 -109.48136365,33.99909226 -109.48150965,33.99906826 -109.48165965,33.99903926 -109.48196665,33.99897226 -109.48211965,33.99892626 -109.48241565,33.99879626 -109.48254965,33.99871326 -109.48265165,33.99861126 -109.48283565,33.99839426 -109.48292265,33.99829026 -109.48351265,33.99752926 -109.48360065,33.99742626 -109.48369965,33.99733826 -109.48381265,33.99726226 -109.48468765,33.99678126 -109.48494365,33.99662926 -109.48506965,33.99654826 -109.48546465,33.99629426 -109.48559265,33.99620326 -109.48570565,33.99610326 -109.48591365,33.99588026 -109.48600565,33.99575826 -109.48608465,33.99562926 -109.48615465,33.99550126 -109.48628465,33.99525226 -109.48653065,33.99473426 -109.48676065,33.99436626 -109.48683965,33.99424426 -109.48699465,33.99400026 -109.48712665,33.99374326 -109.48721565,33.99347426 -109.48732965,33.99306326 -109.48736165,33.99292726 -109.48765765,33.99167426 -109.48769265,33.99153526 -109.48785565,33.99083426 -109.48800765,33.99027526 -109.48804765,33.99014026 -109.48826965,33.98947626 -109.48842065,33.98894026 -109.48845265,33.98880426 -109.48872665,33.98772726 -109.48875365,33.98762426 -109.48881665,33.98734226 -109.48897365,33.98677426 -109.48900365,33.98667126 -109.48919065,33.98604926 -109.48931565,33.98568826 -109.48936565,33.98555626 -109.48961665,33.98488326 -109.48983065,33.98434326 -109.48988265,33.98421026 -109.49012265,33.98354326 -109.49017865,33.98341026 -109.49031965,33.98314926 -109.49040365,33.98302826 -109.49049865,33.98291426 -109.49060665,33.98281126 -109.49072965,33.98272426 -109.49086465,33.98265026 -109.49142365,33.98238026 -109.49172565,33.98225626 -109.49187765,33.98220326 -109.49261365,33.98193326 -109.49324065,33.98175926 -109.49338965,33.98172326 -109.49427965,33.98152726 -109.49442865,33.98147226 -109.49470665,33.98133226 -109.49483865,33.98125526 -109.49495865,33.98116926 -109.49506765,33.98107526 -109.49549065,33.98067626 -109.49583765,33.98038826 -109.49595565,33.98029226 -109.49641665,33.97992426 -109.49663965,33.97972826 -109.49698165,33.97945326 -109.49710365,33.97935926 -109.49757865,33.97899126 -109.49769465,33.97889126 -109.49790265,33.97868226 -109.49808565,33.97844726 -109.49817365,33.97833026 -109.49841965,33.97799526 -109.49856665,33.97777226 -109.49890165,33.97734426 -109.49896865,33.97722826 -109.49965365,33.97619826 -109.49972765,33.97609026 -109.50012365,33.97549326 -109.50020965,33.97533626 -109.50026165,33.97527726 -109.50031465,33.97521826 -109.50037765,33.97516726 -109.50059265,33.97505826 -109.50063365,33.97500726 -109.50065365,33.97494626 -109.50064665,33.97486926 -109.50059065,33.97468626 -109.50055865,33.97458026 -109.50014665,33.97344026 -109.50009865,33.97328426 -109.50002565,33.97296426 -109.49997965,33.97264226 -109.49994765,33.97214226 -109.49994865,33.97177926 -109.49994665,33.97160226 -109.49993265,33.97125526 -109.49992665,33.97072826 -109.49990365,33.97036526 -109.49986465,33.97001526 -109.49983465,33.96984726 -109.49977065,33.96951526 -109.49961465,33.96888026 -109.49956465,33.96872526 -109.49949265,33.96840726 -109.49945065,33.96824826 -109.49916265,33.96718426 -109.49909365,33.96688226 -109.49904765,33.96672526 -109.49892865,33.96624726 -109.49889865,33.96609026 -109.49886165,33.96577626 -109.49889065,33.96545726 -109.49892665,33.96529626 -109.49897865,33.96513826 -109.49904265,33.96499226 -109.49912665,33.96485426 -109.49921765,33.96471426 -109.49941765,33.96445926 -109.49953865,33.96433526 -109.49967065,33.96423126 -109.49996265,33.96405026 -109.50011365,33.96396626 -109.50123465,33.96337426 -109.50154965,33.96319926 -109.50170665,33.96311626 -109.50314265,33.96236126 -109.50329665,33.96227326 -109.50360965,33.96209226 -109.50392265,33.96189526 -109.50451265,33.96148026 -109.50466165,33.96136426 -109.50480665,33.96126526 -109.50495565,33.96116426 -109.50508565,33.96104226 -109.50520265,33.96090826 -109.50528865,33.96077226 -109.50535765,33.96063026 -109.50540465,33.96048526 -109.50542565,33.96033326 -109.50541865,33.96018826 -109.50539465,33.96005426 -109.50535365,33.95991326 -109.50525465,33.95962926 -109.50517065,33.95951426 -109.50506365,33.95942926 -109.50464165,33.95921226 -109.50447565,33.95914926 -109.50429865,33.95911126 -109.50411765,33.95908626 -109.50392765,33.95907026 -109.50334765,33.95907726 -109.50315565,33.95905726 -109.50277865,33.95899626 -109.50261065,33.95894626 -109.50244165,33.95888226 -109.50227865,33.95881026 -109.50212365,33.95873326 -109.50121165,33.95822726 -109.50089165,33.95806226 -109.50072665,33.95797726 -109.49992065,33.95755426 -109.49921965,33.95725126 -109.49904465,33.95717826 -109.49742865,33.95657826 -109.49725465,33.95651126 -109.49614865,33.95610826 -109.49577365,33.95594026 -109.49560365,33.95583426 -109.49544865,33.95572526 -109.49529965,33.95559626 -109.49517665,33.95546926 -109.49506465,33.95533826 -109.49495965,33.95519326 -109.49486365,33.95503926 -109.49472665,33.95472726 -109.49463865,33.95439826 -109.49460465,33.95423426 -109.49430965,33.95280326 -109.49427965,33.95264726 -109.49416965,33.95216126 -109.49396065,33.95115026 -109.49392565,33.95096026 -109.49381065,33.95041226 -109.49366465,33.94987426 -109.49360665,33.94970226 -109.49353365,33.94953426 -109.49345065,33.94937426 -109.49336265,33.94921226 -109.49305365,33.94875326 -109.49293165,33.94860326 -109.49267065,33.94831926 -109.49227165,33.94792526 -109.49214065,33.94778926 -109.49188965,33.94751326 -109.49162265,33.94725126 -109.49137165,33.94697926 -109.49098765,33.94658826 -109.49086665,33.94646226 -109.49061465,33.94620826 -109.49049465,33.94607326 -109.49038765,33.94593726 -109.49029765,33.94579526 -109.49022065,33.94565426 -109.49015665,33.94550426 -109.49007165,33.94518826 -109.49005565,33.94502526 -109.49006365,33.94486526 -109.49008965,33.94470426 -109.49017665,33.94439726 -109.49025165,33.94424826 -109.49060565,33.94368726 -109.49069965,33.94355126 -109.49087265,33.94326926 -109.49094265,33.94311626 -109.49104265,33.94279726 -109.49106465,33.94263326 -109.49106565,33.94246726 -109.49104665,33.94230426 -109.49100965,33.94214126 -109.49094465,33.94198026 -109.49038165,33.94085526 -109.49032265,33.94068926 -109.49027665,33.94052426 -109.49025265,33.94035026 -109.49024165,33.94018526 -109.49025065,33.94001926 -109.49027965,33.93985626 -109.49032665,33.93968926 -109.49038765,33.93952926 -109.49047065,33.93937226 -109.49056365,33.93922026 -109.49076965,33.93892926 -109.49088265,33.93878926 -109.49108365,33.93851026 -109.49125065,33.93821326 -109.49139365,33.93791926 -109.49145965,33.93775926 -109.49157165,33.93742526 -109.49161765,33.93725626 -109.49172165,33.93672726 -109.49179265,33.93621926 -109.49182865,33.93604526 -109.49192265,33.93573126 -109.49198265,33.93556826 -109.49205465,33.93540126 -109.49211165,33.93523126 -109.49214865,33.93506626 -109.49216765,33.93489726 -109.49216165,33.93472826 -109.49209465,33.93439526 -109.49204165,33.93423026 -109.49197265,33.93406626 -109.49187765,33.93392926 -109.49176965,33.93379126 -109.49164965,33.93367226 -109.49137265,33.93344626 -109.49121965,33.93334626 -109.49106265,33.93326826 -109.49072065,33.93314126 -109.49054665,33.93308526 -109.49037465,33.93303626 -109.49004465,33.93292026 -109.48974665,33.93278226 -109.48948865,33.93260926 -109.48914165,33.93228726 -109.48902865,33.93217126 -109.48880165,33.93193526 -109.48833865,33.93148926 -109.48799865,33.93113026 -109.48787465,33.93102226 -109.48773065,33.93092426 -109.48756965,33.93084326 -109.48740765,33.93077126 -109.48723565,33.93071126 -109.48705065,33.93066126 -109.48667865,33.93059426 -109.48648965,33.93058326 -109.48630765,33.93058426 -109.48612265,33.93058426 -109.48574065,33.93058426 -109.48535965,33.93053526 -109.48517965,33.93049826 -109.48484265,33.93038826 -109.48468165,33.93031726 -109.48453965,33.93023126 -109.48440265,33.93013726 -109.48341365,33.92942426 -109.48310865,33.92923726 -109.48295565,33.92915126 -109.48279865,33.92907026 -109.48248265,33.92893626 -109.48219265,33.92883626 -109.48171565,33.92871226 -109.48161565,33.92869026 -109.48146765,33.92864226 -109.48141865,33.92861626 </coordinates>
</LineString>
</Placemark>
<Placemark>
<name>AZAT-18 South Fork</name>
<LookAt>
<longitude>-109.39002573</longitude>
<latitude>33.97969371</latitude>
<range>20263</range>
</LookAt>
<styleUrl>#Line_Forest_Service_Rd_level_2_or_higher_000000_04</styleUrl>
<ExtendedData>
<Data name="Type">
<value>Forest Service Rd level 2 or higher</value>
</Data>
<Data name="Name on GPS">
<value>AZAT18-South Fork</value>
</Data>
<Data name="Total Distance">
<value>22.0 mi</value>
</Data>
<Data name="Number of Trackpoints">
<value>474</value>
</Data>
</ExtendedData>
<LineString>
<coordinates>-109.29994187,34.03030574 -109.29993919,34.03004223 -109.30001966,34.02983678 -109.30013231,34.02969832 -109.30058024,34.02944374 -109.30109522,34.02922042 -109.30115959,34.02898817 -109.30112741,34.02845221 -109.30110595,34.02809490 -109.30099866,34.02795197 -109.30069825,34.02784478 -109.29987213,34.02788944 -109.29942152,34.02787158 -109.29890654,34.02788051 -109.29875633,34.02770185 -109.29878852,34.02748746 -109.29902456,34.02738027 -109.29951808,34.02735347 -109.29999015,34.02731774 -109.30039785,34.02708548 -109.30056951,34.02694255 -109.30110595,34.02685322 -109.30164239,34.02665670 -109.30207155,34.02644231 -109.30245778,34.02629938 -109.30262944,34.02599566 -109.30318734,34.02572766 -109.30393836,34.02547754 -109.30434606,34.02524528 -109.30483958,34.02492368 -109.30520437,34.02478075 -109.30567643,34.02444129 -109.30610559,34.02420903 -109.30655620,34.02388743 -109.30685661,34.02361943 -109.30696389,34.02327997 -109.30713556,34.02317277 -109.30752179,34.02322637 -109.30784366,34.02327997 -109.30816552,34.02315490 -109.30840156,34.02288690 -109.30861614,34.02247596 -109.30889508,34.02201142 -109.30910966,34.02176128 -109.30947444,34.02126101 -109.30977485,34.02092153 -109.30996797,34.02033191 -109.31009671,34.01997457 -109.31026838,34.01947428 -109.31022546,34.01900972 -109.31013963,34.01808060 -109.31001088,34.01709790 -109.31001088,34.01627597 -109.31086919,34.01563271 -109.31215665,34.01545403 -109.31357286,34.01541829 -109.31503198,34.01509666 -109.31576154,34.01470355 -109.31653402,34.01402455 -109.31709192,34.01320259 -109.31752107,34.01230914 -109.31825063,34.01170159 -109.31885144,34.01120126 -109.31970975,34.01055796 -109.32018182,34.00991466 -109.32035348,34.00923562 -109.32061097,34.00837787 -109.32086847,34.00752011 -109.32146928,34.00687679 -109.32189843,34.00612624 -109.32245633,34.00533994 -109.32275674,34.00448215 -109.32271383,34.00355287 -109.32305715,34.00273081 -109.32335756,34.00183725 -109.32370088,34.00101517 -109.32404420,34.00037180 -109.32421586,34.00008586 -109.32485959,33.99990714 -109.32571790,33.99979991 -109.32670495,33.99944248 -109.32743451,33.99876335 -109.32794950,33.99819144 -109.32777784,33.99711912 -109.32790658,33.99583231 -109.32880780,33.99425951 -109.32940862,33.99265094 -109.32970903,33.99168578 -109.32919404,33.99004142 -109.32936570,33.98921922 -109.32958028,33.98850426 -109.33009526,33.98711008 -109.33026693,33.98643085 -109.33078191,33.98564437 -109.33142564,33.98453613 -109.33194062,33.98389263 -109.33262727,33.98310613 -109.33339975,33.98256987 -109.33400056,33.98210511 -109.33421514,33.98121133 -109.33408639,33.98049631 -109.33352849,33.98013879 -109.33387182,33.97967402 -109.33387182,33.97870871 -109.33503053,33.97767189 -109.33571717,33.97624177 -109.33623216,33.97502615 -109.33687589,33.97338145 -109.33751962,33.97152220 -109.33797023,33.97069980 -109.33897874,33.97105738 -109.34142492,33.97162946 -109.34361360,33.97230881 -109.34554479,33.97291664 -109.34803388,33.97384626 -109.34919259,33.97484738 -109.35030839,33.97591999 -109.35120961,33.97577697 -109.35185334,33.97574122 -109.35253999,33.97549094 -109.35314080,33.97549094 -109.35369870,33.97545519 -109.35464284,33.97613451 -109.35601613,33.97624177 -109.35717485,33.97631327 -109.35803315,33.97588423 -109.35889146,33.97549094 -109.35966394,33.97531218 -109.36052224,33.97520492 -109.36159513,33.97484738 -109.36236760,33.97495464 -109.36369798,33.97584848 -109.36502836,33.97702834 -109.36640165,33.97792216 -109.36837575,33.97824393 -109.37026403,33.97849420 -109.37172315,33.97906623 -109.37236688,33.97920924 -109.37279603,33.97967402 -109.37290332,33.98010302 -109.37112233,33.98210511 -109.36957738,33.98385688 -109.36893365,33.98453613 -109.36764619,33.98703858 -109.36614415,33.98986268 -109.36528585,33.99168579 -109.36532876,33.99265094 -109.36657331,33.99465272 -109.36790368,33.99643997 -109.36919114,33.99790549 -109.37013528,33.99879909 -109.37118671,33.99969266 -109.37132485,33.99940902 -109.37151847,33.99913438 -109.37161527,33.99902100 -109.37197829,33.99886730 -109.37311575,33.99900840 -109.37524547,33.99933091 -109.37623773,33.99945185 -109.37686696,33.99955264 -109.37768981,33.99993562 -109.37851266,34.00045969 -109.37921449,34.00090314 -109.37991633,34.00126595 -109.38054557,34.00154814 -109.38110220,34.00146752 -109.38209445,34.00134658 -109.38354654,34.00108454 -109.38526483,34.00084267 -109.38659591,34.00060079 -109.38727354,34.00043953 -109.38799958,34.00011703 -109.39211381,33.99683141 -109.39269465,33.99654921 -109.39300926,33.99638795 -109.39363850,33.99638795 -109.39443714,33.99650889 -109.39499377,33.99644842 -109.39511478,33.99604527 -109.39487277,33.99517848 -109.39431614,33.99447295 -109.39395312,33.99392868 -109.39371110,33.99330377 -109.39392891,33.99281997 -109.39434034,33.99267886 -109.39470336,33.99277966 -109.39530839,33.99322314 -109.39584082,33.99378757 -109.39649426,33.99419074 -109.39736551,33.99439232 -109.39809155,33.99481564 -109.39843037,33.99550101 -109.39859977,33.99616621 -109.39901120,33.99652905 -109.39939842,33.99691204 -109.39976144,33.99775866 -109.39995505,33.99808117 -109.40363365,33.99900840 -109.40467431,33.99916965 -109.40540035,33.99923013 -109.40593278,33.99925028 -109.40634421,33.99904871 -109.40644101,33.99860526 -109.40617480,33.99820212 -109.40619900,33.99763771 -109.40632000,33.99715393 -109.40668302,33.99683141 -109.40723966,33.99648874 -109.40743327,33.99602511 -109.40728806,33.99525911 -109.40719125,33.99453343 -109.40728806,33.99356583 -109.40753007,33.99253775 -109.40786889,33.99177172 -109.40837712,33.99146934 -109.40924837,33.99148950 -109.40980500,33.99175157 -109.41041003,33.99207411 -109.41062784,33.99273934 -109.41060364,33.99356583 -109.41084566,33.99398916 -109.41149909,33.99447295 -109.41200732,33.99481564 -109.41234614,33.99507769 -109.41270916,33.99529943 -109.41336260,33.99554132 -109.41423385,33.99558164 -109.41515350,33.99552117 -109.41566173,33.99538006 -109.41563752,33.99489627 -109.41527450,33.99396900 -109.41498409,33.99334409 -109.41503249,33.99273934 -109.41520190,33.99229585 -109.41573433,33.99193300 -109.41650877,33.99191284 -109.41825127,33.99199347 -109.41975175,33.99199347 -109.42093762,33.99217490 -109.42192987,33.99225553 -109.42246230,33.99211442 -109.42321255,33.99140887 -109.42364817,33.99088474 -109.42408379,33.99070331 -109.42471303,33.99076378 -109.42604410,33.99106617 -109.42725417,33.99114680 -109.42904507,33.99076378 -109.43025514,33.99036060 -109.43173142,33.98997758 -109.43284468,33.98947360 -109.43398215,33.98872770 -109.43538582,33.98802212 -109.43623287,33.98729637 -109.43729773,33.98626821 -109.43763655,33.98576421 -109.43780596,33.98530052 -109.43770915,33.98487716 -109.43746714,33.98403042 -109.43756395,33.98298206 -109.43766075,33.98134901 -109.43804797,33.97963529 -109.43807217,33.97854656 -109.43824158,33.97737716 -109.43848360,33.97604644 -109.43850780,33.97509880 -109.43843519,33.97392936 -109.43843519,33.97298169 -109.43918544,33.97187270 -109.44017769,33.97064272 -109.44104894,33.96957403 -109.44121835,33.96911026 -109.44109734,33.96820287 -109.44080693,33.96697283 -109.44046811,33.96523865 -109.44022609,33.96423039 -109.44008089,33.96312129 -109.43976627,33.96146770 -109.43947585,33.96003590 -109.43894342,33.95824108 -109.43870141,33.95723273 -109.43826578,33.95578070 -109.43838679,33.95436897 -109.43840980,33.95281557 -109.43827412,33.95280105 -109.43787716,33.95278317 -109.43744264,33.95280999 -109.43662725,33.95289493 -109.43623028,33.95275635 -109.43573139,33.95249706 -109.43531297,33.95218413 -109.43488918,33.95168791 -109.43455658,33.95115146 -109.43444929,33.95081617 -109.43440101,33.95056135 -109.43436883,33.95025735 -109.43441174,33.95001147 -109.43448148,33.94982371 -109.43455658,33.94960465 -109.43452440,33.94939453 -109.43433128,33.94926041 -109.43416498,33.94913524 -109.43403623,33.94884465 -109.43384312,33.94839311 -109.43369291,33.94796840 -109.43357489,33.94755263 -109.43346761,33.94718156 -109.43333886,33.94675684 -109.43330667,33.94632765 -109.43340323,33.94590293 -109.43347297,33.94560339 -109.43358562,33.94545138 -109.43385384,33.94533067 -109.43404696,33.94520549 -109.43419180,33.94497300 -109.43423472,33.94474946 -109.43408988,33.94449462 -109.43394504,33.94423084 -109.43394504,33.94394471 -109.43404160,33.94375246 -109.43429909,33.94355127 -109.43454049,33.94343950 -109.43492136,33.94332772 -109.43521104,33.94326960 -109.43555973,33.94328301 -109.43596206,33.94330984 -109.43626783,33.94334114 -109.43658433,33.94331878 -109.43679891,33.94318913 -109.43687401,33.94305500 -109.43680964,33.94286275 -109.43670771,33.94262132 -109.43666480,33.94233518 -109.43668626,33.94198197 -109.43667553,33.94153040 -109.43672381,33.94123531 -109.43687401,33.94094917 -109.43711005,33.94068985 -109.43756602,33.94038581 -109.43819902,33.94000577 -109.43878911,33.93967491 -109.43912707,33.93930381 -109.43938456,33.93896400 -109.43963132,33.93865102 -109.43986736,33.93840064 -109.44014094,33.93818602 -109.44044135,33.93803847 -109.44072566,33.93796246 -109.44096170,33.93781044 -109.44104216,33.93764948 -109.44123528,33.93770760 -109.44142304,33.93769866 -109.44167517,33.93764053 -109.44200776,33.93755558 -109.44237254,33.93750640 -109.44277487,33.93759582 -109.44303236,33.93773890 -109.44315574,33.93774337 -109.44341860,33.93774337 -109.44372974,33.93781491 -109.44411061,33.93798929 -109.44452367,33.93814131 -109.44491527,33.93836934 -109.44533906,33.93857054 -109.44556437,33.93875386 -109.44584868,33.93893717 -109.44609008,33.93914732 -109.44642268,33.93933958 -109.44678746,33.93955419 -109.44707713,33.93975539 -109.44730780,33.94004154 -109.44750092,33.94043499 -109.44773696,33.94053783 -109.44801054,33.94067643 -109.44834314,33.94065855 -109.44860599,33.94064961 -109.44894395,33.94077927 -109.44927118,33.94092234 -109.44959841,33.94103859 -109.45019923,33.94117719 -109.45051573,33.94118613 -109.45106290,33.94118613 -109.45163153,33.94117272 -109.45220015,33.94113248 -109.45269368,33.94115483 -109.45302091,33.94119954 -109.45338033,33.94128002 -109.45410989,33.94148122 -109.45469997,33.94163323 -109.45526324,33.94179419 -109.45586942,33.94196855 -109.45615909,33.94213398 -109.45629320,33.94235306 -109.45632539,33.94270179 -109.45627175,33.94319807 -109.45623420,33.94398941 -109.45618592,33.94426214 -109.45656679,33.94439179 -109.45685647,33.94437391 -109.45705495,33.94420849 -109.45726416,33.94398047 -109.45736072,33.94368539 -109.45755921,33.94338137 -109.45788644,33.94304158 -109.45810101,33.94289628 -109.45823781,33.94320477 -109.45835314,33.94335902 -109.45858113,33.94357138 -109.45880912,33.94374128 -109.45899955,33.94385752 -109.45929996,33.94394917 -109.45973716,33.94401847 -109.46008317,33.94409671 -109.46042649,33.94404083 -109.46070812,33.94392682 -109.46083687,33.94368316 -109.46097366,33.94349091 -109.46108631,33.94323830 -109.46116141,33.94308853 -109.46132235,33.94299687 -109.46152619,33.94285604 -109.46184806,33.94261237 -109.46220748,33.94236870 -109.46252666,33.94213845 -109.46268491,33.94196408 -109.46277610,33.94185678 -109.46290083,33.94179083 -109.46302555,33.94170141 -109.46316368,33.94157510 -109.46330450,33.94145103 -109.46343593,33.94131802 -109.46358479,33.94116489 -109.46388788,33.94096146 -109.46415878,33.94081168 -109.46433849,33.94064848 -109.46441091,33.94055906 -109.46460135,33.94042269 -109.46473814,33.94039810 -109.46488030,33.94037128 -109.46497417,33.94034669 -109.46512438,33.94034445 -109.46526922,33.94034445 -109.46536846,33.94033104 -109.46551062,33.94024832 -109.46562863,33.94009854 -109.46578152,33.94000465 -109.46593172,33.93985263 -109.46601755,33.93962237 -109.46606821,33.93961961 -109.46600053,33.93910065 -109.46621834,33.93849551 -109.46624254,33.93799122 -109.46580692,33.93742641 -109.46602473,33.93595386 -109.46631515,33.93468301 -109.46641195,33.93401732 -109.46670237,33.93325076 -109.46728320,33.93260523 -109.46822705,33.93216143 -109.46914671,33.93197987 -109.47057458,33.93193952 -109.47202667,33.93214125 -109.47304312,33.93212108 -109.47432579,33.93181849 -109.47490663,33.93135450 -109.47570527,33.93078965 -109.47645551,33.93046688 -109.47752037,33.93028532 -109.47839162,33.93038618 -109.47904506,33.93012393 -109.47923867,33.93002306 -109.47991631,33.92976081 -109.48105377,33.92951872 -109.48129514,33.92908169 </coordinates>
</LineString>
</Placemark>
<Placemark>
<name>AZAT-16 Mamie Creek</name>
<LookAt>
<longitude>-109.10406964</longitude>
<latitude>33.89919164</latitude>
<range>16316</range>
</LookAt>
<styleUrl>#Line_Forest_Service_Rd_level_2_or_higher_000000_04</styleUrl>
<ExtendedData>
<Data name="Type">
<value>Forest Service Rd level 2 or higher</value>
</Data>
<Data name="Name on GPS">
<value>AZAT16-Mamie Creek</value>
</Data>
<Data name="Total Distance">
<value>14.9 mi</value>
</Data>
<Data name="Number of Trackpoints">
<value>195</value>
</Data>
</ExtendedData>
<LineString>
<coordinates>-109.14653850,33.84851859 -109.14393387,33.84841171 -109.14178810,33.84837590 -109.13981399,33.84805363 -109.13874111,33.84723005 -109.13753948,33.84594095 -109.13573704,33.84436536 -109.13483581,33.84397146 -109.13329086,33.84368499 -109.13196048,33.84318365 -109.13088760,33.84225260 -109.12899933,33.84085599 -109.12749729,33.83945936 -109.12565193,33.83806271 -109.12393532,33.83709579 -109.12204704,33.83659441 -109.12088833,33.83594979 -109.11942920,33.83473214 -109.11876402,33.83500075 -109.11880693,33.83671977 -109.11884985,33.83858199 -109.11846361,33.83954890 -109.11781988,33.84033675 -109.11678991,33.84083810 -109.11593160,33.84159012 -109.11460123,33.84323738 -109.11400041,33.84377452 -109.11309919,33.84395357 -109.11185465,33.84416843 -109.11099634,33.84431166 -109.10992346,33.84427585 -109.10927973,33.84434747 -109.10855016,33.84470556 -109.10786352,33.84538593 -109.10730562,33.84635276 -109.10649023,33.84735539 -109.10563192,33.84821478 -109.10481653,33.84871608 -109.10460195,33.84939642 -109.10434446,33.85036320 -109.10352907,33.85082869 -109.10176954,33.85136578 -109.09992418,33.85179546 -109.09863672,33.85229674 -109.09747801,33.85272641 -109.09704885,33.85319188 -109.09670553,33.85383638 -109.09614763,33.85494633 -109.09563265,33.85519697 -109.09344396,33.85559082 -109.09177027,33.85852673 -109.09112653,33.85943970 -109.09018240,33.85884896 -109.08932409,33.85809709 -109.08825121,33.85759584 -109.08674917,33.85691557 -109.08554754,33.85691557 -109.08486089,33.85727361 -109.08430300,33.85806129 -109.08387384,33.85899217 -109.08374510,33.85988724 -109.08387384,33.86071070 -109.08361635,33.86192796 -109.08318720,33.86242919 -109.08254347,33.86271560 -109.08189974,33.86336002 -109.08091268,33.86393284 -109.08026895,33.86400444 -109.07923898,33.86414765 -109.07850942,33.86461306 -109.07786569,33.86472046 -109.07765112,33.86504266 -109.07679281,33.86497106 -109.07567701,33.86504266 -109.07477579,33.86515006 -109.07370291,33.86543647 -109.07254419,33.86554387 -109.07160005,33.86568707 -109.07069883,33.86604507 -109.07001219,33.86618827 -109.06653604,33.86468466 -109.06542024,33.86443405 -109.06439028,33.86446985 -109.06318865,33.86461306 -109.06228742,33.86486366 -109.06211576,33.86554387 -109.06207285,33.86665367 -109.06172952,33.86794245 -109.06160078,33.86858683 -109.06241617,33.87012617 -109.06387529,33.87230984 -109.06456194,33.87395650 -109.06430444,33.87488721 -109.06460485,33.87682019 -109.06490526,33.87778666 -109.06542024,33.87918266 -109.06486234,33.88125871 -109.06499109,33.88236830 -109.06507692,33.88344209 -109.06511984,33.88444428 -109.06533441,33.88669916 -109.06533441,33.88734340 -109.06490526,33.88823817 -109.06439028,33.88895398 -109.06439028,33.89085085 -109.06481943,33.89224663 -109.06542024,33.89299819 -109.06640730,33.89417921 -109.06765184,33.89482339 -109.06868181,33.89561072 -109.06958303,33.89636225 -109.07001219,33.89714957 -109.06988344,33.89808002 -109.06949720,33.89922518 -109.06889639,33.90062082 -109.06859598,33.90151545 -109.06898222,33.90251743 -109.07091341,33.90484339 -109.07142839,33.90530858 -109.07151422,33.90584533 -109.07147131,33.90666834 -109.07121382,33.90777760 -109.07129965,33.90849324 -109.07232961,33.90917310 -109.07293043,33.90935200 -109.07417497,33.90935200 -109.07507620,33.90960248 -109.07580576,33.91028232 -109.07653532,33.91096217 -109.07782278,33.91110529 -109.07962522,33.91106951 -109.08078394,33.91099795 -109.08155641,33.91056857 -109.08155641,33.91056857 -109.08232889,33.91013920 -109.08232889,33.91013920 -109.08262930,33.91056857 -109.08280096,33.91106951 -109.08340177,33.91160622 -109.08383093,33.91250073 -109.08340177,33.91411083 -109.08215723,33.91579246 -109.08099851,33.91740250 -109.08052644,33.91915562 -109.08005438,33.92055093 -109.07983980,33.92216088 -109.07992563,33.92437898 -109.08005438,33.92688321 -109.08009729,33.92831417 -109.07996855,33.92885077 -109.07902441,33.92953047 -109.07949648,33.93085406 -109.08018312,33.93189146 -109.08009729,33.93257113 -109.07941065,33.93317925 -109.07782278,33.93425239 -109.07679281,33.93478895 -109.07632074,33.93525397 -109.07644949,33.93564745 -109.07713613,33.93579053 -109.07790861,33.93632709 -109.07872400,33.93725711 -109.07928190,33.93811558 -109.07953939,33.93886674 -109.07975397,33.93968942 -109.07928190,33.94033326 -109.07829485,33.94115593 -109.07747946,33.94190706 -109.07687864,33.94244358 -109.07687864,33.94312316 -109.07760820,33.94416041 -109.07790861,33.94473268 -109.07846651,33.94573414 -109.07872400,33.94623486 -109.07838068,33.94659252 -109.07799444,33.94680712 -109.07790861,33.94741514 -109.07769403,33.94823774 -109.07700739,33.94934645 -109.07670698,33.94981139 -109.07670698,33.95059821 -109.07700739,33.95181418 -109.07717905,33.95252945 -109.07799444,33.95295861 -109.07838068,33.95313743 -109.07846651,33.95403150 -109.07868109,33.95474676 -109.07919607,33.95539048 -109.08026895,33.95578386 -109.08091268,33.95628453 -109.08181391,33.95739314 -109.08241472,33.95828716 -109.08185682,33.95953879 -109.07953939,33.96315051 -109.07941065,33.96365113 </coordinates>
</LineString>
</Placemark>
<Placemark>
<name>AZAT-24 Maverick West</name>
<LookAt>
<longitude>-110.31198502</longitude>
<latitude>34.39606285</latitude>
<range>16594</range>
</LookAt>
<styleUrl>#Line_Forest_Service_Rd_level_2_or_higher_0dd5fc_04</styleUrl>
<ExtendedData>
<Data name="Type">
<value>Forest Service Rd level 2 or higher</value>
</Data>
<Data name="Name on GPS">
<value>AZAT24-Maverick West</value>
</Data>
<Data name="Total Distance">
<value>20.6 mi</value>
</Data>
<Data name="Number of Trackpoints">
<value>689</value>
</Data>
</ExtendedData>
<LineString>
<coordinates>-110.28026581,34.35947037 -110.28025818,34.35952377 -110.28020477,34.35972214 -110.28009796,34.36016846 -110.28009796,34.36058044 -110.28004456,34.36100388 -110.27979279,34.36140823 -110.27946472,34.36179733 -110.27909851,34.36219025 -110.27870941,34.36260605 -110.27835083,34.36303329 -110.27804565,34.36333847 -110.27797699,34.36339569 -110.27761841,34.36362457 -110.27722931,34.36395645 -110.27726746,34.36425781 -110.27731323,34.36455917 -110.27729797,34.36473083 -110.27736664,34.36502075 -110.27749634,34.36537933 -110.27719116,34.36569977 -110.27674866,34.36592484 -110.27666473,34.36631775 -110.27675629,34.36674881 -110.27648163,34.36706924 -110.27610779,34.36728287 -110.27555847,34.36727524 -110.27502441,34.36746597 -110.27462006,34.36778259 -110.27432251,34.36811066 -110.27406311,34.36854935 -110.27372742,34.36898422 -110.27330780,34.36936951 -110.27288055,34.36968613 -110.27252960,34.37005234 -110.27243805,34.37052155 -110.27220917,34.37096024 -110.27210999,34.37145233 -110.27205658,34.37197876 -110.27178955,34.37243271 -110.27136993,34.37283325 -110.27091980,34.37321854 -110.27056122,34.37363052 -110.27040863,34.37409210 -110.27005768,34.37448502 -110.26966858,34.37487030 -110.26932526,34.37530899 -110.26896667,34.37574005 -110.26862335,34.37618637 -110.26834106,34.37665176 -110.26798248,34.37710190 -110.26766205,34.37755966 -110.26749420,34.37808990 -110.26724243,34.37856674 -110.26705170,34.37907028 -110.26670837,34.37952805 -110.26637268,34.37997818 -110.26605225,34.38042068 -110.26573944,34.38084412 -110.26548767,34.38129044 -110.26525116,34.38175964 -110.26499939,34.38222122 -110.26470184,34.38270187 -110.26433563,34.38304901 -110.26383972,34.38313293 -110.26339722,34.38341522 -110.26309204,34.38381577 -110.26304626,34.38432693 -110.26300049,34.38483810 -110.26280975,34.38529968 -110.26250458,34.38571548 -110.26230621,34.38620758 -110.26238251,34.38671875 -110.26222992,34.38717270 -110.26209259,34.38768005 -110.26181030,34.38809586 -110.26128387,34.38835144 -110.26084900,34.38871002 -110.26051331,34.38915253 -110.26013184,34.38958740 -110.25955963,34.38983154 -110.25891876,34.38989258 -110.25828552,34.38997650 -110.25764465,34.39012527 -110.25720215,34.39038086 -110.25682068,34.39078522 -110.25659180,34.39129257 -110.25653839,34.39186096 -110.25655365,34.39235687 -110.25638580,34.39283752 -110.25618744,34.39331436 -110.25603485,34.39384842 -110.25566101,34.39425278 -110.25527191,34.39463043 -110.25480652,34.39494324 -110.25465393,34.39542389 -110.25437164,34.39588547 -110.25406647,34.39635849 -110.25389862,34.39686966 -110.25360107,34.39730453 -110.25331116,34.39773941 -110.25302124,34.39817429 -110.25247955,34.39843369 -110.25191498,34.39871597 -110.25144196,34.39906693 -110.25099945,34.39946365 -110.25050354,34.39984894 -110.24993134,34.40012741 -110.24947357,34.40051270 -110.24916840,34.40094757 -110.24888611,34.40141678 -110.24851990,34.40187454 -110.24800110,34.40219498 -110.24761963,34.40253830 -110.24732208,34.40272903 -110.24727631,34.40275955 -110.24704742,34.40285492 -110.24699402,34.40287018 -110.24666595,34.40296173 -110.24642944,34.40329742 -110.24635315,34.40375137 -110.24637604,34.40420151 -110.24601746,34.40457153 -110.24559784,34.40494156 -110.24536896,34.40541840 -110.24504089,34.40587997 -110.24469757,34.40633392 -110.24443054,34.40683746 -110.24434662,34.40734863 -110.24417877,34.40775681 -110.24393463,34.40820313 -110.24340820,34.40833664 -110.24302673,34.40872955 -110.24248505,34.40903473 -110.24201965,34.40940094 -110.24152374,34.40960693 -110.24141693,34.40999985 -110.24126434,34.41042709 -110.24117279,34.41090012 -110.24112701,34.41139221 -110.24095917,34.41189957 -110.24070740,34.41239166 -110.24026489,34.41275024 -110.23989105,34.41314697 -110.23961639,34.41361618 -110.23935699,34.41413879 -110.23908234,34.41464615 -110.23860931,34.41506577 -110.23826599,34.41551971 -110.23805237,34.41602707 -110.23796082,34.41657639 -110.23788452,34.41710281 -110.23752594,34.41749191 -110.23711395,34.41791534 -110.23664093,34.41828537 -110.23619080,34.41867065 -110.23573303,34.41907120 -110.23537445,34.41952896 -110.23500061,34.41998672 -110.23458099,34.42028046 -110.23445129,34.42070007 -110.23435211,34.42129898 -110.23403168,34.42176437 -110.23362732,34.42215347 -110.23329163,34.42255402 -110.23339081,34.42295456 -110.23361969,34.42337418 -110.23361206,34.42386246 -110.23367310,34.42433548 -110.23385620,34.42458344 -110.23426819,34.42447281 -110.23481750,34.42437744 -110.23532867,34.42424393 -110.23579407,34.42406464 -110.23628235,34.42382431 -110.23670959,34.42359924 -110.23723602,34.42353821 -110.23781586,34.42353821 -110.23840332,34.42337799 -110.23892212,34.42309189 -110.23937225,34.42274094 -110.23990631,34.42245865 -110.24040985,34.42215347 -110.24089050,34.42183304 -110.24138641,34.42153549 -110.24188232,34.42123795 -110.24237061,34.42092133 -110.24282074,34.42057419 -110.24336243,34.42036057 -110.24382019,34.42020416 -110.24427032,34.42010117 -110.24485016,34.42015076 -110.24539185,34.41996765 -110.24593353,34.41976929 -110.24646759,34.41957474 -110.24689484,34.41929245 -110.24741364,34.41913223 -110.24797821,34.41905212 -110.24857330,34.41891098 -110.24921417,34.41888809 -110.24983978,34.41893387 -110.25036621,34.41882324 -110.25096893,34.41879272 -110.25155640,34.41893387 -110.25216675,34.41911316 -110.25265503,34.41941071 -110.25321198,34.41964340 -110.25358582,34.42005920 -110.25400543,34.42021942 -110.25450134,34.42013550 -110.25493622,34.41990662 -110.25534058,34.41965103 -110.25588989,34.41943359 -110.25638580,34.41907120 -110.25688934,34.41866684 -110.25729370,34.41818619 -110.25761414,34.41768646 -110.25796509,34.41721344 -110.25823975,34.41669464 -110.25866699,34.41623688 -110.25921631,34.41603470 -110.25988770,34.41611481 -110.26058197,34.41605377 -110.26123047,34.41601944 -110.26190186,34.41613388 -110.26255798,34.41625595 -110.26320648,34.41637802 -110.26388550,34.41649246 -110.26460266,34.41665649 -110.26531219,34.41680145 -110.26602173,34.41690826 -110.26673126,34.41703415 -110.26746368,34.41710281 -110.26815796,34.41721344 -110.26885986,34.41729736 -110.26952362,34.41746521 -110.27012634,34.41736603 -110.27072906,34.41727066 -110.27140045,34.41728592 -110.27205658,34.41712570 -110.27254486,34.41682434 -110.27316284,34.41687393 -110.27379608,34.41693115 -110.27428436,34.41690063 -110.27484131,34.41685867 -110.27543640,34.41689301 -110.27606201,34.41688156 -110.27670288,34.41692352 -110.27735138,34.41694260 -110.27798462,34.41694641 -110.27853394,34.41693878 -110.27908325,34.41693878 -110.27967834,34.41695786 -110.28036499,34.41695786 -110.28114319,34.41696167 -110.28189087,34.41697311 -110.28263092,34.41698837 -110.28330231,34.41698837 -110.28400421,34.41698837 -110.28466034,34.41699982 -110.28516388,34.41699982 -110.28576660,34.41699982 -110.28637695,34.41699982 -110.28673553,34.41698837 -110.28690338,34.41699600 -110.28713989,34.41700745 -110.28743744,34.41712189 -110.28765106,34.41714478 -110.28796387,34.41724014 -110.28829193,34.41747284 -110.28867340,34.41768265 -110.28916931,34.41773987 -110.28970337,34.41780853 -110.29026794,34.41787338 -110.29077148,34.41795349 -110.29125977,34.41809464 -110.29177856,34.41829681 -110.29232025,34.41855240 -110.29283905,34.41884613 -110.29340363,34.41906357 -110.29389191,34.41927719 -110.29436493,34.41947174 -110.29494476,34.41952133 -110.29554749,34.41955566 -110.29612732,34.41960907 -110.29666138,34.41965103 -110.29718018,34.41975021 -110.29772949,34.41986084 -110.29830933,34.41996002 -110.29890442,34.41996765 -110.29949951,34.41992569 -110.29952320,34.41992713 -110.29954969,34.41992371 -110.29977417,34.41975784 -110.30017853,34.41950607 -110.30061340,34.41918182 -110.30107117,34.41883087 -110.30144501,34.41842651 -110.30187988,34.41813660 -110.30210114,34.41769028 -110.30229950,34.41719818 -110.30267334,34.41680527 -110.30314636,34.41655731 -110.30355835,34.41621017 -110.30380249,34.41577911 -110.30377960,34.41548157 -110.30375671,34.41540146 -110.30374908,34.41520691 -110.30399323,34.41493988 -110.30406189,34.41457748 -110.30429840,34.41429520 -110.30453491,34.41416931 -110.30461884,34.41392517 -110.30480194,34.41373062 -110.30515289,34.41349411 -110.30538940,34.41335678 -110.30544281,34.41332245 -110.30568695,34.41318512 -110.30580902,34.41318130 -110.30599976,34.41316223 -110.30613708,34.41309738 -110.30620575,34.41285706 -110.30651093,34.41274643 -110.30686951,34.41259003 -110.30720520,34.41233063 -110.30747223,34.41199493 -110.30764008,34.41167831 -110.30769348,34.41130829 -110.30780029,34.41095734 -110.30811310,34.41067123 -110.30842590,34.41035461 -110.30868530,34.41010666 -110.30870056,34.40975189 -110.30887604,34.40937805 -110.30882263,34.40896988 -110.30883026,34.40856934 -110.30878448,34.40814590 -110.30879974,34.40771484 -110.30865479,34.40732193 -110.30841827,34.40702438 -110.30799866,34.40686035 -110.30771637,34.40658569 -110.30730438,34.40630341 -110.30699921,34.40596771 -110.30701447,34.40561676 -110.30677795,34.40547943 -110.30639648,34.40534973 -110.30602264,34.40516281 -110.30567169,34.40489197 -110.30554199,34.40450287 -110.30533600,34.40414047 -110.30509949,34.40383530 -110.30513763,34.40355301 -110.30521393,34.40328217 -110.30541992,34.40305710 -110.30543518,34.40276718 -110.30547333,34.40264893 -110.30547333,34.40258408 -110.30546570,34.40240860 -110.30552673,34.40206909 -110.30578613,34.40183640 -110.30610657,34.40160751 -110.30628204,34.40128326 -110.30657196,34.40091324 -110.30690765,34.40059280 -110.30726624,34.40043259 -110.30764008,34.40051270 -110.30802155,34.40057373 -110.30836487,34.40040207 -110.30854797,34.40005875 -110.30869293,34.39969254 -110.30875397,34.39929581 -110.30867767,34.39892197 -110.30868530,34.39853668 -110.30846405,34.39817047 -110.30838013,34.39782715 -110.30813599,34.39746094 -110.30804443,34.39705276 -110.30794525,34.39670563 -110.30787659,34.39649200 -110.30794525,34.39623642 -110.30809021,34.39598465 -110.30836487,34.39579010 -110.30867004,34.39559937 -110.30897522,34.39540863 -110.30923462,34.39516449 -110.30950165,34.39494705 -110.30976868,34.39485931 -110.31010437,34.39480591 -110.31038666,34.39469910 -110.31066132,34.39460754 -110.31099701,34.39445877 -110.31131744,34.39422226 -110.31137085,34.39389038 -110.31140900,34.39352417 -110.31143188,34.39311981 -110.31134033,34.39271927 -110.31140900,34.39229965 -110.31145477,34.39186859 -110.31156158,34.39146805 -110.31170654,34.39104080 -110.31189728,34.39064789 -110.31207275,34.39023972 -110.31217194,34.38978195 -110.31227875,34.38935852 -110.31236267,34.38912582 -110.31229401,34.38878632 -110.31204987,34.38841248 -110.31190491,34.38802719 -110.31195068,34.38767624 -110.31194305,34.38734055 -110.31213379,34.38702393 -110.31221008,34.38663864 -110.31204224,34.38621521 -110.31196594,34.38583755 -110.31204224,34.38548279 -110.31203461,34.38510132 -110.31214142,34.38475037 -110.31222534,34.38439178 -110.31222534,34.38397980 -110.31238556,34.38355637 -110.31239319,34.38314438 -110.31233215,34.38276672 -110.31241608,34.38238144 -110.31233215,34.38194275 -110.31242371,34.38150787 -110.31262207,34.38117218 -110.31275940,34.38113022 -110.31293488,34.38120651 -110.31324768,34.38135910 -110.31361389,34.38159180 -110.31407166,34.38179398 -110.31450653,34.38197327 -110.31489563,34.38212204 -110.31530762,34.38230896 -110.31579590,34.38236618 -110.31626892,34.38252258 -110.31674194,34.38272095 -110.31723022,34.38291168 -110.31774139,34.38305283 -110.31824493,34.38320923 -110.31868744,34.38351440 -110.31906891,34.38386154 -110.31932068,34.38414383 -110.31957245,34.38439560 -110.31986237,34.38478088 -110.32017517,34.38516998 -110.32048798,34.38553619 -110.32082367,34.38583755 -110.32119751,34.38615799 -110.32160187,34.38649750 -110.32192230,34.38685226 -110.32217407,34.38716507 -110.32235718,34.38727951 -110.32260132,34.38739014 -110.32309723,34.38746262 -110.32363892,34.38755798 -110.32420349,34.38759995 -110.32477570,34.38760757 -110.32535553,34.38756561 -110.32580566,34.38742828 -110.32608795,34.38732147 -110.32650757,34.38733673 -110.32699585,34.38733673 -110.32754517,34.38734055 -110.32807159,34.38737488 -110.32857513,34.38759232 -110.32916260,34.38763046 -110.32972717,34.38772202 -110.33022308,34.38791656 -110.33071899,34.38788986 -110.33113861,34.38806152 -110.33144379,34.38832474 -110.33171844,34.38848114 -110.33207703,34.38861465 -110.33257294,34.38864899 -110.33307648,34.38872147 -110.33352661,34.38888931 -110.33391571,34.38913727 -110.33423615,34.38951492 -110.33435822,34.38995743 -110.33433533,34.39041519 -110.33453369,34.39073944 -110.33478546,34.39101028 -110.33499908,34.39131165 -110.33525848,34.39158630 -110.33559418,34.39187622 -110.33601379,34.39216232 -110.33646393,34.39247131 -110.33692932,34.39272690 -110.33721924,34.39313507 -110.33760071,34.39347839 -110.33792877,34.39376831 -110.33811951,34.39410400 -110.33836365,34.39455414 -110.33864594,34.39499664 -110.33882904,34.39546204 -110.33900452,34.39590836 -110.33912659,34.39638901 -110.33930206,34.39686584 -110.33949280,34.39728546 -110.33966827,34.39770508 -110.33970642,34.39805984 -110.33989716,34.39819336 -110.34027863,34.39823532 -110.34069061,34.39829636 -110.34101868,34.39827728 -110.34140778,34.39824295 -110.34184265,34.39831161 -110.34230804,34.39826202 -110.34281158,34.39816666 -110.34324646,34.39819336 -110.34363556,34.39833832 -110.34408569,34.39846420 -110.34441376,34.39877701 -110.34456635,34.39914703 -110.34465027,34.39933395 -110.34465027,34.39968491 -110.34465790,34.40019608 -110.34470367,34.40063477 -110.34473419,34.40104294 -110.34477997,34.40156937 -110.34482574,34.40207672 -110.34489441,34.40253448 -110.34500885,34.40301895 -110.34506989,34.40351105 -110.34514618,34.40391922 -110.34526062,34.40432358 -110.34538269,34.40481567 -110.34547424,34.40536499 -110.34554291,34.40591049 -110.34561157,34.40643692 -110.34568787,34.40695190 -110.34584808,34.40744781 -110.34600830,34.40795517 -110.34612274,34.40848923 -110.34631348,34.40901184 -110.34652710,34.40951920 -110.34664154,34.40999603 -110.34679413,34.41026306 -110.34694672,34.41041946 -110.34730530,34.41066742 -110.34779358,34.41085052 -110.34814453,34.41121674 -110.34855652,34.41147614 -110.34853363,34.41190338 -110.34848785,34.41230011 -110.34844208,34.41269684 -110.34818268,34.41312790 -110.34780121,34.41352844 -110.34732819,34.41383362 -110.34696960,34.41417313 -110.34659576,34.41451645 -110.34637451,34.41493225 -110.34624481,34.41534805 -110.34639740,34.41576004 -110.34668732,34.41605377 -110.34716034,34.41606903 -110.34767914,34.41613770 -110.34813690,34.41632080 -110.34857941,34.41648865 -110.34901428,34.41664505 -110.34938812,34.41682053 -110.34960938,34.41706848 -110.34974670,34.41736984 -110.34988403,34.41764069 -110.35003662,34.41788483 -110.35038757,34.41814041 -110.35079193,34.41850281 -110.35120392,34.41888046 -110.35166168,34.41922379 -110.35208893,34.41958618 -110.35240173,34.42001724 -110.35268402,34.42051697 -110.35289764,34.42107010 -110.35301971,34.42161942 -110.35343170,34.42200089 -110.35384369,34.42240906 -110.35420227,34.42288589 -110.35445404,34.42340851 -110.35475159,34.42391968 -110.35520935,34.42437363 -110.35569763,34.42475510 -110.35610199,34.42508698 -110.35662079,34.42522049 -110.35723114,34.42527008 -110.35781097,34.42539597 -110.35783327,34.42540429 -110.35801245,34.42547152 -110.35810767,34.42554042 -110.35826324,34.42561154 -110.35839199,34.42570601 -110.35851805,34.42585825 -110.35859718,34.42598383 -110.35861729,34.42612163 -110.35860791,34.42629832 -110.35859680,34.42642593 -110.35852814,34.42679214 -110.35869598,34.42693329 -110.35919189,34.42702484 -110.35975647,34.42694092 -110.36033630,34.42683411 -110.36093903,34.42676163 -110.36152649,34.42658234 -110.36212158,34.42642593 -110.36272430,34.42633820 -110.36328125,34.42607880 -110.36386108,34.42577744 -110.36434937,34.42540359 -110.36482239,34.42499924 -110.36536407,34.42471695 -110.36591339,34.42454910 -110.36647034,34.42437363 -110.36708069,34.42411423 -110.36769867,34.42389297 -110.36830902,34.42369080 -110.36857605,34.42321396 -110.36897278,34.42276001 -110.36944580,34.42236328 -110.36999512,34.42210388 -110.37059021,34.42184830 -110.37118530,34.42164230 -110.37172699,34.42152786 -110.37214661,34.42158127 -110.37245178,34.42163086 -110.37274170,34.42171860 -110.37323761,34.42177200 -110.37380219,34.42176437 -110.37432861,34.42169189 -110.37488556,34.42174530 -110.37541962,34.42182922 -110.37599182,34.42193222 -110.37657928,34.42207718 -110.37722015,34.42214966 -110.37785339,34.42219543 -110.37849426,34.42224884 -110.37914276,34.42233276 -110.37974548,34.42238998 -110.38034058,34.42246246 -110.38092804,34.42250061 -110.38146210,34.42260361 -110.38195801,34.42284775 -110.38240051,34.42313004 -110.38256073,34.42355347 -110.38249207,34.42401505 -110.38239288,34.42449951 -110.38226318,34.42494965 -110.38239288,34.42516708 -110.38255310,34.42521667 -110.38269043,34.42525864 -110.38282013,34.42530060 -110.38327026,34.42551422 -110.38380432,34.42577362 -110.38434601,34.42599487 -110.38491821,34.42610550 -110.38539124,34.42620087 -110.38571167,34.42585754 -110.38600159,34.42544937 -110.38629150,34.42505646 -110.38657379,34.42468643 -110.38687134,34.42427826 -110.38727570,34.42388916 -110.38778687,34.42362976 -110.38835907,34.42351532 -110.38895416,34.42354202 -110.38957214,34.42352676 -110.39014435,34.42352676 -110.39047241,34.42366028 -110.39058685,34.42401886 -110.39064789,34.42450714 -110.39066315,34.42497253 -110.39067841,34.42541504 -110.39067841,34.42594147 -110.39065552,34.42649460 -110.39065552,34.42707443 -110.39064026,34.42758560 -110.39063263,34.42804337 -110.39058685,34.42851257 -110.39034271,34.42894363 -110.38993835,34.42930603 -110.38951874,34.42967606 -110.38913727,34.43009567 -110.38883972,34.43053436 -110.38857269,34.43099213 -110.38821411,34.43139648 -110.38770294,34.43168640 -110.38717651,34.43196487 -110.38690948,34.43233871 -110.38701630,34.43265533 </coordinates>
</LineString>
</Placemark>
</Folder>
</Folder>
</Document>
</kml>
