<?xml version="1.0" encoding="UTF-8"?>
<gpx xmlns="http://www.topografix.com/GPX/1/1" version="1.1" creator="Arizona Alpine Trail segment export" xmlns:xsi="http://www.w3.org/2001/XMLSchema-instance" xmlns:wptx1="http://www.garmin.com/xmlschemas/WaypointExtension/v1" xmlns:gpxx="http://www.garmin.com/xmlschemas/GpxExtensions/v3" xmlns:gpxtpx="http://www.garmin.com/xmlschemas/TrackPointExtension/v2" xsi:schemaLocation="http://www.topografix.com/GPX/1/1 https://www.topografix.com/GPX/1/1/gpx.xsd">
<metadata>
<name>AZAT Segment 01 - Rye Creek</name>
<desc>Generated from arizona-alpine-trail.gpx.</desc>
<bounds minlat="34.01074800" minlon="-111.38604400" maxlat="34.21797900" maxlon="-111.27929300"/>
</metadata>
<wpt lat="34.11036337" lon="-111.27776949">
<ele>895.923</ele>
<time>2024-11-14T13:10:23.004Z</time>
<name>AZAT-Rye Creek</name>
<sym>Flag, Red</sym>
<type>Trail description</type>
<extensions>
<label xmlns="http://www.topografix.com/GPX/gpx_overlay/0/5">
<label_text>AZAT-01 Rye Creek</label_text>
<text xmlns="http://www.topografix.com/GPX/gpx_style/0/2">
<font>
<size>3.704</size>
</font>
</text>
</label>
<time xmlns="http://www.topografix.com/GPX/gpx_modified/0/1">2026-03-19T20:23:44.062Z</time>
</extensions>
</wpt>
<trk>
<name>AZAT01-Rye Creek</name>
<type>Forest Service Rd level 2 or higher</type>
<extensions>
<time xmlns="http://www.topografix.com/GPX/gpx_modified/0/1">2026-03-19T20:23:14.239Z</time>
<override_color xmlns="http://www.topografix.com/GPX/Private/TopoGrafix/0/5">000000</override_color>
<label xmlns="http://www.topografix.com/GPX/gpx_overlay/0/5">
<label_text>AZAT-01 Rye Creek</label_text>
<text xmlns="http://www.topografix.com/GPX/gpx_style/0/2">
<font>
<size>3.175</size>
</font>
</text>
</label>
<line xmlns="http://www.topografix.com/GPX/gpx_style/0/2">
<color>ff1c45</color>
<opacity>1.00</opacity>
<width>2.0420</width>
<pattern>Solid</pattern>
<extensions>
<cased xmlns="http://www.topografix.com/GPX/Private/TopoGrafix/0/5">true</cased>
</extensions>
</line>
</extensions>
<trkseg>
<trkpt lat="34.21797900" lon="-111.38604400">
<ele>1427.700</ele>
<time>2024-03-23T15:59:29Z</time>
</trkpt>
<trkpt lat="34.21795300" lon="-111.38602100">
<ele>1427.600</ele>
<time>2024-03-23T15:59:30Z</time>
</trkpt>
<trkpt lat="34.21788400" lon="-111.38588800">
<ele>1426.800</ele>
<time>2024-03-23T15:59:33Z</time>
</trkpt>
<trkpt lat="34.21785400" lon="-111.38582200">
<ele>1426.300</ele>
<time>2024-03-23T15:59:34Z</time>
</trkpt>
<trkpt lat="34.21777200" lon="-111.38568800">
<ele>1426.200</ele>
<time>2024-03-23T15:59:36Z</time>
</trkpt>
<trkpt lat="34.21772300" lon="-111.38563900">
<ele>1426.100</ele>
<time>2024-03-23T15:59:37Z</time>
</trkpt>
<trkpt lat="34.21767400" lon="-111.38560500">
<ele>1426.200</ele>
<time>2024-03-23T15:59:38Z</time>
</trkpt>
<trkpt lat="34.21762600" lon="-111.38558900">
<ele>1426.100</ele>
<time>2024-03-23T15:59:39Z</time>
</trkpt>
<trkpt lat="34.21750800" lon="-111.38556600">
<ele>1425.700</ele>
<time>2024-03-23T15:59:43Z</time>
</trkpt>
<trkpt lat="34.21748300" lon="-111.38556300">
<ele>1425.700</ele>
<time>2024-03-23T15:59:44Z</time>
</trkpt>
<trkpt lat="34.21735800" lon="-111.38556600">
<ele>1425.500</ele>
<time>2024-03-23T15:59:47Z</time>
</trkpt>
<trkpt lat="34.21731100" lon="-111.38557600">
<ele>1425.500</ele>
<time>2024-03-23T15:59:48Z</time>
</trkpt>
<trkpt lat="34.21722200" lon="-111.38561500">
<ele>1425.500</ele>
<time>2024-03-23T15:59:50Z</time>
</trkpt>
<trkpt lat="34.21709700" lon="-111.38569200">
<ele>1425.600</ele>
<time>2024-03-23T15:59:53Z</time>
</trkpt>
<trkpt lat="34.21705100" lon="-111.38571000">
<ele>1425.600</ele>
<time>2024-03-23T15:59:54Z</time>
</trkpt>
<trkpt lat="34.21692800" lon="-111.38570900">
<ele>1425.600</ele>
<time>2024-03-23T15:59:56Z</time>
</trkpt>
<trkpt lat="34.21686000" lon="-111.38569000">
<ele>1425.700</ele>
<time>2024-03-23T15:59:57Z</time>
</trkpt>
<trkpt lat="34.21674600" lon="-111.38561900">
<ele>1425.900</ele>
<time>2024-03-23T15:59:59Z</time>
</trkpt>
<trkpt lat="34.21658300" lon="-111.38547800">
<ele>1425.600</ele>
<time>2024-03-23T16:00:03Z</time>
</trkpt>
<trkpt lat="34.21655700" lon="-111.38545100">
<ele>1425.600</ele>
<time>2024-03-23T16:00:04Z</time>
</trkpt>
<trkpt lat="34.21651200" lon="-111.38538500">
<ele>1425.400</ele>
<time>2024-03-23T16:01:44Z</time>
</trkpt>
<trkpt lat="34.21641600" lon="-111.38534600">
<ele>1425.400</ele>
<time>2024-03-23T16:01:47Z</time>
</trkpt>
<trkpt lat="34.21631700" lon="-111.38532500">
<ele>1425.400</ele>
<time>2024-03-23T16:01:50Z</time>
</trkpt>
<trkpt lat="34.21628200" lon="-111.38532200">
<ele>1425.400</ele>
<time>2024-03-23T16:01:51Z</time>
</trkpt>
<trkpt lat="34.21608400" lon="-111.38531800">
<ele>1424.800</ele>
<time>2024-03-23T16:01:55Z</time>
</trkpt>
<trkpt lat="34.21592600" lon="-111.38534900">
<ele>1423.600</ele>
<time>2024-03-23T16:01:58Z</time>
</trkpt>
<trkpt lat="34.21581700" lon="-111.38540200">
<ele>1422.700</ele>
<time>2024-03-23T16:02:00Z</time>
</trkpt>
<trkpt lat="34.21576800" lon="-111.38543200">
<ele>1422.300</ele>
<time>2024-03-23T16:02:01Z</time>
</trkpt>
<trkpt lat="34.21563000" lon="-111.38552200">
<ele>1421.800</ele>
<time>2024-03-23T16:02:04Z</time>
</trkpt>
<trkpt lat="34.21559900" lon="-111.38556800">
<ele>1421.900</ele>
<time>2024-03-23T16:02:05Z</time>
</trkpt>
<trkpt lat="34.21558000" lon="-111.38562700">
<ele>1423.000</ele>
<time>2024-03-23T16:02:06Z</time>
</trkpt>
<trkpt lat="34.21552600" lon="-111.38573100">
<ele>1423.900</ele>
<time>2024-03-23T16:02:08Z</time>
</trkpt>
<trkpt lat="34.21548700" lon="-111.38575900">
<ele>1424.300</ele>
<time>2024-03-23T16:02:09Z</time>
</trkpt>
<trkpt lat="34.21540000" lon="-111.38578000">
<ele>1423.500</ele>
<time>2024-03-23T16:02:11Z</time>
</trkpt>
<trkpt lat="34.21535300" lon="-111.38577800">
<ele>1423.000</ele>
<time>2024-03-23T16:02:12Z</time>
</trkpt>
<trkpt lat="34.21514500" lon="-111.38577700">
<ele>1420.300</ele>
<time>2024-03-23T16:02:16Z</time>
</trkpt>
<trkpt lat="34.21488100" lon="-111.38574300">
<ele>1418.100</ele>
<time>2024-03-23T16:02:21Z</time>
</trkpt>
<trkpt lat="34.21483300" lon="-111.38573100">
<ele>1417.800</ele>
<time>2024-03-23T16:02:22Z</time>
</trkpt>
<trkpt lat="34.21478800" lon="-111.38570700">
<ele>1417.500</ele>
<time>2024-03-23T16:02:23Z</time>
</trkpt>
<trkpt lat="34.21462300" lon="-111.38557900">
<ele>1414.400</ele>
<time>2024-03-23T16:02:27Z</time>
</trkpt>
<trkpt lat="34.21443400" lon="-111.38547800">
<ele>1414.300</ele>
<time>2024-03-23T16:02:31Z</time>
</trkpt>
<trkpt lat="34.21437900" lon="-111.38544900">
<ele>1414.300</ele>
<time>2024-03-23T16:02:32Z</time>
</trkpt>
<trkpt lat="34.21398200" lon="-111.38519300">
<ele>1414.500</ele>
<time>2024-03-23T16:02:39Z</time>
</trkpt>
<trkpt lat="34.21393400" lon="-111.38517100">
<ele>1414.600</ele>
<time>2024-03-23T16:02:40Z</time>
</trkpt>
<trkpt lat="34.21388300" lon="-111.38517000">
<ele>1414.600</ele>
<time>2024-03-23T16:02:41Z</time>
</trkpt>
<trkpt lat="34.21383400" lon="-111.38518500">
<ele>1414.600</ele>
<time>2024-03-23T16:02:42Z</time>
</trkpt>
<trkpt lat="34.21379000" lon="-111.38519600">
<ele>1414.500</ele>
<time>2024-03-23T16:02:43Z</time>
</trkpt>
<trkpt lat="34.21374100" lon="-111.38518500">
<ele>1414.700</ele>
<time>2024-03-23T16:02:44Z</time>
</trkpt>
<trkpt lat="34.21369100" lon="-111.38515800">
<ele>1414.600</ele>
<time>2024-03-23T16:02:45Z</time>
</trkpt>
<trkpt lat="34.21350700" lon="-111.38502400">
<ele>1414.100</ele>
<time>2024-03-23T16:02:49Z</time>
</trkpt>
<trkpt lat="34.21343900" lon="-111.38495200">
<ele>1413.700</ele>
<time>2024-03-23T16:02:51Z</time>
</trkpt>
<trkpt lat="34.21340900" lon="-111.38491700">
<ele>1413.400</ele>
<time>2024-03-23T16:02:52Z</time>
</trkpt>
<trkpt lat="34.21333700" lon="-111.38486400">
<ele>1412.800</ele>
<time>2024-03-23T16:02:54Z</time>
</trkpt>
<trkpt lat="34.21323500" lon="-111.38481600">
<ele>1412.300</ele>
<time>2024-03-23T16:02:56Z</time>
</trkpt>
<trkpt lat="34.21308200" lon="-111.38479700">
<ele>1412.600</ele>
<time>2024-03-23T16:02:59Z</time>
</trkpt>
<trkpt lat="34.21298000" lon="-111.38480900">
<ele>1412.200</ele>
<time>2024-03-23T16:03:01Z</time>
</trkpt>
<trkpt lat="34.21292700" lon="-111.38481700">
<ele>1412.000</ele>
<time>2024-03-23T16:03:02Z</time>
</trkpt>
<trkpt lat="34.21281600" lon="-111.38480600">
<ele>1411.900</ele>
<time>2024-03-23T16:03:04Z</time>
</trkpt>
<trkpt lat="34.21271100" lon="-111.38476800">
<ele>1411.900</ele>
<time>2024-03-23T16:03:06Z</time>
</trkpt>
<trkpt lat="34.21262100" lon="-111.38470000">
<ele>1411.900</ele>
<time>2024-03-23T16:03:08Z</time>
</trkpt>
<trkpt lat="34.21247300" lon="-111.38448300">
<ele>1411.900</ele>
<time>2024-03-23T16:03:12Z</time>
</trkpt>
<trkpt lat="34.21244300" lon="-111.38441600">
<ele>1411.900</ele>
<time>2024-03-23T16:03:13Z</time>
</trkpt>
<trkpt lat="34.21234500" lon="-111.38416700">
<ele>1412.600</ele>
<time>2024-03-23T16:03:17Z</time>
</trkpt>
<trkpt lat="34.21225800" lon="-111.38407600">
<ele>1413.500</ele>
<time>2024-03-23T16:03:19Z</time>
</trkpt>
<trkpt lat="34.21210800" lon="-111.38395800">
<ele>1414.700</ele>
<time>2024-03-23T16:03:22Z</time>
</trkpt>
<trkpt lat="34.21205400" lon="-111.38392100">
<ele>1415.100</ele>
<time>2024-03-23T16:03:23Z</time>
</trkpt>
<trkpt lat="34.21200500" lon="-111.38389300">
<ele>1415.000</ele>
<time>2024-03-23T16:03:24Z</time>
</trkpt>
<trkpt lat="34.21195900" lon="-111.38388200">
<ele>1414.600</ele>
<time>2024-03-23T16:03:25Z</time>
</trkpt>
<trkpt lat="34.21187300" lon="-111.38387700">
<ele>1413.400</ele>
<time>2024-03-23T16:03:27Z</time>
</trkpt>
<trkpt lat="34.21168700" lon="-111.38389300">
<ele>1412.000</ele>
<time>2024-03-23T16:03:32Z</time>
</trkpt>
<trkpt lat="34.21165800" lon="-111.38388600">
<ele>1411.900</ele>
<time>2024-03-23T16:03:33Z</time>
</trkpt>
<trkpt lat="34.21146500" lon="-111.38381200">
<ele>1411.300</ele>
<time>2024-03-23T16:03:40Z</time>
</trkpt>
<trkpt lat="34.21138600" lon="-111.38377100">
<ele>1411.200</ele>
<time>2024-03-23T16:03:42Z</time>
</trkpt>
<trkpt lat="34.21135400" lon="-111.38374900">
<ele>1411.100</ele>
<time>2024-03-23T16:03:43Z</time>
</trkpt>
<trkpt lat="34.21126000" lon="-111.38363100">
<ele>1411.100</ele>
<time>2024-03-23T16:03:46Z</time>
</trkpt>
<trkpt lat="34.21123900" lon="-111.38357500">
<ele>1411.400</ele>
<time>2024-03-23T16:03:47Z</time>
</trkpt>
<trkpt lat="34.21120800" lon="-111.38343500">
<ele>1411.600</ele>
<time>2024-03-23T16:03:49Z</time>
</trkpt>
<trkpt lat="34.21118100" lon="-111.38321800">
<ele>1412.300</ele>
<time>2024-03-23T16:03:52Z</time>
</trkpt>
<trkpt lat="34.21117500" lon="-111.38315400">
<ele>1413.100</ele>
<time>2024-03-23T16:03:53Z</time>
</trkpt>
<trkpt lat="34.21115000" lon="-111.38288800">
<ele>1413.500</ele>
<time>2024-03-23T16:03:57Z</time>
</trkpt>
<trkpt lat="34.21117400" lon="-111.38253800">
<ele>1409.200</ele>
<time>2024-03-23T16:04:02Z</time>
</trkpt>
<trkpt lat="34.21117500" lon="-111.38248100">
<ele>1409.700</ele>
<time>2024-03-23T16:04:03Z</time>
</trkpt>
<trkpt lat="34.21115600" lon="-111.38242700">
<ele>1408.400</ele>
<time>2024-03-23T16:04:04Z</time>
</trkpt>
<trkpt lat="34.21112500" lon="-111.38237700">
<ele>1407.000</ele>
<time>2024-03-23T16:04:05Z</time>
</trkpt>
<trkpt lat="34.21101700" lon="-111.38227700">
<ele>1402.900</ele>
<time>2024-03-23T16:04:08Z</time>
</trkpt>
<trkpt lat="34.21093900" lon="-111.38216800">
<ele>1402.400</ele>
<time>2024-03-23T16:04:11Z</time>
</trkpt>
<trkpt lat="34.21090700" lon="-111.38213800">
<ele>1402.300</ele>
<time>2024-03-23T16:04:13Z</time>
</trkpt>
<trkpt lat="34.21089000" lon="-111.38212600">
<ele>1402.300</ele>
<time>2024-03-23T16:04:14Z</time>
</trkpt>
<trkpt lat="34.21075400" lon="-111.38204800">
<ele>1402.400</ele>
<time>2024-03-23T16:04:18Z</time>
</trkpt>
<trkpt lat="34.21053400" lon="-111.38185900">
<ele>1402.300</ele>
<time>2024-03-23T16:04:23Z</time>
</trkpt>
<trkpt lat="34.21049400" lon="-111.38182600">
<ele>1402.400</ele>
<time>2024-03-23T16:04:24Z</time>
</trkpt>
<trkpt lat="34.21045800" lon="-111.38177900">
<ele>1402.300</ele>
<time>2024-03-23T16:04:25Z</time>
</trkpt>
<trkpt lat="34.21043300" lon="-111.38171900">
<ele>1402.400</ele>
<time>2024-03-23T16:04:26Z</time>
</trkpt>
<trkpt lat="34.21034300" lon="-111.38128500">
<ele>1402.400</ele>
<time>2024-03-23T16:04:33Z</time>
</trkpt>
<trkpt lat="34.21031900" lon="-111.38122400">
<ele>1402.400</ele>
<time>2024-03-23T16:04:34Z</time>
</trkpt>
<trkpt lat="34.21029000" lon="-111.38117100">
<ele>1402.400</ele>
<time>2024-03-23T16:04:35Z</time>
</trkpt>
<trkpt lat="34.21020800" lon="-111.38110500">
<ele>1402.400</ele>
<time>2024-03-23T16:04:38Z</time>
</trkpt>
<trkpt lat="34.21008500" lon="-111.38097300">
<ele>1402.400</ele>
<time>2024-03-23T16:04:43Z</time>
</trkpt>
<trkpt lat="34.21005600" lon="-111.38094100">
<ele>1402.400</ele>
<time>2024-03-23T16:04:44Z</time>
</trkpt>
<trkpt lat="34.20993100" lon="-111.38080200">
<ele>1402.400</ele>
<time>2024-03-23T16:04:48Z</time>
</trkpt>
<trkpt lat="34.20982400" lon="-111.38066200">
<ele>1402.400</ele>
<time>2024-03-23T16:04:51Z</time>
</trkpt>
<trkpt lat="34.20974500" lon="-111.38058600">
<ele>1402.400</ele>
<time>2024-03-23T16:04:53Z</time>
</trkpt>
<trkpt lat="34.20970100" lon="-111.38055600">
<ele>1402.400</ele>
<time>2024-03-23T16:04:54Z</time>
</trkpt>
<trkpt lat="34.20961800" lon="-111.38048200">
<ele>1402.400</ele>
<time>2024-03-23T16:04:56Z</time>
</trkpt>
<trkpt lat="34.20958600" lon="-111.38042100">
<ele>1402.400</ele>
<time>2024-03-23T16:04:57Z</time>
</trkpt>
<trkpt lat="34.20956500" lon="-111.38034500">
<ele>1402.400</ele>
<time>2024-03-23T16:04:58Z</time>
</trkpt>
<trkpt lat="34.20950800" lon="-111.37997100">
<ele>1402.400</ele>
<time>2024-03-23T16:05:03Z</time>
</trkpt>
<trkpt lat="34.20949000" lon="-111.37990200">
<ele>1402.400</ele>
<time>2024-03-23T16:05:04Z</time>
</trkpt>
<trkpt lat="34.20944100" lon="-111.37976800">
<ele>1402.400</ele>
<time>2024-03-23T16:05:06Z</time>
</trkpt>
<trkpt lat="34.20942500" lon="-111.37970400">
<ele>1402.400</ele>
<time>2024-03-23T16:05:07Z</time>
</trkpt>
<trkpt lat="34.20942200" lon="-111.37963600">
<ele>1402.600</ele>
<time>2024-03-23T16:05:08Z</time>
</trkpt>
<trkpt lat="34.20943000" lon="-111.37956500">
<ele>1402.500</ele>
<time>2024-03-23T16:05:09Z</time>
</trkpt>
<trkpt lat="34.20952500" lon="-111.37924400">
<ele>1401.700</ele>
<time>2024-03-23T16:05:13Z</time>
</trkpt>
<trkpt lat="34.20953600" lon="-111.37915100">
<ele>1401.800</ele>
<time>2024-03-23T16:05:14Z</time>
</trkpt>
<trkpt lat="34.20953800" lon="-111.37897600">
<ele>1401.700</ele>
<time>2024-03-23T16:05:16Z</time>
</trkpt>
<trkpt lat="34.20954800" lon="-111.37889600">
<ele>1401.400</ele>
<time>2024-03-23T16:05:17Z</time>
</trkpt>
<trkpt lat="34.20959500" lon="-111.37874000">
<ele>1401.500</ele>
<time>2024-03-23T16:05:19Z</time>
</trkpt>
<trkpt lat="34.20963600" lon="-111.37851600">
<ele>1402.300</ele>
<time>2024-03-23T16:05:22Z</time>
</trkpt>
<trkpt lat="34.20965700" lon="-111.37845200">
<ele>1402.900</ele>
<time>2024-03-23T16:05:23Z</time>
</trkpt>
<trkpt lat="34.20968100" lon="-111.37839200">
<ele>1403.500</ele>
<time>2024-03-23T16:05:24Z</time>
</trkpt>
<trkpt lat="34.20989900" lon="-111.37806100">
<ele>1406.100</ele>
<time>2024-03-23T16:05:33Z</time>
</trkpt>
<trkpt lat="34.20991500" lon="-111.37803900">
<ele>1406.100</ele>
<time>2024-03-23T16:05:34Z</time>
</trkpt>
<trkpt lat="34.20994500" lon="-111.37796900">
<ele>1406.900</ele>
<time>2024-03-23T16:05:36Z</time>
</trkpt>
<trkpt lat="34.20994900" lon="-111.37793400">
<ele>1406.900</ele>
<time>2024-03-23T16:05:37Z</time>
</trkpt>
<trkpt lat="34.20994600" lon="-111.37789300">
<ele>1406.900</ele>
<time>2024-03-23T16:05:38Z</time>
</trkpt>
<trkpt lat="34.20988300" lon="-111.37775400">
<ele>1405.900</ele>
<time>2024-03-23T16:05:41Z</time>
</trkpt>
<trkpt lat="34.20987700" lon="-111.37769700">
<ele>1406.700</ele>
<time>2024-03-23T16:05:42Z</time>
</trkpt>
<trkpt lat="34.20988400" lon="-111.37763600">
<ele>1407.500</ele>
<time>2024-03-23T16:05:43Z</time>
</trkpt>
<trkpt lat="34.20990400" lon="-111.37757700">
<ele>1410.200</ele>
<time>2024-03-23T16:05:44Z</time>
</trkpt>
<trkpt lat="34.20993300" lon="-111.37747900">
<ele>1411.700</ele>
<time>2024-03-23T16:05:46Z</time>
</trkpt>
<trkpt lat="34.20994200" lon="-111.37738900">
<ele>1411.200</ele>
<time>2024-03-23T16:05:48Z</time>
</trkpt>
<trkpt lat="34.20992700" lon="-111.37721000">
<ele>1411.000</ele>
<time>2024-03-23T16:05:51Z</time>
</trkpt>
<trkpt lat="34.20993500" lon="-111.37709900">
<ele>1411.800</ele>
<time>2024-03-23T16:05:53Z</time>
</trkpt>
<trkpt lat="34.20995000" lon="-111.37703800">
<ele>1412.200</ele>
<time>2024-03-23T16:05:54Z</time>
</trkpt>
<trkpt lat="34.20999100" lon="-111.37690300">
<ele>1413.800</ele>
<time>2024-03-23T16:05:57Z</time>
</trkpt>
<trkpt lat="34.21000000" lon="-111.37681500">
<ele>1414.900</ele>
<time>2024-03-23T16:05:59Z</time>
</trkpt>
<trkpt lat="34.20998500" lon="-111.37672700">
<ele>1414.000</ele>
<time>2024-03-23T16:06:01Z</time>
</trkpt>
<trkpt lat="34.20994300" lon="-111.37663800">
<ele>1413.600</ele>
<time>2024-03-23T16:06:03Z</time>
</trkpt>
<trkpt lat="34.20991000" lon="-111.37659100">
<ele>1412.800</ele>
<time>2024-03-23T16:06:04Z</time>
</trkpt>
<trkpt lat="34.20966800" lon="-111.37633000">
<ele>1409.000</ele>
<time>2024-03-23T16:06:09Z</time>
</trkpt>
<trkpt lat="34.20962600" lon="-111.37627300">
<ele>1408.800</ele>
<time>2024-03-23T16:06:10Z</time>
</trkpt>
<trkpt lat="34.20959800" lon="-111.37620900">
<ele>1409.300</ele>
<time>2024-03-23T16:06:11Z</time>
</trkpt>
<trkpt lat="34.20957200" lon="-111.37606300">
<ele>1411.000</ele>
<time>2024-03-23T16:06:13Z</time>
</trkpt>
<trkpt lat="34.20957100" lon="-111.37599500">
<ele>1411.500</ele>
<time>2024-03-23T16:06:14Z</time>
</trkpt>
<trkpt lat="34.20958700" lon="-111.37581400">
<ele>1411.800</ele>
<time>2024-03-23T16:06:17Z</time>
</trkpt>
<trkpt lat="34.20961800" lon="-111.37564600">
<ele>1411.900</ele>
<time>2024-03-23T16:06:20Z</time>
</trkpt>
<trkpt lat="34.20966700" lon="-111.37546500">
<ele>1411.100</ele>
<time>2024-03-23T16:06:23Z</time>
</trkpt>
<trkpt lat="34.20968800" lon="-111.37539700">
<ele>1411.400</ele>
<time>2024-03-23T16:06:24Z</time>
</trkpt>
<trkpt lat="34.20971300" lon="-111.37532900">
<ele>1412.000</ele>
<time>2024-03-23T16:06:25Z</time>
</trkpt>
<trkpt lat="34.20977900" lon="-111.37520700">
<ele>1412.200</ele>
<time>2024-03-23T16:06:27Z</time>
</trkpt>
<trkpt lat="34.21000100" lon="-111.37490000">
<ele>1414.200</ele>
<time>2024-03-23T16:06:33Z</time>
</trkpt>
<trkpt lat="34.21004100" lon="-111.37485500">
<ele>1413.400</ele>
<time>2024-03-23T16:06:34Z</time>
</trkpt>
<trkpt lat="34.21011100" lon="-111.37476900">
<ele>1411.700</ele>
<time>2024-03-23T16:06:36Z</time>
</trkpt>
<trkpt lat="34.21026700" lon="-111.37461300">
<ele>1410.200</ele>
<time>2024-03-23T16:06:39Z</time>
</trkpt>
<trkpt lat="34.21030800" lon="-111.37455800">
<ele>1410.300</ele>
<time>2024-03-23T16:06:40Z</time>
</trkpt>
<trkpt lat="34.21038800" lon="-111.37441100">
<ele>1410.600</ele>
<time>2024-03-23T16:06:43Z</time>
</trkpt>
<trkpt lat="34.21041100" lon="-111.37436700">
<ele>1409.900</ele>
<time>2024-03-23T16:06:44Z</time>
</trkpt>
<trkpt lat="34.21048300" lon="-111.37419800">
<ele>1408.700</ele>
<time>2024-03-23T16:06:47Z</time>
</trkpt>
<trkpt lat="34.21054900" lon="-111.37409400">
<ele>1409.200</ele>
<time>2024-03-23T16:06:49Z</time>
</trkpt>
<trkpt lat="34.21063400" lon="-111.37401100">
<ele>1410.700</ele>
<time>2024-03-23T16:06:51Z</time>
</trkpt>
<trkpt lat="34.21074900" lon="-111.37394700">
<ele>1412.700</ele>
<time>2024-03-23T16:06:53Z</time>
</trkpt>
<trkpt lat="34.21081300" lon="-111.37392200">
<ele>1413.600</ele>
<time>2024-03-23T16:06:54Z</time>
</trkpt>
<trkpt lat="34.21092800" lon="-111.37388700">
<ele>1414.700</ele>
<time>2024-03-23T16:06:56Z</time>
</trkpt>
<trkpt lat="34.21115700" lon="-111.37383700">
<ele>1415.400</ele>
<time>2024-03-23T16:07:04Z</time>
</trkpt>
<trkpt lat="34.21118200" lon="-111.37383200">
<ele>1415.700</ele>
<time>2024-03-23T16:07:05Z</time>
</trkpt>
<trkpt lat="34.21140900" lon="-111.37378800">
<ele>1419.500</ele>
<time>2024-03-23T16:07:13Z</time>
</trkpt>
<trkpt lat="34.21145700" lon="-111.37376400">
<ele>1420.700</ele>
<time>2024-03-23T16:07:15Z</time>
</trkpt>
<trkpt lat="34.21148200" lon="-111.37373900">
<ele>1420.700</ele>
<time>2024-03-23T16:07:16Z</time>
</trkpt>
<trkpt lat="34.21152100" lon="-111.37365400">
<ele>1422.200</ele>
<time>2024-03-23T16:07:18Z</time>
</trkpt>
<trkpt lat="34.21154400" lon="-111.37355100">
<ele>1421.200</ele>
<time>2024-03-23T16:07:20Z</time>
</trkpt>
<trkpt lat="34.21153700" lon="-111.37344200">
<ele>1421.100</ele>
<time>2024-03-23T16:07:22Z</time>
</trkpt>
<trkpt lat="34.21149400" lon="-111.37328900">
<ele>1420.200</ele>
<time>2024-03-23T16:07:25Z</time>
</trkpt>
<trkpt lat="34.21147800" lon="-111.37324800">
<ele>1419.200</ele>
<time>2024-03-23T16:07:26Z</time>
</trkpt>
<trkpt lat="34.21139100" lon="-111.37310000">
<ele>1417.700</ele>
<time>2024-03-23T16:07:30Z</time>
</trkpt>
<trkpt lat="34.21136300" lon="-111.37301700">
<ele>1417.000</ele>
<time>2024-03-23T16:07:32Z</time>
</trkpt>
<trkpt lat="34.21136300" lon="-111.37295500">
<ele>1417.000</ele>
<time>2024-03-23T16:07:33Z</time>
</trkpt>
<trkpt lat="34.21137600" lon="-111.37289300">
<ele>1416.800</ele>
<time>2024-03-23T16:07:34Z</time>
</trkpt>
<trkpt lat="34.21140000" lon="-111.37284300">
<ele>1417.200</ele>
<time>2024-03-23T16:07:35Z</time>
</trkpt>
<trkpt lat="34.21143300" lon="-111.37280200">
<ele>1417.300</ele>
<time>2024-03-23T16:07:36Z</time>
</trkpt>
<trkpt lat="34.21150700" lon="-111.37273500">
<ele>1417.200</ele>
<time>2024-03-23T16:07:38Z</time>
</trkpt>
<trkpt lat="34.21161600" lon="-111.37257800">
<ele>1416.600</ele>
<time>2024-03-23T16:07:42Z</time>
</trkpt>
<trkpt lat="34.21165100" lon="-111.37254900">
<ele>1416.100</ele>
<time>2024-03-23T16:07:43Z</time>
</trkpt>
<trkpt lat="34.21173300" lon="-111.37251300">
<ele>1415.600</ele>
<time>2024-03-23T16:07:45Z</time>
</trkpt>
<trkpt lat="34.21176600" lon="-111.37250100">
<ele>1415.600</ele>
<time>2024-03-23T16:07:46Z</time>
</trkpt>
<trkpt lat="34.21191800" lon="-111.37245700">
<ele>1415.100</ele>
<time>2024-03-23T16:07:52Z</time>
</trkpt>
<trkpt lat="34.21200500" lon="-111.37238900">
<ele>1414.300</ele>
<time>2024-03-23T16:07:55Z</time>
</trkpt>
<trkpt lat="34.21203000" lon="-111.37236800">
<ele>1414.300</ele>
<time>2024-03-23T16:07:56Z</time>
</trkpt>
<trkpt lat="34.21205800" lon="-111.37234200">
<ele>1414.100</ele>
<time>2024-03-23T16:07:57Z</time>
</trkpt>
<trkpt lat="34.21209400" lon="-111.37226800">
<ele>1414.400</ele>
<time>2024-03-23T16:07:59Z</time>
</trkpt>
<trkpt lat="34.21213800" lon="-111.37208300">
<ele>1417.700</ele>
<time>2024-03-23T16:08:06Z</time>
</trkpt>
<trkpt lat="34.21215000" lon="-111.37202600">
<ele>1418.600</ele>
<time>2024-03-23T16:08:08Z</time>
</trkpt>
<trkpt lat="34.21222600" lon="-111.37175300">
<ele>1427.000</ele>
<time>2024-03-23T16:08:17Z</time>
</trkpt>
<trkpt lat="34.21222900" lon="-111.37171100">
<ele>1429.000</ele>
<time>2024-03-23T16:08:18Z</time>
</trkpt>
<trkpt lat="34.21225500" lon="-111.37151900">
<ele>1431.600</ele>
<time>2024-03-23T16:08:23Z</time>
</trkpt>
<trkpt lat="34.21230400" lon="-111.37139700">
<ele>1435.300</ele>
<time>2024-03-23T16:08:27Z</time>
</trkpt>
<trkpt lat="34.21231800" lon="-111.37137100">
<ele>1435.300</ele>
<time>2024-03-23T16:08:28Z</time>
</trkpt>
<trkpt lat="34.21243200" lon="-111.37109200">
<ele>1440.300</ele>
<time>2024-03-23T16:08:37Z</time>
</trkpt>
<trkpt lat="34.21245000" lon="-111.37105600">
<ele>1441.800</ele>
<time>2024-03-23T16:08:38Z</time>
</trkpt>
<trkpt lat="34.21254300" lon="-111.37082400">
<ele>1444.800</ele>
<time>2024-03-23T16:08:44Z</time>
</trkpt>
<trkpt lat="34.21259800" lon="-111.37072600">
<ele>1448.100</ele>
<time>2024-03-23T16:08:47Z</time>
</trkpt>
<trkpt lat="34.21261900" lon="-111.37069200">
<ele>1449.800</ele>
<time>2024-03-23T16:08:48Z</time>
</trkpt>
<trkpt lat="34.21265200" lon="-111.37062500">
<ele>1449.800</ele>
<time>2024-03-23T16:08:50Z</time>
</trkpt>
<trkpt lat="34.21267700" lon="-111.37052900">
<ele>1451.500</ele>
<time>2024-03-23T16:08:53Z</time>
</trkpt>
<trkpt lat="34.21268600" lon="-111.37039600">
<ele>1451.000</ele>
<time>2024-03-23T16:08:57Z</time>
</trkpt>
<trkpt lat="34.21268500" lon="-111.37035800">
<ele>1450.700</ele>
<time>2024-03-23T16:08:58Z</time>
</trkpt>
<trkpt lat="34.21268900" lon="-111.37026200">
<ele>1450.800</ele>
<time>2024-03-23T16:09:01Z</time>
</trkpt>
<trkpt lat="34.21272200" lon="-111.37019200">
<ele>1452.400</ele>
<time>2024-03-23T16:09:03Z</time>
</trkpt>
<trkpt lat="34.21278100" lon="-111.37012100">
<ele>1455.200</ele>
<time>2024-03-23T16:09:05Z</time>
</trkpt>
<trkpt lat="34.21285000" lon="-111.37006700">
<ele>1457.600</ele>
<time>2024-03-23T16:09:07Z</time>
</trkpt>
<trkpt lat="34.21288600" lon="-111.37004400">
<ele>1458.500</ele>
<time>2024-03-23T16:09:08Z</time>
</trkpt>
<trkpt lat="34.21314900" lon="-111.36986400">
<ele>1463.400</ele>
<time>2024-03-23T16:09:17Z</time>
</trkpt>
<trkpt lat="34.21318100" lon="-111.36983100">
<ele>1464.000</ele>
<time>2024-03-23T16:09:18Z</time>
</trkpt>
<trkpt lat="34.21337500" lon="-111.36960600">
<ele>1465.600</ele>
<time>2024-03-23T16:09:24Z</time>
</trkpt>
<trkpt lat="34.21349500" lon="-111.36951300">
<ele>1464.900</ele>
<time>2024-03-23T16:09:27Z</time>
</trkpt>
<trkpt lat="34.21353700" lon="-111.36948700">
<ele>1464.800</ele>
<time>2024-03-23T16:09:28Z</time>
</trkpt>
<trkpt lat="34.21363300" lon="-111.36941800">
<ele>1464.100</ele>
<time>2024-03-23T16:09:31Z</time>
</trkpt>
<trkpt lat="34.21377000" lon="-111.36924900">
<ele>1462.800</ele>
<time>2024-03-23T16:09:37Z</time>
</trkpt>
<trkpt lat="34.21379500" lon="-111.36921900">
<ele>1462.300</ele>
<time>2024-03-23T16:09:38Z</time>
</trkpt>
<trkpt lat="34.21381900" lon="-111.36918600">
<ele>1462.300</ele>
<time>2024-03-23T16:09:39Z</time>
</trkpt>
<trkpt lat="34.21384900" lon="-111.36910800">
<ele>1461.500</ele>
<time>2024-03-23T16:09:41Z</time>
</trkpt>
<trkpt lat="34.21386300" lon="-111.36894200">
<ele>1459.800</ele>
<time>2024-03-23T16:09:48Z</time>
</trkpt>
<trkpt lat="34.21386500" lon="-111.36888600">
<ele>1459.200</ele>
<time>2024-03-23T16:09:49Z</time>
</trkpt>
<trkpt lat="34.21387100" lon="-111.36881800">
<ele>1457.800</ele>
<time>2024-03-23T16:09:50Z</time>
</trkpt>
<trkpt lat="34.21394300" lon="-111.36847400">
<ele>1452.000</ele>
<time>2024-03-23T16:09:55Z</time>
</trkpt>
<trkpt lat="34.21400000" lon="-111.36826700">
<ele>1451.600</ele>
<time>2024-03-23T16:09:58Z</time>
</trkpt>
<trkpt lat="34.21401500" lon="-111.36819800">
<ele>1451.600</ele>
<time>2024-03-23T16:09:59Z</time>
</trkpt>
<trkpt lat="34.21401400" lon="-111.36805500">
<ele>1451.400</ele>
<time>2024-03-23T16:10:01Z</time>
</trkpt>
<trkpt lat="34.21398700" lon="-111.36780100">
<ele>1451.100</ele>
<time>2024-03-23T16:10:05Z</time>
</trkpt>
<trkpt lat="34.21400100" lon="-111.36761800">
<ele>1451.000</ele>
<time>2024-03-23T16:10:08Z</time>
</trkpt>
<trkpt lat="34.21401300" lon="-111.36756500">
<ele>1451.000</ele>
<time>2024-03-23T16:10:09Z</time>
</trkpt>
<trkpt lat="34.21403500" lon="-111.36744300">
<ele>1450.700</ele>
<time>2024-03-23T16:10:11Z</time>
</trkpt>
<trkpt lat="34.21401800" lon="-111.36731700">
<ele>1449.900</ele>
<time>2024-03-23T16:10:13Z</time>
</trkpt>
<trkpt lat="34.21396200" lon="-111.36712700">
<ele>1447.200</ele>
<time>2024-03-23T16:10:16Z</time>
</trkpt>
<trkpt lat="34.21393400" lon="-111.36706600">
<ele>1445.800</ele>
<time>2024-03-23T16:10:17Z</time>
</trkpt>
<trkpt lat="34.21389100" lon="-111.36701400">
<ele>1444.300</ele>
<time>2024-03-23T16:10:18Z</time>
</trkpt>
<trkpt lat="34.21385200" lon="-111.36696700">
<ele>1443.200</ele>
<time>2024-03-23T16:10:19Z</time>
</trkpt>
<trkpt lat="34.21381900" lon="-111.36691700">
<ele>1442.200</ele>
<time>2024-03-23T16:10:20Z</time>
</trkpt>
<trkpt lat="34.21376700" lon="-111.36679600">
<ele>1440.800</ele>
<time>2024-03-23T16:10:22Z</time>
</trkpt>
<trkpt lat="34.21373300" lon="-111.36665300">
<ele>1439.900</ele>
<time>2024-03-23T16:10:24Z</time>
</trkpt>
<trkpt lat="34.21374700" lon="-111.36651000">
<ele>1439.600</ele>
<time>2024-03-23T16:10:26Z</time>
</trkpt>
<trkpt lat="34.21379000" lon="-111.36639800">
<ele>1439.600</ele>
<time>2024-03-23T16:10:28Z</time>
</trkpt>
<trkpt lat="34.21381400" lon="-111.36636300">
<ele>1439.500</ele>
<time>2024-03-23T16:10:29Z</time>
</trkpt>
<trkpt lat="34.21390500" lon="-111.36626100">
<ele>1439.100</ele>
<time>2024-03-23T16:10:34Z</time>
</trkpt>
<trkpt lat="34.21391400" lon="-111.36621200">
<ele>1439.100</ele>
<time>2024-03-23T16:10:36Z</time>
</trkpt>
<trkpt lat="34.21389700" lon="-111.36617700">
<ele>1439.100</ele>
<time>2024-03-23T16:15:29Z</time>
</trkpt>
<trkpt lat="34.21389700" lon="-111.36617700">
<ele>1439.100</ele>
<time>2024-03-23T16:15:30Z</time>
</trkpt>
<trkpt lat="34.21388500" lon="-111.36616200">
<ele>1439.100</ele>
<time>2024-03-23T16:20:23Z</time>
</trkpt>
<trkpt lat="34.21384100" lon="-111.36586800">
<ele>1439.700</ele>
<time>2024-03-23T16:20:30Z</time>
</trkpt>
<trkpt lat="34.21383800" lon="-111.36582100">
<ele>1439.700</ele>
<time>2024-03-23T16:20:31Z</time>
</trkpt>
<trkpt lat="34.21380100" lon="-111.36548800">
<ele>1440.200</ele>
<time>2024-03-23T16:20:37Z</time>
</trkpt>
<trkpt lat="34.21379800" lon="-111.36530900">
<ele>1440.500</ele>
<time>2024-03-23T16:20:40Z</time>
</trkpt>
<trkpt lat="34.21379900" lon="-111.36525200">
<ele>1440.700</ele>
<time>2024-03-23T16:20:41Z</time>
</trkpt>
<trkpt lat="34.21380400" lon="-111.36481300">
<ele>1442.600</ele>
<time>2024-03-23T16:20:50Z</time>
</trkpt>
<trkpt lat="34.21380900" lon="-111.36477100">
<ele>1442.700</ele>
<time>2024-03-23T16:20:51Z</time>
</trkpt>
<trkpt lat="34.21382900" lon="-111.36453200">
<ele>1441.500</ele>
<time>2024-03-23T16:20:57Z</time>
</trkpt>
<trkpt lat="34.21383200" lon="-111.36437300">
<ele>1441.600</ele>
<time>2024-03-23T16:21:00Z</time>
</trkpt>
<trkpt lat="34.21382900" lon="-111.36431600">
<ele>1441.600</ele>
<time>2024-03-23T16:21:01Z</time>
</trkpt>
<trkpt lat="34.21379400" lon="-111.36381500">
<ele>1441.900</ele>
<time>2024-03-23T16:21:10Z</time>
</trkpt>
<trkpt lat="34.21378900" lon="-111.36375600">
<ele>1442.300</ele>
<time>2024-03-23T16:21:11Z</time>
</trkpt>
<trkpt lat="34.21376500" lon="-111.36363700">
<ele>1441.200</ele>
<time>2024-03-23T16:21:13Z</time>
</trkpt>
<trkpt lat="34.21373900" lon="-111.36357200">
<ele>1441.200</ele>
<time>2024-03-23T16:21:14Z</time>
</trkpt>
<trkpt lat="34.21362000" lon="-111.36334500">
<ele>1439.400</ele>
<time>2024-03-23T16:21:18Z</time>
</trkpt>
<trkpt lat="34.21357600" lon="-111.36324000">
<ele>1438.400</ele>
<time>2024-03-23T16:21:20Z</time>
</trkpt>
<trkpt lat="34.21356700" lon="-111.36319000">
<ele>1438.000</ele>
<time>2024-03-23T16:21:21Z</time>
</trkpt>
<trkpt lat="34.21357200" lon="-111.36307100">
<ele>1436.400</ele>
<time>2024-03-23T16:21:23Z</time>
</trkpt>
<trkpt lat="34.21361300" lon="-111.36283800">
<ele>1431.900</ele>
<time>2024-03-23T16:21:27Z</time>
</trkpt>
<trkpt lat="34.21362500" lon="-111.36267600">
<ele>1428.700</ele>
<time>2024-03-23T16:21:30Z</time>
</trkpt>
<trkpt lat="34.21362300" lon="-111.36262600">
<ele>1428.100</ele>
<time>2024-03-23T16:21:31Z</time>
</trkpt>
<trkpt lat="34.21363000" lon="-111.36253000">
<ele>1427.200</ele>
<time>2024-03-23T16:21:33Z</time>
</trkpt>
<trkpt lat="34.21362300" lon="-111.36243700">
<ele>1425.800</ele>
<time>2024-03-23T16:21:35Z</time>
</trkpt>
<trkpt lat="34.21357600" lon="-111.36229900">
<ele>1424.000</ele>
<time>2024-03-23T16:21:38Z</time>
</trkpt>
<trkpt lat="34.21356600" lon="-111.36222200">
<ele>1422.900</ele>
<time>2024-03-23T16:21:40Z</time>
</trkpt>
<trkpt lat="34.21356600" lon="-111.36222200">
<ele>1422.900</ele>
<time>2024-03-23T16:21:41Z</time>
</trkpt>
<trkpt lat="34.21355300" lon="-111.36226400">
<ele>1423.400</ele>
<time>2024-03-23T16:21:50Z</time>
</trkpt>
<trkpt lat="34.21356800" lon="-111.36233500">
<ele>1424.600</ele>
<time>2024-03-23T16:22:01Z</time>
</trkpt>
<trkpt lat="34.21359200" lon="-111.36232700">
<ele>1424.500</ele>
<time>2024-03-23T16:22:02Z</time>
</trkpt>
<trkpt lat="34.21358200" lon="-111.36228000">
<ele>1423.900</ele>
<time>2024-03-23T16:22:04Z</time>
</trkpt>
<trkpt lat="34.21357800" lon="-111.36225900">
<ele>1423.200</ele>
<time>2024-03-23T16:22:05Z</time>
</trkpt>
<trkpt lat="34.21352300" lon="-111.36208400">
<ele>1421.400</ele>
<time>2024-03-23T16:22:14Z</time>
</trkpt>
<trkpt lat="34.21351600" lon="-111.36206600">
<ele>1421.400</ele>
<time>2024-03-23T16:22:15Z</time>
</trkpt>
<trkpt lat="34.21343800" lon="-111.36183700">
<ele>1418.100</ele>
<time>2024-03-23T16:22:27Z</time>
</trkpt>
<trkpt lat="34.21342600" lon="-111.36179800">
<ele>1417.800</ele>
<time>2024-03-23T16:22:28Z</time>
</trkpt>
<trkpt lat="34.21335800" lon="-111.36161700">
<ele>1415.700</ele>
<time>2024-03-23T16:22:33Z</time>
</trkpt>
<trkpt lat="34.21333400" lon="-111.36157900">
<ele>1415.200</ele>
<time>2024-03-23T16:22:35Z</time>
</trkpt>
<trkpt lat="34.21330600" lon="-111.36155900">
<ele>1415.300</ele>
<time>2024-03-23T16:22:37Z</time>
</trkpt>
<trkpt lat="34.21330600" lon="-111.36155900">
<ele>1415.300</ele>
<time>2024-03-23T16:22:38Z</time>
</trkpt>
<trkpt lat="34.21307300" lon="-111.36144700">
<ele>1414.000</ele>
<time>2024-03-23T16:23:09Z</time>
</trkpt>
<trkpt lat="34.21305000" lon="-111.36143500">
<ele>1414.000</ele>
<time>2024-03-23T16:23:10Z</time>
</trkpt>
<trkpt lat="34.21279300" lon="-111.36127100">
<ele>1414.000</ele>
<time>2024-03-23T16:23:17Z</time>
</trkpt>
<trkpt lat="34.21272800" lon="-111.36121300">
<ele>1413.800</ele>
<time>2024-03-23T16:23:19Z</time>
</trkpt>
<trkpt lat="34.21269000" lon="-111.36118500">
<ele>1413.700</ele>
<time>2024-03-23T16:23:20Z</time>
</trkpt>
<trkpt lat="34.21262400" lon="-111.36115100">
<ele>1413.700</ele>
<time>2024-03-23T16:23:22Z</time>
</trkpt>
<trkpt lat="34.21249000" lon="-111.36113400">
<ele>1413.700</ele>
<time>2024-03-23T16:23:27Z</time>
</trkpt>
<trkpt lat="34.21244900" lon="-111.36111800">
<ele>1413.700</ele>
<time>2024-03-23T16:23:28Z</time>
</trkpt>
<trkpt lat="34.21241900" lon="-111.36108700">
<ele>1413.700</ele>
<time>2024-03-23T16:23:29Z</time>
</trkpt>
<trkpt lat="34.21239200" lon="-111.36105700">
<ele>1413.800</ele>
<time>2024-03-23T16:23:30Z</time>
</trkpt>
<trkpt lat="34.21226000" lon="-111.36096600">
<ele>1413.700</ele>
<time>2024-03-23T16:23:35Z</time>
</trkpt>
<trkpt lat="34.21213700" lon="-111.36083500">
<ele>1413.500</ele>
<time>2024-03-23T16:23:39Z</time>
</trkpt>
<trkpt lat="34.21210300" lon="-111.36080500">
<ele>1413.300</ele>
<time>2024-03-23T16:23:40Z</time>
</trkpt>
<trkpt lat="34.21199600" lon="-111.36071200">
<ele>1413.100</ele>
<time>2024-03-23T16:23:43Z</time>
</trkpt>
<trkpt lat="34.21188200" lon="-111.36057200">
<ele>1413.000</ele>
<time>2024-03-23T16:23:47Z</time>
</trkpt>
<trkpt lat="34.21180500" lon="-111.36050100">
<ele>1412.800</ele>
<time>2024-03-23T16:23:49Z</time>
</trkpt>
<trkpt lat="34.21176600" lon="-111.36046000">
<ele>1412.600</ele>
<time>2024-03-23T16:23:50Z</time>
</trkpt>
<trkpt lat="34.21164400" lon="-111.36032900">
<ele>1412.600</ele>
<time>2024-03-23T16:23:53Z</time>
</trkpt>
<trkpt lat="34.21159100" lon="-111.36022900">
<ele>1412.700</ele>
<time>2024-03-23T16:23:55Z</time>
</trkpt>
<trkpt lat="34.21153400" lon="-111.36006000">
<ele>1413.400</ele>
<time>2024-03-23T16:23:59Z</time>
</trkpt>
<trkpt lat="34.21152700" lon="-111.36003400">
<ele>1413.700</ele>
<time>2024-03-23T16:24:00Z</time>
</trkpt>
<trkpt lat="34.21149400" lon="-111.35997800">
<ele>1413.900</ele>
<time>2024-03-23T16:24:04Z</time>
</trkpt>
<trkpt lat="34.21145400" lon="-111.35994200">
<ele>1414.100</ele>
<time>2024-03-23T16:24:06Z</time>
</trkpt>
<trkpt lat="34.21138500" lon="-111.35994200">
<ele>1414.000</ele>
<time>2024-03-23T16:24:10Z</time>
</trkpt>
<trkpt lat="34.21135400" lon="-111.35994000">
<ele>1414.000</ele>
<time>2024-03-23T16:24:11Z</time>
</trkpt>
<trkpt lat="34.21122600" lon="-111.35992100">
<ele>1414.400</ele>
<time>2024-03-23T16:24:15Z</time>
</trkpt>
<trkpt lat="34.21109700" lon="-111.35987500">
<ele>1414.500</ele>
<time>2024-03-23T16:24:20Z</time>
</trkpt>
<trkpt lat="34.21107100" lon="-111.35985900">
<ele>1414.600</ele>
<time>2024-03-23T16:24:21Z</time>
</trkpt>
<trkpt lat="34.21101800" lon="-111.35981600">
<ele>1414.900</ele>
<time>2024-03-23T16:24:23Z</time>
</trkpt>
<trkpt lat="34.21097500" lon="-111.35974600">
<ele>1415.100</ele>
<time>2024-03-23T16:24:25Z</time>
</trkpt>
<trkpt lat="34.21090500" lon="-111.35954400">
<ele>1415.000</ele>
<time>2024-03-23T16:24:30Z</time>
</trkpt>
<trkpt lat="34.21089200" lon="-111.35949700">
<ele>1415.100</ele>
<time>2024-03-23T16:24:31Z</time>
</trkpt>
<trkpt lat="34.21082000" lon="-111.35915400">
<ele>1415.800</ele>
<time>2024-03-23T16:24:38Z</time>
</trkpt>
<trkpt lat="34.21079000" lon="-111.35905200">
<ele>1416.600</ele>
<time>2024-03-23T16:24:40Z</time>
</trkpt>
<trkpt lat="34.21077100" lon="-111.35900000">
<ele>1416.900</ele>
<time>2024-03-23T16:24:41Z</time>
</trkpt>
<trkpt lat="34.21069400" lon="-111.35881200">
<ele>1418.200</ele>
<time>2024-03-23T16:24:45Z</time>
</trkpt>
<trkpt lat="34.21058200" lon="-111.35859900">
<ele>1419.900</ele>
<time>2024-03-23T16:24:50Z</time>
</trkpt>
<trkpt lat="34.21055800" lon="-111.35855300">
<ele>1420.000</ele>
<time>2024-03-23T16:24:51Z</time>
</trkpt>
<trkpt lat="34.21047800" lon="-111.35836900">
<ele>1421.000</ele>
<time>2024-03-23T16:24:55Z</time>
</trkpt>
<trkpt lat="34.21044000" lon="-111.35811400">
<ele>1422.600</ele>
<time>2024-03-23T16:25:00Z</time>
</trkpt>
<trkpt lat="34.21043400" lon="-111.35805800">
<ele>1423.400</ele>
<time>2024-03-23T16:25:01Z</time>
</trkpt>
<trkpt lat="34.21038600" lon="-111.35772100">
<ele>1425.400</ele>
<time>2024-03-23T16:25:07Z</time>
</trkpt>
<trkpt lat="34.21035200" lon="-111.35754600">
<ele>1425.800</ele>
<time>2024-03-23T16:25:10Z</time>
</trkpt>
<trkpt lat="34.21033500" lon="-111.35749000">
<ele>1425.700</ele>
<time>2024-03-23T16:25:11Z</time>
</trkpt>
<trkpt lat="34.21028700" lon="-111.35734400">
<ele>1426.000</ele>
<time>2024-03-23T16:25:14Z</time>
</trkpt>
<trkpt lat="34.21012800" lon="-111.35710200">
<ele>1426.700</ele>
<time>2024-03-23T16:25:20Z</time>
</trkpt>
<trkpt lat="34.21010400" lon="-111.35706300">
<ele>1426.800</ele>
<time>2024-03-23T16:25:21Z</time>
</trkpt>
<trkpt lat="34.20999100" lon="-111.35687500">
<ele>1426.800</ele>
<time>2024-03-23T16:25:26Z</time>
</trkpt>
<trkpt lat="34.20988200" lon="-111.35672700">
<ele>1427.200</ele>
<time>2024-03-23T16:25:30Z</time>
</trkpt>
<trkpt lat="34.20985700" lon="-111.35668700">
<ele>1427.500</ele>
<time>2024-03-23T16:25:31Z</time>
</trkpt>
<trkpt lat="34.20973000" lon="-111.35647400">
<ele>1428.700</ele>
<time>2024-03-23T16:25:36Z</time>
</trkpt>
<trkpt lat="34.20969600" lon="-111.35643300">
<ele>1428.900</ele>
<time>2024-03-23T16:25:37Z</time>
</trkpt>
<trkpt lat="34.20963200" lon="-111.35638400">
<ele>1428.900</ele>
<time>2024-03-23T16:25:41Z</time>
</trkpt>
<trkpt lat="34.20961700" lon="-111.35637300">
<ele>1428.900</ele>
<time>2024-03-23T16:25:42Z</time>
</trkpt>
<trkpt lat="34.20953100" lon="-111.35633300">
<ele>1429.200</ele>
<time>2024-03-23T16:25:45Z</time>
</trkpt>
<trkpt lat="34.20935000" lon="-111.35629500">
<ele>1429.600</ele>
<time>2024-03-23T16:25:49Z</time>
</trkpt>
<trkpt lat="34.20925900" lon="-111.35622900">
<ele>1430.400</ele>
<time>2024-03-23T16:25:51Z</time>
</trkpt>
<trkpt lat="34.20922400" lon="-111.35618900">
<ele>1431.300</ele>
<time>2024-03-23T16:25:52Z</time>
</trkpt>
<trkpt lat="34.20912600" lon="-111.35606700">
<ele>1433.600</ele>
<time>2024-03-23T16:25:56Z</time>
</trkpt>
<trkpt lat="34.20897700" lon="-111.35591200">
<ele>1435.400</ele>
<time>2024-03-23T16:26:01Z</time>
</trkpt>
<trkpt lat="34.20895400" lon="-111.35586200">
<ele>1435.200</ele>
<time>2024-03-23T16:26:02Z</time>
</trkpt>
<trkpt lat="34.20889800" lon="-111.35563000">
<ele>1436.800</ele>
<time>2024-03-23T16:26:06Z</time>
</trkpt>
<trkpt lat="34.20887700" lon="-111.35557800">
<ele>1436.300</ele>
<time>2024-03-23T16:26:07Z</time>
</trkpt>
<trkpt lat="34.20873400" lon="-111.35546400">
<ele>1435.700</ele>
<time>2024-03-23T16:26:11Z</time>
</trkpt>
<trkpt lat="34.20869900" lon="-111.35543700">
<ele>1436.400</ele>
<time>2024-03-23T16:26:12Z</time>
</trkpt>
<trkpt lat="34.20859900" lon="-111.35536800">
<ele>1435.600</ele>
<time>2024-03-23T16:26:14Z</time>
</trkpt>
<trkpt lat="34.20835500" lon="-111.35524200">
<ele>1439.400</ele>
<time>2024-03-23T16:26:19Z</time>
</trkpt>
<trkpt lat="34.20828800" lon="-111.35516200">
<ele>1440.300</ele>
<time>2024-03-23T16:26:21Z</time>
</trkpt>
<trkpt lat="34.20826500" lon="-111.35511900">
<ele>1440.700</ele>
<time>2024-03-23T16:26:22Z</time>
</trkpt>
<trkpt lat="34.20818900" lon="-111.35491200">
<ele>1441.500</ele>
<time>2024-03-23T16:26:26Z</time>
</trkpt>
<trkpt lat="34.20813900" lon="-111.35481300">
<ele>1441.200</ele>
<time>2024-03-23T16:26:29Z</time>
</trkpt>
<trkpt lat="34.20809100" lon="-111.35475300">
<ele>1441.400</ele>
<time>2024-03-23T16:26:31Z</time>
</trkpt>
<trkpt lat="34.20806900" lon="-111.35472600">
<ele>1440.900</ele>
<time>2024-03-23T16:26:32Z</time>
</trkpt>
<trkpt lat="34.20801700" lon="-111.35461900">
<ele>1441.400</ele>
<time>2024-03-23T16:26:35Z</time>
</trkpt>
<trkpt lat="34.20798300" lon="-111.35451600">
<ele>1441.200</ele>
<time>2024-03-23T16:26:37Z</time>
</trkpt>
<trkpt lat="34.20798000" lon="-111.35445300">
<ele>1441.100</ele>
<time>2024-03-23T16:26:38Z</time>
</trkpt>
<trkpt lat="34.20801600" lon="-111.35429000">
<ele>1441.100</ele>
<time>2024-03-23T16:26:41Z</time>
</trkpt>
<trkpt lat="34.20801600" lon="-111.35424500">
<ele>1440.700</ele>
<time>2024-03-23T16:26:42Z</time>
</trkpt>
<trkpt lat="34.20798500" lon="-111.35412600">
<ele>1439.700</ele>
<time>2024-03-23T16:26:45Z</time>
</trkpt>
<trkpt lat="34.20792300" lon="-111.35402500">
<ele>1440.000</ele>
<time>2024-03-23T16:26:48Z</time>
</trkpt>
<trkpt lat="34.20786400" lon="-111.35390100">
<ele>1442.200</ele>
<time>2024-03-23T16:26:51Z</time>
</trkpt>
<trkpt lat="34.20783700" lon="-111.35385600">
<ele>1442.200</ele>
<time>2024-03-23T16:26:52Z</time>
</trkpt>
<trkpt lat="34.20774600" lon="-111.35374900">
<ele>1440.800</ele>
<time>2024-03-23T16:26:55Z</time>
</trkpt>
<trkpt lat="34.20758100" lon="-111.35361600">
<ele>1438.900</ele>
<time>2024-03-23T16:27:01Z</time>
</trkpt>
<trkpt lat="34.20755300" lon="-111.35359300">
<ele>1438.700</ele>
<time>2024-03-23T16:27:02Z</time>
</trkpt>
<trkpt lat="34.20749900" lon="-111.35354100">
<ele>1437.800</ele>
<time>2024-03-23T16:27:04Z</time>
</trkpt>
<trkpt lat="34.20745200" lon="-111.35347200">
<ele>1438.600</ele>
<time>2024-03-23T16:27:06Z</time>
</trkpt>
<trkpt lat="34.20738800" lon="-111.35321600">
<ele>1439.600</ele>
<time>2024-03-23T16:27:12Z</time>
</trkpt>
<trkpt lat="34.20737600" lon="-111.35316900">
<ele>1439.600</ele>
<time>2024-03-23T16:27:13Z</time>
</trkpt>
<trkpt lat="34.20735500" lon="-111.35307600">
<ele>1438.900</ele>
<time>2024-03-23T16:27:15Z</time>
</trkpt>
<trkpt lat="34.20733000" lon="-111.35301400">
<ele>1438.600</ele>
<time>2024-03-23T16:27:17Z</time>
</trkpt>
<trkpt lat="34.20725400" lon="-111.35295300">
<ele>1438.400</ele>
<time>2024-03-23T16:27:20Z</time>
</trkpt>
<trkpt lat="34.20718100" lon="-111.35293200">
<ele>1437.800</ele>
<time>2024-03-23T16:27:22Z</time>
</trkpt>
<trkpt lat="34.20714400" lon="-111.35292400">
<ele>1437.500</ele>
<time>2024-03-23T16:27:23Z</time>
</trkpt>
<trkpt lat="34.20706500" lon="-111.35290600">
<ele>1437.000</ele>
<time>2024-03-23T16:27:25Z</time>
</trkpt>
<trkpt lat="34.20695200" lon="-111.35290900">
<ele>1435.600</ele>
<time>2024-03-23T16:27:28Z</time>
</trkpt>
<trkpt lat="34.20686700" lon="-111.35288400">
<ele>1434.300</ele>
<time>2024-03-23T16:27:30Z</time>
</trkpt>
<trkpt lat="34.20678900" lon="-111.35284000">
<ele>1433.600</ele>
<time>2024-03-23T16:27:32Z</time>
</trkpt>
<trkpt lat="34.20674700" lon="-111.35280500">
<ele>1433.000</ele>
<time>2024-03-23T16:27:33Z</time>
</trkpt>
<trkpt lat="34.20671400" lon="-111.35276500">
<ele>1432.300</ele>
<time>2024-03-23T16:27:34Z</time>
</trkpt>
<trkpt lat="34.20667100" lon="-111.35263700">
<ele>1430.600</ele>
<time>2024-03-23T16:27:37Z</time>
</trkpt>
<trkpt lat="34.20666000" lon="-111.35260300">
<ele>1430.200</ele>
<time>2024-03-23T16:27:38Z</time>
</trkpt>
<trkpt lat="34.20665900" lon="-111.35252400">
<ele>1429.500</ele>
<time>2024-03-23T16:27:42Z</time>
</trkpt>
<trkpt lat="34.20666300" lon="-111.35250400">
<ele>1429.500</ele>
<time>2024-03-23T16:27:43Z</time>
</trkpt>
<trkpt lat="34.20666100" lon="-111.35239600">
<ele>1428.900</ele>
<time>2024-03-23T16:27:48Z</time>
</trkpt>
<trkpt lat="34.20663500" lon="-111.35230000">
<ele>1428.000</ele>
<time>2024-03-23T16:27:53Z</time>
</trkpt>
<trkpt lat="34.20663200" lon="-111.35228200">
<ele>1428.000</ele>
<time>2024-03-23T16:27:54Z</time>
</trkpt>
<trkpt lat="34.20659400" lon="-111.35217800">
<ele>1427.400</ele>
<time>2024-03-23T16:28:33Z</time>
</trkpt>
<trkpt lat="34.20657200" lon="-111.35207100">
<ele>1427.100</ele>
<time>2024-03-23T16:28:37Z</time>
</trkpt>
<trkpt lat="34.20656500" lon="-111.35203700">
<ele>1427.000</ele>
<time>2024-03-23T16:28:38Z</time>
</trkpt>
<trkpt lat="34.20651000" lon="-111.35177000">
<ele>1426.500</ele>
<time>2024-03-23T16:28:47Z</time>
</trkpt>
<trkpt lat="34.20649900" lon="-111.35175000">
<ele>1426.500</ele>
<time>2024-03-23T16:28:48Z</time>
</trkpt>
<trkpt lat="34.20645800" lon="-111.35171700">
<ele>1426.500</ele>
<time>2024-03-23T16:28:50Z</time>
</trkpt>
<trkpt lat="34.20641700" lon="-111.35170000">
<ele>1426.500</ele>
<time>2024-03-23T16:28:52Z</time>
</trkpt>
<trkpt lat="34.20632600" lon="-111.35170700">
<ele>1426.600</ele>
<time>2024-03-23T16:28:57Z</time>
</trkpt>
<trkpt lat="34.20630300" lon="-111.35171200">
<ele>1426.600</ele>
<time>2024-03-23T16:28:58Z</time>
</trkpt>
<trkpt lat="34.20610000" lon="-111.35178800">
<ele>1427.000</ele>
<time>2024-03-23T16:29:08Z</time>
</trkpt>
<trkpt lat="34.20606600" lon="-111.35179100">
<ele>1427.000</ele>
<time>2024-03-23T16:29:09Z</time>
</trkpt>
<trkpt lat="34.20598800" lon="-111.35177400">
<ele>1427.100</ele>
<time>2024-03-23T16:29:11Z</time>
</trkpt>
<trkpt lat="34.20584500" lon="-111.35169100">
<ele>1426.700</ele>
<time>2024-03-23T16:29:15Z</time>
</trkpt>
<trkpt lat="34.20575700" lon="-111.35167800">
<ele>1426.600</ele>
<time>2024-03-23T16:29:18Z</time>
</trkpt>
<trkpt lat="34.20572500" lon="-111.35168300">
<ele>1426.600</ele>
<time>2024-03-23T16:29:19Z</time>
</trkpt>
<trkpt lat="34.20569500" lon="-111.35169100">
<ele>1426.700</ele>
<time>2024-03-23T16:29:20Z</time>
</trkpt>
<trkpt lat="34.20558600" lon="-111.35176200">
<ele>1426.900</ele>
<time>2024-03-23T16:29:24Z</time>
</trkpt>
<trkpt lat="34.20551400" lon="-111.35177300">
<ele>1427.100</ele>
<time>2024-03-23T16:29:26Z</time>
</trkpt>
<trkpt lat="34.20543000" lon="-111.35174600">
<ele>1427.100</ele>
<time>2024-03-23T16:29:28Z</time>
</trkpt>
<trkpt lat="34.20539600" lon="-111.35171300">
<ele>1426.900</ele>
<time>2024-03-23T16:29:29Z</time>
</trkpt>
<trkpt lat="34.20516800" lon="-111.35145400">
<ele>1427.800</ele>
<time>2024-03-23T16:29:38Z</time>
</trkpt>
<trkpt lat="34.20514600" lon="-111.35143000">
<ele>1427.700</ele>
<time>2024-03-23T16:29:39Z</time>
</trkpt>
<trkpt lat="34.20506100" lon="-111.35135700">
<ele>1428.200</ele>
<time>2024-03-23T16:29:43Z</time>
</trkpt>
<trkpt lat="34.20501800" lon="-111.35130600">
<ele>1428.400</ele>
<time>2024-03-23T16:29:45Z</time>
</trkpt>
<trkpt lat="34.20499600" lon="-111.35126700">
<ele>1428.800</ele>
<time>2024-03-23T16:29:46Z</time>
</trkpt>
<trkpt lat="34.20497800" lon="-111.35116600">
<ele>1429.500</ele>
<time>2024-03-23T16:29:48Z</time>
</trkpt>
<trkpt lat="34.20497500" lon="-111.35111500">
<ele>1430.000</ele>
<time>2024-03-23T16:29:49Z</time>
</trkpt>
<trkpt lat="34.20499800" lon="-111.35080100">
<ele>1436.700</ele>
<time>2024-03-23T16:29:58Z</time>
</trkpt>
<trkpt lat="34.20499900" lon="-111.35076800">
<ele>1437.400</ele>
<time>2024-03-23T16:29:59Z</time>
</trkpt>
<trkpt lat="34.20499900" lon="-111.35069000">
<ele>1438.000</ele>
<time>2024-03-23T16:30:01Z</time>
</trkpt>
<trkpt lat="34.20498500" lon="-111.35066200">
<ele>1438.100</ele>
<time>2024-03-23T16:30:02Z</time>
</trkpt>
<trkpt lat="34.20496000" lon="-111.35065100">
<ele>1438.100</ele>
<time>2024-03-23T16:30:03Z</time>
</trkpt>
<trkpt lat="34.20484300" lon="-111.35064200">
<ele>1437.300</ele>
<time>2024-03-23T16:30:06Z</time>
</trkpt>
<trkpt lat="34.20472400" lon="-111.35066900">
<ele>1436.900</ele>
<time>2024-03-23T16:30:09Z</time>
</trkpt>
<trkpt lat="34.20468400" lon="-111.35068000">
<ele>1436.900</ele>
<time>2024-03-23T16:30:10Z</time>
</trkpt>
<trkpt lat="34.20456300" lon="-111.35069500">
<ele>1435.400</ele>
<time>2024-03-23T16:30:13Z</time>
</trkpt>
<trkpt lat="34.20452400" lon="-111.35067800">
<ele>1436.100</ele>
<time>2024-03-23T16:30:14Z</time>
</trkpt>
<trkpt lat="34.20448300" lon="-111.35065300">
<ele>1436.000</ele>
<time>2024-03-23T16:30:15Z</time>
</trkpt>
<trkpt lat="34.20445000" lon="-111.35061700">
<ele>1436.700</ele>
<time>2024-03-23T16:30:16Z</time>
</trkpt>
<trkpt lat="34.20435800" lon="-111.35048600">
<ele>1438.000</ele>
<time>2024-03-23T16:30:19Z</time>
</trkpt>
<trkpt lat="34.20434000" lon="-111.35043500">
<ele>1438.200</ele>
<time>2024-03-23T16:30:20Z</time>
</trkpt>
<trkpt lat="34.20429600" lon="-111.35017700">
<ele>1439.500</ele>
<time>2024-03-23T16:30:26Z</time>
</trkpt>
<trkpt lat="34.20425100" lon="-111.35005300">
<ele>1440.100</ele>
<time>2024-03-23T16:30:29Z</time>
</trkpt>
<trkpt lat="34.20422300" lon="-111.35001200">
<ele>1440.100</ele>
<time>2024-03-23T16:30:30Z</time>
</trkpt>
<trkpt lat="34.20404600" lon="-111.34981800">
<ele>1439.900</ele>
<time>2024-03-23T16:30:35Z</time>
</trkpt>
<trkpt lat="34.20392600" lon="-111.34972800">
<ele>1440.500</ele>
<time>2024-03-23T16:30:39Z</time>
</trkpt>
<trkpt lat="34.20390300" lon="-111.34971000">
<ele>1440.400</ele>
<time>2024-03-23T16:30:40Z</time>
</trkpt>
<trkpt lat="34.20365300" lon="-111.34953100">
<ele>1442.700</ele>
<time>2024-03-23T16:30:48Z</time>
</trkpt>
<trkpt lat="34.20361800" lon="-111.34953100">
<ele>1442.600</ele>
<time>2024-03-23T16:30:49Z</time>
</trkpt>
<trkpt lat="34.20358000" lon="-111.34955400">
<ele>1442.600</ele>
<time>2024-03-23T16:30:50Z</time>
</trkpt>
<trkpt lat="34.20345000" lon="-111.34968900">
<ele>1440.900</ele>
<time>2024-03-23T16:30:54Z</time>
</trkpt>
<trkpt lat="34.20333300" lon="-111.34978100">
<ele>1440.300</ele>
<time>2024-03-23T16:30:57Z</time>
</trkpt>
<trkpt lat="34.20324700" lon="-111.34983000">
<ele>1439.700</ele>
<time>2024-03-23T16:30:59Z</time>
</trkpt>
<trkpt lat="34.20320900" lon="-111.34984700">
<ele>1439.700</ele>
<time>2024-03-23T16:31:00Z</time>
</trkpt>
<trkpt lat="34.20302700" lon="-111.34993600">
<ele>1439.600</ele>
<time>2024-03-23T16:31:04Z</time>
</trkpt>
<trkpt lat="34.20292400" lon="-111.34994700">
<ele>1439.700</ele>
<time>2024-03-23T16:36:14Z</time>
</trkpt>
<trkpt lat="34.20289600" lon="-111.34995800">
<ele>1439.600</ele>
<time>2024-03-23T16:36:44Z</time>
</trkpt>
<trkpt lat="34.20286400" lon="-111.34996100">
<ele>1439.600</ele>
<time>2024-03-23T16:36:45Z</time>
</trkpt>
<trkpt lat="34.20270400" lon="-111.35003200">
<ele>1439.700</ele>
<time>2024-03-23T16:36:48Z</time>
</trkpt>
<trkpt lat="34.20265600" lon="-111.35006600">
<ele>1439.700</ele>
<time>2024-03-23T16:36:49Z</time>
</trkpt>
<trkpt lat="34.20252400" lon="-111.35035200">
<ele>1440.400</ele>
<time>2024-03-23T16:36:54Z</time>
</trkpt>
<trkpt lat="34.20250100" lon="-111.35038000">
<ele>1440.400</ele>
<time>2024-03-23T16:36:55Z</time>
</trkpt>
<trkpt lat="34.20246600" lon="-111.35040000">
<ele>1440.500</ele>
<time>2024-03-23T16:37:03Z</time>
</trkpt>
<trkpt lat="34.20221300" lon="-111.35047200">
<ele>1440.500</ele>
<time>2024-03-23T16:37:10Z</time>
</trkpt>
<trkpt lat="34.20216800" lon="-111.35048000">
<ele>1440.400</ele>
<time>2024-03-23T16:37:11Z</time>
</trkpt>
<trkpt lat="34.20212900" lon="-111.35048500">
<ele>1440.400</ele>
<time>2024-03-23T16:37:12Z</time>
</trkpt>
<trkpt lat="34.20208600" lon="-111.35047700">
<ele>1440.300</ele>
<time>2024-03-23T16:37:14Z</time>
</trkpt>
<trkpt lat="34.20198300" lon="-111.35040700">
<ele>1439.600</ele>
<time>2024-03-23T16:37:18Z</time>
</trkpt>
<trkpt lat="34.20193300" lon="-111.35038500">
<ele>1439.300</ele>
<time>2024-03-23T16:37:20Z</time>
</trkpt>
<trkpt lat="34.20191100" lon="-111.35038000">
<ele>1439.000</ele>
<time>2024-03-23T16:37:21Z</time>
</trkpt>
<trkpt lat="34.20176100" lon="-111.35033800">
<ele>1438.200</ele>
<time>2024-03-23T16:37:27Z</time>
</trkpt>
<trkpt lat="34.20170500" lon="-111.35036200">
<ele>1437.900</ele>
<time>2024-03-23T16:37:30Z</time>
</trkpt>
<trkpt lat="34.20167700" lon="-111.35036900">
<ele>1437.700</ele>
<time>2024-03-23T16:37:31Z</time>
</trkpt>
<trkpt lat="34.20154700" lon="-111.35042200">
<ele>1437.200</ele>
<time>2024-03-23T16:37:49Z</time>
</trkpt>
<trkpt lat="34.20147400" lon="-111.35046900">
<ele>1436.100</ele>
<time>2024-03-23T16:37:52Z</time>
</trkpt>
<trkpt lat="34.20144000" lon="-111.35048400">
<ele>1436.200</ele>
<time>2024-03-23T16:37:53Z</time>
</trkpt>
<trkpt lat="34.20140400" lon="-111.35049800">
<ele>1435.800</ele>
<time>2024-03-23T16:37:54Z</time>
</trkpt>
<trkpt lat="34.20132200" lon="-111.35047000">
<ele>1434.500</ele>
<time>2024-03-23T16:37:56Z</time>
</trkpt>
<trkpt lat="34.20123800" lon="-111.35040000">
<ele>1433.600</ele>
<time>2024-03-23T16:37:58Z</time>
</trkpt>
<trkpt lat="34.20117400" lon="-111.35031500">
<ele>1433.000</ele>
<time>2024-03-23T16:38:02Z</time>
</trkpt>
<trkpt lat="34.20116300" lon="-111.35030300">
<ele>1433.000</ele>
<time>2024-03-23T16:38:03Z</time>
</trkpt>
<trkpt lat="34.20109900" lon="-111.35019800">
<ele>1432.800</ele>
<time>2024-03-23T16:38:07Z</time>
</trkpt>
<trkpt lat="34.20099700" lon="-111.35006200">
<ele>1432.600</ele>
<time>2024-03-23T16:38:12Z</time>
</trkpt>
<trkpt lat="34.20097300" lon="-111.35003700">
<ele>1432.600</ele>
<time>2024-03-23T16:38:13Z</time>
</trkpt>
<trkpt lat="34.20092700" lon="-111.34996700">
<ele>1432.600</ele>
<time>2024-03-23T16:38:16Z</time>
</trkpt>
<trkpt lat="34.20086200" lon="-111.34983800">
<ele>1433.200</ele>
<time>2024-03-23T16:38:22Z</time>
</trkpt>
<trkpt lat="34.20086100" lon="-111.34981300">
<ele>1433.500</ele>
<time>2024-03-23T16:38:23Z</time>
</trkpt>
<trkpt lat="34.20090400" lon="-111.34971800">
<ele>1434.500</ele>
<time>2024-03-23T16:38:28Z</time>
</trkpt>
<trkpt lat="34.20097900" lon="-111.34964900">
<ele>1435.700</ele>
<time>2024-03-23T16:38:32Z</time>
</trkpt>
<trkpt lat="34.20099800" lon="-111.34963500">
<ele>1435.700</ele>
<time>2024-03-23T16:38:33Z</time>
</trkpt>
<trkpt lat="34.20114800" lon="-111.34950500">
<ele>1437.300</ele>
<time>2024-03-23T16:39:02Z</time>
</trkpt>
<trkpt lat="34.20116100" lon="-111.34947500">
<ele>1437.600</ele>
<time>2024-03-23T16:39:03Z</time>
</trkpt>
<trkpt lat="34.20117300" lon="-111.34944000">
<ele>1437.600</ele>
<time>2024-03-23T16:39:04Z</time>
</trkpt>
<trkpt lat="34.20126600" lon="-111.34908000">
<ele>1439.000</ele>
<time>2024-03-23T16:39:14Z</time>
</trkpt>
<trkpt lat="34.20126600" lon="-111.34908000">
<ele>1439.000</ele>
<time>2024-03-23T16:39:15Z</time>
</trkpt>
<trkpt lat="34.20133600" lon="-111.34883000">
<ele>1440.200</ele>
<time>2024-03-23T16:41:48Z</time>
</trkpt>
<trkpt lat="34.20133700" lon="-111.34882000">
<ele>1440.200</ele>
<time>2024-03-23T16:41:49Z</time>
</trkpt>
<trkpt lat="34.20134400" lon="-111.34878300">
<ele>1440.400</ele>
<time>2024-03-23T16:41:52Z</time>
</trkpt>
<trkpt lat="34.20133400" lon="-111.34873400">
<ele>1440.700</ele>
<time>2024-03-23T16:41:55Z</time>
</trkpt>
<trkpt lat="34.20129100" lon="-111.34864800">
<ele>1440.900</ele>
<time>2024-03-23T16:42:00Z</time>
</trkpt>
<trkpt lat="34.20127900" lon="-111.34863300">
<ele>1440.900</ele>
<time>2024-03-23T16:42:01Z</time>
</trkpt>
<trkpt lat="34.20109000" lon="-111.34849900">
<ele>1440.900</ele>
<time>2024-03-23T16:42:11Z</time>
</trkpt>
<trkpt lat="34.20108000" lon="-111.34849000">
<ele>1440.900</ele>
<time>2024-03-23T16:42:12Z</time>
</trkpt>
<trkpt lat="34.20098100" lon="-111.34841100">
<ele>1440.800</ele>
<time>2024-03-23T16:42:16Z</time>
</trkpt>
<trkpt lat="34.20095300" lon="-111.34836600">
<ele>1440.900</ele>
<time>2024-03-23T16:42:17Z</time>
</trkpt>
<trkpt lat="34.20091700" lon="-111.34825100">
<ele>1441.000</ele>
<time>2024-03-23T16:42:19Z</time>
</trkpt>
<trkpt lat="34.20090300" lon="-111.34814200">
<ele>1441.000</ele>
<time>2024-03-23T16:42:21Z</time>
</trkpt>
<trkpt lat="34.20089400" lon="-111.34810700">
<ele>1441.000</ele>
<time>2024-03-23T16:42:22Z</time>
</trkpt>
<trkpt lat="34.20086700" lon="-111.34795000">
<ele>1440.900</ele>
<time>2024-03-23T16:42:26Z</time>
</trkpt>
<trkpt lat="34.20076200" lon="-111.34780900">
<ele>1440.000</ele>
<time>2024-03-23T16:42:31Z</time>
</trkpt>
<trkpt lat="34.20074400" lon="-111.34778500">
<ele>1440.000</ele>
<time>2024-03-23T16:42:32Z</time>
</trkpt>
<trkpt lat="34.20065000" lon="-111.34763800">
<ele>1439.200</ele>
<time>2024-03-23T16:42:36Z</time>
</trkpt>
<trkpt lat="34.20054400" lon="-111.34742000">
<ele>1439.100</ele>
<time>2024-03-23T16:42:41Z</time>
</trkpt>
<trkpt lat="34.20052800" lon="-111.34738100">
<ele>1439.100</ele>
<time>2024-03-23T16:42:42Z</time>
</trkpt>
<trkpt lat="34.20044700" lon="-111.34721700">
<ele>1439.700</ele>
<time>2024-03-23T16:42:46Z</time>
</trkpt>
<trkpt lat="34.20033000" lon="-111.34704100">
<ele>1439.700</ele>
<time>2024-03-23T16:42:51Z</time>
</trkpt>
<trkpt lat="34.20030400" lon="-111.34700500">
<ele>1439.900</ele>
<time>2024-03-23T16:42:52Z</time>
</trkpt>
<trkpt lat="34.20024600" lon="-111.34691600">
<ele>1439.700</ele>
<time>2024-03-23T16:42:54Z</time>
</trkpt>
<trkpt lat="34.20023200" lon="-111.34686600">
<ele>1440.000</ele>
<time>2024-03-23T16:42:55Z</time>
</trkpt>
<trkpt lat="34.20019200" lon="-111.34659200">
<ele>1440.900</ele>
<time>2024-03-23T16:43:01Z</time>
</trkpt>
<trkpt lat="34.20018000" lon="-111.34654100">
<ele>1441.200</ele>
<time>2024-03-23T16:43:02Z</time>
</trkpt>
<trkpt lat="34.20013200" lon="-111.34632800">
<ele>1442.300</ele>
<time>2024-03-23T16:43:06Z</time>
</trkpt>
<trkpt lat="34.20010900" lon="-111.34628400">
<ele>1442.300</ele>
<time>2024-03-23T16:43:07Z</time>
</trkpt>
<trkpt lat="34.19998200" lon="-111.34615400">
<ele>1441.900</ele>
<time>2024-03-23T16:43:11Z</time>
</trkpt>
<trkpt lat="34.19995500" lon="-111.34612500">
<ele>1442.300</ele>
<time>2024-03-23T16:43:12Z</time>
</trkpt>
<trkpt lat="34.19980700" lon="-111.34595300">
<ele>1442.100</ele>
<time>2024-03-23T16:43:18Z</time>
</trkpt>
<trkpt lat="34.19975200" lon="-111.34586300">
<ele>1442.200</ele>
<time>2024-03-23T16:43:21Z</time>
</trkpt>
<trkpt lat="34.19972500" lon="-111.34581900">
<ele>1442.300</ele>
<time>2024-03-23T16:43:22Z</time>
</trkpt>
<trkpt lat="34.19966800" lon="-111.34573800">
<ele>1442.900</ele>
<time>2024-03-23T16:43:24Z</time>
</trkpt>
<trkpt lat="34.19963700" lon="-111.34570800">
<ele>1442.600</ele>
<time>2024-03-23T16:43:25Z</time>
</trkpt>
<trkpt lat="34.19951600" lon="-111.34564300">
<ele>1442.800</ele>
<time>2024-03-23T16:43:28Z</time>
</trkpt>
<trkpt lat="34.19938700" lon="-111.34552400">
<ele>1444.200</ele>
<time>2024-03-23T16:43:31Z</time>
</trkpt>
<trkpt lat="34.19934600" lon="-111.34547000">
<ele>1444.600</ele>
<time>2024-03-23T16:43:32Z</time>
</trkpt>
<trkpt lat="34.19911500" lon="-111.34517100">
<ele>1446.600</ele>
<time>2024-03-23T16:43:39Z</time>
</trkpt>
<trkpt lat="34.19909000" lon="-111.34515400">
<ele>1446.600</ele>
<time>2024-03-23T16:43:40Z</time>
</trkpt>
<trkpt lat="34.19906800" lon="-111.34515400">
<ele>1446.600</ele>
<time>2024-03-23T16:43:41Z</time>
</trkpt>
<trkpt lat="34.19906800" lon="-111.34515400">
<ele>1446.600</ele>
<time>2024-03-23T16:43:42Z</time>
</trkpt>
<trkpt lat="34.19898200" lon="-111.34515200">
<ele>1446.800</ele>
<time>2024-03-23T16:45:03Z</time>
</trkpt>
<trkpt lat="34.19889200" lon="-111.34513200">
<ele>1447.000</ele>
<time>2024-03-23T16:45:05Z</time>
</trkpt>
<trkpt lat="34.19885200" lon="-111.34511000">
<ele>1447.100</ele>
<time>2024-03-23T16:45:06Z</time>
</trkpt>
<trkpt lat="34.19880500" lon="-111.34506500">
<ele>1447.400</ele>
<time>2024-03-23T16:45:08Z</time>
</trkpt>
<trkpt lat="34.19880500" lon="-111.34506500">
<ele>1447.400</ele>
<time>2024-03-23T16:45:09Z</time>
</trkpt>
<trkpt lat="34.19877400" lon="-111.34501700">
<ele>1447.600</ele>
<time>2024-03-23T16:46:01Z</time>
</trkpt>
<trkpt lat="34.19858500" lon="-111.34487800">
<ele>1448.500</ele>
<time>2024-03-23T16:46:06Z</time>
</trkpt>
<trkpt lat="34.19850100" lon="-111.34479900">
<ele>1448.700</ele>
<time>2024-03-23T16:46:08Z</time>
</trkpt>
<trkpt lat="34.19840600" lon="-111.34467100">
<ele>1449.100</ele>
<time>2024-03-23T16:46:11Z</time>
</trkpt>
<trkpt lat="34.19827100" lon="-111.34430400">
<ele>1450.200</ele>
<time>2024-03-23T16:46:17Z</time>
</trkpt>
<trkpt lat="34.19825700" lon="-111.34424800">
<ele>1450.300</ele>
<time>2024-03-23T16:46:18Z</time>
</trkpt>
<trkpt lat="34.19823500" lon="-111.34414600">
<ele>1450.800</ele>
<time>2024-03-23T16:46:20Z</time>
</trkpt>
<trkpt lat="34.19820900" lon="-111.34392300">
<ele>1451.400</ele>
<time>2024-03-23T16:46:24Z</time>
</trkpt>
<trkpt lat="34.19816200" lon="-111.34377000">
<ele>1452.200</ele>
<time>2024-03-23T16:46:27Z</time>
</trkpt>
<trkpt lat="34.19814300" lon="-111.34372200">
<ele>1452.500</ele>
<time>2024-03-23T16:46:28Z</time>
</trkpt>
<trkpt lat="34.19807200" lon="-111.34355100">
<ele>1453.400</ele>
<time>2024-03-23T16:46:32Z</time>
</trkpt>
<trkpt lat="34.19798400" lon="-111.34342100">
<ele>1453.700</ele>
<time>2024-03-23T16:46:35Z</time>
</trkpt>
<trkpt lat="34.19793500" lon="-111.34332500">
<ele>1453.800</ele>
<time>2024-03-23T16:46:37Z</time>
</trkpt>
<trkpt lat="34.19790400" lon="-111.34327600">
<ele>1453.800</ele>
<time>2024-03-23T16:46:38Z</time>
</trkpt>
<trkpt lat="34.19773000" lon="-111.34302400">
<ele>1454.700</ele>
<time>2024-03-23T16:46:43Z</time>
</trkpt>
<trkpt lat="34.19768100" lon="-111.34289500">
<ele>1455.700</ele>
<time>2024-03-23T16:46:45Z</time>
</trkpt>
<trkpt lat="34.19765600" lon="-111.34276500">
<ele>1456.700</ele>
<time>2024-03-23T16:46:47Z</time>
</trkpt>
<trkpt lat="34.19763800" lon="-111.34270000">
<ele>1457.200</ele>
<time>2024-03-23T16:46:48Z</time>
</trkpt>
<trkpt lat="34.19760100" lon="-111.34259400">
<ele>1457.600</ele>
<time>2024-03-23T16:46:50Z</time>
</trkpt>
<trkpt lat="34.19750000" lon="-111.34239500">
<ele>1458.900</ele>
<time>2024-03-23T16:46:57Z</time>
</trkpt>
<trkpt lat="34.19748900" lon="-111.34237800">
<ele>1458.800</ele>
<time>2024-03-23T16:46:58Z</time>
</trkpt>
<trkpt lat="34.19734700" lon="-111.34221000">
<ele>1459.800</ele>
<time>2024-03-23T16:47:05Z</time>
</trkpt>
<trkpt lat="34.19730300" lon="-111.34214000">
<ele>1460.000</ele>
<time>2024-03-23T16:47:07Z</time>
</trkpt>
<trkpt lat="34.19727800" lon="-111.34209600">
<ele>1460.200</ele>
<time>2024-03-23T16:47:08Z</time>
</trkpt>
<trkpt lat="34.19709100" lon="-111.34177800">
<ele>1461.600</ele>
<time>2024-03-23T16:47:17Z</time>
</trkpt>
<trkpt lat="34.19708300" lon="-111.34176800">
<ele>1461.600</ele>
<time>2024-03-23T16:47:18Z</time>
</trkpt>
<trkpt lat="34.19701700" lon="-111.34169400">
<ele>1462.000</ele>
<time>2024-03-23T16:47:21Z</time>
</trkpt>
<trkpt lat="34.19685500" lon="-111.34155900">
<ele>1462.700</ele>
<time>2024-03-23T16:47:25Z</time>
</trkpt>
<trkpt lat="34.19678600" lon="-111.34147500">
<ele>1463.000</ele>
<time>2024-03-23T16:47:27Z</time>
</trkpt>
<trkpt lat="34.19676400" lon="-111.34143500">
<ele>1463.000</ele>
<time>2024-03-23T16:47:28Z</time>
</trkpt>
<trkpt lat="34.19671500" lon="-111.34128300">
<ele>1462.900</ele>
<time>2024-03-23T16:47:31Z</time>
</trkpt>
<trkpt lat="34.19669400" lon="-111.34125100">
<ele>1462.900</ele>
<time>2024-03-23T16:47:32Z</time>
</trkpt>
<trkpt lat="34.19668900" lon="-111.34126100">
<ele>1462.900</ele>
<time>2024-03-23T16:48:37Z</time>
</trkpt>
<trkpt lat="34.19657400" lon="-111.34110600">
<ele>1463.300</ele>
<time>2024-03-23T16:48:41Z</time>
</trkpt>
<trkpt lat="34.19653800" lon="-111.34105500">
<ele>1463.400</ele>
<time>2024-03-23T16:48:42Z</time>
</trkpt>
<trkpt lat="34.19646400" lon="-111.34092900">
<ele>1463.700</ele>
<time>2024-03-23T16:48:44Z</time>
</trkpt>
<trkpt lat="34.19623900" lon="-111.34046400">
<ele>1464.400</ele>
<time>2024-03-23T16:48:51Z</time>
</trkpt>
<trkpt lat="34.19620400" lon="-111.34039100">
<ele>1464.400</ele>
<time>2024-03-23T16:48:52Z</time>
</trkpt>
<trkpt lat="34.19614800" lon="-111.34024800">
<ele>1464.600</ele>
<time>2024-03-23T16:48:54Z</time>
</trkpt>
<trkpt lat="34.19604600" lon="-111.33984500">
<ele>1465.100</ele>
<time>2024-03-23T16:49:01Z</time>
</trkpt>
<trkpt lat="34.19603400" lon="-111.33980800">
<ele>1465.000</ele>
<time>2024-03-23T16:49:02Z</time>
</trkpt>
<trkpt lat="34.19599900" lon="-111.33971500">
<ele>1465.000</ele>
<time>2024-03-23T16:49:05Z</time>
</trkpt>
<trkpt lat="34.19593300" lon="-111.33945800">
<ele>1464.900</ele>
<time>2024-03-23T16:49:09Z</time>
</trkpt>
<trkpt lat="34.19582800" lon="-111.33926400">
<ele>1464.500</ele>
<time>2024-03-23T16:49:12Z</time>
</trkpt>
<trkpt lat="34.19579400" lon="-111.33920600">
<ele>1464.400</ele>
<time>2024-03-23T16:49:13Z</time>
</trkpt>
<trkpt lat="34.19551900" lon="-111.33880400">
<ele>1463.400</ele>
<time>2024-03-23T16:49:22Z</time>
</trkpt>
<trkpt lat="34.19549100" lon="-111.33876600">
<ele>1463.300</ele>
<time>2024-03-23T16:49:23Z</time>
</trkpt>
<trkpt lat="34.19538500" lon="-111.33864800">
<ele>1463.000</ele>
<time>2024-03-23T16:49:26Z</time>
</trkpt>
<trkpt lat="34.19523700" lon="-111.33854800">
<ele>1462.800</ele>
<time>2024-03-23T16:49:30Z</time>
</trkpt>
<trkpt lat="34.19519700" lon="-111.33849400">
<ele>1462.800</ele>
<time>2024-03-23T16:49:33Z</time>
</trkpt>
<trkpt lat="34.19518500" lon="-111.33846100">
<ele>1462.700</ele>
<time>2024-03-23T16:49:34Z</time>
</trkpt>
<trkpt lat="34.19516700" lon="-111.33842800">
<ele>1462.700</ele>
<time>2024-03-23T16:49:35Z</time>
</trkpt>
<trkpt lat="34.19505700" lon="-111.33831400">
<ele>1462.100</ele>
<time>2024-03-23T16:49:39Z</time>
</trkpt>
<trkpt lat="34.19494900" lon="-111.33821600">
<ele>1461.700</ele>
<time>2024-03-23T16:49:43Z</time>
</trkpt>
<trkpt lat="34.19491600" lon="-111.33819000">
<ele>1461.400</ele>
<time>2024-03-23T16:49:44Z</time>
</trkpt>
<trkpt lat="34.19474000" lon="-111.33801200">
<ele>1459.600</ele>
<time>2024-03-23T16:49:53Z</time>
</trkpt>
<trkpt lat="34.19472800" lon="-111.33800000">
<ele>1459.500</ele>
<time>2024-03-23T16:49:54Z</time>
</trkpt>
<trkpt lat="34.19460000" lon="-111.33790300">
<ele>1458.200</ele>
<time>2024-03-23T16:50:00Z</time>
</trkpt>
<trkpt lat="34.19456000" lon="-111.33786200">
<ele>1457.600</ele>
<time>2024-03-23T16:50:01Z</time>
</trkpt>
<trkpt lat="34.19452600" lon="-111.33780700">
<ele>1456.300</ele>
<time>2024-03-23T16:50:02Z</time>
</trkpt>
<trkpt lat="34.19450600" lon="-111.33774500">
<ele>1455.300</ele>
<time>2024-03-23T16:50:03Z</time>
</trkpt>
<trkpt lat="34.19449200" lon="-111.33768600">
<ele>1454.700</ele>
<time>2024-03-23T16:50:04Z</time>
</trkpt>
<trkpt lat="34.19447000" lon="-111.33755000">
<ele>1452.700</ele>
<time>2024-03-23T16:50:06Z</time>
</trkpt>
<trkpt lat="34.19446700" lon="-111.33724600">
<ele>1452.500</ele>
<time>2024-03-23T16:50:10Z</time>
</trkpt>
<trkpt lat="34.19445400" lon="-111.33714400">
<ele>1452.700</ele>
<time>2024-03-23T16:50:12Z</time>
</trkpt>
<trkpt lat="34.19442900" lon="-111.33708100">
<ele>1452.500</ele>
<time>2024-03-23T16:50:14Z</time>
</trkpt>
<trkpt lat="34.19440100" lon="-111.33704800">
<ele>1452.300</ele>
<time>2024-03-23T16:50:15Z</time>
</trkpt>
<trkpt lat="34.19421700" lon="-111.33691100">
<ele>1452.000</ele>
<time>2024-03-23T16:50:19Z</time>
</trkpt>
<trkpt lat="34.19402000" lon="-111.33666700">
<ele>1451.800</ele>
<time>2024-03-23T16:50:24Z</time>
</trkpt>
<trkpt lat="34.19398800" lon="-111.33662100">
<ele>1451.800</ele>
<time>2024-03-23T16:50:25Z</time>
</trkpt>
<trkpt lat="34.19392800" lon="-111.33652800">
<ele>1451.800</ele>
<time>2024-03-23T16:50:27Z</time>
</trkpt>
<trkpt lat="34.19390700" lon="-111.33647800">
<ele>1451.700</ele>
<time>2024-03-23T16:50:28Z</time>
</trkpt>
<trkpt lat="34.19384300" lon="-111.33621400">
<ele>1451.300</ele>
<time>2024-03-23T16:50:34Z</time>
</trkpt>
<trkpt lat="34.19382900" lon="-111.33615800">
<ele>1451.200</ele>
<time>2024-03-23T16:50:35Z</time>
</trkpt>
<trkpt lat="34.19379600" lon="-111.33602100">
<ele>1451.000</ele>
<time>2024-03-23T16:50:37Z</time>
</trkpt>
<trkpt lat="34.19376800" lon="-111.33595500">
<ele>1451.000</ele>
<time>2024-03-23T16:50:38Z</time>
</trkpt>
<trkpt lat="34.19370000" lon="-111.33584800">
<ele>1450.900</ele>
<time>2024-03-23T16:50:40Z</time>
</trkpt>
<trkpt lat="34.19354000" lon="-111.33563200">
<ele>1451.100</ele>
<time>2024-03-23T16:50:44Z</time>
</trkpt>
<trkpt lat="34.19350000" lon="-111.33558300">
<ele>1451.000</ele>
<time>2024-03-23T16:50:45Z</time>
</trkpt>
<trkpt lat="34.19346300" lon="-111.33554700">
<ele>1451.000</ele>
<time>2024-03-23T16:50:46Z</time>
</trkpt>
<trkpt lat="34.19341800" lon="-111.33552900">
<ele>1451.000</ele>
<time>2024-03-23T16:50:47Z</time>
</trkpt>
<trkpt lat="34.19319000" lon="-111.33547300">
<ele>1451.200</ele>
<time>2024-03-23T16:50:51Z</time>
</trkpt>
<trkpt lat="34.19314800" lon="-111.33544800">
<ele>1451.200</ele>
<time>2024-03-23T16:50:52Z</time>
</trkpt>
<trkpt lat="34.19308700" lon="-111.33536500">
<ele>1451.100</ele>
<time>2024-03-23T16:50:54Z</time>
</trkpt>
<trkpt lat="34.19305700" lon="-111.33532000">
<ele>1451.200</ele>
<time>2024-03-23T16:50:55Z</time>
</trkpt>
<trkpt lat="34.19301900" lon="-111.33527200">
<ele>1451.300</ele>
<time>2024-03-23T16:50:56Z</time>
</trkpt>
<trkpt lat="34.19297300" lon="-111.33523300">
<ele>1451.300</ele>
<time>2024-03-23T16:50:57Z</time>
</trkpt>
<trkpt lat="34.19278300" lon="-111.33512700">
<ele>1450.700</ele>
<time>2024-03-23T16:51:02Z</time>
</trkpt>
<trkpt lat="34.19273600" lon="-111.33508700">
<ele>1450.300</ele>
<time>2024-03-23T16:51:04Z</time>
</trkpt>
<trkpt lat="34.19271200" lon="-111.33506700">
<ele>1450.300</ele>
<time>2024-03-23T16:51:05Z</time>
</trkpt>
<trkpt lat="34.19241000" lon="-111.33491900">
<ele>1448.800</ele>
<time>2024-03-23T16:51:14Z</time>
</trkpt>
<trkpt lat="34.19238000" lon="-111.33490100">
<ele>1448.400</ele>
<time>2024-03-23T16:51:15Z</time>
</trkpt>
<trkpt lat="34.19229300" lon="-111.33484400">
<ele>1448.200</ele>
<time>2024-03-23T16:51:18Z</time>
</trkpt>
<trkpt lat="34.19204100" lon="-111.33477500">
<ele>1446.000</ele>
<time>2024-03-23T16:51:24Z</time>
</trkpt>
<trkpt lat="34.19199400" lon="-111.33474900">
<ele>1445.700</ele>
<time>2024-03-23T16:51:25Z</time>
</trkpt>
<trkpt lat="34.19190200" lon="-111.33468500">
<ele>1445.600</ele>
<time>2024-03-23T16:51:27Z</time>
</trkpt>
<trkpt lat="34.19178400" lon="-111.33458000">
<ele>1445.900</ele>
<time>2024-03-23T16:51:30Z</time>
</trkpt>
<trkpt lat="34.19169800" lon="-111.33452300">
<ele>1445.200</ele>
<time>2024-03-23T16:51:34Z</time>
</trkpt>
<trkpt lat="34.19167400" lon="-111.33450600">
<ele>1444.800</ele>
<time>2024-03-23T16:51:35Z</time>
</trkpt>
<trkpt lat="34.19155000" lon="-111.33441600">
<ele>1444.900</ele>
<time>2024-03-23T16:51:39Z</time>
</trkpt>
<trkpt lat="34.19140700" lon="-111.33433700">
<ele>1443.900</ele>
<time>2024-03-23T16:51:44Z</time>
</trkpt>
<trkpt lat="34.19137100" lon="-111.33432400">
<ele>1443.800</ele>
<time>2024-03-23T16:51:45Z</time>
</trkpt>
<trkpt lat="34.19107600" lon="-111.33424900">
<ele>1441.200</ele>
<time>2024-03-23T16:51:51Z</time>
</trkpt>
<trkpt lat="34.19096100" lon="-111.33424000">
<ele>1440.500</ele>
<time>2024-03-23T16:51:54Z</time>
</trkpt>
<trkpt lat="34.19091900" lon="-111.33423800">
<ele>1440.400</ele>
<time>2024-03-23T16:51:55Z</time>
</trkpt>
<trkpt lat="34.19080000" lon="-111.33423800">
<ele>1440.000</ele>
<time>2024-03-23T16:51:58Z</time>
</trkpt>
<trkpt lat="34.19075000" lon="-111.33421000">
<ele>1439.800</ele>
<time>2024-03-23T16:52:00Z</time>
</trkpt>
<trkpt lat="34.19069800" lon="-111.33415800">
<ele>1439.700</ele>
<time>2024-03-23T16:52:04Z</time>
</trkpt>
<trkpt lat="34.19068700" lon="-111.33414500">
<ele>1439.700</ele>
<time>2024-03-23T16:52:05Z</time>
</trkpt>
<trkpt lat="34.19062700" lon="-111.33407500">
<ele>1439.400</ele>
<time>2024-03-23T16:52:29Z</time>
</trkpt>
<trkpt lat="34.19049500" lon="-111.33382700">
<ele>1438.900</ele>
<time>2024-03-23T16:52:35Z</time>
</trkpt>
<trkpt lat="34.19047700" lon="-111.33380000">
<ele>1438.900</ele>
<time>2024-03-23T16:52:36Z</time>
</trkpt>
<trkpt lat="34.19035600" lon="-111.33374900">
<ele>1438.900</ele>
<time>2024-03-23T16:52:41Z</time>
</trkpt>
<trkpt lat="34.19028800" lon="-111.33370900">
<ele>1438.900</ele>
<time>2024-03-23T16:52:45Z</time>
</trkpt>
<trkpt lat="34.19027100" lon="-111.33370000">
<ele>1438.900</ele>
<time>2024-03-23T16:52:46Z</time>
</trkpt>
<trkpt lat="34.19016800" lon="-111.33365600">
<ele>1438.800</ele>
<time>2024-03-23T16:52:52Z</time>
</trkpt>
<trkpt lat="34.19010400" lon="-111.33360900">
<ele>1438.900</ele>
<time>2024-03-23T16:52:55Z</time>
</trkpt>
<trkpt lat="34.19008700" lon="-111.33359100">
<ele>1438.900</ele>
<time>2024-03-23T16:52:56Z</time>
</trkpt>
<trkpt lat="34.19006000" lon="-111.33355500">
<ele>1439.000</ele>
<time>2024-03-23T16:52:58Z</time>
</trkpt>
<trkpt lat="34.18999200" lon="-111.33339900">
<ele>1439.300</ele>
<time>2024-03-23T16:53:06Z</time>
</trkpt>
<trkpt lat="34.18998500" lon="-111.33336900">
<ele>1439.300</ele>
<time>2024-03-23T16:53:07Z</time>
</trkpt>
<trkpt lat="34.18993300" lon="-111.33313300">
<ele>1441.100</ele>
<time>2024-03-23T16:53:16Z</time>
</trkpt>
<trkpt lat="34.18992500" lon="-111.33310400">
<ele>1441.400</ele>
<time>2024-03-23T16:53:17Z</time>
</trkpt>
<trkpt lat="34.18983000" lon="-111.33286600">
<ele>1444.500</ele>
<time>2024-03-23T16:53:26Z</time>
</trkpt>
<trkpt lat="34.18982200" lon="-111.33284900">
<ele>1444.500</ele>
<time>2024-03-23T16:53:27Z</time>
</trkpt>
<trkpt lat="34.18980300" lon="-111.33275500">
<ele>1445.100</ele>
<time>2024-03-23T16:53:30Z</time>
</trkpt>
<trkpt lat="34.18982000" lon="-111.33258900">
<ele>1446.400</ele>
<time>2024-03-23T16:53:36Z</time>
</trkpt>
<trkpt lat="34.18981500" lon="-111.33256400">
<ele>1446.700</ele>
<time>2024-03-23T16:53:37Z</time>
</trkpt>
<trkpt lat="34.18975300" lon="-111.33250500">
<ele>1447.700</ele>
<time>2024-03-23T16:53:41Z</time>
</trkpt>
<trkpt lat="34.18974000" lon="-111.33248000">
<ele>1448.000</ele>
<time>2024-03-23T16:53:42Z</time>
</trkpt>
<trkpt lat="34.18973400" lon="-111.33244900">
<ele>1448.000</ele>
<time>2024-03-23T16:53:43Z</time>
</trkpt>
<trkpt lat="34.18974100" lon="-111.33233000">
<ele>1449.000</ele>
<time>2024-03-23T16:53:46Z</time>
</trkpt>
<trkpt lat="34.18973900" lon="-111.33228300">
<ele>1449.300</ele>
<time>2024-03-23T16:53:47Z</time>
</trkpt>
<trkpt lat="34.18972100" lon="-111.33215900">
<ele>1450.300</ele>
<time>2024-03-23T16:53:50Z</time>
</trkpt>
<trkpt lat="34.18963300" lon="-111.33200000">
<ele>1451.500</ele>
<time>2024-03-23T16:53:57Z</time>
</trkpt>
<trkpt lat="34.18961800" lon="-111.33198000">
<ele>1451.600</ele>
<time>2024-03-23T16:53:58Z</time>
</trkpt>
<trkpt lat="34.18956600" lon="-111.33193200">
<ele>1451.800</ele>
<time>2024-03-23T16:54:00Z</time>
</trkpt>
<trkpt lat="34.18933000" lon="-111.33182200">
<ele>1452.300</ele>
<time>2024-03-23T16:54:07Z</time>
</trkpt>
<trkpt lat="34.18930700" lon="-111.33181100">
<ele>1452.300</ele>
<time>2024-03-23T16:54:08Z</time>
</trkpt>
<trkpt lat="34.18928007" lon="-111.33179683">
<ele>1452.400</ele>
<time>2024-03-23T16:54:08Z</time>
</trkpt>
<trkpt lat="34.18917766" lon="-111.33186197">
<ele>1452.200</ele>
<time>2024-03-23T16:54:50Z</time>
</trkpt>
<trkpt lat="34.18903501" lon="-111.33198804">
<ele>1451.900</ele>
<time>2024-03-23T16:54:51Z</time>
</trkpt>
<trkpt lat="34.18889236" lon="-111.33206314">
<ele>1451.900</ele>
<time>2024-03-23T16:54:53Z</time>
</trkpt>
<trkpt lat="34.18878760" lon="-111.33213019">
<ele>1452.100</ele>
<time>2024-03-23T16:54:54Z</time>
</trkpt>
<trkpt lat="34.18868284" lon="-111.33221871">
<ele>1452.100</ele>
<time>2024-03-23T16:54:55Z</time>
</trkpt>
<trkpt lat="34.18854688" lon="-111.33224016">
<ele>1452.100</ele>
<time>2024-03-23T16:54:56Z</time>
</trkpt>
<trkpt lat="34.18845103" lon="-111.33219188">
<ele>1452.000</ele>
<time>2024-03-23T16:54:57Z</time>
</trkpt>
<trkpt lat="34.18840423" lon="-111.33210605">
<ele>1451.700</ele>
<time>2024-03-23T16:54:58Z</time>
</trkpt>
<trkpt lat="34.18840423" lon="-111.33202022">
<ele>1451.700</ele>
<time>2024-03-23T16:55:02Z</time>
</trkpt>
<trkpt lat="34.18837302" lon="-111.33193171">
<ele>1451.600</ele>
<time>2024-03-23T16:55:18Z</time>
</trkpt>
<trkpt lat="34.18815904" lon="-111.33144891">
<ele>1451.700</ele>
<time>2024-03-23T16:55:20Z</time>
</trkpt>
<trkpt lat="34.18814514" lon="-111.33141492">
<ele>1451.700</ele>
<time>2024-03-23T16:55:21Z</time>
</trkpt>
<trkpt lat="34.18813100" lon="-111.33136800">
<ele>1451.700</ele>
<time>2024-03-23T16:55:22Z</time>
</trkpt>
<trkpt lat="34.18805900" lon="-111.33125600">
<ele>1451.500</ele>
<time>2024-03-23T16:55:23Z</time>
</trkpt>
<trkpt lat="34.18801400" lon="-111.33121500">
<ele>1451.300</ele>
<time>2024-03-23T16:55:24Z</time>
</trkpt>
<trkpt lat="34.18796400" lon="-111.33120600">
<ele>1451.300</ele>
<time>2024-03-23T16:55:26Z</time>
</trkpt>
<trkpt lat="34.18790200" lon="-111.33121100">
<ele>1451.500</ele>
<time>2024-03-23T16:55:30Z</time>
</trkpt>
<trkpt lat="34.18783100" lon="-111.33123500">
<ele>1451.500</ele>
<time>2024-03-23T16:55:31Z</time>
</trkpt>
<trkpt lat="34.18775800" lon="-111.33125500">
<ele>1451.300</ele>
<time>2024-03-23T16:55:34Z</time>
</trkpt>
<trkpt lat="34.18751800" lon="-111.33130400">
<ele>1451.000</ele>
<time>2024-03-23T16:55:36Z</time>
</trkpt>
<trkpt lat="34.18744300" lon="-111.33129100">
<ele>1451.100</ele>
<time>2024-03-23T16:55:38Z</time>
</trkpt>
<trkpt lat="34.18735600" lon="-111.33124500">
<ele>1451.200</ele>
<time>2024-03-23T16:55:40Z</time>
</trkpt>
<trkpt lat="34.18730700" lon="-111.33120400">
<ele>1451.000</ele>
<time>2024-03-23T16:55:41Z</time>
</trkpt>
<trkpt lat="34.18726300" lon="-111.33115100">
<ele>1451.100</ele>
<time>2024-03-23T16:55:48Z</time>
</trkpt>
<trkpt lat="34.18723300" lon="-111.33107900">
<ele>1451.100</ele>
<time>2024-03-23T16:55:50Z</time>
</trkpt>
<trkpt lat="34.18721100" lon="-111.33099400">
<ele>1451.100</ele>
<time>2024-03-23T16:55:51Z</time>
</trkpt>
<trkpt lat="34.18719800" lon="-111.33078700">
<ele>1451.200</ele>
<time>2024-03-23T16:55:54Z</time>
</trkpt>
<trkpt lat="34.18720900" lon="-111.33034100">
<ele>1451.400</ele>
<time>2024-03-23T16:55:58Z</time>
</trkpt>
<trkpt lat="34.18721600" lon="-111.33023600">
<ele>1451.500</ele>
<time>2024-03-23T16:56:00Z</time>
</trkpt>
<trkpt lat="34.18723500" lon="-111.32991500">
<ele>1452.100</ele>
<time>2024-03-23T16:56:01Z</time>
</trkpt>
<trkpt lat="34.18723200" lon="-111.32970600">
<ele>1453.000</ele>
<time>2024-03-23T16:56:05Z</time>
</trkpt>
<trkpt lat="34.18720100" lon="-111.32949900">
<ele>1453.700</ele>
<time>2024-03-23T16:56:07Z</time>
</trkpt>
<trkpt lat="34.18713700" lon="-111.32931500">
<ele>1454.400</ele>
<time>2024-03-23T16:56:10Z</time>
</trkpt>
<trkpt lat="34.18709300" lon="-111.32923300">
<ele>1454.600</ele>
<time>2024-03-23T16:56:11Z</time>
</trkpt>
<trkpt lat="34.18671400" lon="-111.32868400">
<ele>1454.000</ele>
<time>2024-03-23T16:56:17Z</time>
</trkpt>
<trkpt lat="34.18659300" lon="-111.32853000">
<ele>1453.700</ele>
<time>2024-03-23T16:56:20Z</time>
</trkpt>
<trkpt lat="34.18653300" lon="-111.32845600">
<ele>1453.600</ele>
<time>2024-03-23T16:56:21Z</time>
</trkpt>
<trkpt lat="34.18632900" lon="-111.32823700">
<ele>1452.700</ele>
<time>2024-03-23T16:56:30Z</time>
</trkpt>
<trkpt lat="34.18603500" lon="-111.32796000">
<ele>1452.300</ele>
<time>2024-03-23T16:56:31Z</time>
</trkpt>
<trkpt lat="34.18587400" lon="-111.32782700">
<ele>1452.400</ele>
<time>2024-03-23T16:56:34Z</time>
</trkpt>
<trkpt lat="34.18579100" lon="-111.32776100">
<ele>1452.700</ele>
<time>2024-03-23T16:56:36Z</time>
</trkpt>
<trkpt lat="34.18547200" lon="-111.32749200">
<ele>1453.100</ele>
<time>2024-03-23T16:56:38Z</time>
</trkpt>
<trkpt lat="34.18533300" lon="-111.32733500">
<ele>1453.600</ele>
<time>2024-03-23T16:56:40Z</time>
</trkpt>
<trkpt lat="34.18514300" lon="-111.32708800">
<ele>1453.700</ele>
<time>2024-03-23T16:56:41Z</time>
</trkpt>
<trkpt lat="34.18508400" lon="-111.32700800">
<ele>1453.900</ele>
<time>2024-03-23T16:56:46Z</time>
</trkpt>
<trkpt lat="34.18472400" lon="-111.32652200">
<ele>1454.400</ele>
<time>2024-03-23T16:56:48Z</time>
</trkpt>
<trkpt lat="34.18453300" lon="-111.32630000">
<ele>1453.300</ele>
<time>2024-03-23T16:56:50Z</time>
</trkpt>
<trkpt lat="34.18446900" lon="-111.32622600">
<ele>1452.900</ele>
<time>2024-03-23T16:56:51Z</time>
</trkpt>
<trkpt lat="34.18389100" lon="-111.32551500">
<ele>1452.800</ele>
<time>2024-03-23T16:56:55Z</time>
</trkpt>
<trkpt lat="34.18382800" lon="-111.32544400">
<ele>1452.700</ele>
<time>2024-03-23T16:57:00Z</time>
</trkpt>
<trkpt lat="34.18363700" lon="-111.32523300">
<ele>1452.800</ele>
<time>2024-03-23T16:57:01Z</time>
</trkpt>
<trkpt lat="34.18353500" lon="-111.32507800">
<ele>1453.000</ele>
<time>2024-03-23T16:57:03Z</time>
</trkpt>
<trkpt lat="34.18345200" lon="-111.32490000">
<ele>1453.400</ele>
<time>2024-03-23T16:57:05Z</time>
</trkpt>
<trkpt lat="34.18339800" lon="-111.32471700">
<ele>1455.000</ele>
<time>2024-03-23T16:57:08Z</time>
</trkpt>
<trkpt lat="34.18338400" lon="-111.32462100">
<ele>1455.800</ele>
<time>2024-03-23T16:57:10Z</time>
</trkpt>
<trkpt lat="34.18334000" lon="-111.32415900">
<ele>1459.400</ele>
<time>2024-03-23T16:57:11Z</time>
</trkpt>
<trkpt lat="34.18328900" lon="-111.32398700">
<ele>1460.600</ele>
<time>2024-03-23T16:57:20Z</time>
</trkpt>
<trkpt lat="34.18321700" lon="-111.32381300">
<ele>1461.800</ele>
<time>2024-03-23T16:57:21Z</time>
</trkpt>
<trkpt lat="34.18317500" lon="-111.32372600">
<ele>1462.300</ele>
<time>2024-03-23T16:57:26Z</time>
</trkpt>
<trkpt lat="34.18299000" lon="-111.32341000">
<ele>1463.500</ele>
<time>2024-03-23T16:57:30Z</time>
</trkpt>
<trkpt lat="34.18273300" lon="-111.32305600">
<ele>1464.200</ele>
<time>2024-03-23T16:57:31Z</time>
</trkpt>
<trkpt lat="34.18268800" lon="-111.32297500">
<ele>1464.200</ele>
<time>2024-03-23T16:57:33Z</time>
</trkpt>
<trkpt lat="34.18261900" lon="-111.32280000">
<ele>1464.400</ele>
<time>2024-03-23T16:57:40Z</time>
</trkpt>
<trkpt lat="34.18258100" lon="-111.32260800">
<ele>1465.100</ele>
<time>2024-03-23T16:57:41Z</time>
</trkpt>
<trkpt lat="34.18254200" lon="-111.32232100">
<ele>1466.600</ele>
<time>2024-03-23T16:57:42Z</time>
</trkpt>
<trkpt lat="34.18248400" lon="-111.32214700">
<ele>1467.900</ele>
<time>2024-03-23T16:57:43Z</time>
</trkpt>
<trkpt lat="34.18245000" lon="-111.32206200">
<ele>1468.600</ele>
<time>2024-03-23T16:57:45Z</time>
</trkpt>
<trkpt lat="34.18208500" lon="-111.32134400">
<ele>1474.400</ele>
<time>2024-03-23T16:57:46Z</time>
</trkpt>
<trkpt lat="34.18204300" lon="-111.32127000">
<ele>1474.800</ele>
<time>2024-03-23T16:57:48Z</time>
</trkpt>
<trkpt lat="34.18184800" lon="-111.32089500">
<ele>1475.800</ele>
<time>2024-03-23T16:57:50Z</time>
</trkpt>
<trkpt lat="34.18165600" lon="-111.32061100">
<ele>1476.100</ele>
<time>2024-03-23T16:57:51Z</time>
</trkpt>
<trkpt lat="34.18159900" lon="-111.32054800">
<ele>1476.400</ele>
<time>2024-03-23T16:58:00Z</time>
</trkpt>
<trkpt lat="34.18146600" lon="-111.32043300">
<ele>1476.300</ele>
<time>2024-03-23T16:58:01Z</time>
</trkpt>
<trkpt lat="34.18091100" lon="-111.32013400">
<ele>1474.700</ele>
<time>2024-03-23T16:58:07Z</time>
</trkpt>
<trkpt lat="34.18083900" lon="-111.32008000">
<ele>1475.000</ele>
<time>2024-03-23T16:58:10Z</time>
</trkpt>
<trkpt lat="34.18077500" lon="-111.32001700">
<ele>1475.000</ele>
<time>2024-03-23T16:58:11Z</time>
</trkpt>
<trkpt lat="34.18071800" lon="-111.31994300">
<ele>1475.100</ele>
<time>2024-03-23T16:58:13Z</time>
</trkpt>
<trkpt lat="34.18062700" lon="-111.31976600">
<ele>1475.300</ele>
<time>2024-03-23T16:58:15Z</time>
</trkpt>
<trkpt lat="34.18059500" lon="-111.31967600">
<ele>1475.300</ele>
<time>2024-03-23T16:58:18Z</time>
</trkpt>
<trkpt lat="34.18056100" lon="-111.31949500">
<ele>1475.600</ele>
<time>2024-03-23T16:58:20Z</time>
</trkpt>
<trkpt lat="34.18056200" lon="-111.31931400">
<ele>1476.000</ele>
<time>2024-03-23T16:58:21Z</time>
</trkpt>
<trkpt lat="34.18057000" lon="-111.31922700">
<ele>1476.500</ele>
<time>2024-03-23T16:58:26Z</time>
</trkpt>
<trkpt lat="34.18061000" lon="-111.31841400">
<ele>1481.600</ele>
<time>2024-03-23T16:58:30Z</time>
</trkpt>
<trkpt lat="34.18061400" lon="-111.31832500">
<ele>1482.300</ele>
<time>2024-03-23T16:58:31Z</time>
</trkpt>
<trkpt lat="34.18062600" lon="-111.31777700">
<ele>1484.400</ele>
<time>2024-03-23T16:58:34Z</time>
</trkpt>
<trkpt lat="34.18061100" lon="-111.31748600">
<ele>1485.400</ele>
<time>2024-03-23T16:58:40Z</time>
</trkpt>
<trkpt lat="34.18059800" lon="-111.31739700">
<ele>1485.600</ele>
<time>2024-03-23T16:58:41Z</time>
</trkpt>
<trkpt lat="34.18054900" lon="-111.31722200">
<ele>1485.900</ele>
<time>2024-03-23T16:58:46Z</time>
</trkpt>
<trkpt lat="34.18048100" lon="-111.31705200">
<ele>1486.100</ele>
<time>2024-03-23T16:58:50Z</time>
</trkpt>
<trkpt lat="34.18035600" lon="-111.31679900">
<ele>1486.100</ele>
<time>2024-03-23T16:58:51Z</time>
</trkpt>
<trkpt lat="34.18026300" lon="-111.31664000">
<ele>1485.900</ele>
<time>2024-03-23T16:59:00Z</time>
</trkpt>
<trkpt lat="34.18021200" lon="-111.31656600">
<ele>1486.000</ele>
<time>2024-03-23T16:59:01Z</time>
</trkpt>
<trkpt lat="34.17997700" lon="-111.31619700">
<ele>1486.400</ele>
<time>2024-03-23T16:59:04Z</time>
</trkpt>
<trkpt lat="34.17981200" lon="-111.31590100">
<ele>1486.800</ele>
<time>2024-03-23T16:59:11Z</time>
</trkpt>
<trkpt lat="34.17977200" lon="-111.31582200">
<ele>1486.800</ele>
<time>2024-03-23T16:59:12Z</time>
</trkpt>
<trkpt lat="34.17964300" lon="-111.31559100">
<ele>1486.800</ele>
<time>2024-03-23T16:59:17Z</time>
</trkpt>
<trkpt lat="34.17940800" lon="-111.31510300">
<ele>1487.700</ele>
<time>2024-03-23T16:59:19Z</time>
</trkpt>
<trkpt lat="34.17936600" lon="-111.31501900">
<ele>1487.900</ele>
<time>2024-03-23T16:59:21Z</time>
</trkpt>
<trkpt lat="34.17915400" lon="-111.31459400">
<ele>1488.300</ele>
<time>2024-03-23T16:59:22Z</time>
</trkpt>
<trkpt lat="34.17901200" lon="-111.31424800">
<ele>1489.200</ele>
<time>2024-03-23T16:59:24Z</time>
</trkpt>
<trkpt lat="34.17898100" lon="-111.31416600">
<ele>1489.500</ele>
<time>2024-03-23T16:59:25Z</time>
</trkpt>
<trkpt lat="34.17873300" lon="-111.31339400">
<ele>1495.300</ele>
<time>2024-03-23T16:59:31Z</time>
</trkpt>
<trkpt lat="34.17870300" lon="-111.31331000">
<ele>1495.900</ele>
<time>2024-03-23T16:59:32Z</time>
</trkpt>
<trkpt lat="34.17860700" lon="-111.31305400">
<ele>1497.300</ele>
<time>2024-03-23T16:59:41Z</time>
</trkpt>
<trkpt lat="34.17842200" lon="-111.31247400">
<ele>1498.800</ele>
<time>2024-03-23T16:59:42Z</time>
</trkpt>
<trkpt lat="34.17839400" lon="-111.31239200">
<ele>1498.900</ele>
<time>2024-03-23T16:59:51Z</time>
</trkpt>
<trkpt lat="34.17824400" lon="-111.31196300">
<ele>1499.800</ele>
<time>2024-03-23T16:59:52Z</time>
</trkpt>
<trkpt lat="34.17817600" lon="-111.31179800">
<ele>1500.200</ele>
<time>2024-03-23T16:59:57Z</time>
</trkpt>
<trkpt lat="34.17809500" lon="-111.31163700">
<ele>1500.100</ele>
<time>2024-03-23T17:00:01Z</time>
</trkpt>
<trkpt lat="34.17805600" lon="-111.31156000">
<ele>1500.100</ele>
<time>2024-03-23T17:00:02Z</time>
</trkpt>
<trkpt lat="34.17796800" lon="-111.31140700">
<ele>1499.800</ele>
<time>2024-03-23T17:00:09Z</time>
</trkpt>
<trkpt lat="34.17791600" lon="-111.31133900">
<ele>1499.700</ele>
<time>2024-03-23T17:00:10Z</time>
</trkpt>
<trkpt lat="34.17761000" lon="-111.31100900">
<ele>1504.600</ele>
<time>2024-03-23T17:00:11Z</time>
</trkpt>
<trkpt lat="34.17756400" lon="-111.31095700">
<ele>1505.700</ele>
<time>2024-03-23T17:00:12Z</time>
</trkpt>
<trkpt lat="34.17715600" lon="-111.31048000">
<ele>1512.800</ele>
<time>2024-03-23T17:00:18Z</time>
</trkpt>
<trkpt lat="34.17711000" lon="-111.31042600">
<ele>1513.900</ele>
<time>2024-03-23T17:00:23Z</time>
</trkpt>
<trkpt lat="34.17670700" lon="-111.30992500">
<ele>1521.500</ele>
<time>2024-03-23T17:00:24Z</time>
</trkpt>
<trkpt lat="34.17666300" lon="-111.30986900">
<ele>1522.300</ele>
<time>2024-03-23T17:00:31Z</time>
</trkpt>
<trkpt lat="34.17644800" lon="-111.30956600">
<ele>1524.800</ele>
<time>2024-03-23T17:00:33Z</time>
</trkpt>
<trkpt lat="34.17628300" lon="-111.30931100">
<ele>1525.900</ele>
<time>2024-03-23T17:00:34Z</time>
</trkpt>
<trkpt lat="34.17623900" lon="-111.30923900">
<ele>1526.100</ele>
<time>2024-03-23T17:00:43Z</time>
</trkpt>
<trkpt lat="34.17593700" lon="-111.30875500">
<ele>1525.500</ele>
<time>2024-03-23T17:00:44Z</time>
</trkpt>
<trkpt lat="34.17589400" lon="-111.30870800">
<ele>1525.000</ele>
<time>2024-03-23T17:00:48Z</time>
</trkpt>
<trkpt lat="34.17584100" lon="-111.30868000">
<ele>1524.500</ele>
<time>2024-03-23T17:00:58Z</time>
</trkpt>
<trkpt lat="34.17578900" lon="-111.30867200">
<ele>1524.300</ele>
<time>2024-03-23T17:00:59Z</time>
</trkpt>
<trkpt lat="34.17570200" lon="-111.30869500">
<ele>1523.700</ele>
<time>2024-03-23T17:01:03Z</time>
</trkpt>
<trkpt lat="34.17554300" lon="-111.30861500">
<ele>1520.600</ele>
<time>2024-03-23T17:01:08Z</time>
</trkpt>
<trkpt lat="34.17551600" lon="-111.30860200">
<ele>1519.900</ele>
<time>2024-03-23T17:01:09Z</time>
</trkpt>
<trkpt lat="34.17533900" lon="-111.30848100">
<ele>1516.100</ele>
<time>2024-03-23T17:01:14Z</time>
</trkpt>
<trkpt lat="34.17525600" lon="-111.30843700">
<ele>1514.900</ele>
<time>2024-03-23T17:01:18Z</time>
</trkpt>
<trkpt lat="34.17521800" lon="-111.30841800">
<ele>1514.300</ele>
<time>2024-03-23T17:01:19Z</time>
</trkpt>
<trkpt lat="34.17489600" lon="-111.30824300">
<ele>1509.300</ele>
<time>2024-03-23T17:01:25Z</time>
</trkpt>
<trkpt lat="34.17485900" lon="-111.30822400">
<ele>1508.900</ele>
<time>2024-03-23T17:01:28Z</time>
</trkpt>
<trkpt lat="34.17470100" lon="-111.30814300">
<ele>1506.600</ele>
<time>2024-03-23T17:01:29Z</time>
</trkpt>
<trkpt lat="34.17458800" lon="-111.30812400">
<ele>1504.700</ele>
<time>2024-03-23T17:01:33Z</time>
</trkpt>
<trkpt lat="34.17457100" lon="-111.30811600">
<ele>1504.700</ele>
<time>2024-03-23T17:01:38Z</time>
</trkpt>
<trkpt lat="34.17440800" lon="-111.30804100">
<ele>1502.600</ele>
<time>2024-03-23T17:01:39Z</time>
</trkpt>
<trkpt lat="34.17419900" lon="-111.30792300">
<ele>1500.700</ele>
<time>2024-03-23T17:01:44Z</time>
</trkpt>
<trkpt lat="34.17415600" lon="-111.30789800">
<ele>1500.200</ele>
<time>2024-03-23T17:01:46Z</time>
</trkpt>
<trkpt lat="34.17392600" lon="-111.30771500">
<ele>1496.500</ele>
<time>2024-03-23T17:01:48Z</time>
</trkpt>
<trkpt lat="34.17373100" lon="-111.30752700">
<ele>1493.600</ele>
<time>2024-03-23T17:01:49Z</time>
</trkpt>
<trkpt lat="34.17368200" lon="-111.30748000">
<ele>1493.000</ele>
<time>2024-03-23T17:01:51Z</time>
</trkpt>
<trkpt lat="34.17341400" lon="-111.30721200">
<ele>1489.000</ele>
<time>2024-03-23T17:01:52Z</time>
</trkpt>
<trkpt lat="34.17328700" lon="-111.30706800">
<ele>1487.400</ele>
<time>2024-03-23T17:01:58Z</time>
</trkpt>
<trkpt lat="34.17325900" lon="-111.30701400">
<ele>1487.500</ele>
<time>2024-03-23T17:01:59Z</time>
</trkpt>
<trkpt lat="34.17313000" lon="-111.30673500">
<ele>1486.000</ele>
<time>2024-03-23T17:02:01Z</time>
</trkpt>
<trkpt lat="34.17297700" lon="-111.30637000">
<ele>1485.100</ele>
<time>2024-03-23T17:02:03Z</time>
</trkpt>
<trkpt lat="34.17295600" lon="-111.30631200">
<ele>1484.800</ele>
<time>2024-03-23T17:02:07Z</time>
</trkpt>
<trkpt lat="34.17283300" lon="-111.30594400">
<ele>1482.500</ele>
<time>2024-03-23T17:02:09Z</time>
</trkpt>
<trkpt lat="34.17280600" lon="-111.30580400">
<ele>1481.100</ele>
<time>2024-03-23T17:02:10Z</time>
</trkpt>
<trkpt lat="34.17279500" lon="-111.30566700">
<ele>1479.800</ele>
<time>2024-03-23T17:02:12Z</time>
</trkpt>
<trkpt lat="34.17280200" lon="-111.30560700">
<ele>1478.900</ele>
<time>2024-03-23T17:02:14Z</time>
</trkpt>
<trkpt lat="34.17282200" lon="-111.30550000">
<ele>1478.300</ele>
<time>2024-03-23T17:02:19Z</time>
</trkpt>
<trkpt lat="34.17282200" lon="-111.30545800">
<ele>1478.000</ele>
<time>2024-03-23T17:02:20Z</time>
</trkpt>
<trkpt lat="34.17277000" lon="-111.30520300">
<ele>1476.800</ele>
<time>2024-03-23T17:02:22Z</time>
</trkpt>
<trkpt lat="34.17276200" lon="-111.30515700">
<ele>1476.700</ele>
<time>2024-03-23T17:02:24Z</time>
</trkpt>
<trkpt lat="34.17276500" lon="-111.30507000">
<ele>1476.500</ele>
<time>2024-03-23T17:02:29Z</time>
</trkpt>
<trkpt lat="34.17278800" lon="-111.30499400">
<ele>1476.400</ele>
<time>2024-03-23T17:02:30Z</time>
</trkpt>
<trkpt lat="34.17285900" lon="-111.30484300">
<ele>1477.000</ele>
<time>2024-03-23T17:02:32Z</time>
</trkpt>
<trkpt lat="34.17291300" lon="-111.30475200">
<ele>1477.800</ele>
<time>2024-03-23T17:02:36Z</time>
</trkpt>
<trkpt lat="34.17293500" lon="-111.30469900">
<ele>1478.300</ele>
<time>2024-03-23T17:02:39Z</time>
</trkpt>
<trkpt lat="34.17294000" lon="-111.30458700">
<ele>1477.700</ele>
<time>2024-03-23T17:02:40Z</time>
</trkpt>
<trkpt lat="34.17291300" lon="-111.30448000">
<ele>1476.800</ele>
<time>2024-03-23T17:02:43Z</time>
</trkpt>
<trkpt lat="34.17278800" lon="-111.30425000">
<ele>1474.900</ele>
<time>2024-03-23T17:02:49Z</time>
</trkpt>
<trkpt lat="34.17276500" lon="-111.30421300">
<ele>1474.900</ele>
<time>2024-03-23T17:02:50Z</time>
</trkpt>
<trkpt lat="34.17273100" lon="-111.30412700">
<ele>1474.800</ele>
<time>2024-03-23T17:02:59Z</time>
</trkpt>
<trkpt lat="34.17270600" lon="-111.30402100">
<ele>1474.600</ele>
<time>2024-03-23T17:03:00Z</time>
</trkpt>
<trkpt lat="34.17266800" lon="-111.30371100">
<ele>1474.500</ele>
<time>2024-03-23T17:03:03Z</time>
</trkpt>
<trkpt lat="34.17266400" lon="-111.30364700">
<ele>1474.500</ele>
<time>2024-03-23T17:03:05Z</time>
</trkpt>
<trkpt lat="34.17266700" lon="-111.30350900">
<ele>1474.500</ele>
<time>2024-03-23T17:03:07Z</time>
</trkpt>
<trkpt lat="34.17269600" lon="-111.30324100">
<ele>1474.200</ele>
<time>2024-03-23T17:03:10Z</time>
</trkpt>
<trkpt lat="34.17274600" lon="-111.30306600">
<ele>1474.000</ele>
<time>2024-03-23T17:03:11Z</time>
</trkpt>
<trkpt lat="34.17277300" lon="-111.30300900">
<ele>1474.000</ele>
<time>2024-03-23T17:03:16Z</time>
</trkpt>
<trkpt lat="34.17284500" lon="-111.30284200">
<ele>1473.500</ele>
<time>2024-03-23T17:03:19Z</time>
</trkpt>
<trkpt lat="34.17289300" lon="-111.30243800">
<ele>1470.800</ele>
<time>2024-03-23T17:03:20Z</time>
</trkpt>
<trkpt lat="34.17290300" lon="-111.30237000">
<ele>1470.800</ele>
<time>2024-03-23T17:03:21Z</time>
</trkpt>
<trkpt lat="34.17304000" lon="-111.30180500">
<ele>1467.700</ele>
<time>2024-03-23T17:03:24Z</time>
</trkpt>
<trkpt lat="34.17305300" lon="-111.30174600">
<ele>1467.300</ele>
<time>2024-03-23T17:03:26Z</time>
</trkpt>
<trkpt lat="34.17308200" lon="-111.30155700">
<ele>1467.800</ele>
<time>2024-03-23T17:03:30Z</time>
</trkpt>
<trkpt lat="34.17308500" lon="-111.30143000">
<ele>1468.000</ele>
<time>2024-03-23T17:03:31Z</time>
</trkpt>
<trkpt lat="34.17307300" lon="-111.30129900">
<ele>1467.600</ele>
<time>2024-03-23T17:03:36Z</time>
</trkpt>
<trkpt lat="34.17303600" lon="-111.30111800">
<ele>1468.000</ele>
<time>2024-03-23T17:03:40Z</time>
</trkpt>
<trkpt lat="34.17302300" lon="-111.30105300">
<ele>1468.400</ele>
<time>2024-03-23T17:03:41Z</time>
</trkpt>
<trkpt lat="34.17294700" lon="-111.30070300">
<ele>1467.200</ele>
<time>2024-03-23T17:03:50Z</time>
</trkpt>
<trkpt lat="34.17289500" lon="-111.30051100">
<ele>1465.300</ele>
<time>2024-03-23T17:03:51Z</time>
</trkpt>
<trkpt lat="34.17288700" lon="-111.30044800">
<ele>1465.400</ele>
<time>2024-03-23T17:04:00Z</time>
</trkpt>
<trkpt lat="34.17288200" lon="-111.30039100">
<ele>1465.500</ele>
<time>2024-03-23T17:04:01Z</time>
</trkpt>
<trkpt lat="34.17286700" lon="-111.30021100">
<ele>1465.400</ele>
<time>2024-03-23T17:04:11Z</time>
</trkpt>
<trkpt lat="34.17286800" lon="-111.30008000">
<ele>1465.300</ele>
<time>2024-03-23T17:04:12Z</time>
</trkpt>
<trkpt lat="34.17290200" lon="-111.29985900">
<ele>1465.600</ele>
<time>2024-03-23T17:04:15Z</time>
</trkpt>
<trkpt lat="34.17291200" lon="-111.29981300">
<ele>1465.600</ele>
<time>2024-03-23T17:04:21Z</time>
</trkpt>
<trkpt lat="34.17296100" lon="-111.29957000">
<ele>1466.100</ele>
<time>2024-03-23T17:04:22Z</time>
</trkpt>
<trkpt lat="34.17298100" lon="-111.29935700">
<ele>1467.200</ele>
<time>2024-03-23T17:04:25Z</time>
</trkpt>
<trkpt lat="34.17298200" lon="-111.29930100">
<ele>1467.300</ele>
<time>2024-03-23T17:04:27Z</time>
</trkpt>
<trkpt lat="34.17294600" lon="-111.29870800">
<ele>1464.900</ele>
<time>2024-03-23T17:04:30Z</time>
</trkpt>
<trkpt lat="34.17294400" lon="-111.29864500">
<ele>1464.700</ele>
<time>2024-03-23T17:04:31Z</time>
</trkpt>
<trkpt lat="34.17295600" lon="-111.29806000">
<ele>1461.400</ele>
<time>2024-03-23T17:04:32Z</time>
</trkpt>
<trkpt lat="34.17294600" lon="-111.29799500">
<ele>1461.500</ele>
<time>2024-03-23T17:04:37Z</time>
</trkpt>
<trkpt lat="34.17279000" lon="-111.29745600">
<ele>1458.800</ele>
<time>2024-03-23T17:04:41Z</time>
</trkpt>
<trkpt lat="34.17277500" lon="-111.29741600">
<ele>1458.800</ele>
<time>2024-03-23T17:04:42Z</time>
</trkpt>
<trkpt lat="34.17273500" lon="-111.29725900">
<ele>1458.000</ele>
<time>2024-03-23T17:04:51Z</time>
</trkpt>
<trkpt lat="34.17268500" lon="-111.29693200">
<ele>1456.700</ele>
<time>2024-03-23T17:04:52Z</time>
</trkpt>
<trkpt lat="34.17267300" lon="-111.29687900">
<ele>1456.000</ele>
<time>2024-03-23T17:04:56Z</time>
</trkpt>
<trkpt lat="34.17260800" lon="-111.29674800">
<ele>1455.100</ele>
<time>2024-03-23T17:05:01Z</time>
</trkpt>
<trkpt lat="34.17257000" lon="-111.29663500">
<ele>1454.500</ele>
<time>2024-03-23T17:05:02Z</time>
</trkpt>
<trkpt lat="34.17253500" lon="-111.29646000">
<ele>1454.100</ele>
<time>2024-03-23T17:05:06Z</time>
</trkpt>
<trkpt lat="34.17253400" lon="-111.29640400">
<ele>1454.100</ele>
<time>2024-03-23T17:05:16Z</time>
</trkpt>
<trkpt lat="34.17253100" lon="-111.29635300">
<ele>1454.100</ele>
<time>2024-03-23T17:05:17Z</time>
</trkpt>
<trkpt lat="34.17250600" lon="-111.29608100">
<ele>1453.400</ele>
<time>2024-03-23T17:05:23Z</time>
</trkpt>
<trkpt lat="34.17251900" lon="-111.29583200">
<ele>1453.200</ele>
<time>2024-03-23T17:05:26Z</time>
</trkpt>
<trkpt lat="34.17251300" lon="-111.29577000">
<ele>1453.100</ele>
<time>2024-03-23T17:05:27Z</time>
</trkpt>
<trkpt lat="34.17240600" lon="-111.29534200">
<ele>1451.300</ele>
<time>2024-03-23T17:05:30Z</time>
</trkpt>
<trkpt lat="34.17239600" lon="-111.29528800">
<ele>1451.000</ele>
<time>2024-03-23T17:05:36Z</time>
</trkpt>
<trkpt lat="34.17234500" lon="-111.29507400">
<ele>1449.900</ele>
<time>2024-03-23T17:05:37Z</time>
</trkpt>
<trkpt lat="34.17229100" lon="-111.29476800">
<ele>1448.400</ele>
<time>2024-03-23T17:05:41Z</time>
</trkpt>
<trkpt lat="34.17227500" lon="-111.29470900">
<ele>1447.900</ele>
<time>2024-03-23T17:05:46Z</time>
</trkpt>
<trkpt lat="34.17223300" lon="-111.29446100">
<ele>1446.000</ele>
<time>2024-03-23T17:05:47Z</time>
</trkpt>
<trkpt lat="34.17221800" lon="-111.29425200">
<ele>1444.900</ele>
<time>2024-03-23T17:05:52Z</time>
</trkpt>
<trkpt lat="34.17221900" lon="-111.29422100">
<ele>1444.500</ele>
<time>2024-03-23T17:05:56Z</time>
</trkpt>
<trkpt lat="34.17222600" lon="-111.29396000">
<ele>1442.300</ele>
<time>2024-03-23T17:05:57Z</time>
</trkpt>
<trkpt lat="34.17224200" lon="-111.29379800">
<ele>1440.900</ele>
<time>2024-03-23T17:06:01Z</time>
</trkpt>
<trkpt lat="34.17225600" lon="-111.29374500">
<ele>1440.600</ele>
<time>2024-03-23T17:06:04Z</time>
</trkpt>
<trkpt lat="34.17231400" lon="-111.29360000">
<ele>1439.700</ele>
<time>2024-03-23T17:06:06Z</time>
</trkpt>
<trkpt lat="34.17248200" lon="-111.29334800">
<ele>1439.400</ele>
<time>2024-03-23T17:06:07Z</time>
</trkpt>
<trkpt lat="34.17250500" lon="-111.29331300">
<ele>1439.400</ele>
<time>2024-03-23T17:06:10Z</time>
</trkpt>
<trkpt lat="34.17261100" lon="-111.29316800">
<ele>1439.200</ele>
<time>2024-03-23T17:06:12Z</time>
</trkpt>
<trkpt lat="34.17274500" lon="-111.29295300">
<ele>1439.200</ele>
<time>2024-03-23T17:06:14Z</time>
</trkpt>
<trkpt lat="34.17277300" lon="-111.29290800">
<ele>1439.100</ele>
<time>2024-03-23T17:06:17Z</time>
</trkpt>
<trkpt lat="34.17290300" lon="-111.29268400">
<ele>1438.900</ele>
<time>2024-03-23T17:06:18Z</time>
</trkpt>
<trkpt lat="34.17292100" lon="-111.29250600">
<ele>1439.100</ele>
<time>2024-03-23T17:06:20Z</time>
</trkpt>
<trkpt lat="34.17292000" lon="-111.29246100">
<ele>1439.200</ele>
<time>2024-03-23T17:06:21Z</time>
</trkpt>
<trkpt lat="34.17288600" lon="-111.29226200">
<ele>1439.200</ele>
<time>2024-03-23T17:06:27Z</time>
</trkpt>
<trkpt lat="34.17284300" lon="-111.29211600">
<ele>1439.200</ele>
<time>2024-03-23T17:06:28Z</time>
</trkpt>
<trkpt lat="34.17279600" lon="-111.29201500">
<ele>1439.100</ele>
<time>2024-03-23T17:06:33Z</time>
</trkpt>
<trkpt lat="34.17277100" lon="-111.29196800">
<ele>1439.000</ele>
<time>2024-03-23T17:06:37Z</time>
</trkpt>
<trkpt lat="34.17268600" lon="-111.29182100">
<ele>1438.700</ele>
<time>2024-03-23T17:06:38Z</time>
</trkpt>
<trkpt lat="34.17264000" lon="-111.29169600">
<ele>1438.700</ele>
<time>2024-03-23T17:06:42Z</time>
</trkpt>
<trkpt lat="34.17260200" lon="-111.29156200">
<ele>1438.700</ele>
<time>2024-03-23T17:06:44Z</time>
</trkpt>
<trkpt lat="34.17256600" lon="-111.29135700">
<ele>1438.200</ele>
<time>2024-03-23T17:06:47Z</time>
</trkpt>
<trkpt lat="34.17256000" lon="-111.29128900">
<ele>1438.100</ele>
<time>2024-03-23T17:06:48Z</time>
</trkpt>
<trkpt lat="34.17256600" lon="-111.29114800">
<ele>1438.000</ele>
<time>2024-03-23T17:07:03Z</time>
</trkpt>
<trkpt lat="34.17257900" lon="-111.29108100">
<ele>1438.000</ele>
<time>2024-03-23T17:07:06Z</time>
</trkpt>
<trkpt lat="34.17271400" lon="-111.29068900">
<ele>1437.200</ele>
<time>2024-03-23T17:07:07Z</time>
</trkpt>
<trkpt lat="34.17273400" lon="-111.29062900">
<ele>1436.900</ele>
<time>2024-03-23T17:07:16Z</time>
</trkpt>
<trkpt lat="34.17281400" lon="-111.29035100">
<ele>1436.100</ele>
<time>2024-03-23T17:07:17Z</time>
</trkpt>
<trkpt lat="34.17284800" lon="-111.29011300">
<ele>1434.500</ele>
<time>2024-03-23T17:07:35Z</time>
</trkpt>
<trkpt lat="34.17285200" lon="-111.29004800">
<ele>1434.200</ele>
<time>2024-03-23T17:07:38Z</time>
</trkpt>
<trkpt lat="34.17286100" lon="-111.28983100">
<ele>1432.900</ele>
<time>2024-03-23T17:07:41Z</time>
</trkpt>
<trkpt lat="34.17285200" lon="-111.28976300">
<ele>1432.200</ele>
<time>2024-03-23T17:07:42Z</time>
</trkpt>
<trkpt lat="34.17282600" lon="-111.28968900">
<ele>1431.500</ele>
<time>2024-03-23T17:07:45Z</time>
</trkpt>
<trkpt lat="34.17282400" lon="-111.28967200">
<ele>1431.600</ele>
<time>2024-03-23T17:07:49Z</time>
</trkpt>
<trkpt lat="34.17280600" lon="-111.28948700">
<ele>1430.100</ele>
<time>2024-03-23T17:07:51Z</time>
</trkpt>
<trkpt lat="34.17282300" lon="-111.28934900">
<ele>1428.700</ele>
<time>2024-03-23T17:07:52Z</time>
</trkpt>
<trkpt lat="34.17282600" lon="-111.28931500">
<ele>1428.600</ele>
<time>2024-03-23T17:08:01Z</time>
</trkpt>
<trkpt lat="34.17288800" lon="-111.28888500">
<ele>1427.200</ele>
<time>2024-03-23T17:08:02Z</time>
</trkpt>
<trkpt lat="34.17289200" lon="-111.28884000">
<ele>1427.200</ele>
<time>2024-03-23T17:08:08Z</time>
</trkpt>
<trkpt lat="34.17290000" lon="-111.28875700">
<ele>1427.000</ele>
<time>2024-03-23T17:08:11Z</time>
</trkpt>
<trkpt lat="34.17292000" lon="-111.28869100">
<ele>1426.900</ele>
<time>2024-03-23T17:08:12Z</time>
</trkpt>
<trkpt lat="34.17289600" lon="-111.28859800">
<ele>1426.800</ele>
<time>2024-03-23T17:08:18Z</time>
</trkpt>
<trkpt lat="34.17288400" lon="-111.28856000">
<ele>1426.900</ele>
<time>2024-03-23T17:08:21Z</time>
</trkpt>
<trkpt lat="34.17285500" lon="-111.28840200">
<ele>1426.600</ele>
<time>2024-03-23T17:08:22Z</time>
</trkpt>
<trkpt lat="34.17284200" lon="-111.28822900">
<ele>1426.700</ele>
<time>2024-03-23T17:08:24Z</time>
</trkpt>
<trkpt lat="34.17282200" lon="-111.28815400">
<ele>1426.700</ele>
<time>2024-03-23T17:08:26Z</time>
</trkpt>
<trkpt lat="34.17281500" lon="-111.28812800">
<ele>1426.700</ele>
<time>2024-03-23T17:08:28Z</time>
</trkpt>
<trkpt lat="34.17271000" lon="-111.28775200">
<ele>1426.600</ele>
<time>2024-03-23T17:08:31Z</time>
</trkpt>
<trkpt lat="34.17269300" lon="-111.28770300">
<ele>1426.600</ele>
<time>2024-03-23T17:08:32Z</time>
</trkpt>
<trkpt lat="34.17257300" lon="-111.28748400">
<ele>1426.600</ele>
<time>2024-03-23T17:08:39Z</time>
</trkpt>
<trkpt lat="34.17252300" lon="-111.28736700">
<ele>1426.600</ele>
<time>2024-03-23T17:08:42Z</time>
</trkpt>
<trkpt lat="34.17252300" lon="-111.28736700">
<ele>1426.600</ele>
<time>2024-03-23T17:08:43Z</time>
</trkpt>
<trkpt lat="34.17245500" lon="-111.28720700">
<ele>1426.900</ele>
<time>2024-03-23T17:08:46Z</time>
</trkpt>
<trkpt lat="34.17245000" lon="-111.28710500">
<ele>1426.900</ele>
<time>2024-03-23T17:08:52Z</time>
</trkpt>
<trkpt lat="34.17245000" lon="-111.28706400">
<ele>1426.900</ele>
<time>2024-03-23T17:08:53Z</time>
</trkpt>
<trkpt lat="34.17243500" lon="-111.28698400">
<ele>1426.900</ele>
<time>2024-03-23T17:08:58Z</time>
</trkpt>
<trkpt lat="34.17240200" lon="-111.28691900">
<ele>1427.000</ele>
<time>2024-03-23T17:09:02Z</time>
</trkpt>
<trkpt lat="34.17236400" lon="-111.28687200">
<ele>1427.100</ele>
<time>2024-03-23T17:09:03Z</time>
</trkpt>
<trkpt lat="34.17228200" lon="-111.28681200">
<ele>1427.400</ele>
<time>2024-03-23T17:09:10Z</time>
</trkpt>
<trkpt lat="34.17224700" lon="-111.28679200">
<ele>1427.300</ele>
<time>2024-03-23T17:09:11Z</time>
</trkpt>
<trkpt lat="34.17209900" lon="-111.28672800">
<ele>1427.600</ele>
<time>2024-03-23T17:09:13Z</time>
</trkpt>
<trkpt lat="34.17197500" lon="-111.28663200">
<ele>1428.700</ele>
<time>2024-03-23T17:09:14Z</time>
</trkpt>
<trkpt lat="34.17193600" lon="-111.28658800">
<ele>1429.400</ele>
<time>2024-03-23T17:09:16Z</time>
</trkpt>
<trkpt lat="34.17181000" lon="-111.28646700">
<ele>1431.600</ele>
<time>2024-03-23T17:09:19Z</time>
</trkpt>
<trkpt lat="34.17149500" lon="-111.28628400">
<ele>1434.900</ele>
<time>2024-03-23T17:09:21Z</time>
</trkpt>
<trkpt lat="34.17144700" lon="-111.28624600">
<ele>1435.600</ele>
<time>2024-03-23T17:09:23Z</time>
</trkpt>
<trkpt lat="34.17120600" lon="-111.28602700">
<ele>1438.000</ele>
<time>2024-03-23T17:09:24Z</time>
</trkpt>
<trkpt lat="34.17106100" lon="-111.28582600">
<ele>1439.200</ele>
<time>2024-03-23T17:09:27Z</time>
</trkpt>
<trkpt lat="34.17102400" lon="-111.28577400">
<ele>1439.200</ele>
<time>2024-03-23T17:09:33Z</time>
</trkpt>
<trkpt lat="34.17076500" lon="-111.28545900">
<ele>1440.500</ele>
<time>2024-03-23T17:09:34Z</time>
</trkpt>
<trkpt lat="34.17072600" lon="-111.28543200">
<ele>1441.100</ele>
<time>2024-03-23T17:09:35Z</time>
</trkpt>
<trkpt lat="34.17064600" lon="-111.28541300">
<ele>1441.100</ele>
<time>2024-03-23T17:09:36Z</time>
</trkpt>
<trkpt lat="34.17059500" lon="-111.28541300">
<ele>1441.200</ele>
<time>2024-03-23T17:09:41Z</time>
</trkpt>
<trkpt lat="34.17050200" lon="-111.28544700">
<ele>1442.300</ele>
<time>2024-03-23T17:09:43Z</time>
</trkpt>
<trkpt lat="34.17036400" lon="-111.28552600">
<ele>1442.500</ele>
<time>2024-03-23T17:09:44Z</time>
</trkpt>
<trkpt lat="34.17028900" lon="-111.28558500">
<ele>1442.700</ele>
<time>2024-03-23T17:09:46Z</time>
</trkpt>
<trkpt lat="34.17022100" lon="-111.28566000">
<ele>1443.600</ele>
<time>2024-03-23T17:09:51Z</time>
</trkpt>
<trkpt lat="34.17017900" lon="-111.28568600">
<ele>1444.000</ele>
<time>2024-03-23T17:09:53Z</time>
</trkpt>
<trkpt lat="34.17004500" lon="-111.28572800">
<ele>1445.800</ele>
<time>2024-03-23T17:09:54Z</time>
</trkpt>
<trkpt lat="34.16976800" lon="-111.28575800">
<ele>1448.900</ele>
<time>2024-03-23T17:10:03Z</time>
</trkpt>
<trkpt lat="34.16971900" lon="-111.28576800">
<ele>1449.200</ele>
<time>2024-03-23T17:10:04Z</time>
</trkpt>
<trkpt lat="34.16967300" lon="-111.28577900">
<ele>1449.400</ele>
<time>2024-03-23T17:10:14Z</time>
</trkpt>
<trkpt lat="34.16963200" lon="-111.28580300">
<ele>1449.600</ele>
<time>2024-03-23T17:10:15Z</time>
</trkpt>
<trkpt lat="34.16943300" lon="-111.28595900">
<ele>1451.100</ele>
<time>2024-03-23T17:10:57Z</time>
</trkpt>
<trkpt lat="34.16933100" lon="-111.28598500">
<ele>1451.400</ele>
<time>2024-03-23T17:10:59Z</time>
</trkpt>
<trkpt lat="34.16928400" lon="-111.28599100">
<ele>1451.500</ele>
<time>2024-03-23T17:11:00Z</time>
</trkpt>
<trkpt lat="34.16918200" lon="-111.28599400">
<ele>1451.700</ele>
<time>2024-03-23T17:11:03Z</time>
</trkpt>
<trkpt lat="34.16897200" lon="-111.28602100">
<ele>1451.900</ele>
<time>2024-03-23T17:11:09Z</time>
</trkpt>
<trkpt lat="34.16892200" lon="-111.28601700">
<ele>1451.800</ele>
<time>2024-03-23T17:11:10Z</time>
</trkpt>
<trkpt lat="34.16890800" lon="-111.28601400">
<ele>1451.800</ele>
<time>2024-03-23T17:11:13Z</time>
</trkpt>
<trkpt lat="34.16866800" lon="-111.28595800">
<ele>1450.700</ele>
<time>2024-03-23T17:11:16Z</time>
</trkpt>
<trkpt lat="34.16864000" lon="-111.28595300">
<ele>1450.700</ele>
<time>2024-03-23T17:11:19Z</time>
</trkpt>
<trkpt lat="34.16826400" lon="-111.28590900">
<ele>1448.500</ele>
<time>2024-03-23T17:11:20Z</time>
</trkpt>
<trkpt lat="34.16823800" lon="-111.28590000">
<ele>1448.700</ele>
<time>2024-03-23T17:11:31Z</time>
</trkpt>
<trkpt lat="34.16803600" lon="-111.28583700">
<ele>1446.000</ele>
<time>2024-03-23T17:11:32Z</time>
</trkpt>
<trkpt lat="34.16795000" lon="-111.28582600">
<ele>1446.300</ele>
<time>2024-03-23T17:12:02Z</time>
</trkpt>
<trkpt lat="34.16789800" lon="-111.28581900">
<ele>1446.300</ele>
<time>2024-03-23T17:12:03Z</time>
</trkpt>
<trkpt lat="34.16775500" lon="-111.28579600">
<ele>1444.000</ele>
<time>2024-03-23T17:12:13Z</time>
</trkpt>
<trkpt lat="34.16751400" lon="-111.28577700">
<ele>1438.300</ele>
<time>2024-03-23T17:12:15Z</time>
</trkpt>
<trkpt lat="34.16748200" lon="-111.28577800">
<ele>1437.600</ele>
<time>2024-03-23T17:12:16Z</time>
</trkpt>
<trkpt lat="34.16737900" lon="-111.28578000">
<ele>1436.800</ele>
<time>2024-03-23T17:12:18Z</time>
</trkpt>
<trkpt lat="34.16725800" lon="-111.28576900">
<ele>1436.800</ele>
<time>2024-03-23T17:12:20Z</time>
</trkpt>
<trkpt lat="34.16717600" lon="-111.28578200">
<ele>1437.000</ele>
<time>2024-03-23T17:12:22Z</time>
</trkpt>
<trkpt lat="34.16714900" lon="-111.28578700">
<ele>1437.000</ele>
<time>2024-03-23T17:12:43Z</time>
</trkpt>
<trkpt lat="34.16688400" lon="-111.28582600">
<ele>1438.100</ele>
<time>2024-03-23T17:12:44Z</time>
</trkpt>
<trkpt lat="34.16684400" lon="-111.28583000">
<ele>1437.900</ele>
<time>2024-03-23T17:12:47Z</time>
</trkpt>
<trkpt lat="34.16659900" lon="-111.28582800">
<ele>1436.100</ele>
<time>2024-03-23T17:12:51Z</time>
</trkpt>
<trkpt lat="34.16657000" lon="-111.28582800">
<ele>1436.000</ele>
<time>2024-03-23T17:12:52Z</time>
</trkpt>
<trkpt lat="34.16640600" lon="-111.28581700">
<ele>1434.000</ele>
<time>2024-03-23T17:12:53Z</time>
</trkpt>
<trkpt lat="34.16634800" lon="-111.28582900">
<ele>1432.600</ele>
<time>2024-03-23T17:12:54Z</time>
</trkpt>
<trkpt lat="34.16631200" lon="-111.28584800">
<ele>1432.600</ele>
<time>2024-03-23T17:12:56Z</time>
</trkpt>
<trkpt lat="34.16625700" lon="-111.28589900">
<ele>1432.200</ele>
<time>2024-03-23T17:12:57Z</time>
</trkpt>
<trkpt lat="34.16620400" lon="-111.28599500">
<ele>1430.800</ele>
<time>2024-03-23T17:13:03Z</time>
</trkpt>
<trkpt lat="34.16616900" lon="-111.28611000">
<ele>1430.600</ele>
<time>2024-03-23T17:13:04Z</time>
</trkpt>
<trkpt lat="34.16615800" lon="-111.28619900">
<ele>1430.800</ele>
<time>2024-03-23T17:13:05Z</time>
</trkpt>
<trkpt lat="34.16615200" lon="-111.28622900">
<ele>1430.800</ele>
<time>2024-03-23T17:13:07Z</time>
</trkpt>
<trkpt lat="34.16610900" lon="-111.28638300">
<ele>1427.900</ele>
<time>2024-03-23T17:13:09Z</time>
</trkpt>
<trkpt lat="34.16599100" lon="-111.28658800">
<ele>1423.700</ele>
<time>2024-03-23T17:13:11Z</time>
</trkpt>
<trkpt lat="34.16597300" lon="-111.28665500">
<ele>1422.900</ele>
<time>2024-03-23T17:13:14Z</time>
</trkpt>
<trkpt lat="34.16596700" lon="-111.28672600">
<ele>1421.500</ele>
<time>2024-03-23T17:13:15Z</time>
</trkpt>
<trkpt lat="34.16596900" lon="-111.28679100">
<ele>1420.000</ele>
<time>2024-03-23T17:13:18Z</time>
</trkpt>
<trkpt lat="34.16599400" lon="-111.28692000">
<ele>1418.400</ele>
<time>2024-03-23T17:13:24Z</time>
</trkpt>
<trkpt lat="34.16601700" lon="-111.28697500">
<ele>1418.400</ele>
<time>2024-03-23T17:13:25Z</time>
</trkpt>
<trkpt lat="34.16624900" lon="-111.28729000">
<ele>1419.800</ele>
<time>2024-03-23T17:13:28Z</time>
</trkpt>
<trkpt lat="34.16628600" lon="-111.28734600">
<ele>1420.000</ele>
<time>2024-03-23T17:13:30Z</time>
</trkpt>
<trkpt lat="34.16631400" lon="-111.28740400">
<ele>1421.100</ele>
<time>2024-03-23T17:13:32Z</time>
</trkpt>
<trkpt lat="34.16635000" lon="-111.28751800">
<ele>1422.300</ele>
<time>2024-03-23T17:13:33Z</time>
</trkpt>
<trkpt lat="34.16635800" lon="-111.28763600">
<ele>1422.100</ele>
<time>2024-03-23T17:13:34Z</time>
</trkpt>
<trkpt lat="34.16634700" lon="-111.28773200">
<ele>1421.800</ele>
<time>2024-03-23T17:13:35Z</time>
</trkpt>
<trkpt lat="34.16627800" lon="-111.28788100">
<ele>1418.500</ele>
<time>2024-03-23T17:13:37Z</time>
</trkpt>
<trkpt lat="34.16625100" lon="-111.28791200">
<ele>1417.000</ele>
<time>2024-03-23T17:13:38Z</time>
</trkpt>
<trkpt lat="34.16616100" lon="-111.28796500">
<ele>1414.400</ele>
<time>2024-03-23T17:13:40Z</time>
</trkpt>
<trkpt lat="34.16591500" lon="-111.28813800">
<ele>1408.200</ele>
<time>2024-03-23T17:13:42Z</time>
</trkpt>
<trkpt lat="34.16587200" lon="-111.28817500">
<ele>1408.300</ele>
<time>2024-03-23T17:13:44Z</time>
</trkpt>
<trkpt lat="34.16574000" lon="-111.28829100">
<ele>1411.100</ele>
<time>2024-03-23T17:13:45Z</time>
</trkpt>
<trkpt lat="34.16563000" lon="-111.28836400">
<ele>1412.000</ele>
<time>2024-03-23T17:13:50Z</time>
</trkpt>
<trkpt lat="34.16551000" lon="-111.28839800">
<ele>1412.100</ele>
<time>2024-03-23T17:13:54Z</time>
</trkpt>
<trkpt lat="34.16545300" lon="-111.28840400">
<ele>1411.700</ele>
<time>2024-03-23T17:13:55Z</time>
</trkpt>
<trkpt lat="34.16539200" lon="-111.28839700">
<ele>1411.000</ele>
<time>2024-03-23T17:14:00Z</time>
</trkpt>
<trkpt lat="34.16533000" lon="-111.28839100">
<ele>1410.300</ele>
<time>2024-03-23T17:14:01Z</time>
</trkpt>
<trkpt lat="34.16520200" lon="-111.28838100">
<ele>1409.200</ele>
<time>2024-03-23T17:14:03Z</time>
</trkpt>
<trkpt lat="34.16514700" lon="-111.28839300">
<ele>1408.300</ele>
<time>2024-03-23T17:14:04Z</time>
</trkpt>
<trkpt lat="34.16505400" lon="-111.28845100">
<ele>1408.000</ele>
<time>2024-03-23T17:14:05Z</time>
</trkpt>
<trkpt lat="34.16500100" lon="-111.28855200">
<ele>1408.800</ele>
<time>2024-03-23T17:14:06Z</time>
</trkpt>
<trkpt lat="34.16498200" lon="-111.28868900">
<ele>1410.000</ele>
<time>2024-03-23T17:14:07Z</time>
</trkpt>
<trkpt lat="34.16497600" lon="-111.28875200">
<ele>1409.400</ele>
<time>2024-03-23T17:14:10Z</time>
</trkpt>
<trkpt lat="34.16496000" lon="-111.28903400">
<ele>1408.800</ele>
<time>2024-03-23T17:14:13Z</time>
</trkpt>
<trkpt lat="34.16499800" lon="-111.28930600">
<ele>1405.100</ele>
<time>2024-03-23T17:14:14Z</time>
</trkpt>
<trkpt lat="34.16500300" lon="-111.28937100">
<ele>1402.300</ele>
<time>2024-03-23T17:14:15Z</time>
</trkpt>
<trkpt lat="34.16493500" lon="-111.28968700">
<ele>1396.000</ele>
<time>2024-03-23T17:14:16Z</time>
</trkpt>
<trkpt lat="34.16493200" lon="-111.28974000">
<ele>1396.400</ele>
<time>2024-03-23T17:14:17Z</time>
</trkpt>
<trkpt lat="34.16495300" lon="-111.28985900">
<ele>1399.200</ele>
<time>2024-03-23T17:14:21Z</time>
</trkpt>
<trkpt lat="34.16495100" lon="-111.28991600">
<ele>1399.500</ele>
<time>2024-03-23T17:14:23Z</time>
</trkpt>
<trkpt lat="34.16493200" lon="-111.28997300">
<ele>1397.800</ele>
<time>2024-03-23T17:14:24Z</time>
</trkpt>
<trkpt lat="34.16491000" lon="-111.29003100">
<ele>1397.800</ele>
<time>2024-03-23T17:14:25Z</time>
</trkpt>
<trkpt lat="34.16489900" lon="-111.29010100">
<ele>1395.800</ele>
<time>2024-03-23T17:14:27Z</time>
</trkpt>
<trkpt lat="34.16490400" lon="-111.29030700">
<ele>1394.300</ele>
<time>2024-03-23T17:14:28Z</time>
</trkpt>
<trkpt lat="34.16493400" lon="-111.29050700">
<ele>1395.800</ele>
<time>2024-03-23T17:14:29Z</time>
</trkpt>
<trkpt lat="34.16495800" lon="-111.29056300">
<ele>1396.700</ele>
<time>2024-03-23T17:14:31Z</time>
</trkpt>
<trkpt lat="34.16498400" lon="-111.29060800">
<ele>1397.300</ele>
<time>2024-03-23T17:14:32Z</time>
</trkpt>
<trkpt lat="34.16499500" lon="-111.29064400">
<ele>1397.300</ele>
<time>2024-03-23T17:14:34Z</time>
</trkpt>
<trkpt lat="34.16499300" lon="-111.29067300">
<ele>1397.400</ele>
<time>2024-03-23T17:14:35Z</time>
</trkpt>
<trkpt lat="34.16492700" lon="-111.29072600">
<ele>1397.400</ele>
<time>2024-03-23T17:14:41Z</time>
</trkpt>
<trkpt lat="34.16487900" lon="-111.29074000">
<ele>1398.200</ele>
<time>2024-03-23T17:14:43Z</time>
</trkpt>
<trkpt lat="34.16484600" lon="-111.29073000">
<ele>1397.300</ele>
<time>2024-03-23T17:14:44Z</time>
</trkpt>
<trkpt lat="34.16479600" lon="-111.29071200">
<ele>1397.500</ele>
<time>2024-03-23T17:14:45Z</time>
</trkpt>
<trkpt lat="34.16468300" lon="-111.29066900">
<ele>1397.300</ele>
<time>2024-03-23T17:14:54Z</time>
</trkpt>
<trkpt lat="34.16462900" lon="-111.29063700">
<ele>1396.300</ele>
<time>2024-03-23T17:14:55Z</time>
</trkpt>
<trkpt lat="34.16458600" lon="-111.29059100">
<ele>1395.800</ele>
<time>2024-03-23T17:14:57Z</time>
</trkpt>
<trkpt lat="34.16452300" lon="-111.29047600">
<ele>1393.600</ele>
<time>2024-03-23T17:15:04Z</time>
</trkpt>
<trkpt lat="34.16450300" lon="-111.29040500">
<ele>1392.100</ele>
<time>2024-03-23T17:15:05Z</time>
</trkpt>
<trkpt lat="34.16448400" lon="-111.29026200">
<ele>1389.800</ele>
<time>2024-03-23T17:15:07Z</time>
</trkpt>
<trkpt lat="34.16445300" lon="-111.29020300">
<ele>1388.900</ele>
<time>2024-03-23T17:15:10Z</time>
</trkpt>
<trkpt lat="34.16421400" lon="-111.28990100">
<ele>1386.000</ele>
<time>2024-03-23T17:15:12Z</time>
</trkpt>
<trkpt lat="34.16415700" lon="-111.28981100">
<ele>1385.900</ele>
<time>2024-03-23T17:15:14Z</time>
</trkpt>
<trkpt lat="34.16413200" lon="-111.28975300">
<ele>1385.000</ele>
<time>2024-03-23T17:15:15Z</time>
</trkpt>
<trkpt lat="34.16410500" lon="-111.28969100">
<ele>1384.200</ele>
<time>2024-03-23T17:15:19Z</time>
</trkpt>
<trkpt lat="34.16386100" lon="-111.28922600">
<ele>1383.300</ele>
<time>2024-03-23T17:15:23Z</time>
</trkpt>
<trkpt lat="34.16384100" lon="-111.28918900">
<ele>1384.200</ele>
<time>2024-03-23T17:15:24Z</time>
</trkpt>
<trkpt lat="34.16379900" lon="-111.28913200">
<ele>1384.100</ele>
<time>2024-03-23T17:15:25Z</time>
</trkpt>
<trkpt lat="34.16362200" lon="-111.28895900">
<ele>1383.200</ele>
<time>2024-03-23T17:15:26Z</time>
</trkpt>
<trkpt lat="34.16359500" lon="-111.28893600">
<ele>1383.200</ele>
<time>2024-03-23T17:15:27Z</time>
</trkpt>
<trkpt lat="34.16352000" lon="-111.28889300">
<ele>1381.400</ele>
<time>2024-03-23T17:15:31Z</time>
</trkpt>
<trkpt lat="34.16335300" lon="-111.28884300">
<ele>1377.200</ele>
<time>2024-03-23T17:15:34Z</time>
</trkpt>
<trkpt lat="34.16323700" lon="-111.28883800">
<ele>1375.900</ele>
<time>2024-03-23T17:15:35Z</time>
</trkpt>
<trkpt lat="34.16313600" lon="-111.28885000">
<ele>1376.100</ele>
<time>2024-03-23T17:15:38Z</time>
</trkpt>
<trkpt lat="34.16308900" lon="-111.28886100">
<ele>1375.300</ele>
<time>2024-03-23T17:15:41Z</time>
</trkpt>
<trkpt lat="34.16287400" lon="-111.28892700">
<ele>1375.600</ele>
<time>2024-03-23T17:15:44Z</time>
</trkpt>
<trkpt lat="34.16260900" lon="-111.28895900">
<ele>1375.800</ele>
<time>2024-03-23T17:15:45Z</time>
</trkpt>
<trkpt lat="34.16255700" lon="-111.28895600">
<ele>1375.900</ele>
<time>2024-03-23T17:15:46Z</time>
</trkpt>
<trkpt lat="34.16251700" lon="-111.28892800">
<ele>1375.300</ele>
<time>2024-03-23T17:15:49Z</time>
</trkpt>
<trkpt lat="34.16250100" lon="-111.28888600">
<ele>1374.600</ele>
<time>2024-03-23T17:15:52Z</time>
</trkpt>
<trkpt lat="34.16251100" lon="-111.28883700">
<ele>1374.000</ele>
<time>2024-03-23T17:15:54Z</time>
</trkpt>
<trkpt lat="34.16262300" lon="-111.28863000">
<ele>1369.400</ele>
<time>2024-03-23T17:15:55Z</time>
</trkpt>
<trkpt lat="34.16264100" lon="-111.28843500">
<ele>1366.900</ele>
<time>2024-03-23T17:15:56Z</time>
</trkpt>
<trkpt lat="34.16264400" lon="-111.28835900">
<ele>1367.100</ele>
<time>2024-03-23T17:15:57Z</time>
</trkpt>
<trkpt lat="34.16268500" lon="-111.28813500">
<ele>1367.400</ele>
<time>2024-03-23T17:15:58Z</time>
</trkpt>
<trkpt lat="34.16271000" lon="-111.28786500">
<ele>1367.500</ele>
<time>2024-03-23T17:16:01Z</time>
</trkpt>
<trkpt lat="34.16274800" lon="-111.28763600">
<ele>1365.600</ele>
<time>2024-03-23T17:16:02Z</time>
</trkpt>
<trkpt lat="34.16275800" lon="-111.28757600">
<ele>1365.200</ele>
<time>2024-03-23T17:16:03Z</time>
</trkpt>
<trkpt lat="34.16276200" lon="-111.28750200">
<ele>1364.700</ele>
<time>2024-03-23T17:16:04Z</time>
</trkpt>
<trkpt lat="34.16273500" lon="-111.28729200">
<ele>1365.900</ele>
<time>2024-03-23T17:16:05Z</time>
</trkpt>
<trkpt lat="34.16268300" lon="-111.28707400">
<ele>1366.400</ele>
<time>2024-03-23T17:16:07Z</time>
</trkpt>
<trkpt lat="34.16267700" lon="-111.28692100">
<ele>1364.900</ele>
<time>2024-03-23T17:16:09Z</time>
</trkpt>
<trkpt lat="34.16266500" lon="-111.28684200">
<ele>1364.400</ele>
<time>2024-03-23T17:16:12Z</time>
</trkpt>
<trkpt lat="34.16263300" lon="-111.28676400">
<ele>1363.700</ele>
<time>2024-03-23T17:16:13Z</time>
</trkpt>
<trkpt lat="34.16258900" lon="-111.28669000">
<ele>1362.800</ele>
<time>2024-03-23T17:16:14Z</time>
</trkpt>
<trkpt lat="34.16253600" lon="-111.28663200">
<ele>1362.500</ele>
<time>2024-03-23T17:16:15Z</time>
</trkpt>
<trkpt lat="34.16235100" lon="-111.28652600">
<ele>1364.000</ele>
<time>2024-03-23T17:16:18Z</time>
</trkpt>
<trkpt lat="34.16230500" lon="-111.28647700">
<ele>1363.700</ele>
<time>2024-03-23T17:16:20Z</time>
</trkpt>
<trkpt lat="34.16227800" lon="-111.28641500">
<ele>1363.700</ele>
<time>2024-03-23T17:16:22Z</time>
</trkpt>
<trkpt lat="34.16227400" lon="-111.28634700">
<ele>1363.200</ele>
<time>2024-03-23T17:16:24Z</time>
</trkpt>
<trkpt lat="34.16228600" lon="-111.28628200">
<ele>1362.100</ele>
<time>2024-03-23T17:16:25Z</time>
</trkpt>
<trkpt lat="34.16233300" lon="-111.28613600">
<ele>1360.400</ele>
<time>2024-03-23T17:16:31Z</time>
</trkpt>
<trkpt lat="34.16236100" lon="-111.28597200">
<ele>1359.500</ele>
<time>2024-03-23T17:16:34Z</time>
</trkpt>
<trkpt lat="34.16236400" lon="-111.28572000">
<ele>1361.600</ele>
<time>2024-03-23T17:16:35Z</time>
</trkpt>
<trkpt lat="34.16234800" lon="-111.28564000">
<ele>1363.100</ele>
<time>2024-03-23T17:16:37Z</time>
</trkpt>
<trkpt lat="34.16231600" lon="-111.28556400">
<ele>1364.000</ele>
<time>2024-03-23T17:16:38Z</time>
</trkpt>
<trkpt lat="34.16227500" lon="-111.28549500">
<ele>1365.900</ele>
<time>2024-03-23T17:16:39Z</time>
</trkpt>
<trkpt lat="34.16214700" lon="-111.28535500">
<ele>1368.200</ele>
<time>2024-03-23T17:16:40Z</time>
</trkpt>
<trkpt lat="34.16205100" lon="-111.28527300">
<ele>1369.600</ele>
<time>2024-03-23T17:17:06Z</time>
</trkpt>
<trkpt lat="34.16194000" lon="-111.28518900">
<ele>1370.600</ele>
<time>2024-03-23T17:17:07Z</time>
</trkpt>
<trkpt lat="34.16181600" lon="-111.28511800">
<ele>1372.200</ele>
<time>2024-03-23T17:17:10Z</time>
</trkpt>
<trkpt lat="34.16175000" lon="-111.28508900">
<ele>1372.000</ele>
<time>2024-03-23T17:29:07Z</time>
</trkpt>
<trkpt lat="34.16135800" lon="-111.28497100">
<ele>1375.000</ele>
<time>2024-03-23T17:29:08Z</time>
</trkpt>
<trkpt lat="34.16117600" lon="-111.28490400">
<ele>1376.200</ele>
<time>2024-03-23T17:29:12Z</time>
</trkpt>
<trkpt lat="34.16111100" lon="-111.28488000">
<ele>1376.100</ele>
<time>2024-03-23T17:29:13Z</time>
</trkpt>
<trkpt lat="34.16097900" lon="-111.28483900">
<ele>1377.000</ele>
<time>2024-03-23T17:29:15Z</time>
</trkpt>
<trkpt lat="34.16092200" lon="-111.28483800">
<ele>1377.100</ele>
<time>2024-03-23T17:29:17Z</time>
</trkpt>
<trkpt lat="34.16088000" lon="-111.28485200">
<ele>1377.100</ele>
<time>2024-03-23T17:29:18Z</time>
</trkpt>
<trkpt lat="34.16085200" lon="-111.28487200">
<ele>1376.900</ele>
<time>2024-03-23T17:29:23Z</time>
</trkpt>
<trkpt lat="34.16078500" lon="-111.28499400">
<ele>1376.400</ele>
<time>2024-03-23T17:29:25Z</time>
</trkpt>
<trkpt lat="34.16075400" lon="-111.28503200">
<ele>1376.600</ele>
<time>2024-03-23T17:29:27Z</time>
</trkpt>
<trkpt lat="34.16065700" lon="-111.28514700">
<ele>1375.500</ele>
<time>2024-03-23T17:29:28Z</time>
</trkpt>
<trkpt lat="34.16058900" lon="-111.28536400">
<ele>1375.000</ele>
<time>2024-03-23T17:29:29Z</time>
</trkpt>
<trkpt lat="34.16058300" lon="-111.28542300">
<ele>1375.000</ele>
<time>2024-03-23T17:29:30Z</time>
</trkpt>
<trkpt lat="34.16060900" lon="-111.28563400">
<ele>1373.400</ele>
<time>2024-03-23T17:29:33Z</time>
</trkpt>
<trkpt lat="34.16060500" lon="-111.28567900">
<ele>1373.100</ele>
<time>2024-03-23T17:29:35Z</time>
</trkpt>
<trkpt lat="34.16056300" lon="-111.28576600">
<ele>1372.000</ele>
<time>2024-03-23T17:29:37Z</time>
</trkpt>
<trkpt lat="34.16050700" lon="-111.28583100">
<ele>1371.200</ele>
<time>2024-03-23T17:29:38Z</time>
</trkpt>
<trkpt lat="34.16047000" lon="-111.28586100">
<ele>1370.500</ele>
<time>2024-03-23T17:29:44Z</time>
</trkpt>
<trkpt lat="34.16030700" lon="-111.28603400">
<ele>1369.700</ele>
<time>2024-03-23T17:29:45Z</time>
</trkpt>
<trkpt lat="34.16022000" lon="-111.28610400">
<ele>1369.300</ele>
<time>2024-03-23T17:29:47Z</time>
</trkpt>
<trkpt lat="34.16013200" lon="-111.28615800">
<ele>1368.700</ele>
<time>2024-03-23T17:29:48Z</time>
</trkpt>
<trkpt lat="34.16008500" lon="-111.28618100">
<ele>1368.000</ele>
<time>2024-03-23T17:29:49Z</time>
</trkpt>
<trkpt lat="34.16003100" lon="-111.28620500">
<ele>1367.100</ele>
<time>2024-03-23T17:29:52Z</time>
</trkpt>
<trkpt lat="34.15996400" lon="-111.28620800">
<ele>1365.200</ele>
<time>2024-03-23T17:29:53Z</time>
</trkpt>
<trkpt lat="34.15977800" lon="-111.28617600">
<ele>1361.400</ele>
<time>2024-03-23T17:29:54Z</time>
</trkpt>
<trkpt lat="34.15966500" lon="-111.28617000">
<ele>1360.900</ele>
<time>2024-03-23T17:29:55Z</time>
</trkpt>
<trkpt lat="34.15956100" lon="-111.28617700">
<ele>1360.000</ele>
<time>2024-03-23T17:29:57Z</time>
</trkpt>
<trkpt lat="34.15951200" lon="-111.28619000">
<ele>1361.000</ele>
<time>2024-03-23T17:29:58Z</time>
</trkpt>
<trkpt lat="34.15926500" lon="-111.28627800">
<ele>1358.300</ele>
<time>2024-03-23T17:30:01Z</time>
</trkpt>
<trkpt lat="34.15921400" lon="-111.28630100">
<ele>1356.500</ele>
<time>2024-03-23T17:30:04Z</time>
</trkpt>
<trkpt lat="34.15912000" lon="-111.28636300">
<ele>1355.300</ele>
<time>2024-03-23T17:30:05Z</time>
</trkpt>
<trkpt lat="34.15906800" lon="-111.28640300">
<ele>1353.500</ele>
<time>2024-03-23T17:30:07Z</time>
</trkpt>
<trkpt lat="34.15902300" lon="-111.28644800">
<ele>1352.700</ele>
<time>2024-03-23T17:30:08Z</time>
</trkpt>
<trkpt lat="34.15891200" lon="-111.28661600">
<ele>1352.100</ele>
<time>2024-03-23T17:30:09Z</time>
</trkpt>
<trkpt lat="34.15887200" lon="-111.28665200">
<ele>1352.000</ele>
<time>2024-03-23T17:30:10Z</time>
</trkpt>
<trkpt lat="34.15882800" lon="-111.28666000">
<ele>1352.400</ele>
<time>2024-03-23T17:30:12Z</time>
</trkpt>
<trkpt lat="34.15877400" lon="-111.28665600">
<ele>1352.300</ele>
<time>2024-03-23T17:30:15Z</time>
</trkpt>
<trkpt lat="34.15863800" lon="-111.28662600">
<ele>1350.000</ele>
<time>2024-03-23T17:30:17Z</time>
</trkpt>
<trkpt lat="34.15857600" lon="-111.28661800">
<ele>1348.800</ele>
<time>2024-03-23T17:30:18Z</time>
</trkpt>
<trkpt lat="34.15836200" lon="-111.28663100">
<ele>1345.700</ele>
<time>2024-03-23T17:30:19Z</time>
</trkpt>
<trkpt lat="34.15818800" lon="-111.28665300">
<ele>1344.000</ele>
<time>2024-03-23T17:30:20Z</time>
</trkpt>
<trkpt lat="34.15814400" lon="-111.28667800">
<ele>1343.800</ele>
<time>2024-03-23T17:30:21Z</time>
</trkpt>
<trkpt lat="34.15808600" lon="-111.28677800">
<ele>1342.700</ele>
<time>2024-03-23T17:30:23Z</time>
</trkpt>
<trkpt lat="34.15805900" lon="-111.28683800">
<ele>1342.200</ele>
<time>2024-03-23T17:30:25Z</time>
</trkpt>
<trkpt lat="34.15803100" lon="-111.28690400">
<ele>1341.300</ele>
<time>2024-03-23T17:30:27Z</time>
</trkpt>
<trkpt lat="34.15801700" lon="-111.28696900">
<ele>1339.700</ele>
<time>2024-03-23T17:30:28Z</time>
</trkpt>
<trkpt lat="34.15800100" lon="-111.28710500">
<ele>1338.900</ele>
<time>2024-03-23T17:30:34Z</time>
</trkpt>
<trkpt lat="34.15796200" lon="-111.28727400">
<ele>1338.500</ele>
<time>2024-03-23T17:30:36Z</time>
</trkpt>
<trkpt lat="34.15796100" lon="-111.28738500">
<ele>1338.700</ele>
<time>2024-03-23T17:30:37Z</time>
</trkpt>
<trkpt lat="34.15795700" lon="-111.28743800">
<ele>1338.800</ele>
<time>2024-03-23T17:30:38Z</time>
</trkpt>
<trkpt lat="34.15794000" lon="-111.28748000">
<ele>1338.500</ele>
<time>2024-03-23T17:30:47Z</time>
</trkpt>
<trkpt lat="34.15790900" lon="-111.28750300">
<ele>1338.200</ele>
<time>2024-03-23T17:30:48Z</time>
</trkpt>
<trkpt lat="34.15787000" lon="-111.28749200">
<ele>1338.100</ele>
<time>2024-03-23T17:30:53Z</time>
</trkpt>
<trkpt lat="34.15780100" lon="-111.28743100">
<ele>1338.100</ele>
<time>2024-03-23T17:30:55Z</time>
</trkpt>
<trkpt lat="34.15776500" lon="-111.28732400">
<ele>1338.400</ele>
<time>2024-03-23T17:30:57Z</time>
</trkpt>
<trkpt lat="34.15774000" lon="-111.28721400">
<ele>1338.400</ele>
<time>2024-03-23T17:30:58Z</time>
</trkpt>
<trkpt lat="34.15772500" lon="-111.28716200">
<ele>1338.600</ele>
<time>2024-03-23T17:31:04Z</time>
</trkpt>
<trkpt lat="34.15764000" lon="-111.28692500">
<ele>1336.800</ele>
<time>2024-03-23T17:31:06Z</time>
</trkpt>
<trkpt lat="34.15759100" lon="-111.28685800">
<ele>1334.500</ele>
<time>2024-03-23T17:31:07Z</time>
</trkpt>
<trkpt lat="34.15755300" lon="-111.28683600">
<ele>1334.800</ele>
<time>2024-03-23T17:31:08Z</time>
</trkpt>
<trkpt lat="34.15750900" lon="-111.28681800">
<ele>1333.500</ele>
<time>2024-03-23T17:31:11Z</time>
</trkpt>
<trkpt lat="34.15711500" lon="-111.28671300">
<ele>1335.200</ele>
<time>2024-03-23T17:31:12Z</time>
</trkpt>
<trkpt lat="34.15707300" lon="-111.28671200">
<ele>1335.800</ele>
<time>2024-03-23T17:31:14Z</time>
</trkpt>
<trkpt lat="34.15684300" lon="-111.28670200">
<ele>1337.900</ele>
<time>2024-03-23T17:31:14Z</time>
</trkpt>
<trkpt lat="34.15673700" lon="-111.28667400">
<ele>1337.200</ele>
<time>2024-03-23T17:31:16Z</time>
</trkpt>
<trkpt lat="34.15663500" lon="-111.28665900">
<ele>1337.200</ele>
<time>2024-03-23T17:31:17Z</time>
</trkpt>
<trkpt lat="34.15658400" lon="-111.28665600">
<ele>1336.500</ele>
<time>2024-03-23T17:31:19Z</time>
</trkpt>
<trkpt lat="34.15629500" lon="-111.28666000">
<ele>1328.200</ele>
<time>2024-03-23T17:31:20Z</time>
</trkpt>
<trkpt lat="34.15618700" lon="-111.28664500">
<ele>1324.600</ele>
<time>2024-03-23T17:31:26Z</time>
</trkpt>
<trkpt lat="34.15613200" lon="-111.28662100">
<ele>1325.100</ele>
<time>2024-03-23T17:31:27Z</time>
</trkpt>
<trkpt lat="34.15608400" lon="-111.28658500">
<ele>1323.800</ele>
<time>2024-03-23T17:31:29Z</time>
</trkpt>
<trkpt lat="34.15595100" lon="-111.28648900">
<ele>1324.000</ele>
<time>2024-03-23T17:31:30Z</time>
</trkpt>
<trkpt lat="34.15591600" lon="-111.28644000">
<ele>1323.700</ele>
<time>2024-03-23T17:31:32Z</time>
</trkpt>
<trkpt lat="34.15586500" lon="-111.28633500">
<ele>1321.800</ele>
<time>2024-03-23T17:31:36Z</time>
</trkpt>
<trkpt lat="34.15583200" lon="-111.28629200">
<ele>1321.600</ele>
<time>2024-03-23T17:31:37Z</time>
</trkpt>
<trkpt lat="34.15574200" lon="-111.28623200">
<ele>1322.500</ele>
<time>2024-03-23T17:31:46Z</time>
</trkpt>
<trkpt lat="34.15570100" lon="-111.28620100">
<ele>1322.000</ele>
<time>2024-03-23T17:31:47Z</time>
</trkpt>
<trkpt lat="34.15561600" lon="-111.28614100">
<ele>1321.800</ele>
<time>2024-03-23T17:31:48Z</time>
</trkpt>
<trkpt lat="34.15556100" lon="-111.28612300">
<ele>1321.300</ele>
<time>2024-03-23T17:31:49Z</time>
</trkpt>
<trkpt lat="34.15521100" lon="-111.28608700">
<ele>1322.500</ele>
<time>2024-03-23T17:31:52Z</time>
</trkpt>
<trkpt lat="34.15517900" lon="-111.28608700">
<ele>1322.500</ele>
<time>2024-03-23T17:31:54Z</time>
</trkpt>
<trkpt lat="34.15512500" lon="-111.28607900">
<ele>1322.800</ele>
<time>2024-03-23T17:31:56Z</time>
</trkpt>
<trkpt lat="34.15508400" lon="-111.28605700">
<ele>1322.900</ele>
<time>2024-03-23T17:31:57Z</time>
</trkpt>
<trkpt lat="34.15500700" lon="-111.28598700">
<ele>1320.500</ele>
<time>2024-03-23T17:31:58Z</time>
</trkpt>
<trkpt lat="34.15483400" lon="-111.28589300">
<ele>1319.600</ele>
<time>2024-03-23T17:32:19Z</time>
</trkpt>
<trkpt lat="34.15479700" lon="-111.28586800">
<ele>1319.200</ele>
<time>2024-03-23T17:32:22Z</time>
</trkpt>
<trkpt lat="34.15442500" lon="-111.28547000">
<ele>1318.200</ele>
<time>2024-03-23T17:32:26Z</time>
</trkpt>
<trkpt lat="34.15438000" lon="-111.28544500">
<ele>1318.200</ele>
<time>2024-03-23T17:32:27Z</time>
</trkpt>
<trkpt lat="34.15433800" lon="-111.28543600">
<ele>1317.700</ele>
<time>2024-03-23T17:32:28Z</time>
</trkpt>
<trkpt lat="34.15429700" lon="-111.28544400">
<ele>1317.100</ele>
<time>2024-03-23T17:32:29Z</time>
</trkpt>
<trkpt lat="34.15414600" lon="-111.28550900">
<ele>1312.300</ele>
<time>2024-03-23T17:32:30Z</time>
</trkpt>
<trkpt lat="34.15402600" lon="-111.28553800">
<ele>1309.500</ele>
<time>2024-03-23T17:32:31Z</time>
</trkpt>
<trkpt lat="34.15390300" lon="-111.28552300">
<ele>1307.700</ele>
<time>2024-03-23T17:32:32Z</time>
</trkpt>
<trkpt lat="34.15385600" lon="-111.28551500">
<ele>1307.000</ele>
<time>2024-03-23T17:32:34Z</time>
</trkpt>
<trkpt lat="34.15382700" lon="-111.28551300">
<ele>1306.700</ele>
<time>2024-03-23T17:32:36Z</time>
</trkpt>
<trkpt lat="34.15381400" lon="-111.28549700">
<ele>1306.700</ele>
<time>2024-03-23T17:32:37Z</time>
</trkpt>
<trkpt lat="34.15367200" lon="-111.28545800">
<ele>1305.900</ele>
<time>2024-03-23T17:32:39Z</time>
</trkpt>
<trkpt lat="34.15345000" lon="-111.28533500">
<ele>1303.600</ele>
<time>2024-03-23T17:32:40Z</time>
</trkpt>
<trkpt lat="34.15341300" lon="-111.28531500">
<ele>1303.000</ele>
<time>2024-03-23T17:32:41Z</time>
</trkpt>
<trkpt lat="34.15336400" lon="-111.28530300">
<ele>1301.100</ele>
<time>2024-03-23T17:32:43Z</time>
</trkpt>
<trkpt lat="34.15332200" lon="-111.28533600">
<ele>1299.800</ele>
<time>2024-03-23T17:32:45Z</time>
</trkpt>
<trkpt lat="34.15329800" lon="-111.28539300">
<ele>1299.300</ele>
<time>2024-03-23T17:32:46Z</time>
</trkpt>
<trkpt lat="34.15330400" lon="-111.28546000">
<ele>1298.000</ele>
<time>2024-03-23T17:32:47Z</time>
</trkpt>
<trkpt lat="34.15333200" lon="-111.28552100">
<ele>1298.000</ele>
<time>2024-03-23T17:32:48Z</time>
</trkpt>
<trkpt lat="34.15338900" lon="-111.28560000">
<ele>1297.400</ele>
<time>2024-03-23T17:32:51Z</time>
</trkpt>
<trkpt lat="34.15344000" lon="-111.28564700">
<ele>1299.000</ele>
<time>2024-03-23T17:32:52Z</time>
</trkpt>
<trkpt lat="34.15347200" lon="-111.28567200">
<ele>1298.600</ele>
<time>2024-03-23T17:32:53Z</time>
</trkpt>
<trkpt lat="34.15353300" lon="-111.28571900">
<ele>1300.400</ele>
<time>2024-03-23T17:32:56Z</time>
</trkpt>
<trkpt lat="34.15354200" lon="-111.28576900">
<ele>1300.400</ele>
<time>2024-03-23T17:32:57Z</time>
</trkpt>
<trkpt lat="34.15353700" lon="-111.28581300">
<ele>1300.600</ele>
<time>2024-03-23T17:32:58Z</time>
</trkpt>
<trkpt lat="34.15350800" lon="-111.28588200">
<ele>1300.100</ele>
<time>2024-03-23T17:32:59Z</time>
</trkpt>
<trkpt lat="34.15345700" lon="-111.28593900">
<ele>1299.400</ele>
<time>2024-03-23T17:33:01Z</time>
</trkpt>
<trkpt lat="34.15342400" lon="-111.28595700">
<ele>1297.700</ele>
<time>2024-03-23T17:33:03Z</time>
</trkpt>
<trkpt lat="34.15338000" lon="-111.28596300">
<ele>1296.200</ele>
<time>2024-03-23T17:33:06Z</time>
</trkpt>
<trkpt lat="34.15333700" lon="-111.28596500">
<ele>1294.900</ele>
<time>2024-03-23T17:33:07Z</time>
</trkpt>
<trkpt lat="34.15317900" lon="-111.28593500">
<ele>1291.100</ele>
<time>2024-03-23T17:33:09Z</time>
</trkpt>
<trkpt lat="34.15313200" lon="-111.28594100">
<ele>1290.700</ele>
<time>2024-03-23T17:33:14Z</time>
</trkpt>
<trkpt lat="34.15309700" lon="-111.28596300">
<ele>1290.100</ele>
<time>2024-03-23T17:33:16Z</time>
</trkpt>
<trkpt lat="34.15300300" lon="-111.28607100">
<ele>1290.200</ele>
<time>2024-03-23T17:33:17Z</time>
</trkpt>
<trkpt lat="34.15296400" lon="-111.28608200">
<ele>1289.700</ele>
<time>2024-03-23T17:33:23Z</time>
</trkpt>
<trkpt lat="34.15293500" lon="-111.28607700">
<ele>1289.000</ele>
<time>2024-03-23T17:33:26Z</time>
</trkpt>
<trkpt lat="34.15290200" lon="-111.28605700">
<ele>1288.200</ele>
<time>2024-03-23T17:33:27Z</time>
</trkpt>
<trkpt lat="34.15283600" lon="-111.28599000">
<ele>1285.000</ele>
<time>2024-03-23T17:33:28Z</time>
</trkpt>
<trkpt lat="34.15275600" lon="-111.28593500">
<ele>1281.400</ele>
<time>2024-03-23T17:33:32Z</time>
</trkpt>
<trkpt lat="34.15260300" lon="-111.28589300">
<ele>1278.900</ele>
<time>2024-03-23T17:33:34Z</time>
</trkpt>
<trkpt lat="34.15254500" lon="-111.28588400">
<ele>1278.300</ele>
<time>2024-03-23T17:33:35Z</time>
</trkpt>
<trkpt lat="34.15242300" lon="-111.28585700">
<ele>1277.200</ele>
<time>2024-03-23T17:33:36Z</time>
</trkpt>
<trkpt lat="34.15215200" lon="-111.28575600">
<ele>1272.700</ele>
<time>2024-03-23T17:33:37Z</time>
</trkpt>
<trkpt lat="34.15205400" lon="-111.28574800">
<ele>1271.200</ele>
<time>2024-03-23T17:33:39Z</time>
</trkpt>
<trkpt lat="34.15200400" lon="-111.28573800">
<ele>1271.000</ele>
<time>2024-03-23T17:33:43Z</time>
</trkpt>
<trkpt lat="34.15164500" lon="-111.28569300">
<ele>1270.900</ele>
<time>2024-03-23T17:34:07Z</time>
</trkpt>
<trkpt lat="34.15144400" lon="-111.28564400">
<ele>1270.400</ele>
<time>2024-03-23T17:34:08Z</time>
</trkpt>
<trkpt lat="34.15136500" lon="-111.28563000">
<ele>1271.000</ele>
<time>2024-03-23T17:34:10Z</time>
</trkpt>
<trkpt lat="34.15129200" lon="-111.28561300">
<ele>1270.600</ele>
<time>2024-03-23T17:34:11Z</time>
</trkpt>
<trkpt lat="34.15104500" lon="-111.28552500">
<ele>1267.400</ele>
<time>2024-03-23T17:34:12Z</time>
</trkpt>
<trkpt lat="34.15093300" lon="-111.28551100">
<ele>1266.200</ele>
<time>2024-03-23T17:34:13Z</time>
</trkpt>
<trkpt lat="34.15088700" lon="-111.28549600">
<ele>1265.800</ele>
<time>2024-03-23T17:34:15Z</time>
</trkpt>
<trkpt lat="34.15084500" lon="-111.28546700">
<ele>1264.700</ele>
<time>2024-03-23T17:34:17Z</time>
</trkpt>
<trkpt lat="34.15080400" lon="-111.28542000">
<ele>1263.100</ele>
<time>2024-03-23T17:34:18Z</time>
</trkpt>
<trkpt lat="34.15075400" lon="-111.28530000">
<ele>1260.900</ele>
<time>2024-03-23T17:34:19Z</time>
</trkpt>
<trkpt lat="34.15072200" lon="-111.28505900">
<ele>1258.800</ele>
<time>2024-03-23T17:34:21Z</time>
</trkpt>
<trkpt lat="34.15073800" lon="-111.28498500">
<ele>1258.800</ele>
<time>2024-03-23T17:34:23Z</time>
</trkpt>
<trkpt lat="34.15073900" lon="-111.28493800">
<ele>1258.700</ele>
<time>2024-03-23T17:34:25Z</time>
</trkpt>
<trkpt lat="34.15073000" lon="-111.28484200">
<ele>1258.800</ele>
<time>2024-03-23T17:34:27Z</time>
</trkpt>
<trkpt lat="34.15071400" lon="-111.28481800">
<ele>1258.800</ele>
<time>2024-03-23T17:34:28Z</time>
</trkpt>
<trkpt lat="34.15068500" lon="-111.28481100">
<ele>1259.000</ele>
<time>2024-03-23T17:34:31Z</time>
</trkpt>
<trkpt lat="34.15065600" lon="-111.28482000">
<ele>1259.200</ele>
<time>2024-03-23T17:34:35Z</time>
</trkpt>
<trkpt lat="34.15061100" lon="-111.28486900">
<ele>1259.200</ele>
<time>2024-03-23T17:34:37Z</time>
</trkpt>
<trkpt lat="34.15059200" lon="-111.28494900">
<ele>1258.900</ele>
<time>2024-03-23T17:34:38Z</time>
</trkpt>
<trkpt lat="34.15057100" lon="-111.28500200">
<ele>1258.700</ele>
<time>2024-03-23T17:34:39Z</time>
</trkpt>
<trkpt lat="34.15054100" lon="-111.28506100">
<ele>1258.600</ele>
<time>2024-03-23T17:34:43Z</time>
</trkpt>
<trkpt lat="34.15046000" lon="-111.28516700">
<ele>1258.100</ele>
<time>2024-03-23T17:34:47Z</time>
</trkpt>
<trkpt lat="34.15037900" lon="-111.28523800">
<ele>1257.400</ele>
<time>2024-03-23T17:34:48Z</time>
</trkpt>
<trkpt lat="34.15025700" lon="-111.28528000">
<ele>1256.700</ele>
<time>2024-03-23T17:34:50Z</time>
</trkpt>
<trkpt lat="34.15012600" lon="-111.28529600">
<ele>1256.000</ele>
<time>2024-03-23T17:34:51Z</time>
</trkpt>
<trkpt lat="34.15005800" lon="-111.28529600">
<ele>1255.800</ele>
<time>2024-03-23T17:34:53Z</time>
</trkpt>
<trkpt lat="34.14987000" lon="-111.28531800">
<ele>1255.000</ele>
<time>2024-03-23T17:34:55Z</time>
</trkpt>
<trkpt lat="34.14963500" lon="-111.28532800">
<ele>1251.300</ele>
<time>2024-03-23T17:34:57Z</time>
</trkpt>
<trkpt lat="34.14952700" lon="-111.28535600">
<ele>1247.900</ele>
<time>2024-03-23T17:34:58Z</time>
</trkpt>
<trkpt lat="34.14947500" lon="-111.28536600">
<ele>1246.900</ele>
<time>2024-03-23T17:35:01Z</time>
</trkpt>
<trkpt lat="34.14941200" lon="-111.28536900">
<ele>1245.400</ele>
<time>2024-03-23T17:35:02Z</time>
</trkpt>
<trkpt lat="34.14913400" lon="-111.28533100">
<ele>1243.200</ele>
<time>2024-03-23T17:35:03Z</time>
</trkpt>
<trkpt lat="34.14885400" lon="-111.28531700">
<ele>1242.300</ele>
<time>2024-03-23T17:35:07Z</time>
</trkpt>
<trkpt lat="34.14878500" lon="-111.28531400">
<ele>1242.300</ele>
<time>2024-03-23T17:35:08Z</time>
</trkpt>
<trkpt lat="34.14865300" lon="-111.28531500">
<ele>1241.800</ele>
<time>2024-03-23T17:35:09Z</time>
</trkpt>
<trkpt lat="34.14858700" lon="-111.28533100">
<ele>1241.500</ele>
<time>2024-03-23T17:35:10Z</time>
</trkpt>
<trkpt lat="34.14846700" lon="-111.28538700">
<ele>1240.800</ele>
<time>2024-03-23T17:35:12Z</time>
</trkpt>
<trkpt lat="34.14830600" lon="-111.28543100">
<ele>1239.600</ele>
<time>2024-03-23T17:35:13Z</time>
</trkpt>
<trkpt lat="34.14814400" lon="-111.28542100">
<ele>1238.000</ele>
<time>2024-03-23T17:35:15Z</time>
</trkpt>
<trkpt lat="34.14807300" lon="-111.28541800">
<ele>1237.200</ele>
<time>2024-03-23T17:35:17Z</time>
</trkpt>
<trkpt lat="34.14789400" lon="-111.28538900">
<ele>1234.800</ele>
<time>2024-03-23T17:35:18Z</time>
</trkpt>
<trkpt lat="34.14783900" lon="-111.28539100">
<ele>1234.800</ele>
<time>2024-03-23T17:35:19Z</time>
</trkpt>
<trkpt lat="34.14777700" lon="-111.28540600">
<ele>1234.900</ele>
<time>2024-03-23T17:35:20Z</time>
</trkpt>
<trkpt lat="34.14750200" lon="-111.28551500">
<ele>1240.400</ele>
<time>2024-03-23T17:35:22Z</time>
</trkpt>
<trkpt lat="34.14743100" lon="-111.28551300">
<ele>1240.200</ele>
<time>2024-03-23T17:35:23Z</time>
</trkpt>
<trkpt lat="34.14736400" lon="-111.28550800">
<ele>1240.000</ele>
<time>2024-03-23T17:35:27Z</time>
</trkpt>
<trkpt lat="34.14730000" lon="-111.28548700">
<ele>1238.200</ele>
<time>2024-03-23T17:35:28Z</time>
</trkpt>
<trkpt lat="34.14718400" lon="-111.28542900">
<ele>1237.700</ele>
<time>2024-03-23T17:35:30Z</time>
</trkpt>
<trkpt lat="34.14711800" lon="-111.28542900">
<ele>1237.900</ele>
<time>2024-03-23T17:35:32Z</time>
</trkpt>
<trkpt lat="34.14697000" lon="-111.28546100">
<ele>1240.400</ele>
<time>2024-03-23T17:35:34Z</time>
</trkpt>
<trkpt lat="34.14682600" lon="-111.28552700">
<ele>1240.900</ele>
<time>2024-03-23T17:35:35Z</time>
</trkpt>
<trkpt lat="34.14675000" lon="-111.28557000">
<ele>1240.600</ele>
<time>2024-03-23T17:35:37Z</time>
</trkpt>
<trkpt lat="34.14668300" lon="-111.28561600">
<ele>1239.900</ele>
<time>2024-03-23T17:35:38Z</time>
</trkpt>
<trkpt lat="34.14663700" lon="-111.28567000">
<ele>1240.700</ele>
<time>2024-03-23T17:35:40Z</time>
</trkpt>
<trkpt lat="34.14655600" lon="-111.28579400">
<ele>1240.900</ele>
<time>2024-03-23T17:35:41Z</time>
</trkpt>
<trkpt lat="34.14651000" lon="-111.28583700">
<ele>1240.500</ele>
<time>2024-03-23T17:35:47Z</time>
</trkpt>
<trkpt lat="34.14625100" lon="-111.28591800">
<ele>1241.800</ele>
<time>2024-03-23T17:35:48Z</time>
</trkpt>
<trkpt lat="34.14618800" lon="-111.28591100">
<ele>1241.900</ele>
<time>2024-03-23T17:35:50Z</time>
</trkpt>
<trkpt lat="34.14603300" lon="-111.28586200">
<ele>1240.400</ele>
<time>2024-03-23T17:35:51Z</time>
</trkpt>
<trkpt lat="34.14588900" lon="-111.28577800">
<ele>1238.600</ele>
<time>2024-03-23T17:35:52Z</time>
</trkpt>
<trkpt lat="34.14575400" lon="-111.28576200">
<ele>1239.900</ele>
<time>2024-03-23T17:35:53Z</time>
</trkpt>
<trkpt lat="34.14569500" lon="-111.28577000">
<ele>1239.800</ele>
<time>2024-03-23T17:35:55Z</time>
</trkpt>
<trkpt lat="34.14563300" lon="-111.28580100">
<ele>1239.800</ele>
<time>2024-03-23T17:35:56Z</time>
</trkpt>
<trkpt lat="34.14561000" lon="-111.28583100">
<ele>1239.100</ele>
<time>2024-03-23T17:35:57Z</time>
</trkpt>
<trkpt lat="34.14557800" lon="-111.28593400">
<ele>1239.700</ele>
<time>2024-03-23T17:35:58Z</time>
</trkpt>
<trkpt lat="34.14558000" lon="-111.28599500">
<ele>1240.000</ele>
<time>2024-03-23T17:35:59Z</time>
</trkpt>
<trkpt lat="34.14564600" lon="-111.28637300">
<ele>1243.700</ele>
<time>2024-03-23T17:36:00Z</time>
</trkpt>
<trkpt lat="34.14564900" lon="-111.28643100">
<ele>1243.900</ele>
<time>2024-03-23T17:36:03Z</time>
</trkpt>
<trkpt lat="34.14562300" lon="-111.28653000">
<ele>1243.000</ele>
<time>2024-03-23T17:36:06Z</time>
</trkpt>
<trkpt lat="34.14558600" lon="-111.28657200">
<ele>1242.400</ele>
<time>2024-03-23T17:36:07Z</time>
</trkpt>
<trkpt lat="34.14553900" lon="-111.28660300">
<ele>1242.000</ele>
<time>2024-03-23T17:36:08Z</time>
</trkpt>
<trkpt lat="34.14548600" lon="-111.28660300">
<ele>1241.800</ele>
<time>2024-03-23T17:36:11Z</time>
</trkpt>
<trkpt lat="34.14539100" lon="-111.28653100">
<ele>1241.200</ele>
<time>2024-03-23T17:36:12Z</time>
</trkpt>
<trkpt lat="34.14533200" lon="-111.28652700">
<ele>1241.200</ele>
<time>2024-03-23T17:36:15Z</time>
</trkpt>
<trkpt lat="34.14528500" lon="-111.28654700">
<ele>1241.100</ele>
<time>2024-03-23T17:36:17Z</time>
</trkpt>
<trkpt lat="34.14524200" lon="-111.28656900">
<ele>1242.100</ele>
<time>2024-03-23T17:36:18Z</time>
</trkpt>
<trkpt lat="34.14518800" lon="-111.28656700">
<ele>1240.700</ele>
<time>2024-03-23T17:36:20Z</time>
</trkpt>
<trkpt lat="34.14513200" lon="-111.28653000">
<ele>1240.600</ele>
<time>2024-03-23T17:36:23Z</time>
</trkpt>
<trkpt lat="34.14497000" lon="-111.28634700">
<ele>1235.800</ele>
<time>2024-03-23T17:36:24Z</time>
</trkpt>
<trkpt lat="34.14479000" lon="-111.28617400">
<ele>1235.400</ele>
<time>2024-03-23T17:36:25Z</time>
</trkpt>
<trkpt lat="34.14473700" lon="-111.28610800">
<ele>1235.200</ele>
<time>2024-03-23T17:36:27Z</time>
</trkpt>
<trkpt lat="34.14470000" lon="-111.28604500">
<ele>1234.900</ele>
<time>2024-03-23T17:36:28Z</time>
</trkpt>
<trkpt lat="34.14460300" lon="-111.28585900">
<ele>1230.600</ele>
<time>2024-03-23T17:36:30Z</time>
</trkpt>
<trkpt lat="34.14457400" lon="-111.28582100">
<ele>1229.700</ele>
<time>2024-03-23T17:36:34Z</time>
</trkpt>
<trkpt lat="34.14444600" lon="-111.28577100">
<ele>1229.600</ele>
<time>2024-03-23T17:36:37Z</time>
</trkpt>
<trkpt lat="34.14437000" lon="-111.28569900">
<ele>1228.600</ele>
<time>2024-03-23T17:36:38Z</time>
</trkpt>
<trkpt lat="34.14433000" lon="-111.28565900">
<ele>1228.300</ele>
<time>2024-03-23T17:36:40Z</time>
</trkpt>
<trkpt lat="34.14425400" lon="-111.28555800">
<ele>1228.000</ele>
<time>2024-03-23T17:36:41Z</time>
</trkpt>
<trkpt lat="34.14417800" lon="-111.28540200">
<ele>1226.500</ele>
<time>2024-03-23T17:36:43Z</time>
</trkpt>
<trkpt lat="34.14414600" lon="-111.28535600">
<ele>1226.700</ele>
<time>2024-03-23T17:36:44Z</time>
</trkpt>
<trkpt lat="34.14409900" lon="-111.28532100">
<ele>1226.900</ele>
<time>2024-03-23T17:36:45Z</time>
</trkpt>
<trkpt lat="34.14397800" lon="-111.28528000">
<ele>1228.400</ele>
<time>2024-03-23T17:36:46Z</time>
</trkpt>
<trkpt lat="34.14390500" lon="-111.28525400">
<ele>1229.100</ele>
<time>2024-03-23T17:36:47Z</time>
</trkpt>
<trkpt lat="34.14377400" lon="-111.28519800">
<ele>1229.100</ele>
<time>2024-03-23T17:36:48Z</time>
</trkpt>
<trkpt lat="34.14353600" lon="-111.28516400">
<ele>1228.800</ele>
<time>2024-03-23T17:36:50Z</time>
</trkpt>
<trkpt lat="34.14337200" lon="-111.28509200">
<ele>1228.400</ele>
<time>2024-03-23T17:36:53Z</time>
</trkpt>
<trkpt lat="34.14331700" lon="-111.28506100">
<ele>1227.800</ele>
<time>2024-03-23T17:36:54Z</time>
</trkpt>
<trkpt lat="34.14321500" lon="-111.28497000">
<ele>1226.900</ele>
<time>2024-03-23T17:36:55Z</time>
</trkpt>
<trkpt lat="34.14317500" lon="-111.28490500">
<ele>1226.200</ele>
<time>2024-03-23T17:36:56Z</time>
</trkpt>
<trkpt lat="34.14312600" lon="-111.28475100">
<ele>1223.400</ele>
<time>2024-03-23T17:36:57Z</time>
</trkpt>
<trkpt lat="34.14311500" lon="-111.28467200">
<ele>1222.400</ele>
<time>2024-03-23T17:36:58Z</time>
</trkpt>
<trkpt lat="34.14311900" lon="-111.28458700">
<ele>1221.900</ele>
<time>2024-03-23T17:36:59Z</time>
</trkpt>
<trkpt lat="34.14314100" lon="-111.28450400">
<ele>1221.800</ele>
<time>2024-03-23T17:37:01Z</time>
</trkpt>
<trkpt lat="34.14318700" lon="-111.28443700">
<ele>1221.900</ele>
<time>2024-03-23T17:37:05Z</time>
</trkpt>
<trkpt lat="34.14324500" lon="-111.28438300">
<ele>1222.000</ele>
<time>2024-03-23T17:37:07Z</time>
</trkpt>
<trkpt lat="34.14336400" lon="-111.28429000">
<ele>1224.000</ele>
<time>2024-03-23T17:37:08Z</time>
</trkpt>
<trkpt lat="34.14355200" lon="-111.28417700">
<ele>1224.800</ele>
<time>2024-03-23T17:37:10Z</time>
</trkpt>
<trkpt lat="34.14360900" lon="-111.28413300">
<ele>1225.000</ele>
<time>2024-03-23T17:37:13Z</time>
</trkpt>
<trkpt lat="34.14365400" lon="-111.28408300">
<ele>1225.300</ele>
<time>2024-03-23T17:37:15Z</time>
</trkpt>
<trkpt lat="34.14369500" lon="-111.28401600">
<ele>1226.000</ele>
<time>2024-03-23T17:37:16Z</time>
</trkpt>
<trkpt lat="34.14372300" lon="-111.28394000">
<ele>1226.300</ele>
<time>2024-03-23T17:37:17Z</time>
</trkpt>
<trkpt lat="34.14374600" lon="-111.28386500">
<ele>1225.900</ele>
<time>2024-03-23T17:37:18Z</time>
</trkpt>
<trkpt lat="34.14376600" lon="-111.28379500">
<ele>1226.000</ele>
<time>2024-03-23T17:37:25Z</time>
</trkpt>
<trkpt lat="34.14378900" lon="-111.28364100">
<ele>1225.000</ele>
<time>2024-03-23T17:37:27Z</time>
</trkpt>
<trkpt lat="34.14380300" lon="-111.28331200">
<ele>1223.900</ele>
<time>2024-03-23T17:37:28Z</time>
</trkpt>
<trkpt lat="34.14380100" lon="-111.28315500">
<ele>1224.000</ele>
<time>2024-03-23T17:37:37Z</time>
</trkpt>
<trkpt lat="34.14379400" lon="-111.28307600">
<ele>1223.400</ele>
<time>2024-03-23T17:37:38Z</time>
</trkpt>
<trkpt lat="34.14374700" lon="-111.28290600">
<ele>1223.200</ele>
<time>2024-03-23T17:37:40Z</time>
</trkpt>
<trkpt lat="34.14362300" lon="-111.28266100">
<ele>1224.200</ele>
<time>2024-03-23T17:37:44Z</time>
</trkpt>
<trkpt lat="34.14352800" lon="-111.28253000">
<ele>1225.100</ele>
<time>2024-03-23T17:37:47Z</time>
</trkpt>
<trkpt lat="34.14346800" lon="-111.28247700">
<ele>1225.000</ele>
<time>2024-03-23T17:37:48Z</time>
</trkpt>
<trkpt lat="34.14339700" lon="-111.28243300">
<ele>1225.200</ele>
<time>2024-03-23T17:37:51Z</time>
</trkpt>
<trkpt lat="34.14332500" lon="-111.28238900">
<ele>1225.000</ele>
<time>2024-03-23T17:37:52Z</time>
</trkpt>
<trkpt lat="34.14285900" lon="-111.28208100">
<ele>1225.400</ele>
<time>2024-03-23T17:37:55Z</time>
</trkpt>
<trkpt lat="34.14272700" lon="-111.28198000">
<ele>1224.900</ele>
<time>2024-03-23T17:37:57Z</time>
</trkpt>
<trkpt lat="34.14266100" lon="-111.28193000">
<ele>1224.000</ele>
<time>2024-03-23T17:37:58Z</time>
</trkpt>
<trkpt lat="34.14216700" lon="-111.28162000">
<ele>1219.700</ele>
<time>2024-03-23T17:38:01Z</time>
</trkpt>
<trkpt lat="34.14211100" lon="-111.28157700">
<ele>1218.700</ele>
<time>2024-03-23T17:38:05Z</time>
</trkpt>
<trkpt lat="34.14201100" lon="-111.28149200">
<ele>1216.700</ele>
<time>2024-03-23T17:38:08Z</time>
</trkpt>
<trkpt lat="34.14180000" lon="-111.28134600">
<ele>1214.800</ele>
<time>2024-03-23T17:38:09Z</time>
</trkpt>
<trkpt lat="34.14164300" lon="-111.28121200">
<ele>1213.400</ele>
<time>2024-03-23T17:38:10Z</time>
</trkpt>
<trkpt lat="34.14158900" lon="-111.28117100">
<ele>1212.700</ele>
<time>2024-03-23T17:38:11Z</time>
</trkpt>
<trkpt lat="34.14145200" lon="-111.28105300">
<ele>1211.000</ele>
<time>2024-03-23T17:38:13Z</time>
</trkpt>
<trkpt lat="34.14141600" lon="-111.28100800">
<ele>1210.400</ele>
<time>2024-03-23T17:38:15Z</time>
</trkpt>
<trkpt lat="34.14133400" lon="-111.28084200">
<ele>1208.200</ele>
<time>2024-03-23T17:38:18Z</time>
</trkpt>
<trkpt lat="34.14130100" lon="-111.28071000">
<ele>1206.400</ele>
<time>2024-03-23T17:38:19Z</time>
</trkpt>
<trkpt lat="34.14129000" lon="-111.28065400">
<ele>1206.100</ele>
<time>2024-03-23T17:38:21Z</time>
</trkpt>
<trkpt lat="34.14121300" lon="-111.28045200">
<ele>1203.100</ele>
<time>2024-03-23T17:38:25Z</time>
</trkpt>
<trkpt lat="34.14111700" lon="-111.28014900">
<ele>1200.000</ele>
<time>2024-03-23T17:38:28Z</time>
</trkpt>
<trkpt lat="34.14107400" lon="-111.27991300">
<ele>1199.100</ele>
<time>2024-03-23T17:38:29Z</time>
</trkpt>
<trkpt lat="34.14107100" lon="-111.27983700">
<ele>1198.700</ele>
<time>2024-03-23T17:38:31Z</time>
</trkpt>
<trkpt lat="34.14106200" lon="-111.27976100">
<ele>1197.900</ele>
<time>2024-03-23T17:38:33Z</time>
</trkpt>
<trkpt lat="34.14103900" lon="-111.27968600">
<ele>1197.800</ele>
<time>2024-03-23T17:39:04Z</time>
</trkpt>
<trkpt lat="34.14097400" lon="-111.27956500">
<ele>1195.900</ele>
<time>2024-03-23T17:39:06Z</time>
</trkpt>
<trkpt lat="34.14088500" lon="-111.27947300">
<ele>1195.600</ele>
<time>2024-03-23T17:39:07Z</time>
</trkpt>
<trkpt lat="34.14075100" lon="-111.27938200">
<ele>1194.100</ele>
<time>2024-03-23T17:39:09Z</time>
</trkpt>
<trkpt lat="34.14070700" lon="-111.27936500">
<ele>1194.000</ele>
<time>2024-03-23T17:39:11Z</time>
</trkpt>
<trkpt lat="34.14062100" lon="-111.27933100">
<ele>1193.000</ele>
<time>2024-03-23T17:39:12Z</time>
</trkpt>
<trkpt lat="34.14043500" lon="-111.27929300">
<ele>1192.200</ele>
<time>2024-03-23T17:39:16Z</time>
</trkpt>
<trkpt lat="34.14032400" lon="-111.27930100">
<ele>1191.800</ele>
<time>2024-03-23T17:39:17Z</time>
</trkpt>
<trkpt lat="34.14027800" lon="-111.27930600">
<ele>1191.300</ele>
<time>2024-03-23T17:39:21Z</time>
</trkpt>
<trkpt lat="34.14017600" lon="-111.27933100">
<ele>1190.100</ele>
<time>2024-03-23T17:39:25Z</time>
</trkpt>
<trkpt lat="34.14011100" lon="-111.27938300">
<ele>1188.900</ele>
<time>2024-03-23T17:39:26Z</time>
</trkpt>
<trkpt lat="34.14006300" lon="-111.27946000">
<ele>1188.600</ele>
<time>2024-03-23T17:39:27Z</time>
</trkpt>
<trkpt lat="34.14005700" lon="-111.27952500">
<ele>1188.800</ele>
<time>2024-03-23T17:39:28Z</time>
</trkpt>
<trkpt lat="34.14006100" lon="-111.27957600">
<ele>1188.700</ele>
<time>2024-03-23T17:39:31Z</time>
</trkpt>
<trkpt lat="34.14007600" lon="-111.27971900">
<ele>1187.000</ele>
<time>2024-03-23T17:39:36Z</time>
</trkpt>
<trkpt lat="34.14011300" lon="-111.27987300">
<ele>1184.700</ele>
<time>2024-03-23T17:39:37Z</time>
</trkpt>
<trkpt lat="34.14013900" lon="-111.27994900">
<ele>1183.300</ele>
<time>2024-03-23T17:39:39Z</time>
</trkpt>
<trkpt lat="34.14026200" lon="-111.28017300">
<ele>1182.500</ele>
<time>2024-03-23T17:39:40Z</time>
</trkpt>
<trkpt lat="34.14028100" lon="-111.28021900">
<ele>1180.900</ele>
<time>2024-03-23T17:39:41Z</time>
</trkpt>
<trkpt lat="34.14030700" lon="-111.28049300">
<ele>1179.800</ele>
<time>2024-03-23T17:39:42Z</time>
</trkpt>
<trkpt lat="34.14040000" lon="-111.28080200">
<ele>1177.800</ele>
<time>2024-03-23T17:39:43Z</time>
</trkpt>
<trkpt lat="34.14041000" lon="-111.28087800">
<ele>1178.400</ele>
<time>2024-03-23T17:39:44Z</time>
</trkpt>
<trkpt lat="34.14041200" lon="-111.28095400">
<ele>1178.900</ele>
<time>2024-03-23T17:39:46Z</time>
</trkpt>
<trkpt lat="34.14039900" lon="-111.28103300">
<ele>1179.100</ele>
<time>2024-03-23T17:39:47Z</time>
</trkpt>
<trkpt lat="34.14030800" lon="-111.28125000">
<ele>1179.700</ele>
<time>2024-03-23T17:39:51Z</time>
</trkpt>
<trkpt lat="34.14017400" lon="-111.28165100">
<ele>1177.500</ele>
<time>2024-03-23T17:39:52Z</time>
</trkpt>
<trkpt lat="34.14013600" lon="-111.28173000">
<ele>1177.700</ele>
<time>2024-03-23T17:39:56Z</time>
</trkpt>
<trkpt lat="34.14003300" lon="-111.28185500">
<ele>1176.400</ele>
<time>2024-03-23T17:39:57Z</time>
</trkpt>
<trkpt lat="34.13997400" lon="-111.28190700">
<ele>1175.400</ele>
<time>2024-03-23T17:40:00Z</time>
</trkpt>
<trkpt lat="34.13990900" lon="-111.28192700">
<ele>1174.700</ele>
<time>2024-03-23T17:40:02Z</time>
</trkpt>
<trkpt lat="34.13983900" lon="-111.28190400">
<ele>1173.600</ele>
<time>2024-03-23T17:40:04Z</time>
</trkpt>
<trkpt lat="34.13977800" lon="-111.28184900">
<ele>1172.300</ele>
<time>2024-03-23T17:40:06Z</time>
</trkpt>
<trkpt lat="34.13973800" lon="-111.28177900">
<ele>1171.200</ele>
<time>2024-03-23T17:40:07Z</time>
</trkpt>
<trkpt lat="34.13967200" lon="-111.28162800">
<ele>1168.200</ele>
<time>2024-03-23T17:40:16Z</time>
</trkpt>
<trkpt lat="34.13963600" lon="-111.28156100">
<ele>1167.500</ele>
<time>2024-03-23T17:40:17Z</time>
</trkpt>
<trkpt lat="34.13948200" lon="-111.28131200">
<ele>1164.000</ele>
<time>2024-03-23T17:40:19Z</time>
</trkpt>
<trkpt lat="34.13944900" lon="-111.28124500">
<ele>1163.100</ele>
<time>2024-03-23T17:40:20Z</time>
</trkpt>
<trkpt lat="34.13925400" lon="-111.28100000">
<ele>1162.400</ele>
<time>2024-03-23T17:40:22Z</time>
</trkpt>
<trkpt lat="34.13919700" lon="-111.28093000">
<ele>1160.600</ele>
<time>2024-03-23T17:40:36Z</time>
</trkpt>
<trkpt lat="34.13900800" lon="-111.28073800">
<ele>1156.300</ele>
<time>2024-03-23T17:40:37Z</time>
</trkpt>
<trkpt lat="34.13888700" lon="-111.28063100">
<ele>1153.800</ele>
<time>2024-03-23T17:40:41Z</time>
</trkpt>
<trkpt lat="34.13875600" lon="-111.28054100">
<ele>1153.400</ele>
<time>2024-03-23T17:40:42Z</time>
</trkpt>
<trkpt lat="34.13860900" lon="-111.28047100">
<ele>1152.900</ele>
<time>2024-03-23T17:40:43Z</time>
</trkpt>
<trkpt lat="34.13853300" lon="-111.28043500">
<ele>1153.400</ele>
<time>2024-03-23T17:40:46Z</time>
</trkpt>
<trkpt lat="34.13789700" lon="-111.28012400">
<ele>1146.800</ele>
<time>2024-03-23T17:40:47Z</time>
</trkpt>
<trkpt lat="34.13783200" lon="-111.28009600">
<ele>1146.200</ele>
<time>2024-03-23T17:40:48Z</time>
</trkpt>
<trkpt lat="34.13768600" lon="-111.28004800">
<ele>1144.300</ele>
<time>2024-03-23T17:40:53Z</time>
</trkpt>
<trkpt lat="34.13762200" lon="-111.28004200">
<ele>1142.900</ele>
<time>2024-03-23T17:40:54Z</time>
</trkpt>
<trkpt lat="34.13750800" lon="-111.28003800">
<ele>1142.100</ele>
<time>2024-03-23T17:40:56Z</time>
</trkpt>
<trkpt lat="34.13740800" lon="-111.28005700">
<ele>1142.100</ele>
<time>2024-03-23T17:40:57Z</time>
</trkpt>
<trkpt lat="34.13736100" lon="-111.28007500">
<ele>1141.800</ele>
<time>2024-03-23T17:40:59Z</time>
</trkpt>
<trkpt lat="34.13710000" lon="-111.28020700">
<ele>1140.500</ele>
<time>2024-03-23T17:41:01Z</time>
</trkpt>
<trkpt lat="34.13701500" lon="-111.28023100">
<ele>1139.300</ele>
<time>2024-03-23T17:41:04Z</time>
</trkpt>
<trkpt lat="34.13692800" lon="-111.28025100">
<ele>1138.500</ele>
<time>2024-03-23T17:41:06Z</time>
</trkpt>
<trkpt lat="34.13667800" lon="-111.28026400">
<ele>1136.700</ele>
<time>2024-03-23T17:41:07Z</time>
</trkpt>
<trkpt lat="34.13658500" lon="-111.28027400">
<ele>1136.500</ele>
<time>2024-03-23T17:41:09Z</time>
</trkpt>
<trkpt lat="34.13649100" lon="-111.28027700">
<ele>1136.500</ele>
<time>2024-03-23T17:41:11Z</time>
</trkpt>
<trkpt lat="34.13608400" lon="-111.28018500">
<ele>1133.300</ele>
<time>2024-03-23T17:41:14Z</time>
</trkpt>
<trkpt lat="34.13600000" lon="-111.28017700">
<ele>1132.500</ele>
<time>2024-03-23T17:41:15Z</time>
</trkpt>
<trkpt lat="34.13584100" lon="-111.28018500">
<ele>1130.900</ele>
<time>2024-03-23T17:41:16Z</time>
</trkpt>
<trkpt lat="34.13576700" lon="-111.28019400">
<ele>1130.200</ele>
<time>2024-03-23T17:41:17Z</time>
</trkpt>
<trkpt lat="34.13562400" lon="-111.28023900">
<ele>1130.000</ele>
<time>2024-03-23T17:41:20Z</time>
</trkpt>
<trkpt lat="34.13546900" lon="-111.28031100">
<ele>1129.800</ele>
<time>2024-03-23T17:41:21Z</time>
</trkpt>
<trkpt lat="34.13525400" lon="-111.28044100">
<ele>1128.600</ele>
<time>2024-03-23T17:41:22Z</time>
</trkpt>
<trkpt lat="34.13515500" lon="-111.28054200">
<ele>1127.700</ele>
<time>2024-03-23T17:41:23Z</time>
</trkpt>
<trkpt lat="34.13511800" lon="-111.28059000">
<ele>1127.200</ele>
<time>2024-03-23T17:41:24Z</time>
</trkpt>
<trkpt lat="34.13504800" lon="-111.28071800">
<ele>1126.200</ele>
<time>2024-03-23T17:41:25Z</time>
</trkpt>
<trkpt lat="34.13500800" lon="-111.28086400">
<ele>1125.400</ele>
<time>2024-03-23T17:41:26Z</time>
</trkpt>
<trkpt lat="34.13502400" lon="-111.28108600">
<ele>1124.000</ele>
<time>2024-03-23T17:41:27Z</time>
</trkpt>
<trkpt lat="34.13504500" lon="-111.28116400">
<ele>1123.700</ele>
<time>2024-03-23T17:41:28Z</time>
</trkpt>
<trkpt lat="34.13508100" lon="-111.28123700">
<ele>1123.500</ele>
<time>2024-03-23T17:41:29Z</time>
</trkpt>
<trkpt lat="34.13513300" lon="-111.28130100">
<ele>1122.400</ele>
<time>2024-03-23T17:41:31Z</time>
</trkpt>
<trkpt lat="34.13530400" lon="-111.28148700">
<ele>1120.800</ele>
<time>2024-03-23T17:41:33Z</time>
</trkpt>
<trkpt lat="34.13535300" lon="-111.28155000">
<ele>1120.500</ele>
<time>2024-03-23T17:41:36Z</time>
</trkpt>
<trkpt lat="34.13538300" lon="-111.28161300">
<ele>1120.700</ele>
<time>2024-03-23T17:41:37Z</time>
</trkpt>
<trkpt lat="34.13539600" lon="-111.28168100">
<ele>1121.400</ele>
<time>2024-03-23T17:41:40Z</time>
</trkpt>
<trkpt lat="34.13539300" lon="-111.28175000">
<ele>1121.200</ele>
<time>2024-03-23T17:41:41Z</time>
</trkpt>
<trkpt lat="34.13536500" lon="-111.28181100">
<ele>1121.600</ele>
<time>2024-03-23T17:41:46Z</time>
</trkpt>
<trkpt lat="34.13532300" lon="-111.28186200">
<ele>1121.400</ele>
<time>2024-03-23T17:41:47Z</time>
</trkpt>
<trkpt lat="34.13527400" lon="-111.28189700">
<ele>1121.400</ele>
<time>2024-03-23T17:41:48Z</time>
</trkpt>
<trkpt lat="34.13522300" lon="-111.28191300">
<ele>1121.400</ele>
<time>2024-03-23T17:41:49Z</time>
</trkpt>
<trkpt lat="34.13516800" lon="-111.28191300">
<ele>1121.500</ele>
<time>2024-03-23T17:41:53Z</time>
</trkpt>
<trkpt lat="34.13505000" lon="-111.28187100">
<ele>1120.200</ele>
<time>2024-03-23T17:41:56Z</time>
</trkpt>
<trkpt lat="34.13492900" lon="-111.28180100">
<ele>1119.500</ele>
<time>2024-03-23T17:41:57Z</time>
</trkpt>
<trkpt lat="34.13474900" lon="-111.28165400">
<ele>1121.800</ele>
<time>2024-03-23T17:41:58Z</time>
</trkpt>
<trkpt lat="34.13469600" lon="-111.28159100">
<ele>1122.300</ele>
<time>2024-03-23T17:41:59Z</time>
</trkpt>
<trkpt lat="34.13456700" lon="-111.28138500">
<ele>1120.400</ele>
<time>2024-03-23T17:42:00Z</time>
</trkpt>
<trkpt lat="34.13451900" lon="-111.28132600">
<ele>1118.500</ele>
<time>2024-03-23T17:42:02Z</time>
</trkpt>
<trkpt lat="34.13422000" lon="-111.28105900">
<ele>1116.900</ele>
<time>2024-03-23T17:42:03Z</time>
</trkpt>
<trkpt lat="34.13416400" lon="-111.28099800">
<ele>1115.900</ele>
<time>2024-03-23T17:42:05Z</time>
</trkpt>
<trkpt lat="34.13410200" lon="-111.28094500">
<ele>1114.100</ele>
<time>2024-03-23T17:42:06Z</time>
</trkpt>
<trkpt lat="34.13402800" lon="-111.28091400">
<ele>1114.900</ele>
<time>2024-03-23T17:42:08Z</time>
</trkpt>
<trkpt lat="34.13371600" lon="-111.28082000">
<ele>1115.300</ele>
<time>2024-03-23T17:42:10Z</time>
</trkpt>
<trkpt lat="34.13348600" lon="-111.28077000">
<ele>1113.400</ele>
<time>2024-03-23T17:42:12Z</time>
</trkpt>
<trkpt lat="34.13341700" lon="-111.28075700">
<ele>1113.800</ele>
<time>2024-03-23T17:42:14Z</time>
</trkpt>
<trkpt lat="34.13334700" lon="-111.28074000">
<ele>1114.100</ele>
<time>2024-03-23T17:42:17Z</time>
</trkpt>
<trkpt lat="34.13328100" lon="-111.28071200">
<ele>1112.800</ele>
<time>2024-03-23T17:42:18Z</time>
</trkpt>
<trkpt lat="34.13322500" lon="-111.28067300">
<ele>1111.600</ele>
<time>2024-03-23T17:42:20Z</time>
</trkpt>
<trkpt lat="34.13312300" lon="-111.28055900">
<ele>1108.900</ele>
<time>2024-03-23T17:42:21Z</time>
</trkpt>
<trkpt lat="34.13306500" lon="-111.28052200">
<ele>1108.700</ele>
<time>2024-03-23T17:42:22Z</time>
</trkpt>
<trkpt lat="34.13291500" lon="-111.28050900">
<ele>1107.300</ele>
<time>2024-03-23T17:42:23Z</time>
</trkpt>
<trkpt lat="34.13284400" lon="-111.28051900">
<ele>1107.500</ele>
<time>2024-03-23T17:42:25Z</time>
</trkpt>
<trkpt lat="34.13272400" lon="-111.28058500">
<ele>1105.700</ele>
<time>2024-03-23T17:42:27Z</time>
</trkpt>
<trkpt lat="34.13265400" lon="-111.28071700">
<ele>1105.600</ele>
<time>2024-03-23T17:42:28Z</time>
</trkpt>
<trkpt lat="34.13260600" lon="-111.28086500">
<ele>1104.700</ele>
<time>2024-03-23T17:42:32Z</time>
</trkpt>
<trkpt lat="34.13258300" lon="-111.28102600">
<ele>1103.000</ele>
<time>2024-03-23T17:42:34Z</time>
</trkpt>
<trkpt lat="34.13258100" lon="-111.28126100">
<ele>1102.300</ele>
<time>2024-03-23T17:42:37Z</time>
</trkpt>
<trkpt lat="34.13258200" lon="-111.28134000">
<ele>1102.400</ele>
<time>2024-03-23T17:42:38Z</time>
</trkpt>
<trkpt lat="34.13258200" lon="-111.28148900">
<ele>1103.100</ele>
<time>2024-03-23T17:42:41Z</time>
</trkpt>
<trkpt lat="34.13255900" lon="-111.28155500">
<ele>1104.300</ele>
<time>2024-03-23T17:42:47Z</time>
</trkpt>
<trkpt lat="34.13251000" lon="-111.28159700">
<ele>1103.800</ele>
<time>2024-03-23T17:42:48Z</time>
</trkpt>
<trkpt lat="34.13244400" lon="-111.28161600">
<ele>1102.600</ele>
<time>2024-03-23T17:42:50Z</time>
</trkpt>
<trkpt lat="34.13229800" lon="-111.28160500">
<ele>1101.300</ele>
<time>2024-03-23T17:42:53Z</time>
</trkpt>
<trkpt lat="34.13215000" lon="-111.28162900">
<ele>1099.700</ele>
<time>2024-03-23T17:42:56Z</time>
</trkpt>
<trkpt lat="34.13208100" lon="-111.28166400">
<ele>1099.100</ele>
<time>2024-03-23T17:42:57Z</time>
</trkpt>
<trkpt lat="34.13182400" lon="-111.28182300">
<ele>1095.800</ele>
<time>2024-03-23T17:42:58Z</time>
</trkpt>
<trkpt lat="34.13167200" lon="-111.28188900">
<ele>1094.100</ele>
<time>2024-03-23T17:43:07Z</time>
</trkpt>
<trkpt lat="34.13143500" lon="-111.28196100">
<ele>1093.400</ele>
<time>2024-03-23T17:43:08Z</time>
</trkpt>
<trkpt lat="34.13136000" lon="-111.28198800">
<ele>1093.700</ele>
<time>2024-03-23T17:43:11Z</time>
</trkpt>
<trkpt lat="34.13112300" lon="-111.28205100">
<ele>1092.000</ele>
<time>2024-03-23T17:43:12Z</time>
</trkpt>
<trkpt lat="34.13067100" lon="-111.28212200">
<ele>1090.100</ele>
<time>2024-03-23T17:43:13Z</time>
</trkpt>
<trkpt lat="34.13059700" lon="-111.28214900">
<ele>1089.400</ele>
<time>2024-03-23T17:43:14Z</time>
</trkpt>
<trkpt lat="34.13045900" lon="-111.28221600">
<ele>1088.600</ele>
<time>2024-03-23T17:43:15Z</time>
</trkpt>
<trkpt lat="34.13026100" lon="-111.28233400">
<ele>1087.600</ele>
<time>2024-03-23T17:43:17Z</time>
</trkpt>
<trkpt lat="34.13006200" lon="-111.28250000">
<ele>1085.200</ele>
<time>2024-03-23T17:43:18Z</time>
</trkpt>
<trkpt lat="34.12999000" lon="-111.28253900">
<ele>1084.800</ele>
<time>2024-03-23T17:43:21Z</time>
</trkpt>
<trkpt lat="34.12991100" lon="-111.28256200">
<ele>1083.900</ele>
<time>2024-03-23T17:43:22Z</time>
</trkpt>
<trkpt lat="34.12921100" lon="-111.28276400">
<ele>1076.200</ele>
<time>2024-03-23T17:43:23Z</time>
</trkpt>
<trkpt lat="34.12913300" lon="-111.28279100">
<ele>1075.500</ele>
<time>2024-03-23T17:43:24Z</time>
</trkpt>
<trkpt lat="34.12892900" lon="-111.28288700">
<ele>1073.800</ele>
<time>2024-03-23T17:43:25Z</time>
</trkpt>
<trkpt lat="34.12887200" lon="-111.28292200">
<ele>1073.300</ele>
<time>2024-03-23T17:43:26Z</time>
</trkpt>
<trkpt lat="34.12883000" lon="-111.28297000">
<ele>1072.700</ele>
<time>2024-03-23T17:43:27Z</time>
</trkpt>
<trkpt lat="34.12880500" lon="-111.28302700">
<ele>1072.200</ele>
<time>2024-03-23T17:43:28Z</time>
</trkpt>
<trkpt lat="34.12879300" lon="-111.28308900">
<ele>1072.000</ele>
<time>2024-03-23T17:43:29Z</time>
</trkpt>
<trkpt lat="34.12881600" lon="-111.28321800">
<ele>1071.600</ele>
<time>2024-03-23T17:43:30Z</time>
</trkpt>
<trkpt lat="34.12883900" lon="-111.28328300">
<ele>1071.500</ele>
<time>2024-03-23T17:43:31Z</time>
</trkpt>
<trkpt lat="34.12893100" lon="-111.28345100">
<ele>1071.500</ele>
<time>2024-03-23T17:43:34Z</time>
</trkpt>
<trkpt lat="34.12893700" lon="-111.28351900">
<ele>1071.100</ele>
<time>2024-03-23T17:43:36Z</time>
</trkpt>
<trkpt lat="34.12892600" lon="-111.28358800">
<ele>1070.000</ele>
<time>2024-03-23T17:43:37Z</time>
</trkpt>
<trkpt lat="34.12890100" lon="-111.28365400">
<ele>1068.700</ele>
<time>2024-03-23T17:43:38Z</time>
</trkpt>
<trkpt lat="34.12885500" lon="-111.28370800">
<ele>1068.400</ele>
<time>2024-03-23T17:43:47Z</time>
</trkpt>
<trkpt lat="34.12879900" lon="-111.28375300">
<ele>1068.000</ele>
<time>2024-03-23T17:43:48Z</time>
</trkpt>
<trkpt lat="34.12873100" lon="-111.28377500">
<ele>1068.100</ele>
<time>2024-03-23T17:43:54Z</time>
</trkpt>
<trkpt lat="34.12865200" lon="-111.28379000">
<ele>1067.300</ele>
<time>2024-03-23T17:43:57Z</time>
</trkpt>
<trkpt lat="34.12857800" lon="-111.28381500">
<ele>1066.900</ele>
<time>2024-03-23T17:43:58Z</time>
</trkpt>
<trkpt lat="34.12851100" lon="-111.28386000">
<ele>1066.000</ele>
<time>2024-03-23T17:44:06Z</time>
</trkpt>
<trkpt lat="34.12844700" lon="-111.28391900">
<ele>1064.500</ele>
<time>2024-03-23T17:44:08Z</time>
</trkpt>
<trkpt lat="34.12826400" lon="-111.28412400">
<ele>1065.900</ele>
<time>2024-03-23T17:44:09Z</time>
</trkpt>
<trkpt lat="34.12814100" lon="-111.28422000">
<ele>1068.600</ele>
<time>2024-03-23T17:44:11Z</time>
</trkpt>
<trkpt lat="34.12807200" lon="-111.28425200">
<ele>1069.100</ele>
<time>2024-03-23T17:44:12Z</time>
</trkpt>
<trkpt lat="34.12800100" lon="-111.28427000">
<ele>1069.200</ele>
<time>2024-03-23T17:44:15Z</time>
</trkpt>
<trkpt lat="34.12730600" lon="-111.28434600">
<ele>1060.400</ele>
<time>2024-03-23T17:44:16Z</time>
</trkpt>
<trkpt lat="34.12723400" lon="-111.28433800">
<ele>1059.600</ele>
<time>2024-03-23T17:44:17Z</time>
</trkpt>
<trkpt lat="34.12685800" lon="-111.28425900">
<ele>1056.500</ele>
<time>2024-03-23T17:44:18Z</time>
</trkpt>
<trkpt lat="34.12668100" lon="-111.28429500">
<ele>1054.900</ele>
<time>2024-03-23T17:44:19Z</time>
</trkpt>
<trkpt lat="34.12661500" lon="-111.28432000">
<ele>1054.700</ele>
<time>2024-03-23T17:44:20Z</time>
</trkpt>
<trkpt lat="34.12605400" lon="-111.28451200">
<ele>1053.700</ele>
<time>2024-03-23T17:44:21Z</time>
</trkpt>
<trkpt lat="34.12590200" lon="-111.28460500">
<ele>1053.000</ele>
<time>2024-03-23T17:44:25Z</time>
</trkpt>
<trkpt lat="34.12583200" lon="-111.28467700">
<ele>1051.400</ele>
<time>2024-03-23T17:44:29Z</time>
</trkpt>
<trkpt lat="34.12572700" lon="-111.28482100">
<ele>1044.500</ele>
<time>2024-03-23T17:44:30Z</time>
</trkpt>
<trkpt lat="34.12568200" lon="-111.28490200">
<ele>1043.400</ele>
<time>2024-03-23T17:44:41Z</time>
</trkpt>
<trkpt lat="34.12559000" lon="-111.28513000">
<ele>1042.400</ele>
<time>2024-03-23T17:44:45Z</time>
</trkpt>
<trkpt lat="34.12554900" lon="-111.28520200">
<ele>1041.700</ele>
<time>2024-03-23T17:44:47Z</time>
</trkpt>
<trkpt lat="34.12549800" lon="-111.28526500">
<ele>1041.100</ele>
<time>2024-03-23T17:44:48Z</time>
</trkpt>
<trkpt lat="34.12543900" lon="-111.28531700">
<ele>1040.900</ele>
<time>2024-03-23T17:44:49Z</time>
</trkpt>
<trkpt lat="34.12537600" lon="-111.28535000">
<ele>1040.600</ele>
<time>2024-03-23T17:44:54Z</time>
</trkpt>
<trkpt lat="34.12530900" lon="-111.28538100">
<ele>1040.000</ele>
<time>2024-03-23T17:44:58Z</time>
</trkpt>
<trkpt lat="34.12523700" lon="-111.28540000">
<ele>1040.500</ele>
<time>2024-03-23T17:44:59Z</time>
</trkpt>
<trkpt lat="34.12506200" lon="-111.28542600">
<ele>1039.600</ele>
<time>2024-03-23T17:45:04Z</time>
</trkpt>
<trkpt lat="34.12500000" lon="-111.28541700">
<ele>1039.000</ele>
<time>2024-03-23T17:45:05Z</time>
</trkpt>
<trkpt lat="34.12498100" lon="-111.28541300">
<ele>1038.500</ele>
<time>2024-03-23T17:45:08Z</time>
</trkpt>
<trkpt lat="34.12495100" lon="-111.28541600">
<ele>1038.500</ele>
<time>2024-03-23T17:45:09Z</time>
</trkpt>
<trkpt lat="34.12475800" lon="-111.28538500">
<ele>1034.900</ele>
<time>2024-03-23T17:45:10Z</time>
</trkpt>
<trkpt lat="34.12463600" lon="-111.28538500">
<ele>1033.200</ele>
<time>2024-03-23T17:45:13Z</time>
</trkpt>
<trkpt lat="34.12457900" lon="-111.28540000">
<ele>1032.900</ele>
<time>2024-03-23T17:45:14Z</time>
</trkpt>
<trkpt lat="34.12452900" lon="-111.28542800">
<ele>1031.600</ele>
<time>2024-03-23T17:45:16Z</time>
</trkpt>
<trkpt lat="34.12426900" lon="-111.28564100">
<ele>1026.200</ele>
<time>2024-03-23T17:45:17Z</time>
</trkpt>
<trkpt lat="34.12405900" lon="-111.28584200">
<ele>1022.000</ele>
<time>2024-03-23T17:45:19Z</time>
</trkpt>
<trkpt lat="34.12400900" lon="-111.28589100">
<ele>1021.200</ele>
<time>2024-03-23T17:45:20Z</time>
</trkpt>
<trkpt lat="34.12377100" lon="-111.28614700">
<ele>1019.000</ele>
<time>2024-03-23T17:45:23Z</time>
</trkpt>
<trkpt lat="34.12371800" lon="-111.28619200">
<ele>1018.500</ele>
<time>2024-03-23T17:45:25Z</time>
</trkpt>
<trkpt lat="34.12355300" lon="-111.28628800">
<ele>1017.800</ele>
<time>2024-03-23T17:45:29Z</time>
</trkpt>
<trkpt lat="34.12349800" lon="-111.28630900">
<ele>1017.800</ele>
<time>2024-03-23T17:45:30Z</time>
</trkpt>
<trkpt lat="34.12344000" lon="-111.28632600">
<ele>1016.500</ele>
<time>2024-03-23T17:45:34Z</time>
</trkpt>
<trkpt lat="34.12327300" lon="-111.28635200">
<ele>1015.300</ele>
<time>2024-03-23T17:45:37Z</time>
</trkpt>
<trkpt lat="34.12322700" lon="-111.28637000">
<ele>1014.400</ele>
<time>2024-03-23T17:45:38Z</time>
</trkpt>
<trkpt lat="34.12317200" lon="-111.28647100">
<ele>1012.800</ele>
<time>2024-03-23T17:45:39Z</time>
</trkpt>
<trkpt lat="34.12317600" lon="-111.28652500">
<ele>1012.500</ele>
<time>2024-03-23T17:45:40Z</time>
</trkpt>
<trkpt lat="34.12322700" lon="-111.28661200">
<ele>1010.200</ele>
<time>2024-03-23T17:45:42Z</time>
</trkpt>
<trkpt lat="34.12326400" lon="-111.28664200">
<ele>1010.000</ele>
<time>2024-03-23T17:45:43Z</time>
</trkpt>
<trkpt lat="34.12339000" lon="-111.28666700">
<ele>1008.100</ele>
<time>2024-03-23T17:45:46Z</time>
</trkpt>
<trkpt lat="34.12351800" lon="-111.28667000">
<ele>1007.300</ele>
<time>2024-03-23T17:45:49Z</time>
</trkpt>
<trkpt lat="34.12377200" lon="-111.28663700">
<ele>1005.500</ele>
<time>2024-03-23T17:45:50Z</time>
</trkpt>
<trkpt lat="34.12383200" lon="-111.28663000">
<ele>1004.500</ele>
<time>2024-03-23T17:45:51Z</time>
</trkpt>
<trkpt lat="34.12407100" lon="-111.28658300">
<ele>1000.400</ele>
<time>2024-03-23T17:45:52Z</time>
</trkpt>
<trkpt lat="34.12421300" lon="-111.28651300">
<ele>1000.100</ele>
<time>2024-03-23T17:45:53Z</time>
</trkpt>
<trkpt lat="34.12425600" lon="-111.28650800">
<ele>1000.800</ele>
<time>2024-03-23T17:45:54Z</time>
</trkpt>
<trkpt lat="34.12429300" lon="-111.28652500">
<ele>1001.900</ele>
<time>2024-03-23T17:45:56Z</time>
</trkpt>
<trkpt lat="34.12431800" lon="-111.28656100">
<ele>1002.800</ele>
<time>2024-03-23T17:45:59Z</time>
</trkpt>
<trkpt lat="34.12433100" lon="-111.28668500">
<ele>1000.800</ele>
<time>2024-03-23T17:46:00Z</time>
</trkpt>
<trkpt lat="34.12431700" lon="-111.28676300">
<ele>1000.000</ele>
<time>2024-03-23T17:46:03Z</time>
</trkpt>
<trkpt lat="34.12425700" lon="-111.28699100">
<ele>998.200</ele>
<time>2024-03-23T17:46:06Z</time>
</trkpt>
<trkpt lat="34.12418100" lon="-111.28721900">
<ele>997.700</ele>
<time>2024-03-23T17:46:08Z</time>
</trkpt>
<trkpt lat="34.12416800" lon="-111.28729400">
<ele>996.300</ele>
<time>2024-03-23T17:46:10Z</time>
</trkpt>
<trkpt lat="34.12417900" lon="-111.28736600">
<ele>998.200</ele>
<time>2024-03-23T17:46:11Z</time>
</trkpt>
<trkpt lat="34.12420400" lon="-111.28742900">
<ele>996.900</ele>
<time>2024-03-23T17:46:12Z</time>
</trkpt>
<trkpt lat="34.12424100" lon="-111.28748000">
<ele>995.900</ele>
<time>2024-03-23T17:46:13Z</time>
</trkpt>
<trkpt lat="34.12429200" lon="-111.28751100">
<ele>995.600</ele>
<time>2024-03-23T17:46:14Z</time>
</trkpt>
<trkpt lat="34.12441400" lon="-111.28753500">
<ele>991.800</ele>
<time>2024-03-23T17:46:16Z</time>
</trkpt>
<trkpt lat="34.12459200" lon="-111.28753000">
<ele>987.000</ele>
<time>2024-03-23T17:46:17Z</time>
</trkpt>
<trkpt lat="34.12464900" lon="-111.28752800">
<ele>985.000</ele>
<time>2024-03-23T17:46:18Z</time>
</trkpt>
<trkpt lat="34.12480500" lon="-111.28753100">
<ele>983.100</ele>
<time>2024-03-23T17:46:20Z</time>
</trkpt>
<trkpt lat="34.12497800" lon="-111.28755800">
<ele>982.600</ele>
<time>2024-03-23T17:46:21Z</time>
</trkpt>
<trkpt lat="34.12506500" lon="-111.28755800">
<ele>983.000</ele>
<time>2024-03-23T17:46:24Z</time>
</trkpt>
<trkpt lat="34.12514500" lon="-111.28747500">
<ele>985.200</ele>
<time>2024-03-23T17:46:25Z</time>
</trkpt>
<trkpt lat="34.12518800" lon="-111.28743600">
<ele>985.600</ele>
<time>2024-03-23T17:46:26Z</time>
</trkpt>
<trkpt lat="34.12524300" lon="-111.28742400">
<ele>985.400</ele>
<time>2024-03-23T17:46:27Z</time>
</trkpt>
<trkpt lat="34.12529900" lon="-111.28744100">
<ele>984.100</ele>
<time>2024-03-23T17:46:28Z</time>
</trkpt>
<trkpt lat="34.12534500" lon="-111.28748400">
<ele>982.600</ele>
<time>2024-03-23T17:46:30Z</time>
</trkpt>
<trkpt lat="34.12543200" lon="-111.28759300">
<ele>980.300</ele>
<time>2024-03-23T17:46:31Z</time>
</trkpt>
<trkpt lat="34.12548600" lon="-111.28762700">
<ele>979.300</ele>
<time>2024-03-23T17:46:32Z</time>
</trkpt>
<trkpt lat="34.12554300" lon="-111.28763600">
<ele>979.400</ele>
<time>2024-03-23T17:46:35Z</time>
</trkpt>
<trkpt lat="34.12566800" lon="-111.28760900">
<ele>981.400</ele>
<time>2024-03-23T17:46:38Z</time>
</trkpt>
<trkpt lat="34.12573400" lon="-111.28761300">
<ele>983.200</ele>
<time>2024-03-23T17:46:40Z</time>
</trkpt>
<trkpt lat="34.12592800" lon="-111.28771900">
<ele>987.100</ele>
<time>2024-03-23T17:46:41Z</time>
</trkpt>
<trkpt lat="34.12597800" lon="-111.28775200">
<ele>987.400</ele>
<time>2024-03-23T17:46:43Z</time>
</trkpt>
<trkpt lat="34.12600600" lon="-111.28779200">
<ele>987.600</ele>
<time>2024-03-23T17:46:50Z</time>
</trkpt>
<trkpt lat="34.12602600" lon="-111.28784400">
<ele>987.700</ele>
<time>2024-03-23T17:46:51Z</time>
</trkpt>
<trkpt lat="34.12601100" lon="-111.28791000">
<ele>987.400</ele>
<time>2024-03-23T17:47:07Z</time>
</trkpt>
<trkpt lat="34.12596900" lon="-111.28799200">
<ele>987.200</ele>
<time>2024-03-23T17:47:10Z</time>
</trkpt>
<trkpt lat="34.12593200" lon="-111.28802400">
<ele>986.800</ele>
<time>2024-03-23T17:47:11Z</time>
</trkpt>
<trkpt lat="34.12588300" lon="-111.28805200">
<ele>986.700</ele>
<time>2024-03-23T17:47:14Z</time>
</trkpt>
<trkpt lat="34.12569500" lon="-111.28809600">
<ele>983.900</ele>
<time>2024-03-23T17:47:18Z</time>
</trkpt>
<trkpt lat="34.12545500" lon="-111.28820600">
<ele>982.700</ele>
<time>2024-03-23T17:47:20Z</time>
</trkpt>
<trkpt lat="34.12529100" lon="-111.28826300">
<ele>981.300</ele>
<time>2024-03-23T17:47:21Z</time>
</trkpt>
<trkpt lat="34.12522200" lon="-111.28828200">
<ele>980.200</ele>
<time>2024-03-23T17:47:24Z</time>
</trkpt>
<trkpt lat="34.12512000" lon="-111.28834400">
<ele>980.400</ele>
<time>2024-03-23T17:47:26Z</time>
</trkpt>
<trkpt lat="34.12497400" lon="-111.28848100">
<ele>980.200</ele>
<time>2024-03-23T17:47:28Z</time>
</trkpt>
<trkpt lat="34.12497400" lon="-111.28848100">
<ele>980.200</ele>
<time>2024-03-23T17:47:30Z</time>
</trkpt>
<trkpt lat="34.12482300" lon="-111.28864100">
<ele>981.100</ele>
<time>2024-03-23T17:47:31Z</time>
</trkpt>
<trkpt lat="34.12464700" lon="-111.28879400">
<ele>981.000</ele>
<time>2024-03-23T17:47:32Z</time>
</trkpt>
<trkpt lat="34.12459200" lon="-111.28884400">
<ele>981.000</ele>
<time>2024-03-23T17:47:35Z</time>
</trkpt>
<trkpt lat="34.12444500" lon="-111.28897000">
<ele>980.000</ele>
<time>2024-03-23T17:47:38Z</time>
</trkpt>
<trkpt lat="34.12421900" lon="-111.28913600">
<ele>977.600</ele>
<time>2024-03-23T17:47:40Z</time>
</trkpt>
<trkpt lat="34.12411700" lon="-111.28925700">
<ele>976.600</ele>
<time>2024-03-23T17:47:41Z</time>
</trkpt>
<trkpt lat="34.12407200" lon="-111.28931500">
<ele>976.400</ele>
<time>2024-03-23T17:47:43Z</time>
</trkpt>
<trkpt lat="34.12394200" lon="-111.28947700">
<ele>976.400</ele>
<time>2024-03-23T17:47:47Z</time>
</trkpt>
<trkpt lat="34.12389500" lon="-111.28952300">
<ele>976.400</ele>
<time>2024-03-23T17:47:49Z</time>
</trkpt>
<trkpt lat="34.12379500" lon="-111.28951300">
<ele>976.500</ele>
<time>2024-03-23T17:47:50Z</time>
</trkpt>
<trkpt lat="34.12366300" lon="-111.28952500">
<ele>976.700</ele>
<time>2024-03-23T17:47:51Z</time>
</trkpt>
<trkpt lat="34.12358800" lon="-111.28953000">
<ele>976.200</ele>
<time>2024-03-23T17:47:52Z</time>
</trkpt>
<trkpt lat="34.12350000" lon="-111.28952800">
<ele>975.100</ele>
<time>2024-03-23T17:47:55Z</time>
</trkpt>
<trkpt lat="34.12323600" lon="-111.28948900">
<ele>968.600</ele>
<time>2024-03-23T17:47:56Z</time>
</trkpt>
<trkpt lat="34.12299400" lon="-111.28943800">
<ele>964.500</ele>
<time>2024-03-23T17:47:57Z</time>
</trkpt>
<trkpt lat="34.12282700" lon="-111.28938400">
<ele>963.700</ele>
<time>2024-03-23T17:47:58Z</time>
</trkpt>
<trkpt lat="34.12274800" lon="-111.28935300">
<ele>963.600</ele>
<time>2024-03-23T17:47:59Z</time>
</trkpt>
<trkpt lat="34.12259700" lon="-111.28928600">
<ele>963.600</ele>
<time>2024-03-23T17:48:00Z</time>
</trkpt>
<trkpt lat="34.12236500" lon="-111.28909500">
<ele>963.300</ele>
<time>2024-03-23T17:48:01Z</time>
</trkpt>
<trkpt lat="34.12227200" lon="-111.28899900">
<ele>963.100</ele>
<time>2024-03-23T17:48:03Z</time>
</trkpt>
<trkpt lat="34.12221800" lon="-111.28897800">
<ele>963.100</ele>
<time>2024-03-23T17:48:04Z</time>
</trkpt>
<trkpt lat="34.12215500" lon="-111.28898700">
<ele>963.000</ele>
<time>2024-03-23T17:48:05Z</time>
</trkpt>
<trkpt lat="34.12209200" lon="-111.28902300">
<ele>962.900</ele>
<time>2024-03-23T17:48:08Z</time>
</trkpt>
<trkpt lat="34.12195100" lon="-111.28918900">
<ele>962.200</ele>
<time>2024-03-23T17:48:11Z</time>
</trkpt>
<trkpt lat="34.12188400" lon="-111.28922200">
<ele>961.600</ele>
<time>2024-03-23T17:48:12Z</time>
</trkpt>
<trkpt lat="34.12181200" lon="-111.28923900">
<ele>961.000</ele>
<time>2024-03-23T17:48:15Z</time>
</trkpt>
<trkpt lat="34.12174700" lon="-111.28923700">
<ele>960.100</ele>
<time>2024-03-23T17:48:55Z</time>
</trkpt>
<trkpt lat="34.12168300" lon="-111.28922400">
<ele>959.700</ele>
<time>2024-03-23T17:48:59Z</time>
</trkpt>
<trkpt lat="34.12162100" lon="-111.28918700">
<ele>958.900</ele>
<time>2024-03-23T17:49:00Z</time>
</trkpt>
<trkpt lat="34.12155900" lon="-111.28914300">
<ele>958.000</ele>
<time>2024-03-23T17:49:02Z</time>
</trkpt>
<trkpt lat="34.12145600" lon="-111.28905100">
<ele>956.700</ele>
<time>2024-03-23T17:49:03Z</time>
</trkpt>
<trkpt lat="34.12140100" lon="-111.28902800">
<ele>956.200</ele>
<time>2024-03-23T17:49:09Z</time>
</trkpt>
<trkpt lat="34.12133100" lon="-111.28902900">
<ele>955.200</ele>
<time>2024-03-23T17:49:10Z</time>
</trkpt>
<trkpt lat="34.12111900" lon="-111.28907500">
<ele>952.400</ele>
<time>2024-03-23T17:49:11Z</time>
</trkpt>
<trkpt lat="34.12092700" lon="-111.28910100">
<ele>951.200</ele>
<time>2024-03-23T17:49:12Z</time>
</trkpt>
<trkpt lat="34.12087400" lon="-111.28910700">
<ele>951.100</ele>
<time>2024-03-23T17:49:13Z</time>
</trkpt>
<trkpt lat="34.12072600" lon="-111.28913600">
<ele>951.000</ele>
<time>2024-03-23T17:49:14Z</time>
</trkpt>
<trkpt lat="34.12066600" lon="-111.28913500">
<ele>951.100</ele>
<time>2024-03-23T17:49:16Z</time>
</trkpt>
<trkpt lat="34.12051100" lon="-111.28916300">
<ele>951.000</ele>
<time>2024-03-23T17:49:18Z</time>
</trkpt>
<trkpt lat="34.12044200" lon="-111.28917100">
<ele>950.900</ele>
<time>2024-03-23T17:49:19Z</time>
</trkpt>
<trkpt lat="34.12029000" lon="-111.28917700">
<ele>950.900</ele>
<time>2024-03-23T17:49:20Z</time>
</trkpt>
<trkpt lat="34.12020100" lon="-111.28916400">
<ele>950.900</ele>
<time>2024-03-23T17:49:22Z</time>
</trkpt>
<trkpt lat="34.11963100" lon="-111.28900900">
<ele>950.900</ele>
<time>2024-03-23T17:49:24Z</time>
</trkpt>
<trkpt lat="34.11955000" lon="-111.28898100">
<ele>951.000</ele>
<time>2024-03-23T17:49:25Z</time>
</trkpt>
<trkpt lat="34.11947600" lon="-111.28894300">
<ele>951.000</ele>
<time>2024-03-23T17:49:26Z</time>
</trkpt>
<trkpt lat="34.11940900" lon="-111.28887400">
<ele>951.100</ele>
<time>2024-03-23T17:49:27Z</time>
</trkpt>
<trkpt lat="34.11935100" lon="-111.28879000">
<ele>951.200</ele>
<time>2024-03-23T17:49:28Z</time>
</trkpt>
<trkpt lat="34.11930400" lon="-111.28868500">
<ele>951.200</ele>
<time>2024-03-23T17:49:29Z</time>
</trkpt>
<trkpt lat="34.11922400" lon="-111.28844400">
<ele>951.000</ele>
<time>2024-03-23T17:49:30Z</time>
</trkpt>
<trkpt lat="34.11916600" lon="-111.28818000">
<ele>950.600</ele>
<time>2024-03-23T17:49:32Z</time>
</trkpt>
<trkpt lat="34.11912700" lon="-111.28804700">
<ele>949.900</ele>
<time>2024-03-23T17:49:33Z</time>
</trkpt>
<trkpt lat="34.11907600" lon="-111.28792800">
<ele>949.000</ele>
<time>2024-03-23T17:49:34Z</time>
</trkpt>
<trkpt lat="34.11899600" lon="-111.28769500">
<ele>947.600</ele>
<time>2024-03-23T17:49:37Z</time>
</trkpt>
<trkpt lat="34.11893500" lon="-111.28748100">
<ele>946.000</ele>
<time>2024-03-23T17:49:38Z</time>
</trkpt>
<trkpt lat="34.11890100" lon="-111.28739100">
<ele>945.200</ele>
<time>2024-03-23T17:49:39Z</time>
</trkpt>
<trkpt lat="34.11886300" lon="-111.28732800">
<ele>944.500</ele>
<time>2024-03-23T17:49:40Z</time>
</trkpt>
<trkpt lat="34.11880500" lon="-111.28729500">
<ele>944.000</ele>
<time>2024-03-23T17:49:41Z</time>
</trkpt>
<trkpt lat="34.11873200" lon="-111.28728600">
<ele>942.700</ele>
<time>2024-03-23T17:49:43Z</time>
</trkpt>
<trkpt lat="34.11865000" lon="-111.28729100">
<ele>942.000</ele>
<time>2024-03-23T17:49:44Z</time>
</trkpt>
<trkpt lat="34.11857500" lon="-111.28732100">
<ele>941.400</ele>
<time>2024-03-23T17:49:45Z</time>
</trkpt>
<trkpt lat="34.11840400" lon="-111.28740500">
<ele>939.900</ele>
<time>2024-03-23T17:49:49Z</time>
</trkpt>
<trkpt lat="34.11831400" lon="-111.28742100">
<ele>939.300</ele>
<time>2024-03-23T17:49:50Z</time>
</trkpt>
<trkpt lat="34.11821900" lon="-111.28742000">
<ele>938.800</ele>
<time>2024-03-23T17:50:06Z</time>
</trkpt>
<trkpt lat="34.11796800" lon="-111.28738500">
<ele>938.700</ele>
<time>2024-03-23T17:50:07Z</time>
</trkpt>
<trkpt lat="34.11789800" lon="-111.28736000">
<ele>938.700</ele>
<time>2024-03-23T17:50:09Z</time>
</trkpt>
<trkpt lat="34.11783700" lon="-111.28732100">
<ele>938.700</ele>
<time>2024-03-23T17:50:11Z</time>
</trkpt>
<trkpt lat="34.11778000" lon="-111.28728000">
<ele>938.700</ele>
<time>2024-03-23T17:50:12Z</time>
</trkpt>
<trkpt lat="34.11772600" lon="-111.28723800">
<ele>938.700</ele>
<time>2024-03-23T17:50:15Z</time>
</trkpt>
<trkpt lat="34.11762600" lon="-111.28713500">
<ele>938.700</ele>
<time>2024-03-23T17:50:17Z</time>
</trkpt>
<trkpt lat="34.11757600" lon="-111.28707800">
<ele>938.700</ele>
<time>2024-03-23T17:50:19Z</time>
</trkpt>
<trkpt lat="34.11753800" lon="-111.28700400">
<ele>938.800</ele>
<time>2024-03-23T17:50:21Z</time>
</trkpt>
<trkpt lat="34.11751000" lon="-111.28667300">
<ele>938.900</ele>
<time>2024-03-23T17:50:22Z</time>
</trkpt>
<trkpt lat="34.11749400" lon="-111.28662900">
<ele>938.800</ele>
<time>2024-03-23T17:50:28Z</time>
</trkpt>
<trkpt lat="34.11740700" lon="-111.28653800">
<ele>938.500</ele>
<time>2024-03-23T17:50:30Z</time>
</trkpt>
<trkpt lat="34.11736300" lon="-111.28650500">
<ele>938.400</ele>
<time>2024-03-23T17:50:31Z</time>
</trkpt>
<trkpt lat="34.11725600" lon="-111.28644400">
<ele>938.300</ele>
<time>2024-03-23T17:50:32Z</time>
</trkpt>
<trkpt lat="34.11715000" lon="-111.28641400">
<ele>938.000</ele>
<time>2024-03-23T17:50:34Z</time>
</trkpt>
<trkpt lat="34.11711200" lon="-111.28640300">
<ele>937.800</ele>
<time>2024-03-23T17:50:35Z</time>
</trkpt>
<trkpt lat="34.11699400" lon="-111.28636800">
<ele>937.600</ele>
<time>2024-03-23T17:50:41Z</time>
</trkpt>
<trkpt lat="34.11689300" lon="-111.28632100">
<ele>937.500</ele>
<time>2024-03-23T17:50:42Z</time>
</trkpt>
<trkpt lat="34.11681400" lon="-111.28624100">
<ele>937.500</ele>
<time>2024-03-23T17:50:43Z</time>
</trkpt>
<trkpt lat="34.11673700" lon="-111.28611000">
<ele>937.600</ele>
<time>2024-03-23T17:50:44Z</time>
</trkpt>
<trkpt lat="34.11670100" lon="-111.28604600">
<ele>937.700</ele>
<time>2024-03-23T17:50:48Z</time>
</trkpt>
<trkpt lat="34.11644100" lon="-111.28561500">
<ele>936.400</ele>
<time>2024-03-23T17:50:50Z</time>
</trkpt>
<trkpt lat="34.11633300" lon="-111.28547600">
<ele>935.500</ele>
<time>2024-03-23T17:50:51Z</time>
</trkpt>
<trkpt lat="34.11627200" lon="-111.28541600">
<ele>935.200</ele>
<time>2024-03-23T17:50:52Z</time>
</trkpt>
<trkpt lat="34.11621000" lon="-111.28536000">
<ele>934.400</ele>
<time>2024-03-23T17:50:54Z</time>
</trkpt>
<trkpt lat="34.11608900" lon="-111.28523800">
<ele>933.100</ele>
<time>2024-03-23T17:50:55Z</time>
</trkpt>
<trkpt lat="34.11603400" lon="-111.28516600">
<ele>932.800</ele>
<time>2024-03-23T17:50:58Z</time>
</trkpt>
<trkpt lat="34.11571500" lon="-111.28470700">
<ele>929.000</ele>
<time>2024-03-23T17:51:01Z</time>
</trkpt>
<trkpt lat="34.11566700" lon="-111.28463700">
<ele>928.200</ele>
<time>2024-03-23T17:51:02Z</time>
</trkpt>
<trkpt lat="34.11561200" lon="-111.28457600">
<ele>927.600</ele>
<time>2024-03-23T17:51:06Z</time>
</trkpt>
<trkpt lat="34.11554200" lon="-111.28453300">
<ele>927.300</ele>
<time>2024-03-23T17:51:12Z</time>
</trkpt>
<trkpt lat="34.11522100" lon="-111.28445900">
<ele>926.400</ele>
<time>2024-03-23T17:51:13Z</time>
</trkpt>
<trkpt lat="34.11506500" lon="-111.28440900">
<ele>925.800</ele>
<time>2024-03-23T17:51:15Z</time>
</trkpt>
<trkpt lat="34.11499400" lon="-111.28437600">
<ele>925.600</ele>
<time>2024-03-23T17:51:17Z</time>
</trkpt>
<trkpt lat="34.11493000" lon="-111.28433200">
<ele>925.600</ele>
<time>2024-03-23T17:51:18Z</time>
</trkpt>
<trkpt lat="34.11481200" lon="-111.28423400">
<ele>925.500</ele>
<time>2024-03-23T17:51:32Z</time>
</trkpt>
<trkpt lat="34.11474500" lon="-111.28419900">
<ele>925.500</ele>
<time>2024-03-23T17:51:33Z</time>
</trkpt>
<trkpt lat="34.11452900" lon="-111.28416700">
<ele>926.200</ele>
<time>2024-03-23T17:51:42Z</time>
</trkpt>
<trkpt lat="34.11432000" lon="-111.28408600">
<ele>926.500</ele>
<time>2024-03-23T17:51:43Z</time>
</trkpt>
<trkpt lat="34.11424500" lon="-111.28404000">
<ele>926.400</ele>
<time>2024-03-23T17:51:46Z</time>
</trkpt>
<trkpt lat="34.11395800" lon="-111.28386200">
<ele>926.200</ele>
<time>2024-03-23T17:51:50Z</time>
</trkpt>
<trkpt lat="34.11354400" lon="-111.28364400">
<ele>926.700</ele>
<time>2024-03-23T17:51:52Z</time>
</trkpt>
<trkpt lat="34.11347500" lon="-111.28361900">
<ele>926.700</ele>
<time>2024-03-23T17:51:53Z</time>
</trkpt>
<trkpt lat="34.11333200" lon="-111.28358500">
<ele>927.100</ele>
<time>2024-03-23T17:51:57Z</time>
</trkpt>
<trkpt lat="34.11320200" lon="-111.28353400">
<ele>927.300</ele>
<time>2024-03-23T17:51:59Z</time>
</trkpt>
<trkpt lat="34.11315800" lon="-111.28350900">
<ele>927.400</ele>
<time>2024-03-23T17:52:00Z</time>
</trkpt>
<trkpt lat="34.11307500" lon="-111.28343200">
<ele>927.600</ele>
<time>2024-03-23T17:52:02Z</time>
</trkpt>
<trkpt lat="34.11305300" lon="-111.28341400">
<ele>927.600</ele>
<time>2024-03-23T17:52:03Z</time>
</trkpt>
<trkpt lat="34.11257500" lon="-111.28299600">
<ele>926.500</ele>
<time>2024-03-23T17:52:06Z</time>
</trkpt>
<trkpt lat="34.11250800" lon="-111.28293200">
<ele>925.900</ele>
<time>2024-03-23T17:52:08Z</time>
</trkpt>
<trkpt lat="34.11232800" lon="-111.28274200">
<ele>923.200</ele>
<time>2024-03-23T17:52:10Z</time>
</trkpt>
<trkpt lat="34.11208100" lon="-111.28250500">
<ele>920.000</ele>
<time>2024-03-23T17:52:12Z</time>
</trkpt>
<trkpt lat="34.11195900" lon="-111.28236900">
<ele>918.800</ele>
<time>2024-03-23T17:52:13Z</time>
</trkpt>
<trkpt lat="34.11190000" lon="-111.28230100">
<ele>918.000</ele>
<time>2024-03-23T17:52:18Z</time>
</trkpt>
<trkpt lat="34.11168100" lon="-111.28202700">
<ele>916.200</ele>
<time>2024-03-23T17:52:39Z</time>
</trkpt>
<trkpt lat="34.11156500" lon="-111.28195400">
<ele>915.700</ele>
<time>2024-03-23T17:52:41Z</time>
</trkpt>
<trkpt lat="34.11150500" lon="-111.28192900">
<ele>915.500</ele>
<time>2024-03-23T17:52:42Z</time>
</trkpt>
<trkpt lat="34.11135700" lon="-111.28191600">
<ele>915.300</ele>
<time>2024-03-23T17:52:43Z</time>
</trkpt>
<trkpt lat="34.11128100" lon="-111.28192000">
<ele>915.300</ele>
<time>2024-03-23T17:52:49Z</time>
</trkpt>
<trkpt lat="34.11106000" lon="-111.28192100">
<ele>914.800</ele>
<time>2024-03-23T17:52:52Z</time>
</trkpt>
<trkpt lat="34.11090500" lon="-111.28189800">
<ele>914.500</ele>
<time>2024-03-23T17:52:53Z</time>
</trkpt>
<trkpt lat="34.11074100" lon="-111.28183100">
<ele>914.100</ele>
<time>2024-03-23T17:52:55Z</time>
</trkpt>
<trkpt lat="34.11060300" lon="-111.28175300">
<ele>913.300</ele>
<time>2024-03-23T17:52:57Z</time>
</trkpt>
<trkpt lat="34.11054300" lon="-111.28171700">
<ele>912.800</ele>
<time>2024-03-23T17:53:02Z</time>
</trkpt>
<trkpt lat="34.11035200" lon="-111.28155300">
<ele>911.700</ele>
<time>2024-03-23T17:53:03Z</time>
</trkpt>
<trkpt lat="34.11033000" lon="-111.28155600">
<ele>911.600</ele>
<time>2024-03-23T17:53:08Z</time>
</trkpt>
<trkpt lat="34.11026900" lon="-111.28159100">
<ele>911.500</ele>
<time>2024-03-23T17:53:13Z</time>
</trkpt>
<trkpt lat="34.11023200" lon="-111.28163300">
<ele>911.400</ele>
<time>2024-03-23T17:53:14Z</time>
</trkpt>
<trkpt lat="34.11019500" lon="-111.28168900">
<ele>911.600</ele>
<time>2024-03-23T17:53:18Z</time>
</trkpt>
<trkpt lat="34.10989300" lon="-111.28219900">
<ele>912.300</ele>
<time>2024-03-23T17:53:22Z</time>
</trkpt>
<trkpt lat="34.10969800" lon="-111.28247700">
<ele>912.600</ele>
<time>2024-03-23T17:53:23Z</time>
</trkpt>
<trkpt lat="34.10963600" lon="-111.28256200">
<ele>912.700</ele>
<time>2024-03-23T17:53:24Z</time>
</trkpt>
<trkpt lat="34.10948900" lon="-111.28274000">
<ele>912.900</ele>
<time>2024-03-23T17:53:29Z</time>
</trkpt>
<trkpt lat="34.10931400" lon="-111.28293300">
<ele>913.200</ele>
<time>2024-03-23T17:53:33Z</time>
</trkpt>
<trkpt lat="34.10883700" lon="-111.28341800">
<ele>913.000</ele>
<time>2024-03-23T17:53:34Z</time>
</trkpt>
<trkpt lat="34.10874000" lon="-111.28350400">
<ele>912.900</ele>
<time>2024-03-23T17:53:36Z</time>
</trkpt>
<trkpt lat="34.10821000" lon="-111.28391700">
<ele>912.400</ele>
<time>2024-03-23T17:53:37Z</time>
</trkpt>
<trkpt lat="34.10768400" lon="-111.28435000">
<ele>912.600</ele>
<time>2024-03-23T17:53:38Z</time>
</trkpt>
<trkpt lat="34.10757400" lon="-111.28443800">
<ele>912.400</ele>
<time>2024-03-23T17:53:40Z</time>
</trkpt>
<trkpt lat="34.10713300" lon="-111.28476800">
<ele>913.200</ele>
<time>2024-03-23T17:53:43Z</time>
</trkpt>
<trkpt lat="34.10670100" lon="-111.28512200">
<ele>913.700</ele>
<time>2024-03-23T17:53:44Z</time>
</trkpt>
<trkpt lat="34.10659800" lon="-111.28522000">
<ele>913.800</ele>
<time>2024-03-23T17:53:47Z</time>
</trkpt>
<trkpt lat="34.10649400" lon="-111.28531700">
<ele>913.800</ele>
<time>2024-03-23T17:53:53Z</time>
</trkpt>
<trkpt lat="34.10598200" lon="-111.28582900">
<ele>914.000</ele>
<time>2024-03-23T17:53:54Z</time>
</trkpt>
<trkpt lat="34.10553800" lon="-111.28621200">
<ele>913.800</ele>
<time>2024-03-23T17:53:56Z</time>
</trkpt>
<trkpt lat="34.10542500" lon="-111.28631100">
<ele>913.900</ele>
<time>2024-03-23T17:53:57Z</time>
</trkpt>
<trkpt lat="34.10521700" lon="-111.28651300">
<ele>914.000</ele>
<time>2024-03-23T17:53:58Z</time>
</trkpt>
<trkpt lat="34.10512000" lon="-111.28661900">
<ele>914.300</ele>
<time>2024-03-23T17:53:59Z</time>
</trkpt>
<trkpt lat="34.10502700" lon="-111.28674100">
<ele>914.400</ele>
<time>2024-03-23T17:54:00Z</time>
</trkpt>
<trkpt lat="34.10485500" lon="-111.28700300">
<ele>914.400</ele>
<time>2024-03-23T17:54:03Z</time>
</trkpt>
<trkpt lat="34.10461000" lon="-111.28743300">
<ele>914.400</ele>
<time>2024-03-23T17:54:04Z</time>
</trkpt>
<trkpt lat="34.10454400" lon="-111.28756400">
<ele>914.700</ele>
<time>2024-03-23T17:54:07Z</time>
</trkpt>
<trkpt lat="34.10437200" lon="-111.28791900">
<ele>914.700</ele>
<time>2024-03-23T17:54:08Z</time>
</trkpt>
<trkpt lat="34.10396500" lon="-111.28868300">
<ele>914.800</ele>
<time>2024-03-23T17:54:10Z</time>
</trkpt>
<trkpt lat="34.10389300" lon="-111.28881000">
<ele>915.600</ele>
<time>2024-03-23T17:54:11Z</time>
</trkpt>
<trkpt lat="34.10374700" lon="-111.28904600">
<ele>917.100</ele>
<time>2024-03-23T17:54:13Z</time>
</trkpt>
<trkpt lat="34.10366200" lon="-111.28914900">
<ele>918.100</ele>
<time>2024-03-23T17:54:14Z</time>
</trkpt>
<trkpt lat="34.10356800" lon="-111.28924200">
<ele>918.600</ele>
<time>2024-03-23T17:54:23Z</time>
</trkpt>
<trkpt lat="34.10346700" lon="-111.28932000">
<ele>919.000</ele>
<time>2024-03-23T17:54:24Z</time>
</trkpt>
<trkpt lat="34.10335600" lon="-111.28938800">
<ele>919.000</ele>
<time>2024-03-23T17:54:26Z</time>
</trkpt>
<trkpt lat="34.10296400" lon="-111.28957100">
<ele>918.500</ele>
<time>2024-03-23T17:54:28Z</time>
</trkpt>
<trkpt lat="34.10282300" lon="-111.28961500">
<ele>918.500</ele>
<time>2024-03-23T17:54:30Z</time>
</trkpt>
<trkpt lat="34.10244200" lon="-111.28975000">
<ele>921.700</ele>
<time>2024-03-23T17:54:33Z</time>
</trkpt>
<trkpt lat="34.10232500" lon="-111.28981200">
<ele>922.800</ele>
<time>2024-03-23T17:54:34Z</time>
</trkpt>
<trkpt lat="34.10211200" lon="-111.28999000">
<ele>925.700</ele>
<time>2024-03-23T17:54:37Z</time>
</trkpt>
<trkpt lat="34.10201600" lon="-111.29009700">
<ele>926.400</ele>
<time>2024-03-23T17:54:40Z</time>
</trkpt>
<trkpt lat="34.10184900" lon="-111.29031700">
<ele>926.700</ele>
<time>2024-03-23T17:54:43Z</time>
</trkpt>
<trkpt lat="34.10177600" lon="-111.29042600">
<ele>927.300</ele>
<time>2024-03-23T17:54:44Z</time>
</trkpt>
<trkpt lat="34.10121500" lon="-111.29130100">
<ele>933.500</ele>
<time>2024-03-23T17:54:46Z</time>
</trkpt>
<trkpt lat="34.10114500" lon="-111.29140500">
<ele>933.900</ele>
<time>2024-03-23T17:54:47Z</time>
</trkpt>
<trkpt lat="34.10102000" lon="-111.29162200">
<ele>934.600</ele>
<time>2024-03-23T17:54:48Z</time>
</trkpt>
<trkpt lat="34.10092000" lon="-111.29184800">
<ele>935.900</ele>
<time>2024-03-23T17:54:49Z</time>
</trkpt>
<trkpt lat="34.10083500" lon="-111.29208800">
<ele>937.100</ele>
<time>2024-03-23T17:54:53Z</time>
</trkpt>
<trkpt lat="34.10075100" lon="-111.29244500">
<ele>938.700</ele>
<time>2024-03-23T17:54:54Z</time>
</trkpt>
<trkpt lat="34.10072800" lon="-111.29257000">
<ele>938.800</ele>
<time>2024-03-23T17:55:00Z</time>
</trkpt>
<trkpt lat="34.10065900" lon="-111.29292700">
<ele>941.000</ele>
<time>2024-03-23T17:55:03Z</time>
</trkpt>
<trkpt lat="34.10057600" lon="-111.29327100">
<ele>945.300</ele>
<time>2024-03-23T17:55:04Z</time>
</trkpt>
<trkpt lat="34.10049600" lon="-111.29366500">
<ele>950.300</ele>
<time>2024-03-23T17:55:09Z</time>
</trkpt>
<trkpt lat="34.10047500" lon="-111.29378500">
<ele>951.200</ele>
<time>2024-03-23T17:55:14Z</time>
</trkpt>
<trkpt lat="34.10044700" lon="-111.29403500">
<ele>952.900</ele>
<time>2024-03-23T17:55:15Z</time>
</trkpt>
<trkpt lat="34.10044700" lon="-111.29416400">
<ele>953.700</ele>
<time>2024-03-23T17:55:17Z</time>
</trkpt>
<trkpt lat="34.10046100" lon="-111.29429300">
<ele>954.900</ele>
<time>2024-03-23T17:55:19Z</time>
</trkpt>
<trkpt lat="34.10048700" lon="-111.29442000">
<ele>956.400</ele>
<time>2024-03-23T17:55:24Z</time>
</trkpt>
<trkpt lat="34.10068300" lon="-111.29491300">
<ele>963.200</ele>
<time>2024-03-23T17:55:25Z</time>
</trkpt>
<trkpt lat="34.10073400" lon="-111.29503800">
<ele>963.300</ele>
<time>2024-03-23T17:55:28Z</time>
</trkpt>
<trkpt lat="34.10105900" lon="-111.29577100">
<ele>964.600</ele>
<time>2024-03-23T17:55:34Z</time>
</trkpt>
<trkpt lat="34.10125300" lon="-111.29614300">
<ele>964.400</ele>
<time>2024-03-23T17:55:35Z</time>
</trkpt>
<trkpt lat="34.10131300" lon="-111.29625200">
<ele>964.400</ele>
<time>2024-03-23T17:55:37Z</time>
</trkpt>
<trkpt lat="34.10162000" lon="-111.29685100">
<ele>967.600</ele>
<time>2024-03-23T17:55:38Z</time>
</trkpt>
<trkpt lat="34.10192100" lon="-111.29750100">
<ele>973.900</ele>
<time>2024-03-23T17:55:44Z</time>
</trkpt>
<trkpt lat="34.10198600" lon="-111.29763000">
<ele>975.200</ele>
<time>2024-03-23T17:55:45Z</time>
</trkpt>
<trkpt lat="34.10211600" lon="-111.29788200">
<ele>975.900</ele>
<time>2024-03-23T17:55:47Z</time>
</trkpt>
<trkpt lat="34.10225600" lon="-111.29811300">
<ele>975.800</ele>
<time>2024-03-23T17:55:48Z</time>
</trkpt>
<trkpt lat="34.10266600" lon="-111.29866300">
<ele>979.900</ele>
<time>2024-03-23T17:55:50Z</time>
</trkpt>
<trkpt lat="34.10275000" lon="-111.29877500">
<ele>981.400</ele>
<time>2024-03-23T17:55:53Z</time>
</trkpt>
<trkpt lat="34.10299100" lon="-111.29911400">
<ele>985.600</ele>
<time>2024-03-23T17:55:54Z</time>
</trkpt>
<trkpt lat="34.10339700" lon="-111.29983400">
<ele>990.500</ele>
<time>2024-03-23T17:55:55Z</time>
</trkpt>
<trkpt lat="34.10346600" lon="-111.29995400">
<ele>991.700</ele>
<time>2024-03-23T17:55:56Z</time>
</trkpt>
<trkpt lat="34.10359300" lon="-111.30019700">
<ele>995.300</ele>
<time>2024-03-23T17:56:01Z</time>
</trkpt>
<trkpt lat="34.10365000" lon="-111.30032700">
<ele>997.400</ele>
<time>2024-03-23T17:56:04Z</time>
</trkpt>
<trkpt lat="34.10397500" lon="-111.30115500">
<ele>1004.500</ele>
<time>2024-03-23T17:56:05Z</time>
</trkpt>
<trkpt lat="34.10403300" lon="-111.30128600">
<ele>1006.400</ele>
<time>2024-03-23T17:56:08Z</time>
</trkpt>
<trkpt lat="34.10417800" lon="-111.30152700">
<ele>1010.700</ele>
<time>2024-03-23T17:56:11Z</time>
</trkpt>
<trkpt lat="34.10425800" lon="-111.30163600">
<ele>1012.100</ele>
<time>2024-03-23T17:56:15Z</time>
</trkpt>
<trkpt lat="34.10444000" lon="-111.30183600">
<ele>1013.900</ele>
<time>2024-03-23T17:56:16Z</time>
</trkpt>
<trkpt lat="34.10472000" lon="-111.30211500">
<ele>1018.600</ele>
<time>2024-03-23T17:56:25Z</time>
</trkpt>
<trkpt lat="34.10480300" lon="-111.30223500">
<ele>1021.300</ele>
<time>2024-03-23T17:56:26Z</time>
</trkpt>
<trkpt lat="34.10486300" lon="-111.30236400">
<ele>1023.400</ele>
<time>2024-03-23T17:56:29Z</time>
</trkpt>
<trkpt lat="34.10491200" lon="-111.30250400">
<ele>1023.800</ele>
<time>2024-03-23T17:56:30Z</time>
</trkpt>
<trkpt lat="34.10511400" lon="-111.30323500">
<ele>1029.200</ele>
<time>2024-03-23T17:56:31Z</time>
</trkpt>
<trkpt lat="34.10526400" lon="-111.30368400">
<ele>1032.400</ele>
<time>2024-03-23T17:56:32Z</time>
</trkpt>
<trkpt lat="34.10531600" lon="-111.30383100">
<ele>1033.800</ele>
<time>2024-03-23T17:56:33Z</time>
</trkpt>
<trkpt lat="34.10548100" lon="-111.30426200">
<ele>1037.000</ele>
<time>2024-03-23T17:56:34Z</time>
</trkpt>
<trkpt lat="34.10565700" lon="-111.30468300">
<ele>1038.100</ele>
<time>2024-03-23T17:56:35Z</time>
</trkpt>
<trkpt lat="34.10591800" lon="-111.30522400">
<ele>1043.900</ele>
<time>2024-03-23T17:56:36Z</time>
</trkpt>
<trkpt lat="34.10599000" lon="-111.30536000">
<ele>1046.300</ele>
<time>2024-03-23T17:56:37Z</time>
</trkpt>
<trkpt lat="34.10662400" lon="-111.30657900">
<ele>1057.600</ele>
<time>2024-03-23T17:56:41Z</time>
</trkpt>
<trkpt lat="34.10669500" lon="-111.30671600">
<ele>1059.700</ele>
<time>2024-03-23T17:56:42Z</time>
</trkpt>
<trkpt lat="34.10688700" lon="-111.30709900">
<ele>1063.500</ele>
<time>2024-03-23T17:56:43Z</time>
</trkpt>
<trkpt lat="34.10693100" lon="-111.30720300">
<ele>1064.000</ele>
<time>2024-03-23T17:56:44Z</time>
</trkpt>
<trkpt lat="34.10695300" lon="-111.30731800">
<ele>1064.600</ele>
<time>2024-03-23T17:56:45Z</time>
</trkpt>
<trkpt lat="34.10696100" lon="-111.30744100">
<ele>1064.900</ele>
<time>2024-03-23T17:56:46Z</time>
</trkpt>
<trkpt lat="34.10694600" lon="-111.30756700">
<ele>1065.900</ele>
<time>2024-03-23T17:56:49Z</time>
</trkpt>
<trkpt lat="34.10690600" lon="-111.30768900">
<ele>1066.500</ele>
<time>2024-03-23T17:56:50Z</time>
</trkpt>
<trkpt lat="34.10683500" lon="-111.30780300">
<ele>1066.100</ele>
<time>2024-03-23T17:56:51Z</time>
</trkpt>
<trkpt lat="34.10674200" lon="-111.30790800">
<ele>1066.300</ele>
<time>2024-03-23T17:56:52Z</time>
</trkpt>
<trkpt lat="34.10664400" lon="-111.30799800">
<ele>1067.500</ele>
<time>2024-03-23T17:56:53Z</time>
</trkpt>
<trkpt lat="34.10620800" lon="-111.30828800">
<ele>1072.400</ele>
<time>2024-03-23T17:56:55Z</time>
</trkpt>
<trkpt lat="34.10612200" lon="-111.30838300">
<ele>1072.300</ele>
<time>2024-03-23T17:56:56Z</time>
</trkpt>
<trkpt lat="34.10606900" lon="-111.30850800">
<ele>1072.100</ele>
<time>2024-03-23T17:56:58Z</time>
</trkpt>
<trkpt lat="34.10605000" lon="-111.30865500">
<ele>1072.700</ele>
<time>2024-03-23T17:56:59Z</time>
</trkpt>
<trkpt lat="34.10605400" lon="-111.30880300">
<ele>1073.500</ele>
<time>2024-03-23T17:57:00Z</time>
</trkpt>
<trkpt lat="34.10606200" lon="-111.30895300">
<ele>1074.300</ele>
<time>2024-03-23T17:57:01Z</time>
</trkpt>
<trkpt lat="34.10606700" lon="-111.30939900">
<ele>1078.500</ele>
<time>2024-03-23T17:57:02Z</time>
</trkpt>
<trkpt lat="34.10605000" lon="-111.30953600">
<ele>1081.900</ele>
<time>2024-03-23T17:57:04Z</time>
</trkpt>
<trkpt lat="34.10601400" lon="-111.30968200">
<ele>1083.400</ele>
<time>2024-03-23T17:57:05Z</time>
</trkpt>
<trkpt lat="34.10595700" lon="-111.30981400">
<ele>1084.000</ele>
<time>2024-03-23T17:57:06Z</time>
</trkpt>
<trkpt lat="34.10588500" lon="-111.30993200">
<ele>1084.900</ele>
<time>2024-03-23T17:57:07Z</time>
</trkpt>
<trkpt lat="34.10572000" lon="-111.31013400">
<ele>1090.600</ele>
<time>2024-03-23T17:57:08Z</time>
</trkpt>
<trkpt lat="34.10563400" lon="-111.31023500">
<ele>1093.900</ele>
<time>2024-03-23T17:57:09Z</time>
</trkpt>
<trkpt lat="34.10548000" lon="-111.31045100">
<ele>1096.100</ele>
<time>2024-03-23T17:57:11Z</time>
</trkpt>
<trkpt lat="34.10542200" lon="-111.31057400">
<ele>1097.700</ele>
<time>2024-03-23T17:57:12Z</time>
</trkpt>
<trkpt lat="34.10537800" lon="-111.31070800">
<ele>1101.300</ele>
<time>2024-03-23T17:57:13Z</time>
</trkpt>
<trkpt lat="34.10535800" lon="-111.31084800">
<ele>1104.200</ele>
<time>2024-03-23T17:57:15Z</time>
</trkpt>
<trkpt lat="34.10536300" lon="-111.31098100">
<ele>1106.400</ele>
<time>2024-03-23T17:57:16Z</time>
</trkpt>
<trkpt lat="34.10541100" lon="-111.31117700">
<ele>1111.600</ele>
<time>2024-03-23T17:57:17Z</time>
</trkpt>
<trkpt lat="34.10540300" lon="-111.31126400">
<ele>1111.200</ele>
<time>2024-03-23T17:57:18Z</time>
</trkpt>
<trkpt lat="34.10535400" lon="-111.31133700">
<ele>1110.900</ele>
<time>2024-03-23T17:57:23Z</time>
</trkpt>
<trkpt lat="34.10527000" lon="-111.31137800">
<ele>1109.000</ele>
<time>2024-03-23T17:57:25Z</time>
</trkpt>
<trkpt lat="34.10517300" lon="-111.31138300">
<ele>1107.000</ele>
<time>2024-03-23T17:57:26Z</time>
</trkpt>
<trkpt lat="34.10506900" lon="-111.31134300">
<ele>1106.500</ele>
<time>2024-03-23T17:57:27Z</time>
</trkpt>
<trkpt lat="34.10490700" lon="-111.31120300">
<ele>1106.600</ele>
<time>2024-03-23T17:57:28Z</time>
</trkpt>
<trkpt lat="34.10483100" lon="-111.31116200">
<ele>1106.400</ele>
<time>2024-03-23T17:57:29Z</time>
</trkpt>
<trkpt lat="34.10475800" lon="-111.31115800">
<ele>1105.600</ele>
<time>2024-03-23T17:57:30Z</time>
</trkpt>
<trkpt lat="34.10462100" lon="-111.31129000">
<ele>1109.200</ele>
<time>2024-03-23T17:57:31Z</time>
</trkpt>
<trkpt lat="34.10456900" lon="-111.31137300">
<ele>1109.600</ele>
<time>2024-03-23T17:57:32Z</time>
</trkpt>
<trkpt lat="34.10454000" lon="-111.31146700">
<ele>1111.200</ele>
<time>2024-03-23T17:57:33Z</time>
</trkpt>
<trkpt lat="34.10453000" lon="-111.31157900">
<ele>1112.800</ele>
<time>2024-03-23T17:57:35Z</time>
</trkpt>
<trkpt lat="34.10455000" lon="-111.31204300">
<ele>1119.800</ele>
<time>2024-03-23T17:57:36Z</time>
</trkpt>
<trkpt lat="34.10456700" lon="-111.31219900">
<ele>1123.200</ele>
<time>2024-03-23T17:57:37Z</time>
</trkpt>
<trkpt lat="34.10457300" lon="-111.31228400">
<ele>1124.500</ele>
<time>2024-03-23T17:57:38Z</time>
</trkpt>
<trkpt lat="34.10457600" lon="-111.31236600">
<ele>1125.700</ele>
<time>2024-03-23T17:57:39Z</time>
</trkpt>
<trkpt lat="34.10456000" lon="-111.31245000">
<ele>1126.300</ele>
<time>2024-03-23T17:57:42Z</time>
</trkpt>
<trkpt lat="34.10451600" lon="-111.31251600">
<ele>1123.400</ele>
<time>2024-03-23T17:57:43Z</time>
</trkpt>
<trkpt lat="34.10444100" lon="-111.31254600">
<ele>1121.400</ele>
<time>2024-03-23T17:57:44Z</time>
</trkpt>
<trkpt lat="34.10436000" lon="-111.31254800">
<ele>1120.100</ele>
<time>2024-03-23T17:57:45Z</time>
</trkpt>
<trkpt lat="34.10428200" lon="-111.31251900">
<ele>1118.600</ele>
<time>2024-03-23T17:57:46Z</time>
</trkpt>
<trkpt lat="34.10420500" lon="-111.31245700">
<ele>1117.500</ele>
<time>2024-03-23T17:57:48Z</time>
</trkpt>
<trkpt lat="34.10407800" lon="-111.31230600">
<ele>1115.100</ele>
<time>2024-03-23T17:57:53Z</time>
</trkpt>
<trkpt lat="34.10400300" lon="-111.31227100">
<ele>1116.400</ele>
<time>2024-03-23T17:57:54Z</time>
</trkpt>
<trkpt lat="34.10392600" lon="-111.31226600">
<ele>1118.800</ele>
<time>2024-03-23T17:57:55Z</time>
</trkpt>
<trkpt lat="34.10384800" lon="-111.31228500">
<ele>1121.200</ele>
<time>2024-03-23T17:57:56Z</time>
</trkpt>
<trkpt lat="34.10377100" lon="-111.31232100">
<ele>1123.800</ele>
<time>2024-03-23T17:57:57Z</time>
</trkpt>
<trkpt lat="34.10352700" lon="-111.31247200">
<ele>1128.300</ele>
<time>2024-03-23T17:57:58Z</time>
</trkpt>
<trkpt lat="34.10345300" lon="-111.31253200">
<ele>1129.000</ele>
<time>2024-03-23T17:57:59Z</time>
</trkpt>
<trkpt lat="34.10339200" lon="-111.31260900">
<ele>1130.300</ele>
<time>2024-03-23T17:58:00Z</time>
</trkpt>
<trkpt lat="34.10335800" lon="-111.31269600">
<ele>1130.700</ele>
<time>2024-03-23T17:58:01Z</time>
</trkpt>
<trkpt lat="34.10335900" lon="-111.31279300">
<ele>1131.100</ele>
<time>2024-03-23T17:58:05Z</time>
</trkpt>
<trkpt lat="34.10342800" lon="-111.31299000">
<ele>1132.800</ele>
<time>2024-03-23T17:58:06Z</time>
</trkpt>
<trkpt lat="34.10372100" lon="-111.31345700">
<ele>1144.300</ele>
<time>2024-03-23T17:58:07Z</time>
</trkpt>
<trkpt lat="34.10376900" lon="-111.31355500">
<ele>1144.800</ele>
<time>2024-03-23T17:58:08Z</time>
</trkpt>
<trkpt lat="34.10380400" lon="-111.31366400">
<ele>1145.700</ele>
<time>2024-03-23T17:58:09Z</time>
</trkpt>
<trkpt lat="34.10382300" lon="-111.31378200">
<ele>1147.900</ele>
<time>2024-03-23T17:58:11Z</time>
</trkpt>
<trkpt lat="34.10382200" lon="-111.31389400">
<ele>1148.900</ele>
<time>2024-03-23T17:58:12Z</time>
</trkpt>
<trkpt lat="34.10380000" lon="-111.31400600">
<ele>1148.600</ele>
<time>2024-03-23T17:58:13Z</time>
</trkpt>
<trkpt lat="34.10374200" lon="-111.31410200">
<ele>1147.400</ele>
<time>2024-03-23T17:58:14Z</time>
</trkpt>
<trkpt lat="34.10366100" lon="-111.31418500">
<ele>1143.800</ele>
<time>2024-03-23T17:58:15Z</time>
</trkpt>
<trkpt lat="34.10357000" lon="-111.31424400">
<ele>1142.700</ele>
<time>2024-03-23T17:58:16Z</time>
</trkpt>
<trkpt lat="34.10317100" lon="-111.31439400">
<ele>1145.300</ele>
<time>2024-03-23T17:58:17Z</time>
</trkpt>
<trkpt lat="34.10306100" lon="-111.31440200">
<ele>1143.800</ele>
<time>2024-03-23T17:58:19Z</time>
</trkpt>
<trkpt lat="34.10295300" lon="-111.31437800">
<ele>1145.400</ele>
<time>2024-03-23T17:58:20Z</time>
</trkpt>
<trkpt lat="34.10285700" lon="-111.31432000">
<ele>1144.500</ele>
<time>2024-03-23T17:58:23Z</time>
</trkpt>
<trkpt lat="34.10278000" lon="-111.31423200">
<ele>1143.800</ele>
<time>2024-03-23T17:58:25Z</time>
</trkpt>
<trkpt lat="34.10266900" lon="-111.31401800">
<ele>1144.500</ele>
<time>2024-03-23T17:58:26Z</time>
</trkpt>
<trkpt lat="34.10261100" lon="-111.31393400">
<ele>1144.700</ele>
<time>2024-03-23T17:58:27Z</time>
</trkpt>
<trkpt lat="34.10254200" lon="-111.31388200">
<ele>1146.400</ele>
<time>2024-03-23T17:58:28Z</time>
</trkpt>
<trkpt lat="34.10246800" lon="-111.31386400">
<ele>1148.100</ele>
<time>2024-03-23T17:58:32Z</time>
</trkpt>
<trkpt lat="34.10239700" lon="-111.31386800">
<ele>1149.300</ele>
<time>2024-03-23T17:58:33Z</time>
</trkpt>
<trkpt lat="34.10233200" lon="-111.31390300">
<ele>1150.100</ele>
<time>2024-03-23T17:58:34Z</time>
</trkpt>
<trkpt lat="34.10226700" lon="-111.31395400">
<ele>1152.900</ele>
<time>2024-03-23T17:58:35Z</time>
</trkpt>
<trkpt lat="34.10214800" lon="-111.31410800">
<ele>1156.000</ele>
<time>2024-03-23T17:58:36Z</time>
</trkpt>
<trkpt lat="34.10208000" lon="-111.31417700">
<ele>1156.900</ele>
<time>2024-03-23T17:58:37Z</time>
</trkpt>
<trkpt lat="34.10192400" lon="-111.31430300">
<ele>1154.800</ele>
<time>2024-03-23T17:58:39Z</time>
</trkpt>
<trkpt lat="34.10186700" lon="-111.31436900">
<ele>1154.600</ele>
<time>2024-03-23T17:58:44Z</time>
</trkpt>
<trkpt lat="34.10183800" lon="-111.31438800">
<ele>1154.200</ele>
<time>2024-03-23T17:58:45Z</time>
</trkpt>
<trkpt lat="34.10179500" lon="-111.31439600">
<ele>1153.500</ele>
<time>2024-03-23T17:58:46Z</time>
</trkpt>
<trkpt lat="34.10176000" lon="-111.31438800">
<ele>1153.000</ele>
<time>2024-03-23T17:58:50Z</time>
</trkpt>
<trkpt lat="34.10164400" lon="-111.31426400">
<ele>1151.700</ele>
<time>2024-03-23T17:58:51Z</time>
</trkpt>
<trkpt lat="34.10159900" lon="-111.31423300">
<ele>1151.800</ele>
<time>2024-03-23T17:58:54Z</time>
</trkpt>
<trkpt lat="34.10154100" lon="-111.31421800">
<ele>1152.100</ele>
<time>2024-03-23T17:58:55Z</time>
</trkpt>
<trkpt lat="34.10147400" lon="-111.31422200">
<ele>1152.900</ele>
<time>2024-03-23T17:58:56Z</time>
</trkpt>
<trkpt lat="34.10140400" lon="-111.31423000">
<ele>1154.000</ele>
<time>2024-03-23T17:58:57Z</time>
</trkpt>
<trkpt lat="34.10133700" lon="-111.31424200">
<ele>1155.300</ele>
<time>2024-03-23T17:59:01Z</time>
</trkpt>
<trkpt lat="34.10121100" lon="-111.31428700">
<ele>1158.300</ele>
<time>2024-03-23T17:59:05Z</time>
</trkpt>
<trkpt lat="34.10087700" lon="-111.31445800">
<ele>1162.000</ele>
<time>2024-03-23T17:59:06Z</time>
</trkpt>
<trkpt lat="34.10081300" lon="-111.31449900">
<ele>1162.400</ele>
<time>2024-03-23T17:59:11Z</time>
</trkpt>
<trkpt lat="34.10074600" lon="-111.31453500">
<ele>1162.900</ele>
<time>2024-03-23T17:59:14Z</time>
</trkpt>
<trkpt lat="34.10050500" lon="-111.31464000">
<ele>1162.900</ele>
<time>2024-03-23T17:59:15Z</time>
</trkpt>
<trkpt lat="34.10044900" lon="-111.31465600">
<ele>1162.900</ele>
<time>2024-03-23T17:59:16Z</time>
</trkpt>
<trkpt lat="34.10027700" lon="-111.31461200">
<ele>1163.400</ele>
<time>2024-03-23T17:59:19Z</time>
</trkpt>
<trkpt lat="34.10021600" lon="-111.31461800">
<ele>1163.500</ele>
<time>2024-03-23T17:59:21Z</time>
</trkpt>
<trkpt lat="34.10015500" lon="-111.31463800">
<ele>1163.100</ele>
<time>2024-03-23T17:59:25Z</time>
</trkpt>
<trkpt lat="34.10009300" lon="-111.31466900">
<ele>1163.000</ele>
<time>2024-03-23T17:59:26Z</time>
</trkpt>
<trkpt lat="34.09979400" lon="-111.31490900">
<ele>1160.100</ele>
<time>2024-03-23T17:59:28Z</time>
</trkpt>
<trkpt lat="34.09949800" lon="-111.31516700">
<ele>1165.900</ele>
<time>2024-03-23T17:59:29Z</time>
</trkpt>
<trkpt lat="34.09943800" lon="-111.31521900">
<ele>1167.800</ele>
<time>2024-03-23T17:59:32Z</time>
</trkpt>
<trkpt lat="34.09915700" lon="-111.31544500">
<ele>1172.100</ele>
<time>2024-03-23T17:59:33Z</time>
</trkpt>
<trkpt lat="34.09895800" lon="-111.31557200">
<ele>1172.700</ele>
<time>2024-03-23T17:59:34Z</time>
</trkpt>
<trkpt lat="34.09888300" lon="-111.31559900">
<ele>1172.700</ele>
<time>2024-03-23T17:59:35Z</time>
</trkpt>
<trkpt lat="34.09879000" lon="-111.31560800">
<ele>1172.900</ele>
<time>2024-03-23T17:59:36Z</time>
</trkpt>
<trkpt lat="34.09851600" lon="-111.31558300">
<ele>1170.100</ele>
<time>2024-03-23T17:59:41Z</time>
</trkpt>
<trkpt lat="34.09833400" lon="-111.31558000">
<ele>1166.600</ele>
<time>2024-03-23T17:59:42Z</time>
</trkpt>
<trkpt lat="34.09798700" lon="-111.31551100">
<ele>1167.700</ele>
<time>2024-03-23T17:59:43Z</time>
</trkpt>
<trkpt lat="34.09789800" lon="-111.31550300">
<ele>1170.100</ele>
<time>2024-03-23T17:59:44Z</time>
</trkpt>
<trkpt lat="34.09776400" lon="-111.31549500">
<ele>1171.900</ele>
<time>2024-03-23T17:59:45Z</time>
</trkpt>
<trkpt lat="34.09772800" lon="-111.31548200">
<ele>1172.400</ele>
<time>2024-03-23T17:59:46Z</time>
</trkpt>
<trkpt lat="34.09761600" lon="-111.31533500">
<ele>1173.000</ele>
<time>2024-03-23T17:59:50Z</time>
</trkpt>
<trkpt lat="34.09758600" lon="-111.31526200">
<ele>1173.000</ele>
<time>2024-03-23T17:59:55Z</time>
</trkpt>
<trkpt lat="34.09757300" lon="-111.31519700">
<ele>1172.900</ele>
<time>2024-03-23T17:59:56Z</time>
</trkpt>
<trkpt lat="34.09758400" lon="-111.31513300">
<ele>1172.500</ele>
<time>2024-03-23T17:59:59Z</time>
</trkpt>
<trkpt lat="34.09760500" lon="-111.31506200">
<ele>1171.600</ele>
<time>2024-03-23T18:00:02Z</time>
</trkpt>
<trkpt lat="34.09771800" lon="-111.31471400">
<ele>1164.200</ele>
<time>2024-03-23T18:00:05Z</time>
</trkpt>
<trkpt lat="34.09773400" lon="-111.31463300">
<ele>1162.100</ele>
<time>2024-03-23T18:00:06Z</time>
</trkpt>
<trkpt lat="34.09773900" lon="-111.31455700">
<ele>1161.800</ele>
<time>2024-03-23T18:00:11Z</time>
</trkpt>
<trkpt lat="34.09772700" lon="-111.31447900">
<ele>1161.900</ele>
<time>2024-03-23T18:00:15Z</time>
</trkpt>
<trkpt lat="34.09769000" lon="-111.31441000">
<ele>1161.600</ele>
<time>2024-03-23T18:00:16Z</time>
</trkpt>
<trkpt lat="34.09765000" lon="-111.31435000">
<ele>1161.800</ele>
<time>2024-03-23T18:00:19Z</time>
</trkpt>
<trkpt lat="34.09751800" lon="-111.31407500">
<ele>1161.700</ele>
<time>2024-03-23T18:00:21Z</time>
</trkpt>
<trkpt lat="34.09733400" lon="-111.31382500">
<ele>1160.900</ele>
<time>2024-03-23T18:00:22Z</time>
</trkpt>
<trkpt lat="34.09729700" lon="-111.31377800">
<ele>1160.300</ele>
<time>2024-03-23T18:00:23Z</time>
</trkpt>
<trkpt lat="34.09718600" lon="-111.31362100">
<ele>1155.800</ele>
<time>2024-03-23T18:00:25Z</time>
</trkpt>
<trkpt lat="34.09709000" lon="-111.31344400">
<ele>1151.300</ele>
<time>2024-03-23T18:00:26Z</time>
</trkpt>
<trkpt lat="34.09698200" lon="-111.31327900">
<ele>1149.700</ele>
<time>2024-03-23T18:00:29Z</time>
</trkpt>
<trkpt lat="34.09693900" lon="-111.31323300">
<ele>1149.900</ele>
<time>2024-03-23T18:00:35Z</time>
</trkpt>
<trkpt lat="34.09674200" lon="-111.31300600">
<ele>1149.500</ele>
<time>2024-03-23T18:00:36Z</time>
</trkpt>
<trkpt lat="34.09655700" lon="-111.31285200">
<ele>1147.800</ele>
<time>2024-03-23T18:00:37Z</time>
</trkpt>
<trkpt lat="34.09651100" lon="-111.31281700">
<ele>1147.500</ele>
<time>2024-03-23T18:00:38Z</time>
</trkpt>
<trkpt lat="34.09637200" lon="-111.31271100">
<ele>1146.600</ele>
<time>2024-03-23T18:00:40Z</time>
</trkpt>
<trkpt lat="34.09622400" lon="-111.31267700">
<ele>1146.000</ele>
<time>2024-03-23T18:00:45Z</time>
</trkpt>
<trkpt lat="34.09614000" lon="-111.31266900">
<ele>1145.700</ele>
<time>2024-03-23T18:00:46Z</time>
</trkpt>
<trkpt lat="34.09605400" lon="-111.31268100">
<ele>1145.600</ele>
<time>2024-03-23T18:00:48Z</time>
</trkpt>
<trkpt lat="34.09588300" lon="-111.31272800">
<ele>1146.300</ele>
<time>2024-03-23T18:05:01Z</time>
</trkpt>
<trkpt lat="34.09579500" lon="-111.31274700">
<ele>1146.900</ele>
<time>2024-03-23T18:05:04Z</time>
</trkpt>
<trkpt lat="34.09554100" lon="-111.31280300">
<ele>1147.800</ele>
<time>2024-03-23T18:05:08Z</time>
</trkpt>
<trkpt lat="34.09511300" lon="-111.31288000">
<ele>1154.300</ele>
<time>2024-03-23T18:05:09Z</time>
</trkpt>
<trkpt lat="34.09506500" lon="-111.31287700">
<ele>1155.700</ele>
<time>2024-03-23T18:05:12Z</time>
</trkpt>
<trkpt lat="34.09502900" lon="-111.31285800">
<ele>1156.400</ele>
<time>2024-03-23T18:05:14Z</time>
</trkpt>
<trkpt lat="34.09500100" lon="-111.31282800">
<ele>1156.300</ele>
<time>2024-03-23T18:05:16Z</time>
</trkpt>
<trkpt lat="34.09497100" lon="-111.31274800">
<ele>1156.700</ele>
<time>2024-03-23T18:05:18Z</time>
</trkpt>
<trkpt lat="34.09493100" lon="-111.31247300">
<ele>1152.400</ele>
<time>2024-03-23T18:05:19Z</time>
</trkpt>
<trkpt lat="34.09492800" lon="-111.31243100">
<ele>1151.800</ele>
<time>2024-03-23T18:05:21Z</time>
</trkpt>
<trkpt lat="34.09494600" lon="-111.31235900">
<ele>1151.000</ele>
<time>2024-03-23T18:05:24Z</time>
</trkpt>
<trkpt lat="34.09493700" lon="-111.31233100">
<ele>1151.000</ele>
<time>2024-03-23T18:05:25Z</time>
</trkpt>
<trkpt lat="34.09487100" lon="-111.31229400">
<ele>1151.300</ele>
<time>2024-03-23T18:05:26Z</time>
</trkpt>
<trkpt lat="34.09479700" lon="-111.31220100">
<ele>1150.300</ele>
<time>2024-03-23T18:05:28Z</time>
</trkpt>
<trkpt lat="34.09477300" lon="-111.31217300">
<ele>1149.600</ele>
<time>2024-03-23T18:05:29Z</time>
</trkpt>
<trkpt lat="34.09469800" lon="-111.31209200">
<ele>1148.400</ele>
<time>2024-03-23T18:05:30Z</time>
</trkpt>
<trkpt lat="34.09465200" lon="-111.31206700">
<ele>1148.400</ele>
<time>2024-03-23T18:05:31Z</time>
</trkpt>
<trkpt lat="34.09458400" lon="-111.31205500">
<ele>1148.200</ele>
<time>2024-03-23T18:05:35Z</time>
</trkpt>
<trkpt lat="34.09449500" lon="-111.31206700">
<ele>1148.600</ele>
<time>2024-03-23T18:05:36Z</time>
</trkpt>
<trkpt lat="34.09444700" lon="-111.31208300">
<ele>1148.700</ele>
<time>2024-03-23T18:05:37Z</time>
</trkpt>
<trkpt lat="34.09434000" lon="-111.31213000">
<ele>1149.200</ele>
<time>2024-03-23T18:05:38Z</time>
</trkpt>
<trkpt lat="34.09418300" lon="-111.31226200">
<ele>1150.000</ele>
<time>2024-03-23T18:05:39Z</time>
</trkpt>
<trkpt lat="34.09412400" lon="-111.31228000">
<ele>1150.600</ele>
<time>2024-03-23T18:05:45Z</time>
</trkpt>
<trkpt lat="34.09406100" lon="-111.31226900">
<ele>1151.700</ele>
<time>2024-03-23T18:05:47Z</time>
</trkpt>
<trkpt lat="34.09394800" lon="-111.31229700">
<ele>1153.000</ele>
<time>2024-03-23T18:05:48Z</time>
</trkpt>
<trkpt lat="34.09389200" lon="-111.31232000">
<ele>1153.900</ele>
<time>2024-03-23T18:05:49Z</time>
</trkpt>
<trkpt lat="34.09382800" lon="-111.31234100">
<ele>1154.600</ele>
<time>2024-03-23T18:05:54Z</time>
</trkpt>
<trkpt lat="34.09376100" lon="-111.31234600">
<ele>1155.900</ele>
<time>2024-03-23T18:05:55Z</time>
</trkpt>
<trkpt lat="34.09349700" lon="-111.31230200">
<ele>1160.100</ele>
<time>2024-03-23T18:05:56Z</time>
</trkpt>
<trkpt lat="34.09344100" lon="-111.31228400">
<ele>1160.200</ele>
<time>2024-03-23T18:05:57Z</time>
</trkpt>
<trkpt lat="34.09339300" lon="-111.31225400">
<ele>1160.800</ele>
<time>2024-03-23T18:05:58Z</time>
</trkpt>
<trkpt lat="34.09335100" lon="-111.31220300">
<ele>1161.100</ele>
<time>2024-03-23T18:05:59Z</time>
</trkpt>
<trkpt lat="34.09331800" lon="-111.31214700">
<ele>1161.300</ele>
<time>2024-03-23T18:06:00Z</time>
</trkpt>
<trkpt lat="34.09306700" lon="-111.31173300">
<ele>1158.100</ele>
<time>2024-03-23T18:06:03Z</time>
</trkpt>
<trkpt lat="34.09299900" lon="-111.31158000">
<ele>1159.600</ele>
<time>2024-03-23T18:06:04Z</time>
</trkpt>
<trkpt lat="34.09298200" lon="-111.31150400">
<ele>1159.700</ele>
<time>2024-03-23T18:06:06Z</time>
</trkpt>
<trkpt lat="34.09297900" lon="-111.31142700">
<ele>1159.900</ele>
<time>2024-03-23T18:06:08Z</time>
</trkpt>
<trkpt lat="34.09297400" lon="-111.31107500">
<ele>1159.300</ele>
<time>2024-03-23T18:06:09Z</time>
</trkpt>
<trkpt lat="34.09295000" lon="-111.31101200">
<ele>1159.300</ele>
<time>2024-03-23T18:06:10Z</time>
</trkpt>
<trkpt lat="34.09291000" lon="-111.31095400">
<ele>1159.000</ele>
<time>2024-03-23T18:06:11Z</time>
</trkpt>
<trkpt lat="34.09285600" lon="-111.31091800">
<ele>1157.600</ele>
<time>2024-03-23T18:06:16Z</time>
</trkpt>
<trkpt lat="34.09279100" lon="-111.31090200">
<ele>1156.200</ele>
<time>2024-03-23T18:06:18Z</time>
</trkpt>
<trkpt lat="34.09273300" lon="-111.31088400">
<ele>1154.600</ele>
<time>2024-03-23T18:06:19Z</time>
</trkpt>
<trkpt lat="34.09267500" lon="-111.31086100">
<ele>1152.700</ele>
<time>2024-03-23T18:06:20Z</time>
</trkpt>
<trkpt lat="34.09254700" lon="-111.31076000">
<ele>1150.000</ele>
<time>2024-03-23T18:06:23Z</time>
</trkpt>
<trkpt lat="34.09251800" lon="-111.31070400">
<ele>1149.600</ele>
<time>2024-03-23T18:06:25Z</time>
</trkpt>
<trkpt lat="34.09251100" lon="-111.31057100">
<ele>1148.500</ele>
<time>2024-03-23T18:06:27Z</time>
</trkpt>
<trkpt lat="34.09249000" lon="-111.31047700">
<ele>1148.100</ele>
<time>2024-03-23T18:06:28Z</time>
</trkpt>
<trkpt lat="34.09246600" lon="-111.31043300">
<ele>1148.200</ele>
<time>2024-03-23T18:06:29Z</time>
</trkpt>
<trkpt lat="34.09243600" lon="-111.31037900">
<ele>1148.600</ele>
<time>2024-03-23T18:06:30Z</time>
</trkpt>
<trkpt lat="34.09240100" lon="-111.31032800">
<ele>1148.800</ele>
<time>2024-03-23T18:06:31Z</time>
</trkpt>
<trkpt lat="34.09216600" lon="-111.31010600">
<ele>1148.700</ele>
<time>2024-03-23T18:06:34Z</time>
</trkpt>
<trkpt lat="34.09209700" lon="-111.31001400">
<ele>1148.400</ele>
<time>2024-03-23T18:06:35Z</time>
</trkpt>
<trkpt lat="34.09206400" lon="-111.30998900">
<ele>1148.100</ele>
<time>2024-03-23T18:06:37Z</time>
</trkpt>
<trkpt lat="34.09202900" lon="-111.30998700">
<ele>1148.100</ele>
<time>2024-03-23T18:06:39Z</time>
</trkpt>
<trkpt lat="34.09190400" lon="-111.30992600">
<ele>1148.500</ele>
<time>2024-03-23T18:06:40Z</time>
</trkpt>
<trkpt lat="34.09179600" lon="-111.30990100">
<ele>1149.300</ele>
<time>2024-03-23T18:06:49Z</time>
</trkpt>
<trkpt lat="34.09171600" lon="-111.30990600">
<ele>1149.700</ele>
<time>2024-03-23T18:06:50Z</time>
</trkpt>
<trkpt lat="34.09168300" lon="-111.30991300">
<ele>1149.800</ele>
<time>2024-03-23T18:06:51Z</time>
</trkpt>
<trkpt lat="34.09165400" lon="-111.30993300">
<ele>1149.600</ele>
<time>2024-03-23T18:06:53Z</time>
</trkpt>
<trkpt lat="34.09162800" lon="-111.30997300">
<ele>1149.400</ele>
<time>2024-03-23T18:06:54Z</time>
</trkpt>
<trkpt lat="34.09161100" lon="-111.31002100">
<ele>1148.900</ele>
<time>2024-03-23T18:06:55Z</time>
</trkpt>
<trkpt lat="34.09158200" lon="-111.31022900">
<ele>1148.300</ele>
<time>2024-03-23T18:06:59Z</time>
</trkpt>
<trkpt lat="34.09156400" lon="-111.31029600">
<ele>1148.300</ele>
<time>2024-03-23T18:07:00Z</time>
</trkpt>
<trkpt lat="34.09151400" lon="-111.31040800">
<ele>1148.200</ele>
<time>2024-03-23T18:07:03Z</time>
</trkpt>
<trkpt lat="34.09142500" lon="-111.31051300">
<ele>1148.900</ele>
<time>2024-03-23T18:07:08Z</time>
</trkpt>
<trkpt lat="34.09137300" lon="-111.31056900">
<ele>1148.700</ele>
<time>2024-03-23T18:07:10Z</time>
</trkpt>
<trkpt lat="34.09094200" lon="-111.31101500">
<ele>1151.700</ele>
<time>2024-03-23T18:07:11Z</time>
</trkpt>
<trkpt lat="34.09088700" lon="-111.31107000">
<ele>1151.800</ele>
<time>2024-03-23T18:07:18Z</time>
</trkpt>
<trkpt lat="34.09083500" lon="-111.31111900">
<ele>1151.800</ele>
<time>2024-03-23T18:07:19Z</time>
</trkpt>
<trkpt lat="34.09070700" lon="-111.31116900">
<ele>1151.400</ele>
<time>2024-03-23T18:07:20Z</time>
</trkpt>
<trkpt lat="34.09063200" lon="-111.31118100">
<ele>1150.900</ele>
<time>2024-03-23T18:07:20Z</time>
</trkpt>
<trkpt lat="34.09055400" lon="-111.31117000">
<ele>1150.000</ele>
<time>2024-03-23T18:11:51Z</time>
</trkpt>
<trkpt lat="34.09026500" lon="-111.31104200">
<ele>1149.600</ele>
<time>2024-03-23T18:11:53Z</time>
</trkpt>
<trkpt lat="34.09020500" lon="-111.31100600">
<ele>1149.700</ele>
<time>2024-03-23T18:11:54Z</time>
</trkpt>
<trkpt lat="34.09004600" lon="-111.31091300">
<ele>1150.800</ele>
<time>2024-03-23T18:11:58Z</time>
</trkpt>
<trkpt lat="34.08979700" lon="-111.31074500">
<ele>1150.000</ele>
<time>2024-03-23T18:12:49Z</time>
</trkpt>
<trkpt lat="34.08970900" lon="-111.31065700">
<ele>1149.500</ele>
<time>2024-03-23T18:12:51Z</time>
</trkpt>
<trkpt lat="34.08965300" lon="-111.31063600">
<ele>1149.300</ele>
<time>2024-03-23T18:12:52Z</time>
</trkpt>
<trkpt lat="34.08931300" lon="-111.31065800">
<ele>1150.000</ele>
<time>2024-03-23T18:12:56Z</time>
</trkpt>
<trkpt lat="34.08925000" lon="-111.31065500">
<ele>1150.400</ele>
<time>2024-03-23T18:13:01Z</time>
</trkpt>
<trkpt lat="34.08918600" lon="-111.31062200">
<ele>1150.700</ele>
<time>2024-03-23T18:13:02Z</time>
</trkpt>
<trkpt lat="34.08915340" lon="-111.31060211">
<ele>1150.800</ele>
<time>2024-03-23T18:13:11Z</time>
</trkpt>
<trkpt lat="34.08902035" lon="-111.31060010">
<ele>1150.800</ele>
<time>2024-03-23T18:13:12Z</time>
</trkpt>
<trkpt lat="34.08892216" lon="-111.31061083">
<ele>1150.900</ele>
<time>2024-03-23T18:13:15Z</time>
</trkpt>
<trkpt lat="34.08882843" lon="-111.31051427">
<ele>1150.800</ele>
<time>2024-03-23T18:13:17Z</time>
</trkpt>
<trkpt lat="34.08877934" lon="-111.31040698">
<ele>1150.700</ele>
<time>2024-03-23T18:13:19Z</time>
</trkpt>
<trkpt lat="34.08873471" lon="-111.31021386">
<ele>1150.600</ele>
<time>2024-03-23T18:13:21Z</time>
</trkpt>
<trkpt lat="34.08866329" lon="-111.31006366">
<ele>1150.200</ele>
<time>2024-03-23T18:13:22Z</time>
</trkpt>
<trkpt lat="34.08852940" lon="-111.30995637">
<ele>1149.900</ele>
<time>2024-03-23T18:13:23Z</time>
</trkpt>
<trkpt lat="34.08841336" lon="-111.30981690">
<ele>1148.600</ele>
<time>2024-03-23T18:13:24Z</time>
</trkpt>
<trkpt lat="34.08831517" lon="-111.30965060">
<ele>1146.800</ele>
<time>2024-03-23T18:13:29Z</time>
</trkpt>
<trkpt lat="34.08831517" lon="-111.30947357">
<ele>1143.000</ele>
<time>2024-03-23T18:13:31Z</time>
</trkpt>
<trkpt lat="34.08837765" lon="-111.30930191">
<ele>1137.400</ele>
<time>2024-03-23T18:13:32Z</time>
</trkpt>
<trkpt lat="34.08840889" lon="-111.30914634">
<ele>1135.600</ele>
<time>2024-03-23T18:13:36Z</time>
</trkpt>
<trkpt lat="34.08827946" lon="-111.30902296">
<ele>1134.500</ele>
<time>2024-03-23T18:13:39Z</time>
</trkpt>
<trkpt lat="34.08812325" lon="-111.30895859">
<ele>1133.400</ele>
<time>2024-03-23T18:13:41Z</time>
</trkpt>
<trkpt lat="34.08794472" lon="-111.30887276">
<ele>1133.200</ele>
<time>2024-03-23T18:13:42Z</time>
</trkpt>
<trkpt lat="34.08776173" lon="-111.30879229">
<ele>1134.100</ele>
<time>2024-03-23T18:13:46Z</time>
</trkpt>
<trkpt lat="34.08761890" lon="-111.30881912">
<ele>1133.900</ele>
<time>2024-03-23T18:13:48Z</time>
</trkpt>
<trkpt lat="34.08741805" lon="-111.30873865">
<ele>1136.000</ele>
<time>2024-03-23T18:13:51Z</time>
</trkpt>
<trkpt lat="34.08716811" lon="-111.30872792">
<ele>1137.800</ele>
<time>2024-03-23T18:13:52Z</time>
</trkpt>
<trkpt lat="34.08695387" lon="-111.30877620">
<ele>1142.000</ele>
<time>2024-03-23T18:13:56Z</time>
</trkpt>
<trkpt lat="34.08676195" lon="-111.30886739">
<ele>1145.800</ele>
<time>2024-03-23T18:14:01Z</time>
</trkpt>
<trkpt lat="34.08660127" lon="-111.30889958">
<ele>1147.200</ele>
<time>2024-03-23T18:14:02Z</time>
</trkpt>
<trkpt lat="34.08650372" lon="-111.30892635">
<ele>1147.400</ele>
<time>2024-03-23T18:14:04Z</time>
</trkpt>
<trkpt lat="34.08645400" lon="-111.30895000">
<ele>1147.000</ele>
<time>2024-03-23T18:14:06Z</time>
</trkpt>
<trkpt lat="34.08641500" lon="-111.30896500">
<ele>1147.000</ele>
<time>2024-03-23T18:14:11Z</time>
</trkpt>
<trkpt lat="34.08630400" lon="-111.30901900">
<ele>1146.000</ele>
<time>2024-03-23T18:14:12Z</time>
</trkpt>
<trkpt lat="34.08622700" lon="-111.30901700">
<ele>1145.600</ele>
<time>2024-03-23T18:14:15Z</time>
</trkpt>
<trkpt lat="34.08615500" lon="-111.30899400">
<ele>1144.900</ele>
<time>2024-03-23T18:14:16Z</time>
</trkpt>
<trkpt lat="34.08611000" lon="-111.30898200">
<ele>1143.500</ele>
<time>2024-03-23T18:14:18Z</time>
</trkpt>
<trkpt lat="34.08589100" lon="-111.30897700">
<ele>1140.800</ele>
<time>2024-03-23T18:14:19Z</time>
</trkpt>
<trkpt lat="34.08563900" lon="-111.30900500">
<ele>1139.500</ele>
<time>2024-03-23T18:14:21Z</time>
</trkpt>
<trkpt lat="34.08558900" lon="-111.30899800">
<ele>1139.300</ele>
<time>2024-03-23T18:14:22Z</time>
</trkpt>
<trkpt lat="34.08503400" lon="-111.30884200">
<ele>1136.900</ele>
<time>2024-03-23T18:14:23Z</time>
</trkpt>
<trkpt lat="34.08497000" lon="-111.30883000">
<ele>1137.200</ele>
<time>2024-03-23T18:14:25Z</time>
</trkpt>
<trkpt lat="34.08480100" lon="-111.30879900">
<ele>1137.300</ele>
<time>2024-03-23T18:14:26Z</time>
</trkpt>
<trkpt lat="34.08470700" lon="-111.30876900">
<ele>1137.000</ele>
<time>2024-03-23T18:14:29Z</time>
</trkpt>
<trkpt lat="34.08463900" lon="-111.30870400">
<ele>1136.400</ele>
<time>2024-03-23T18:14:30Z</time>
</trkpt>
<trkpt lat="34.08456800" lon="-111.30860300">
<ele>1136.000</ele>
<time>2024-03-23T18:14:31Z</time>
</trkpt>
<trkpt lat="34.08452200" lon="-111.30855800">
<ele>1135.900</ele>
<time>2024-03-23T18:14:32Z</time>
</trkpt>
<trkpt lat="34.08446800" lon="-111.30852500">
<ele>1135.900</ele>
<time>2024-03-23T18:14:34Z</time>
</trkpt>
<trkpt lat="34.08441100" lon="-111.30850700">
<ele>1135.900</ele>
<time>2024-03-23T18:14:36Z</time>
</trkpt>
<trkpt lat="34.08413500" lon="-111.30842800">
<ele>1135.700</ele>
<time>2024-03-23T18:14:37Z</time>
</trkpt>
<trkpt lat="34.08402100" lon="-111.30840800">
<ele>1135.500</ele>
<time>2024-03-23T18:14:41Z</time>
</trkpt>
<trkpt lat="34.08396900" lon="-111.30840600">
<ele>1135.200</ele>
<time>2024-03-23T18:14:42Z</time>
</trkpt>
<trkpt lat="34.08376000" lon="-111.30838600">
<ele>1134.100</ele>
<time>2024-03-23T18:14:44Z</time>
</trkpt>
<trkpt lat="34.08361400" lon="-111.30835200">
<ele>1133.000</ele>
<time>2024-03-23T18:14:46Z</time>
</trkpt>
<trkpt lat="34.08350900" lon="-111.30835900">
<ele>1130.700</ele>
<time>2024-03-23T18:14:49Z</time>
</trkpt>
<trkpt lat="34.08345300" lon="-111.30837000">
<ele>1129.300</ele>
<time>2024-03-23T18:14:51Z</time>
</trkpt>
<trkpt lat="34.08319400" lon="-111.30839100">
<ele>1125.600</ele>
<time>2024-03-23T18:14:52Z</time>
</trkpt>
<trkpt lat="34.08304900" lon="-111.30839000">
<ele>1125.500</ele>
<time>2024-03-23T18:14:58Z</time>
</trkpt>
<trkpt lat="34.08284600" lon="-111.30836800">
<ele>1126.500</ele>
<time>2024-03-23T18:15:01Z</time>
</trkpt>
<trkpt lat="34.08278600" lon="-111.30834000">
<ele>1126.700</ele>
<time>2024-03-23T18:15:02Z</time>
</trkpt>
<trkpt lat="34.08261000" lon="-111.30824300">
<ele>1127.000</ele>
<time>2024-03-23T18:15:04Z</time>
</trkpt>
<trkpt lat="34.08235400" lon="-111.30816400">
<ele>1126.100</ele>
<time>2024-03-23T18:15:06Z</time>
</trkpt>
<trkpt lat="34.08229700" lon="-111.30816000">
<ele>1125.600</ele>
<time>2024-03-23T18:15:09Z</time>
</trkpt>
<trkpt lat="34.08217700" lon="-111.30816900">
<ele>1124.800</ele>
<time>2024-03-23T18:15:10Z</time>
</trkpt>
<trkpt lat="34.08204800" lon="-111.30816200">
<ele>1124.100</ele>
<time>2024-03-23T18:15:11Z</time>
</trkpt>
<trkpt lat="34.08174200" lon="-111.30806100">
<ele>1122.500</ele>
<time>2024-03-23T18:15:12Z</time>
</trkpt>
<trkpt lat="34.08168000" lon="-111.30804100">
<ele>1121.700</ele>
<time>2024-03-23T18:15:13Z</time>
</trkpt>
<trkpt lat="34.08151100" lon="-111.30794000">
<ele>1121.500</ele>
<time>2024-03-23T18:15:16Z</time>
</trkpt>
<trkpt lat="34.08145400" lon="-111.30792600">
<ele>1121.000</ele>
<time>2024-03-23T18:15:18Z</time>
</trkpt>
<trkpt lat="34.08132700" lon="-111.30794700">
<ele>1120.200</ele>
<time>2024-03-23T18:15:19Z</time>
</trkpt>
<trkpt lat="34.08127200" lon="-111.30794400">
<ele>1120.700</ele>
<time>2024-03-23T18:15:20Z</time>
</trkpt>
<trkpt lat="34.08116100" lon="-111.30790200">
<ele>1122.100</ele>
<time>2024-03-23T18:15:21Z</time>
</trkpt>
<trkpt lat="34.08111500" lon="-111.30787300">
<ele>1122.800</ele>
<time>2024-03-23T18:15:22Z</time>
</trkpt>
<trkpt lat="34.08106500" lon="-111.30784800">
<ele>1123.200</ele>
<time>2024-03-23T18:15:24Z</time>
</trkpt>
<trkpt lat="34.08096900" lon="-111.30782900">
<ele>1123.400</ele>
<time>2024-03-23T18:15:27Z</time>
</trkpt>
<trkpt lat="34.08092000" lon="-111.30782900">
<ele>1123.300</ele>
<time>2024-03-23T18:15:28Z</time>
</trkpt>
<trkpt lat="34.08075600" lon="-111.30788000">
<ele>1123.300</ele>
<time>2024-03-23T18:15:30Z</time>
</trkpt>
<trkpt lat="34.08068900" lon="-111.30788100">
<ele>1123.200</ele>
<time>2024-03-23T18:15:31Z</time>
</trkpt>
<trkpt lat="34.08062300" lon="-111.30786500">
<ele>1122.800</ele>
<time>2024-03-23T18:15:32Z</time>
</trkpt>
<trkpt lat="34.08055600" lon="-111.30784900">
<ele>1122.400</ele>
<time>2024-03-23T18:15:33Z</time>
</trkpt>
<trkpt lat="34.08043300" lon="-111.30780900">
<ele>1121.700</ele>
<time>2024-03-23T18:15:36Z</time>
</trkpt>
<trkpt lat="34.08033400" lon="-111.30773700">
<ele>1120.800</ele>
<time>2024-03-23T18:15:38Z</time>
</trkpt>
<trkpt lat="34.08027400" lon="-111.30771000">
<ele>1120.300</ele>
<time>2024-03-23T18:15:39Z</time>
</trkpt>
<trkpt lat="34.08005600" lon="-111.30767500">
<ele>1117.900</ele>
<time>2024-03-23T18:15:41Z</time>
</trkpt>
<trkpt lat="34.08000400" lon="-111.30765400">
<ele>1117.200</ele>
<time>2024-03-23T18:15:42Z</time>
</trkpt>
<trkpt lat="34.07990100" lon="-111.30761500">
<ele>1116.900</ele>
<time>2024-03-23T18:15:43Z</time>
</trkpt>
<trkpt lat="34.07980800" lon="-111.30761700">
<ele>1114.800</ele>
<time>2024-03-23T18:15:44Z</time>
</trkpt>
<trkpt lat="34.07967600" lon="-111.30768400">
<ele>1109.900</ele>
<time>2024-03-23T18:15:45Z</time>
</trkpt>
<trkpt lat="34.07959900" lon="-111.30775200">
<ele>1108.100</ele>
<time>2024-03-23T18:15:46Z</time>
</trkpt>
<trkpt lat="34.07954700" lon="-111.30779200">
<ele>1106.600</ele>
<time>2024-03-23T18:15:47Z</time>
</trkpt>
<trkpt lat="34.07917000" lon="-111.30802800">
<ele>1097.300</ele>
<time>2024-03-23T18:15:49Z</time>
</trkpt>
<trkpt lat="34.07895600" lon="-111.30809900">
<ele>1097.200</ele>
<time>2024-03-23T18:15:51Z</time>
</trkpt>
<trkpt lat="34.07888300" lon="-111.30812200">
<ele>1097.600</ele>
<time>2024-03-23T18:15:52Z</time>
</trkpt>
<trkpt lat="34.07873500" lon="-111.30815300">
<ele>1097.900</ele>
<time>2024-03-23T18:15:58Z</time>
</trkpt>
<trkpt lat="34.07859300" lon="-111.30814500">
<ele>1094.900</ele>
<time>2024-03-23T18:16:01Z</time>
</trkpt>
<trkpt lat="34.07841200" lon="-111.30816300">
<ele>1089.200</ele>
<time>2024-03-23T18:16:02Z</time>
</trkpt>
<trkpt lat="34.07835000" lon="-111.30815800">
<ele>1088.100</ele>
<time>2024-03-23T18:16:04Z</time>
</trkpt>
<trkpt lat="34.07829100" lon="-111.30813900">
<ele>1087.200</ele>
<time>2024-03-23T18:16:06Z</time>
</trkpt>
<trkpt lat="34.07823200" lon="-111.30812900">
<ele>1086.700</ele>
<time>2024-03-23T18:16:07Z</time>
</trkpt>
<trkpt lat="34.07816900" lon="-111.30814800">
<ele>1085.900</ele>
<time>2024-03-23T18:16:11Z</time>
</trkpt>
<trkpt lat="34.07798000" lon="-111.30827000">
<ele>1084.500</ele>
<time>2024-03-23T18:16:12Z</time>
</trkpt>
<trkpt lat="34.07786400" lon="-111.30832700">
<ele>1084.000</ele>
<time>2024-03-23T18:16:19Z</time>
</trkpt>
<trkpt lat="34.07780600" lon="-111.30834900">
<ele>1084.100</ele>
<time>2024-03-23T18:16:21Z</time>
</trkpt>
<trkpt lat="34.07775500" lon="-111.30835500">
<ele>1083.900</ele>
<time>2024-03-23T18:16:22Z</time>
</trkpt>
<trkpt lat="34.07770000" lon="-111.30834500">
<ele>1083.800</ele>
<time>2024-03-23T18:16:24Z</time>
</trkpt>
<trkpt lat="34.07764100" lon="-111.30833600">
<ele>1083.500</ele>
<time>2024-03-23T18:16:27Z</time>
</trkpt>
<trkpt lat="34.07750500" lon="-111.30831900">
<ele>1082.600</ele>
<time>2024-03-23T18:16:31Z</time>
</trkpt>
<trkpt lat="34.07734300" lon="-111.30826600">
<ele>1080.700</ele>
<time>2024-03-23T18:16:32Z</time>
</trkpt>
<trkpt lat="34.07729300" lon="-111.30826700">
<ele>1079.700</ele>
<time>2024-03-23T18:16:36Z</time>
</trkpt>
<trkpt lat="34.07719300" lon="-111.30830700">
<ele>1078.900</ele>
<time>2024-03-23T18:16:39Z</time>
</trkpt>
<trkpt lat="34.07714000" lon="-111.30831400">
<ele>1078.000</ele>
<time>2024-03-23T18:16:41Z</time>
</trkpt>
<trkpt lat="34.07707900" lon="-111.30830000">
<ele>1077.100</ele>
<time>2024-03-23T18:16:42Z</time>
</trkpt>
<trkpt lat="34.07701800" lon="-111.30827700">
<ele>1076.500</ele>
<time>2024-03-23T18:16:44Z</time>
</trkpt>
<trkpt lat="34.07681000" lon="-111.30826500">
<ele>1075.600</ele>
<time>2024-03-23T18:16:45Z</time>
</trkpt>
<trkpt lat="34.07667200" lon="-111.30824000">
<ele>1075.400</ele>
<time>2024-03-23T18:16:46Z</time>
</trkpt>
<trkpt lat="34.07660500" lon="-111.30823600">
<ele>1075.300</ele>
<time>2024-03-23T18:16:47Z</time>
</trkpt>
<trkpt lat="34.07647500" lon="-111.30824800">
<ele>1074.400</ele>
<time>2024-03-23T18:16:48Z</time>
</trkpt>
<trkpt lat="34.07641100" lon="-111.30822800">
<ele>1074.200</ele>
<time>2024-03-23T18:16:51Z</time>
</trkpt>
<trkpt lat="34.07635700" lon="-111.30818400">
<ele>1074.000</ele>
<time>2024-03-23T18:16:52Z</time>
</trkpt>
<trkpt lat="34.07629700" lon="-111.30815300">
<ele>1073.900</ele>
<time>2024-03-23T18:16:53Z</time>
</trkpt>
<trkpt lat="34.07623300" lon="-111.30814800">
<ele>1073.900</ele>
<time>2024-03-23T18:16:56Z</time>
</trkpt>
<trkpt lat="34.07616600" lon="-111.30816900">
<ele>1073.600</ele>
<time>2024-03-23T18:16:57Z</time>
</trkpt>
<trkpt lat="34.07609200" lon="-111.30817400">
<ele>1073.900</ele>
<time>2024-03-23T18:16:58Z</time>
</trkpt>
<trkpt lat="34.07594200" lon="-111.30816200">
<ele>1076.300</ele>
<time>2024-03-23T18:16:59Z</time>
</trkpt>
<trkpt lat="34.07579300" lon="-111.30818800">
<ele>1079.200</ele>
<time>2024-03-23T18:17:01Z</time>
</trkpt>
<trkpt lat="34.07572000" lon="-111.30820000">
<ele>1080.500</ele>
<time>2024-03-23T18:17:02Z</time>
</trkpt>
<trkpt lat="34.07535200" lon="-111.30826000">
<ele>1086.500</ele>
<time>2024-03-23T18:17:06Z</time>
</trkpt>
<trkpt lat="34.07519100" lon="-111.30826200">
<ele>1087.100</ele>
<time>2024-03-23T18:17:11Z</time>
</trkpt>
<trkpt lat="34.07513900" lon="-111.30828600">
<ele>1087.500</ele>
<time>2024-03-23T18:17:12Z</time>
</trkpt>
<trkpt lat="34.07505600" lon="-111.30832600">
<ele>1087.100</ele>
<time>2024-03-23T18:17:17Z</time>
</trkpt>
<trkpt lat="34.07496100" lon="-111.30830500">
<ele>1086.700</ele>
<time>2024-03-23T18:17:21Z</time>
</trkpt>
<trkpt lat="34.07491300" lon="-111.30828700">
<ele>1086.000</ele>
<time>2024-03-23T18:17:22Z</time>
</trkpt>
<trkpt lat="34.07474200" lon="-111.30816700">
<ele>1083.900</ele>
<time>2024-03-23T18:17:24Z</time>
</trkpt>
<trkpt lat="34.07469800" lon="-111.30815100">
<ele>1082.500</ele>
<time>2024-03-23T18:17:28Z</time>
</trkpt>
<trkpt lat="34.07426800" lon="-111.30810700">
<ele>1075.500</ele>
<time>2024-03-23T18:17:31Z</time>
</trkpt>
<trkpt lat="34.07413000" lon="-111.30810800">
<ele>1074.000</ele>
<time>2024-03-23T18:17:32Z</time>
</trkpt>
<trkpt lat="34.07406100" lon="-111.30811600">
<ele>1072.700</ele>
<time>2024-03-23T18:17:36Z</time>
</trkpt>
<trkpt lat="34.07393500" lon="-111.30812300">
<ele>1072.600</ele>
<time>2024-03-23T18:17:41Z</time>
</trkpt>
<trkpt lat="34.07374700" lon="-111.30812000">
<ele>1072.600</ele>
<time>2024-03-23T18:17:42Z</time>
</trkpt>
<trkpt lat="34.07349600" lon="-111.30814200">
<ele>1070.300</ele>
<time>2024-03-23T18:17:46Z</time>
</trkpt>
<trkpt lat="34.07343400" lon="-111.30816500">
<ele>1068.400</ele>
<time>2024-03-23T18:17:47Z</time>
</trkpt>
<trkpt lat="34.07324500" lon="-111.30828500">
<ele>1063.400</ele>
<time>2024-03-23T18:17:49Z</time>
</trkpt>
<trkpt lat="34.07315100" lon="-111.30843400">
<ele>1058.800</ele>
<time>2024-03-23T18:17:51Z</time>
</trkpt>
<trkpt lat="34.07310000" lon="-111.30856500">
<ele>1053.800</ele>
<time>2024-03-23T18:17:52Z</time>
</trkpt>
<trkpt lat="34.07307700" lon="-111.30863600">
<ele>1051.400</ele>
<time>2024-03-23T18:17:55Z</time>
</trkpt>
<trkpt lat="34.07301800" lon="-111.30878500">
<ele>1046.800</ele>
<time>2024-03-23T18:17:58Z</time>
</trkpt>
<trkpt lat="34.07297000" lon="-111.30885200">
<ele>1044.500</ele>
<time>2024-03-23T18:18:01Z</time>
</trkpt>
<trkpt lat="34.07290600" lon="-111.30890100">
<ele>1043.700</ele>
<time>2024-03-23T18:18:02Z</time>
</trkpt>
<trkpt lat="34.07282900" lon="-111.30893200">
<ele>1043.200</ele>
<time>2024-03-23T18:18:04Z</time>
</trkpt>
<trkpt lat="34.07273300" lon="-111.30894600">
<ele>1042.900</ele>
<time>2024-03-23T18:18:06Z</time>
</trkpt>
<trkpt lat="34.07248700" lon="-111.30893100">
<ele>1039.900</ele>
<time>2024-03-23T18:18:10Z</time>
</trkpt>
<trkpt lat="34.07241300" lon="-111.30890700">
<ele>1039.300</ele>
<time>2024-03-23T18:18:12Z</time>
</trkpt>
<trkpt lat="34.07233700" lon="-111.30886600">
<ele>1038.900</ele>
<time>2024-03-23T18:18:13Z</time>
</trkpt>
<trkpt lat="34.07216100" lon="-111.30873400">
<ele>1038.500</ele>
<time>2024-03-23T18:18:18Z</time>
</trkpt>
<trkpt lat="34.07209900" lon="-111.30870800">
<ele>1038.200</ele>
<time>2024-03-23T18:18:20Z</time>
</trkpt>
<trkpt lat="34.07204100" lon="-111.30870000">
<ele>1038.000</ele>
<time>2024-03-23T18:18:22Z</time>
</trkpt>
<trkpt lat="34.07198700" lon="-111.30871400">
<ele>1037.900</ele>
<time>2024-03-23T18:18:23Z</time>
</trkpt>
<trkpt lat="34.07186500" lon="-111.30877900">
<ele>1037.700</ele>
<time>2024-03-23T18:18:27Z</time>
</trkpt>
<trkpt lat="34.07178800" lon="-111.30881500">
<ele>1037.400</ele>
<time>2024-03-23T18:18:30Z</time>
</trkpt>
<trkpt lat="34.07148400" lon="-111.30896000">
<ele>1037.400</ele>
<time>2024-03-23T18:18:32Z</time>
</trkpt>
<trkpt lat="34.07110300" lon="-111.30911100">
<ele>1038.300</ele>
<time>2024-03-23T18:18:33Z</time>
</trkpt>
<trkpt lat="34.07104300" lon="-111.30913700">
<ele>1038.300</ele>
<time>2024-03-23T18:18:37Z</time>
</trkpt>
<trkpt lat="34.07077000" lon="-111.30924800">
<ele>1035.700</ele>
<time>2024-03-23T18:18:41Z</time>
</trkpt>
<trkpt lat="34.07051100" lon="-111.30931400">
<ele>1031.600</ele>
<time>2024-03-23T18:18:42Z</time>
</trkpt>
<trkpt lat="34.07044600" lon="-111.30932400">
<ele>1030.500</ele>
<time>2024-03-23T18:18:43Z</time>
</trkpt>
<trkpt lat="34.07029200" lon="-111.30933700">
<ele>1028.300</ele>
<time>2024-03-23T18:18:47Z</time>
</trkpt>
<trkpt lat="34.06998800" lon="-111.30933500">
<ele>1026.800</ele>
<time>2024-03-23T18:18:52Z</time>
</trkpt>
<trkpt lat="34.06978300" lon="-111.30936600">
<ele>1026.600</ele>
<time>2024-03-23T18:18:53Z</time>
</trkpt>
<trkpt lat="34.06970800" lon="-111.30937600">
<ele>1026.500</ele>
<time>2024-03-23T18:18:56Z</time>
</trkpt>
<trkpt lat="34.06939200" lon="-111.30944200">
<ele>1027.100</ele>
<time>2024-03-23T18:18:57Z</time>
</trkpt>
<trkpt lat="34.06902200" lon="-111.30944600">
<ele>1027.700</ele>
<time>2024-03-23T18:19:00Z</time>
</trkpt>
<trkpt lat="34.06895200" lon="-111.30944700">
<ele>1027.400</ele>
<time>2024-03-23T18:19:02Z</time>
</trkpt>
<trkpt lat="34.06864400" lon="-111.30940300">
<ele>1026.000</ele>
<time>2024-03-23T18:19:03Z</time>
</trkpt>
<trkpt lat="34.06856700" lon="-111.30939600">
<ele>1025.600</ele>
<time>2024-03-23T18:19:05Z</time>
</trkpt>
<trkpt lat="34.06840300" lon="-111.30940300">
<ele>1025.000</ele>
<time>2024-03-23T18:19:10Z</time>
</trkpt>
<trkpt lat="34.06824000" lon="-111.30938400">
<ele>1023.900</ele>
<time>2024-03-23T18:19:12Z</time>
</trkpt>
<trkpt lat="34.06815600" lon="-111.30937200">
<ele>1022.100</ele>
<time>2024-03-23T18:19:13Z</time>
</trkpt>
<trkpt lat="34.06789500" lon="-111.30935800">
<ele>1018.700</ele>
<time>2024-03-23T18:19:14Z</time>
</trkpt>
<trkpt lat="34.06764100" lon="-111.30932200">
<ele>1016.400</ele>
<time>2024-03-23T18:19:19Z</time>
</trkpt>
<trkpt lat="34.06739200" lon="-111.30930600">
<ele>1016.300</ele>
<time>2024-03-23T18:19:21Z</time>
</trkpt>
<trkpt lat="34.06731300" lon="-111.30931300">
<ele>1016.700</ele>
<time>2024-03-23T18:19:22Z</time>
</trkpt>
<trkpt lat="34.06714700" lon="-111.30934400">
<ele>1018.700</ele>
<time>2024-03-23T18:19:23Z</time>
</trkpt>
<trkpt lat="34.06699000" lon="-111.30936000">
<ele>1020.400</ele>
<time>2024-03-23T18:19:24Z</time>
</trkpt>
<trkpt lat="34.06672000" lon="-111.30948700">
<ele>1025.100</ele>
<time>2024-03-23T18:19:26Z</time>
</trkpt>
<trkpt lat="34.06661400" lon="-111.30950900">
<ele>1025.700</ele>
<time>2024-03-23T18:19:29Z</time>
</trkpt>
<trkpt lat="34.06657600" lon="-111.30949900">
<ele>1025.800</ele>
<time>2024-03-23T18:19:30Z</time>
</trkpt>
<trkpt lat="34.06643600" lon="-111.30944700">
<ele>1025.800</ele>
<time>2024-03-23T18:19:32Z</time>
</trkpt>
<trkpt lat="34.06635100" lon="-111.30946400">
<ele>1025.700</ele>
<time>2024-03-23T18:19:33Z</time>
</trkpt>
<trkpt lat="34.06623200" lon="-111.30945300">
<ele>1025.300</ele>
<time>2024-03-23T18:19:34Z</time>
</trkpt>
<trkpt lat="34.06617300" lon="-111.30944700">
<ele>1025.200</ele>
<time>2024-03-23T18:19:36Z</time>
</trkpt>
<trkpt lat="34.06596000" lon="-111.30938900">
<ele>1023.100</ele>
<time>2024-03-23T18:19:38Z</time>
</trkpt>
<trkpt lat="34.06577400" lon="-111.30939100">
<ele>1020.300</ele>
<time>2024-03-23T18:19:42Z</time>
</trkpt>
<trkpt lat="34.06561800" lon="-111.30937000">
<ele>1018.200</ele>
<time>2024-03-23T18:19:43Z</time>
</trkpt>
<trkpt lat="34.06554200" lon="-111.30936100">
<ele>1017.200</ele>
<time>2024-03-23T18:19:46Z</time>
</trkpt>
<trkpt lat="34.06523200" lon="-111.30934800">
<ele>1015.000</ele>
<time>2024-03-23T18:19:50Z</time>
</trkpt>
<trkpt lat="34.06494000" lon="-111.30935500">
<ele>1014.600</ele>
<time>2024-03-23T18:19:52Z</time>
</trkpt>
<trkpt lat="34.06486400" lon="-111.30934500">
<ele>1014.100</ele>
<time>2024-03-23T18:19:53Z</time>
</trkpt>
<trkpt lat="34.06479000" lon="-111.30932700">
<ele>1013.800</ele>
<time>2024-03-23T18:19:54Z</time>
</trkpt>
<trkpt lat="34.06449400" lon="-111.30927600">
<ele>1009.600</ele>
<time>2024-03-23T18:19:56Z</time>
</trkpt>
<trkpt lat="34.06407300" lon="-111.30922200">
<ele>1005.100</ele>
<time>2024-03-23T18:19:59Z</time>
</trkpt>
<trkpt lat="34.06399500" lon="-111.30921600">
<ele>1004.700</ele>
<time>2024-03-23T18:20:01Z</time>
</trkpt>
<trkpt lat="34.06377900" lon="-111.30925600">
<ele>1003.900</ele>
<time>2024-03-23T18:20:02Z</time>
</trkpt>
<trkpt lat="34.06369800" lon="-111.30924500">
<ele>1003.600</ele>
<time>2024-03-23T18:20:03Z</time>
</trkpt>
<trkpt lat="34.06348800" lon="-111.30916300">
<ele>1003.000</ele>
<time>2024-03-23T18:20:10Z</time>
</trkpt>
<trkpt lat="34.06336300" lon="-111.30907800">
<ele>1002.700</ele>
<time>2024-03-23T18:20:12Z</time>
</trkpt>
<trkpt lat="34.06330200" lon="-111.30903700">
<ele>1002.300</ele>
<time>2024-03-23T18:20:13Z</time>
</trkpt>
<trkpt lat="34.06317600" lon="-111.30897400">
<ele>1001.300</ele>
<time>2024-03-23T18:20:14Z</time>
</trkpt>
<trkpt lat="34.06284600" lon="-111.30884500">
<ele>993.300</ele>
<time>2024-03-23T18:20:17Z</time>
</trkpt>
<trkpt lat="34.06268700" lon="-111.30877000">
<ele>990.500</ele>
<time>2024-03-23T18:20:18Z</time>
</trkpt>
<trkpt lat="34.06259900" lon="-111.30873400">
<ele>989.600</ele>
<time>2024-03-23T18:20:20Z</time>
</trkpt>
<trkpt lat="34.06251500" lon="-111.30870700">
<ele>989.400</ele>
<time>2024-03-23T18:20:22Z</time>
</trkpt>
<trkpt lat="34.06213600" lon="-111.30862400">
<ele>991.800</ele>
<time>2024-03-23T18:20:23Z</time>
</trkpt>
<trkpt lat="34.06202500" lon="-111.30857700">
<ele>992.500</ele>
<time>2024-03-23T18:20:25Z</time>
</trkpt>
<trkpt lat="34.06197800" lon="-111.30854300">
<ele>992.500</ele>
<time>2024-03-23T18:20:28Z</time>
</trkpt>
<trkpt lat="34.06193400" lon="-111.30850300">
<ele>992.400</ele>
<time>2024-03-23T18:20:32Z</time>
</trkpt>
<trkpt lat="34.06188300" lon="-111.30846300">
<ele>992.200</ele>
<time>2024-03-23T18:20:33Z</time>
</trkpt>
<trkpt lat="34.06175500" lon="-111.30840600">
<ele>991.100</ele>
<time>2024-03-23T18:20:36Z</time>
</trkpt>
<trkpt lat="34.06153700" lon="-111.30827900">
<ele>989.300</ele>
<time>2024-03-23T18:20:39Z</time>
</trkpt>
<trkpt lat="34.06145800" lon="-111.30825800">
<ele>989.000</ele>
<time>2024-03-23T18:20:42Z</time>
</trkpt>
<trkpt lat="34.06131000" lon="-111.30818000">
<ele>989.000</ele>
<time>2024-03-23T18:20:43Z</time>
</trkpt>
<trkpt lat="34.06124600" lon="-111.30814100">
<ele>988.900</ele>
<time>2024-03-23T18:20:44Z</time>
</trkpt>
<trkpt lat="34.06118500" lon="-111.30811100">
<ele>988.900</ele>
<time>2024-03-23T18:20:47Z</time>
</trkpt>
<trkpt lat="34.06104600" lon="-111.30807000">
<ele>988.700</ele>
<time>2024-03-23T18:20:50Z</time>
</trkpt>
<trkpt lat="34.06092000" lon="-111.30801700">
<ele>989.000</ele>
<time>2024-03-23T18:20:52Z</time>
</trkpt>
<trkpt lat="34.06065700" lon="-111.30784700">
<ele>988.900</ele>
<time>2024-03-23T18:20:53Z</time>
</trkpt>
<trkpt lat="34.06058700" lon="-111.30781000">
<ele>988.800</ele>
<time>2024-03-23T18:20:56Z</time>
</trkpt>
<trkpt lat="34.06039700" lon="-111.30768500">
<ele>987.800</ele>
<time>2024-03-23T18:21:00Z</time>
</trkpt>
<trkpt lat="34.06010900" lon="-111.30752000">
<ele>983.700</ele>
<time>2024-03-23T18:21:01Z</time>
</trkpt>
<trkpt lat="34.05996500" lon="-111.30741600">
<ele>984.200</ele>
<time>2024-03-23T18:21:02Z</time>
</trkpt>
<trkpt lat="34.05989600" lon="-111.30736500">
<ele>985.300</ele>
<time>2024-03-23T18:21:03Z</time>
</trkpt>
<trkpt lat="34.05982800" lon="-111.30731900">
<ele>986.500</ele>
<time>2024-03-23T18:21:08Z</time>
</trkpt>
<trkpt lat="34.05969800" lon="-111.30728200">
<ele>987.800</ele>
<time>2024-03-23T18:21:12Z</time>
</trkpt>
<trkpt lat="34.05953200" lon="-111.30719300">
<ele>988.900</ele>
<time>2024-03-23T18:21:13Z</time>
</trkpt>
<trkpt lat="34.05940500" lon="-111.30717100">
<ele>988.900</ele>
<time>2024-03-23T18:21:15Z</time>
</trkpt>
<trkpt lat="34.05935000" lon="-111.30715000">
<ele>989.200</ele>
<time>2024-03-23T18:21:17Z</time>
</trkpt>
<trkpt lat="34.05929900" lon="-111.30712700">
<ele>988.800</ele>
<time>2024-03-23T18:21:22Z</time>
</trkpt>
<trkpt lat="34.05881400" lon="-111.30692000">
<ele>986.800</ele>
<time>2024-03-23T18:21:23Z</time>
</trkpt>
<trkpt lat="34.05867300" lon="-111.30683500">
<ele>987.300</ele>
<time>2024-03-23T18:21:26Z</time>
</trkpt>
<trkpt lat="34.05860900" lon="-111.30680700">
<ele>987.500</ele>
<time>2024-03-23T18:21:28Z</time>
</trkpt>
<trkpt lat="34.05854800" lon="-111.30680400">
<ele>987.700</ele>
<time>2024-03-23T18:21:29Z</time>
</trkpt>
<trkpt lat="34.05837000" lon="-111.30688300">
<ele>988.400</ele>
<time>2024-03-23T18:21:31Z</time>
</trkpt>
<trkpt lat="34.05831500" lon="-111.30689500">
<ele>988.300</ele>
<time>2024-03-23T18:21:32Z</time>
</trkpt>
<trkpt lat="34.05820700" lon="-111.30685200">
<ele>987.600</ele>
<time>2024-03-23T18:21:33Z</time>
</trkpt>
<trkpt lat="34.05807800" lon="-111.30683100">
<ele>984.700</ele>
<time>2024-03-23T18:21:34Z</time>
</trkpt>
<trkpt lat="34.05801300" lon="-111.30682300">
<ele>983.200</ele>
<time>2024-03-23T18:21:37Z</time>
</trkpt>
<trkpt lat="34.05788500" lon="-111.30678900">
<ele>980.500</ele>
<time>2024-03-23T18:21:42Z</time>
</trkpt>
<trkpt lat="34.05771900" lon="-111.30672200">
<ele>979.900</ele>
<time>2024-03-23T18:21:43Z</time>
</trkpt>
<trkpt lat="34.05750200" lon="-111.30672700">
<ele>978.000</ele>
<time>2024-03-23T18:21:46Z</time>
</trkpt>
<trkpt lat="34.05744300" lon="-111.30672300">
<ele>977.100</ele>
<time>2024-03-23T18:21:52Z</time>
</trkpt>
<trkpt lat="34.05727300" lon="-111.30669300">
<ele>976.200</ele>
<time>2024-03-23T18:21:53Z</time>
</trkpt>
<trkpt lat="34.05709100" lon="-111.30668500">
<ele>975.100</ele>
<time>2024-03-23T18:22:25Z</time>
</trkpt>
<trkpt lat="34.05690200" lon="-111.30665700">
<ele>972.700</ele>
<time>2024-03-23T18:22:26Z</time>
</trkpt>
<trkpt lat="34.05683900" lon="-111.30665700">
<ele>971.800</ele>
<time>2024-03-23T18:23:12Z</time>
</trkpt>
<trkpt lat="34.05676800" lon="-111.30666900">
<ele>971.200</ele>
<time>2024-03-23T18:23:32Z</time>
</trkpt>
<trkpt lat="34.05655400" lon="-111.30674900">
<ele>969.500</ele>
<time>2024-03-23T18:23:33Z</time>
</trkpt>
<trkpt lat="34.05634300" lon="-111.30679800">
<ele>969.700</ele>
<time>2024-03-23T18:24:59Z</time>
</trkpt>
<trkpt lat="34.05622700" lon="-111.30678700">
<ele>969.600</ele>
<time>2024-03-23T18:25:00Z</time>
</trkpt>
<trkpt lat="34.05617100" lon="-111.30679100">
<ele>969.300</ele>
<time>2024-03-23T18:25:04Z</time>
</trkpt>
<trkpt lat="34.05597600" lon="-111.30683900">
<ele>968.400</ele>
<time>2024-03-23T18:25:09Z</time>
</trkpt>
<trkpt lat="34.05574400" lon="-111.30686200">
<ele>966.600</ele>
<time>2024-03-23T18:25:10Z</time>
</trkpt>
<trkpt lat="34.05569500" lon="-111.30686000">
<ele>966.400</ele>
<time>2024-03-23T18:25:15Z</time>
</trkpt>
<trkpt lat="34.05564500" lon="-111.30684300">
<ele>966.100</ele>
<time>2024-03-23T18:25:19Z</time>
</trkpt>
<trkpt lat="34.05559000" lon="-111.30683000">
<ele>965.800</ele>
<time>2024-03-23T18:25:20Z</time>
</trkpt>
<trkpt lat="34.05527700" lon="-111.30682900">
<ele>964.000</ele>
<time>2024-03-23T18:25:22Z</time>
</trkpt>
<trkpt lat="34.05504600" lon="-111.30676200">
<ele>964.000</ele>
<time>2024-03-23T18:25:23Z</time>
</trkpt>
<trkpt lat="34.05498500" lon="-111.30675000">
<ele>963.700</ele>
<time>2024-03-23T18:25:25Z</time>
</trkpt>
<trkpt lat="34.05486600" lon="-111.30674100">
<ele>962.700</ele>
<time>2024-03-23T18:25:26Z</time>
</trkpt>
<trkpt lat="34.05475100" lon="-111.30670100">
<ele>960.500</ele>
<time>2024-03-23T18:25:27Z</time>
</trkpt>
<trkpt lat="34.05439600" lon="-111.30666500">
<ele>955.400</ele>
<time>2024-03-23T18:25:29Z</time>
</trkpt>
<trkpt lat="34.05433200" lon="-111.30665400">
<ele>955.200</ele>
<time>2024-03-23T18:25:30Z</time>
</trkpt>
<trkpt lat="34.05417000" lon="-111.30661500">
<ele>954.300</ele>
<time>2024-03-23T18:25:32Z</time>
</trkpt>
<trkpt lat="34.05407800" lon="-111.30662100">
<ele>954.000</ele>
<time>2024-03-23T18:25:33Z</time>
</trkpt>
<trkpt lat="34.05402800" lon="-111.30660900">
<ele>953.900</ele>
<time>2024-03-23T18:25:34Z</time>
</trkpt>
<trkpt lat="34.05392000" lon="-111.30653200">
<ele>953.600</ele>
<time>2024-03-23T18:25:39Z</time>
</trkpt>
<trkpt lat="34.05385600" lon="-111.30650400">
<ele>953.400</ele>
<time>2024-03-23T18:25:40Z</time>
</trkpt>
<trkpt lat="34.05379000" lon="-111.30648900">
<ele>953.200</ele>
<time>2024-03-23T18:25:41Z</time>
</trkpt>
<trkpt lat="34.05372900" lon="-111.30646500">
<ele>953.300</ele>
<time>2024-03-23T18:25:42Z</time>
</trkpt>
<trkpt lat="34.05356900" lon="-111.30630400">
<ele>953.200</ele>
<time>2024-03-23T18:25:43Z</time>
</trkpt>
<trkpt lat="34.05325800" lon="-111.30609900">
<ele>953.200</ele>
<time>2024-03-23T18:25:44Z</time>
</trkpt>
<trkpt lat="34.05320000" lon="-111.30606500">
<ele>953.300</ele>
<time>2024-03-23T18:25:49Z</time>
</trkpt>
<trkpt lat="34.05303900" lon="-111.30595500">
<ele>952.900</ele>
<time>2024-03-23T18:25:50Z</time>
</trkpt>
<trkpt lat="34.05280700" lon="-111.30569400">
<ele>949.500</ele>
<time>2024-03-23T18:25:51Z</time>
</trkpt>
<trkpt lat="34.05277400" lon="-111.30565200">
<ele>948.600</ele>
<time>2024-03-23T18:25:53Z</time>
</trkpt>
<trkpt lat="34.05258300" lon="-111.30543100">
<ele>944.200</ele>
<time>2024-03-23T18:25:56Z</time>
</trkpt>
<trkpt lat="34.05255700" lon="-111.30540800">
<ele>944.100</ele>
<time>2024-03-23T18:25:57Z</time>
</trkpt>
<trkpt lat="34.05248500" lon="-111.30532300">
<ele>943.500</ele>
<time>2024-03-23T18:25:59Z</time>
</trkpt>
<trkpt lat="34.05238200" lon="-111.30524900">
<ele>943.200</ele>
<time>2024-03-23T18:26:00Z</time>
</trkpt>
<trkpt lat="34.05237300" lon="-111.30523900">
<ele>943.100</ele>
<time>2024-03-23T18:26:58Z</time>
</trkpt>
<trkpt lat="34.05219700" lon="-111.30508900">
<ele>943.200</ele>
<time>2024-03-23T18:27:49Z</time>
</trkpt>
<trkpt lat="34.05218700" lon="-111.30508000">
<ele>943.200</ele>
<time>2024-03-23T18:27:50Z</time>
</trkpt>
<trkpt lat="34.05207900" lon="-111.30496200">
<ele>943.900</ele>
<time>2024-03-23T18:27:53Z</time>
</trkpt>
<trkpt lat="34.05182500" lon="-111.30474600">
<ele>946.200</ele>
<time>2024-03-23T18:27:59Z</time>
</trkpt>
<trkpt lat="34.05176900" lon="-111.30470100">
<ele>947.100</ele>
<time>2024-03-23T18:28:00Z</time>
</trkpt>
<trkpt lat="34.05148100" lon="-111.30451200">
<ele>951.300</ele>
<time>2024-03-23T18:28:05Z</time>
</trkpt>
<trkpt lat="34.05122900" lon="-111.30436500">
<ele>952.100</ele>
<time>2024-03-23T18:28:06Z</time>
</trkpt>
<trkpt lat="34.05116800" lon="-111.30432300">
<ele>952.200</ele>
<time>2024-03-23T18:28:07Z</time>
</trkpt>
<trkpt lat="34.05105600" lon="-111.30424200">
<ele>952.100</ele>
<time>2024-03-23T18:28:09Z</time>
</trkpt>
<trkpt lat="34.05099500" lon="-111.30421000">
<ele>952.000</ele>
<time>2024-03-23T18:28:10Z</time>
</trkpt>
<trkpt lat="34.05086600" lon="-111.30417200">
<ele>951.900</ele>
<time>2024-03-23T18:28:11Z</time>
</trkpt>
<trkpt lat="34.05081100" lon="-111.30413800">
<ele>952.300</ele>
<time>2024-03-23T18:28:15Z</time>
</trkpt>
<trkpt lat="34.05075700" lon="-111.30409300">
<ele>952.500</ele>
<time>2024-03-23T18:28:16Z</time>
</trkpt>
<trkpt lat="34.05066600" lon="-111.30397800">
<ele>952.200</ele>
<time>2024-03-23T18:28:18Z</time>
</trkpt>
<trkpt lat="34.05062800" lon="-111.30392100">
<ele>952.000</ele>
<time>2024-03-23T18:28:19Z</time>
</trkpt>
<trkpt lat="34.05055800" lon="-111.30383300">
<ele>951.200</ele>
<time>2024-03-23T18:28:20Z</time>
</trkpt>
<trkpt lat="34.05051900" lon="-111.30380200">
<ele>950.500</ele>
<time>2024-03-23T18:28:39Z</time>
</trkpt>
<trkpt lat="34.05046800" lon="-111.30378600">
<ele>950.000</ele>
<time>2024-03-23T18:28:43Z</time>
</trkpt>
<trkpt lat="34.05008500" lon="-111.30376400">
<ele>944.200</ele>
<time>2024-03-23T18:28:44Z</time>
</trkpt>
<trkpt lat="34.05001000" lon="-111.30375100">
<ele>943.800</ele>
<time>2024-03-23T18:28:48Z</time>
</trkpt>
<trkpt lat="34.04994400" lon="-111.30373500">
<ele>943.400</ele>
<time>2024-03-23T18:28:50Z</time>
</trkpt>
<trkpt lat="34.04988100" lon="-111.30370700">
<ele>943.300</ele>
<time>2024-03-23T18:28:53Z</time>
</trkpt>
<trkpt lat="34.04982500" lon="-111.30366700">
<ele>943.200</ele>
<time>2024-03-23T18:28:54Z</time>
</trkpt>
<trkpt lat="34.04977300" lon="-111.30361900">
<ele>942.800</ele>
<time>2024-03-23T18:28:55Z</time>
</trkpt>
<trkpt lat="34.04956000" lon="-111.30335500">
<ele>941.500</ele>
<time>2024-03-23T18:28:58Z</time>
</trkpt>
<trkpt lat="34.04951700" lon="-111.30331900">
<ele>941.200</ele>
<time>2024-03-23T18:29:03Z</time>
</trkpt>
<trkpt lat="34.04946500" lon="-111.30329400">
<ele>940.800</ele>
<time>2024-03-23T18:29:04Z</time>
</trkpt>
<trkpt lat="34.04934900" lon="-111.30326200">
<ele>938.400</ele>
<time>2024-03-23T18:29:09Z</time>
</trkpt>
<trkpt lat="34.04916800" lon="-111.30316200">
<ele>934.200</ele>
<time>2024-03-23T18:29:13Z</time>
</trkpt>
<trkpt lat="34.04910600" lon="-111.30314500">
<ele>933.600</ele>
<time>2024-03-23T18:29:14Z</time>
</trkpt>
<trkpt lat="34.04900000" lon="-111.30313800">
<ele>932.400</ele>
<time>2024-03-23T18:29:20Z</time>
</trkpt>
<trkpt lat="34.04896300" lon="-111.30312800">
<ele>931.800</ele>
<time>2024-03-23T18:29:23Z</time>
</trkpt>
<trkpt lat="34.04881600" lon="-111.30306900">
<ele>931.900</ele>
<time>2024-03-23T18:29:24Z</time>
</trkpt>
<trkpt lat="34.04871200" lon="-111.30304500">
<ele>932.400</ele>
<time>2024-03-23T18:29:26Z</time>
</trkpt>
<trkpt lat="34.04865300" lon="-111.30303000">
<ele>932.500</ele>
<time>2024-03-23T18:29:27Z</time>
</trkpt>
<trkpt lat="34.04843200" lon="-111.30296000">
<ele>933.200</ele>
<time>2024-03-23T18:29:29Z</time>
</trkpt>
<trkpt lat="34.04797400" lon="-111.30273600">
<ele>933.600</ele>
<time>2024-03-23T18:29:33Z</time>
</trkpt>
<trkpt lat="34.04790900" lon="-111.30270600">
<ele>933.000</ele>
<time>2024-03-23T18:29:34Z</time>
</trkpt>
<trkpt lat="34.04759100" lon="-111.30257700">
<ele>929.900</ele>
<time>2024-03-23T18:29:37Z</time>
</trkpt>
<trkpt lat="34.04752500" lon="-111.30256100">
<ele>929.500</ele>
<time>2024-03-23T18:29:39Z</time>
</trkpt>
<trkpt lat="34.04746000" lon="-111.30256500">
<ele>929.200</ele>
<time>2024-03-23T18:29:43Z</time>
</trkpt>
<trkpt lat="34.04734300" lon="-111.30259600">
<ele>928.200</ele>
<time>2024-03-23T18:29:44Z</time>
</trkpt>
<trkpt lat="34.04729300" lon="-111.30260800">
<ele>927.800</ele>
<time>2024-03-23T18:29:45Z</time>
</trkpt>
<trkpt lat="34.04724900" lon="-111.30261500">
<ele>926.900</ele>
<time>2024-03-23T18:29:46Z</time>
</trkpt>
<trkpt lat="34.04708800" lon="-111.30257400">
<ele>924.700</ele>
<time>2024-03-23T18:29:48Z</time>
</trkpt>
<trkpt lat="34.04705800" lon="-111.30257600">
<ele>924.100</ele>
<time>2024-03-23T18:29:49Z</time>
</trkpt>
<trkpt lat="34.04701700" lon="-111.30261700">
<ele>923.500</ele>
<time>2024-03-23T18:29:51Z</time>
</trkpt>
<trkpt lat="34.04701100" lon="-111.30264500">
<ele>923.500</ele>
<time>2024-03-23T18:29:53Z</time>
</trkpt>
<trkpt lat="34.04701100" lon="-111.30264500">
<ele>923.500</ele>
<time>2024-03-23T18:29:54Z</time>
</trkpt>
<trkpt lat="34.04700600" lon="-111.30273000">
<ele>923.100</ele>
<time>2024-03-23T18:29:58Z</time>
</trkpt>
<trkpt lat="34.04698000" lon="-111.30286600">
<ele>921.500</ele>
<time>2024-03-23T18:30:04Z</time>
</trkpt>
<trkpt lat="34.04696000" lon="-111.30293700">
<ele>920.200</ele>
<time>2024-03-23T18:30:05Z</time>
</trkpt>
<trkpt lat="34.04683700" lon="-111.30322700">
<ele>917.100</ele>
<time>2024-03-23T18:30:41Z</time>
</trkpt>
<trkpt lat="34.04676600" lon="-111.30336100">
<ele>916.300</ele>
<time>2024-03-23T18:30:44Z</time>
</trkpt>
<trkpt lat="34.04666000" lon="-111.30351900">
<ele>915.100</ele>
<time>2024-03-23T18:30:46Z</time>
</trkpt>
<trkpt lat="34.04662900" lon="-111.30356500">
<ele>913.900</ele>
<time>2024-03-23T18:30:47Z</time>
</trkpt>
<trkpt lat="34.04662200" lon="-111.30362300">
<ele>913.300</ele>
<time>2024-03-23T18:30:53Z</time>
</trkpt>
<trkpt lat="34.04666900" lon="-111.30381100">
<ele>910.900</ele>
<time>2024-03-23T18:30:56Z</time>
</trkpt>
<trkpt lat="34.04680200" lon="-111.30412900">
<ele>905.700</ele>
<time>2024-03-23T18:30:57Z</time>
</trkpt>
<trkpt lat="34.04683300" lon="-111.30419000">
<ele>905.200</ele>
<time>2024-03-23T18:31:00Z</time>
</trkpt>
<trkpt lat="34.04696700" lon="-111.30447200">
<ele>902.600</ele>
<time>2024-03-23T18:31:02Z</time>
</trkpt>
<trkpt lat="34.04705500" lon="-111.30461000">
<ele>899.500</ele>
<time>2024-03-23T18:31:04Z</time>
</trkpt>
<trkpt lat="34.04707700" lon="-111.30465100">
<ele>898.100</ele>
<time>2024-03-23T18:31:06Z</time>
</trkpt>
<trkpt lat="34.04720800" lon="-111.30492400">
<ele>893.900</ele>
<time>2024-03-23T18:31:07Z</time>
</trkpt>
<trkpt lat="34.04724200" lon="-111.30508800">
<ele>891.900</ele>
<time>2024-03-23T18:31:16Z</time>
</trkpt>
<trkpt lat="34.04725000" lon="-111.30515000">
<ele>891.500</ele>
<time>2024-03-23T18:31:17Z</time>
</trkpt>
<trkpt lat="34.04726100" lon="-111.30527200">
<ele>889.200</ele>
<time>2024-03-23T18:31:18Z</time>
</trkpt>
<trkpt lat="34.04725600" lon="-111.30532600">
<ele>887.800</ele>
<time>2024-03-23T18:31:20Z</time>
</trkpt>
<trkpt lat="34.04720800" lon="-111.30541900">
<ele>886.600</ele>
<time>2024-03-23T18:31:21Z</time>
</trkpt>
<trkpt lat="34.04713600" lon="-111.30562900">
<ele>881.400</ele>
<time>2024-03-23T18:31:24Z</time>
</trkpt>
<trkpt lat="34.04711500" lon="-111.30568200">
<ele>880.300</ele>
<time>2024-03-23T18:31:25Z</time>
</trkpt>
<trkpt lat="34.04701400" lon="-111.30589000">
<ele>877.900</ele>
<time>2024-03-23T18:31:26Z</time>
</trkpt>
<trkpt lat="34.04693100" lon="-111.30601800">
<ele>878.000</ele>
<time>2024-03-23T18:31:27Z</time>
</trkpt>
<trkpt lat="34.04673100" lon="-111.30620300">
<ele>875.700</ele>
<time>2024-03-23T18:31:28Z</time>
</trkpt>
<trkpt lat="34.04668700" lon="-111.30623800">
<ele>874.600</ele>
<time>2024-03-23T18:31:30Z</time>
</trkpt>
<trkpt lat="34.04664500" lon="-111.30627500">
<ele>872.900</ele>
<time>2024-03-23T18:31:32Z</time>
</trkpt>
<trkpt lat="34.04661500" lon="-111.30632000">
<ele>872.200</ele>
<time>2024-03-23T18:31:33Z</time>
</trkpt>
<trkpt lat="34.04658500" lon="-111.30641400">
<ele>870.300</ele>
<time>2024-03-23T18:31:34Z</time>
</trkpt>
<trkpt lat="34.04656400" lon="-111.30643200">
<ele>869.800</ele>
<time>2024-03-23T18:31:36Z</time>
</trkpt>
<trkpt lat="34.04652300" lon="-111.30643100">
<ele>869.200</ele>
<time>2024-03-23T18:31:37Z</time>
</trkpt>
<trkpt lat="34.04648000" lon="-111.30639200">
<ele>869.400</ele>
<time>2024-03-23T18:31:38Z</time>
</trkpt>
<trkpt lat="34.04644700" lon="-111.30635500">
<ele>869.000</ele>
<time>2024-03-23T18:31:39Z</time>
</trkpt>
<trkpt lat="34.04632000" lon="-111.30618800">
<ele>869.900</ele>
<time>2024-03-23T18:31:40Z</time>
</trkpt>
<trkpt lat="34.04623500" lon="-111.30609600">
<ele>869.900</ele>
<time>2024-03-23T18:31:46Z</time>
</trkpt>
<trkpt lat="34.04623500" lon="-111.30609600">
<ele>869.900</ele>
<time>2024-03-23T18:31:47Z</time>
</trkpt>
<trkpt lat="34.04617600" lon="-111.30601000">
<ele>869.700</ele>
<time>2024-03-23T18:32:05Z</time>
</trkpt>
<trkpt lat="34.04602300" lon="-111.30584200">
<ele>869.500</ele>
<time>2024-03-23T18:32:07Z</time>
</trkpt>
<trkpt lat="34.04586700" lon="-111.30571900">
<ele>868.600</ele>
<time>2024-03-23T18:32:09Z</time>
</trkpt>
<trkpt lat="34.04577800" lon="-111.30565600">
<ele>869.000</ele>
<time>2024-03-23T18:32:10Z</time>
</trkpt>
<trkpt lat="34.04514100" lon="-111.30522800">
<ele>867.900</ele>
<time>2024-03-23T18:32:12Z</time>
</trkpt>
<trkpt lat="34.04478100" lon="-111.30494800">
<ele>866.200</ele>
<time>2024-03-23T18:32:14Z</time>
</trkpt>
<trkpt lat="34.04466300" lon="-111.30485400">
<ele>865.600</ele>
<time>2024-03-23T18:32:15Z</time>
</trkpt>
<trkpt lat="34.04430800" lon="-111.30455800">
<ele>865.000</ele>
<time>2024-03-23T18:32:16Z</time>
</trkpt>
<trkpt lat="34.04407800" lon="-111.30435000">
<ele>864.800</ele>
<time>2024-03-23T18:32:17Z</time>
</trkpt>
<trkpt lat="34.04386300" lon="-111.30413300">
<ele>865.000</ele>
<time>2024-03-23T18:32:18Z</time>
</trkpt>
<trkpt lat="34.04365700" lon="-111.30390300">
<ele>864.300</ele>
<time>2024-03-23T18:32:19Z</time>
</trkpt>
<trkpt lat="34.04355200" lon="-111.30379100">
<ele>861.800</ele>
<time>2024-03-23T18:32:20Z</time>
</trkpt>
<trkpt lat="34.04264100" lon="-111.30282300">
<ele>866.700</ele>
<time>2024-03-23T18:32:23Z</time>
</trkpt>
<trkpt lat="34.04254100" lon="-111.30270900">
<ele>866.300</ele>
<time>2024-03-23T18:32:24Z</time>
</trkpt>
<trkpt lat="34.04244400" lon="-111.30259700">
<ele>865.600</ele>
<time>2024-03-23T18:32:25Z</time>
</trkpt>
<trkpt lat="34.04226800" lon="-111.30236000">
<ele>862.200</ele>
<time>2024-03-23T18:32:26Z</time>
</trkpt>
<trkpt lat="34.04218700" lon="-111.30223900">
<ele>861.400</ele>
<time>2024-03-23T18:32:29Z</time>
</trkpt>
<trkpt lat="34.04197500" lon="-111.30187600">
<ele>859.000</ele>
<time>2024-03-23T18:32:30Z</time>
</trkpt>
<trkpt lat="34.04190000" lon="-111.30176900">
<ele>857.600</ele>
<time>2024-03-23T18:32:31Z</time>
</trkpt>
<trkpt lat="34.04181600" lon="-111.30167600">
<ele>857.200</ele>
<time>2024-03-23T18:32:33Z</time>
</trkpt>
<trkpt lat="34.04172400" lon="-111.30160800">
<ele>858.000</ele>
<time>2024-03-23T18:32:39Z</time>
</trkpt>
<trkpt lat="34.04162100" lon="-111.30155400">
<ele>858.300</ele>
<time>2024-03-23T18:32:40Z</time>
</trkpt>
<trkpt lat="34.04141800" lon="-111.30147500">
<ele>858.600</ele>
<time>2024-03-23T18:32:42Z</time>
</trkpt>
<trkpt lat="34.04120000" lon="-111.30141800">
<ele>857.400</ele>
<time>2024-03-23T18:32:46Z</time>
</trkpt>
<trkpt lat="34.04108500" lon="-111.30140800">
<ele>857.400</ele>
<time>2024-03-23T18:32:48Z</time>
</trkpt>
<trkpt lat="34.04097400" lon="-111.30141500">
<ele>856.700</ele>
<time>2024-03-23T18:32:49Z</time>
</trkpt>
<trkpt lat="34.04075700" lon="-111.30147500">
<ele>854.800</ele>
<time>2024-03-23T18:32:50Z</time>
</trkpt>
<trkpt lat="34.04065600" lon="-111.30150400">
<ele>853.800</ele>
<time>2024-03-23T18:32:52Z</time>
</trkpt>
<trkpt lat="34.04055300" lon="-111.30151300">
<ele>853.800</ele>
<time>2024-03-23T18:32:53Z</time>
</trkpt>
<trkpt lat="34.04045100" lon="-111.30149400">
<ele>854.900</ele>
<time>2024-03-23T18:32:54Z</time>
</trkpt>
<trkpt lat="34.04035300" lon="-111.30144300">
<ele>855.600</ele>
<time>2024-03-23T18:32:55Z</time>
</trkpt>
<trkpt lat="34.04001000" lon="-111.30119600">
<ele>858.000</ele>
<time>2024-03-23T18:32:56Z</time>
</trkpt>
<trkpt lat="34.04000200" lon="-111.30118700">
<ele>858.000</ele>
<time>2024-03-23T18:32:59Z</time>
</trkpt>
<trkpt lat="34.03990600" lon="-111.30107200">
<ele>859.700</ele>
<time>2024-03-23T18:33:00Z</time>
</trkpt>
<trkpt lat="34.03981500" lon="-111.30094100">
<ele>859.000</ele>
<time>2024-03-23T18:33:04Z</time>
</trkpt>
<trkpt lat="34.03973300" lon="-111.30076300">
<ele>856.500</ele>
<time>2024-03-23T18:33:09Z</time>
</trkpt>
<trkpt lat="34.03970200" lon="-111.30066500">
<ele>855.200</ele>
<time>2024-03-23T18:33:10Z</time>
</trkpt>
<trkpt lat="34.03963800" lon="-111.30049100">
<ele>852.100</ele>
<time>2024-03-23T18:33:19Z</time>
</trkpt>
<trkpt lat="34.03955600" lon="-111.30035600">
<ele>848.400</ele>
<time>2024-03-23T18:33:20Z</time>
</trkpt>
<trkpt lat="34.03951200" lon="-111.30030900">
<ele>847.300</ele>
<time>2024-03-23T18:33:21Z</time>
</trkpt>
<trkpt lat="34.03945400" lon="-111.30029000">
<ele>845.400</ele>
<time>2024-03-23T18:33:22Z</time>
</trkpt>
<trkpt lat="34.03939300" lon="-111.30028600">
<ele>843.500</ele>
<time>2024-03-23T18:33:25Z</time>
</trkpt>
<trkpt lat="34.03933900" lon="-111.30030000">
<ele>842.800</ele>
<time>2024-03-23T18:33:28Z</time>
</trkpt>
<trkpt lat="34.03928600" lon="-111.30033100">
<ele>841.700</ele>
<time>2024-03-23T18:33:29Z</time>
</trkpt>
<trkpt lat="34.03923000" lon="-111.30037800">
<ele>841.500</ele>
<time>2024-03-23T18:33:30Z</time>
</trkpt>
<trkpt lat="34.03902900" lon="-111.30052300">
<ele>849.300</ele>
<time>2024-03-23T18:33:31Z</time>
</trkpt>
<trkpt lat="34.03895500" lon="-111.30055200">
<ele>851.500</ele>
<time>2024-03-23T18:33:32Z</time>
</trkpt>
<trkpt lat="34.03888100" lon="-111.30055700">
<ele>852.800</ele>
<time>2024-03-23T18:33:33Z</time>
</trkpt>
<trkpt lat="34.03881600" lon="-111.30052500">
<ele>853.900</ele>
<time>2024-03-23T18:33:34Z</time>
</trkpt>
<trkpt lat="34.03863700" lon="-111.30039100">
<ele>857.700</ele>
<time>2024-03-23T18:33:35Z</time>
</trkpt>
<trkpt lat="34.03857400" lon="-111.30035200">
<ele>858.500</ele>
<time>2024-03-23T18:33:39Z</time>
</trkpt>
<trkpt lat="34.03851100" lon="-111.30032600">
<ele>858.600</ele>
<time>2024-03-23T18:33:40Z</time>
</trkpt>
<trkpt lat="34.03837800" lon="-111.30030000">
<ele>858.700</ele>
<time>2024-03-23T18:33:42Z</time>
</trkpt>
<trkpt lat="34.03797800" lon="-111.30029100">
<ele>857.600</ele>
<time>2024-03-23T18:33:44Z</time>
</trkpt>
<trkpt lat="34.03791000" lon="-111.30028600">
<ele>857.800</ele>
<time>2024-03-23T18:33:46Z</time>
</trkpt>
<trkpt lat="34.03776200" lon="-111.30026500">
<ele>858.400</ele>
<time>2024-03-23T18:33:49Z</time>
</trkpt>
<trkpt lat="34.03746300" lon="-111.30018500">
<ele>860.900</ele>
<time>2024-03-23T18:33:50Z</time>
</trkpt>
<trkpt lat="34.03731400" lon="-111.30009200">
<ele>862.200</ele>
<time>2024-03-23T18:33:54Z</time>
</trkpt>
<trkpt lat="34.03724700" lon="-111.30002500">
<ele>862.400</ele>
<time>2024-03-23T18:33:59Z</time>
</trkpt>
<trkpt lat="34.03718400" lon="-111.29995900">
<ele>863.000</ele>
<time>2024-03-23T18:34:00Z</time>
</trkpt>
<trkpt lat="34.03706700" lon="-111.29984800">
<ele>863.100</ele>
<time>2024-03-23T18:34:02Z</time>
</trkpt>
<trkpt lat="34.03700200" lon="-111.29982300">
<ele>863.400</ele>
<time>2024-03-23T18:34:04Z</time>
</trkpt>
<trkpt lat="34.03694100" lon="-111.29982900">
<ele>864.300</ele>
<time>2024-03-23T18:34:06Z</time>
</trkpt>
<trkpt lat="34.03689600" lon="-111.29986600">
<ele>864.800</ele>
<time>2024-03-23T18:34:09Z</time>
</trkpt>
<trkpt lat="34.03687300" lon="-111.29992300">
<ele>865.200</ele>
<time>2024-03-23T18:34:10Z</time>
</trkpt>
<trkpt lat="34.03689400" lon="-111.30010600">
<ele>866.500</ele>
<time>2024-03-23T18:34:13Z</time>
</trkpt>
<trkpt lat="34.03690300" lon="-111.30016500">
<ele>866.800</ele>
<time>2024-03-23T18:34:14Z</time>
</trkpt>
<trkpt lat="34.03692000" lon="-111.30043600">
<ele>868.700</ele>
<time>2024-03-23T18:34:15Z</time>
</trkpt>
<trkpt lat="34.03696000" lon="-111.30078400">
<ele>871.300</ele>
<time>2024-03-23T18:34:16Z</time>
</trkpt>
<trkpt lat="34.03696900" lon="-111.30085200">
<ele>871.700</ele>
<time>2024-03-23T18:34:17Z</time>
</trkpt>
<trkpt lat="34.03709200" lon="-111.30145100">
<ele>875.200</ele>
<time>2024-03-23T18:34:18Z</time>
</trkpt>
<trkpt lat="34.03711400" lon="-111.30152700">
<ele>876.100</ele>
<time>2024-03-23T18:34:19Z</time>
</trkpt>
<trkpt lat="34.03714300" lon="-111.30159900">
<ele>876.600</ele>
<time>2024-03-23T18:34:20Z</time>
</trkpt>
<trkpt lat="34.03718000" lon="-111.30166000">
<ele>876.600</ele>
<time>2024-03-23T18:34:22Z</time>
</trkpt>
<trkpt lat="34.03731500" lon="-111.30183700">
<ele>876.800</ele>
<time>2024-03-23T18:34:26Z</time>
</trkpt>
<trkpt lat="34.03746600" lon="-111.30201100">
<ele>877.200</ele>
<time>2024-03-23T18:34:27Z</time>
</trkpt>
<trkpt lat="34.03749000" lon="-111.30207600">
<ele>878.000</ele>
<time>2024-03-23T18:34:29Z</time>
</trkpt>
<trkpt lat="34.03748400" lon="-111.30215000">
<ele>879.000</ele>
<time>2024-03-23T18:34:30Z</time>
</trkpt>
<trkpt lat="34.03744200" lon="-111.30221200">
<ele>880.000</ele>
<time>2024-03-23T18:34:39Z</time>
</trkpt>
<trkpt lat="34.03738200" lon="-111.30225200">
<ele>881.500</ele>
<time>2024-03-23T18:34:40Z</time>
</trkpt>
<trkpt lat="34.03731200" lon="-111.30225700">
<ele>882.500</ele>
<time>2024-03-23T18:34:43Z</time>
</trkpt>
<trkpt lat="34.03724700" lon="-111.30224000">
<ele>883.500</ele>
<time>2024-03-23T18:34:45Z</time>
</trkpt>
<trkpt lat="34.03719000" lon="-111.30220400">
<ele>883.900</ele>
<time>2024-03-23T18:34:47Z</time>
</trkpt>
<trkpt lat="34.03694000" lon="-111.30200400">
<ele>885.300</ele>
<time>2024-03-23T18:34:49Z</time>
</trkpt>
<trkpt lat="34.03686200" lon="-111.30195400">
<ele>885.900</ele>
<time>2024-03-23T18:34:50Z</time>
</trkpt>
<trkpt lat="34.03669700" lon="-111.30184600">
<ele>885.900</ele>
<time>2024-03-23T18:34:51Z</time>
</trkpt>
<trkpt lat="34.03652800" lon="-111.30177000">
<ele>887.600</ele>
<time>2024-03-23T18:34:52Z</time>
</trkpt>
<trkpt lat="34.03636000" lon="-111.30172500">
<ele>889.000</ele>
<time>2024-03-23T18:34:57Z</time>
</trkpt>
<trkpt lat="34.03608100" lon="-111.30167400">
<ele>890.100</ele>
<time>2024-03-23T18:34:58Z</time>
</trkpt>
<trkpt lat="34.03598900" lon="-111.30165900">
<ele>890.800</ele>
<time>2024-03-23T18:34:59Z</time>
</trkpt>
<trkpt lat="34.03562500" lon="-111.30158500">
<ele>896.600</ele>
<time>2024-03-23T18:35:00Z</time>
</trkpt>
<trkpt lat="34.03516700" lon="-111.30144000">
<ele>900.300</ele>
<time>2024-03-23T18:35:01Z</time>
</trkpt>
<trkpt lat="34.03507700" lon="-111.30141400">
<ele>900.700</ele>
<time>2024-03-23T18:35:04Z</time>
</trkpt>
<trkpt lat="34.03490300" lon="-111.30134100">
<ele>902.800</ele>
<time>2024-03-23T18:35:09Z</time>
</trkpt>
<trkpt lat="34.03473500" lon="-111.30124100">
<ele>906.200</ele>
<time>2024-03-23T18:35:10Z</time>
</trkpt>
<trkpt lat="34.03457300" lon="-111.30111500">
<ele>907.500</ele>
<time>2024-03-23T18:35:13Z</time>
</trkpt>
<trkpt lat="34.03434200" lon="-111.30089300">
<ele>910.000</ele>
<time>2024-03-23T18:35:14Z</time>
</trkpt>
<trkpt lat="34.03426800" lon="-111.30082100">
<ele>911.200</ele>
<time>2024-03-23T18:35:15Z</time>
</trkpt>
<trkpt lat="34.03404300" lon="-111.30060500">
<ele>911.900</ele>
<time>2024-03-23T18:35:16Z</time>
</trkpt>
<trkpt lat="34.03395500" lon="-111.30054600">
<ele>911.100</ele>
<time>2024-03-23T18:35:17Z</time>
</trkpt>
<trkpt lat="34.03386300" lon="-111.30050200">
<ele>911.900</ele>
<time>2024-03-23T18:35:18Z</time>
</trkpt>
<trkpt lat="34.03377400" lon="-111.30046700">
<ele>911.500</ele>
<time>2024-03-23T18:35:19Z</time>
</trkpt>
<trkpt lat="34.03368800" lon="-111.30045300">
<ele>911.500</ele>
<time>2024-03-23T18:35:20Z</time>
</trkpt>
<trkpt lat="34.03361300" lon="-111.30046000">
<ele>911.400</ele>
<time>2024-03-23T18:35:21Z</time>
</trkpt>
<trkpt lat="34.03355400" lon="-111.30048400">
<ele>912.100</ele>
<time>2024-03-23T18:35:22Z</time>
</trkpt>
<trkpt lat="34.03350000" lon="-111.30052300">
<ele>912.700</ele>
<time>2024-03-23T18:35:23Z</time>
</trkpt>
<trkpt lat="34.03338000" lon="-111.30062600">
<ele>914.200</ele>
<time>2024-03-23T18:35:24Z</time>
</trkpt>
<trkpt lat="34.03311100" lon="-111.30090300">
<ele>921.700</ele>
<time>2024-03-23T18:35:26Z</time>
</trkpt>
<trkpt lat="34.03303200" lon="-111.30096500">
<ele>922.500</ele>
<time>2024-03-23T18:35:28Z</time>
</trkpt>
<trkpt lat="34.03285800" lon="-111.30107200">
<ele>924.000</ele>
<time>2024-03-23T18:35:29Z</time>
</trkpt>
<trkpt lat="34.03276600" lon="-111.30111200">
<ele>924.400</ele>
<time>2024-03-23T18:35:30Z</time>
</trkpt>
<trkpt lat="34.03195200" lon="-111.30150800">
<ele>930.800</ele>
<time>2024-03-23T18:35:31Z</time>
</trkpt>
<trkpt lat="34.03185700" lon="-111.30154800">
<ele>932.200</ele>
<time>2024-03-23T18:35:32Z</time>
</trkpt>
<trkpt lat="34.03156700" lon="-111.30165800">
<ele>934.600</ele>
<time>2024-03-23T18:35:33Z</time>
</trkpt>
<trkpt lat="34.03138000" lon="-111.30174200">
<ele>935.500</ele>
<time>2024-03-23T18:35:34Z</time>
</trkpt>
<trkpt lat="34.03121700" lon="-111.30186900">
<ele>937.000</ele>
<time>2024-03-23T18:35:37Z</time>
</trkpt>
<trkpt lat="34.03105500" lon="-111.30202600">
<ele>937.900</ele>
<time>2024-03-23T18:35:39Z</time>
</trkpt>
<trkpt lat="34.03098900" lon="-111.30212000">
<ele>938.300</ele>
<time>2024-03-23T18:35:40Z</time>
</trkpt>
<trkpt lat="34.03093200" lon="-111.30222900">
<ele>938.700</ele>
<time>2024-03-23T18:35:41Z</time>
</trkpt>
<trkpt lat="34.03088700" lon="-111.30234100">
<ele>939.500</ele>
<time>2024-03-23T18:35:42Z</time>
</trkpt>
<trkpt lat="34.03071000" lon="-111.30290700">
<ele>942.400</ele>
<time>2024-03-23T18:35:43Z</time>
</trkpt>
<trkpt lat="34.03066800" lon="-111.30302000">
<ele>942.500</ele>
<time>2024-03-23T18:35:47Z</time>
</trkpt>
<trkpt lat="34.03061500" lon="-111.30312200">
<ele>942.700</ele>
<time>2024-03-23T18:35:48Z</time>
</trkpt>
<trkpt lat="34.03054500" lon="-111.30320100">
<ele>942.600</ele>
<time>2024-03-23T18:35:49Z</time>
</trkpt>
<trkpt lat="34.03045700" lon="-111.30325900">
<ele>943.400</ele>
<time>2024-03-23T18:35:50Z</time>
</trkpt>
<trkpt lat="34.03016400" lon="-111.30338500">
<ele>949.900</ele>
<time>2024-03-23T18:35:52Z</time>
</trkpt>
<trkpt lat="34.02971500" lon="-111.30361200">
<ele>952.600</ele>
<time>2024-03-23T18:35:53Z</time>
</trkpt>
<trkpt lat="34.02962900" lon="-111.30364800">
<ele>954.400</ele>
<time>2024-03-23T18:35:54Z</time>
</trkpt>
<trkpt lat="34.02938000" lon="-111.30374000">
<ele>957.000</ele>
<time>2024-03-23T18:35:59Z</time>
</trkpt>
<trkpt lat="34.02930800" lon="-111.30378600">
<ele>958.500</ele>
<time>2024-03-23T18:36:00Z</time>
</trkpt>
<trkpt lat="34.02926400" lon="-111.30386800">
<ele>958.900</ele>
<time>2024-03-23T18:36:01Z</time>
</trkpt>
<trkpt lat="34.02924200" lon="-111.30397800">
<ele>960.900</ele>
<time>2024-03-23T18:36:02Z</time>
</trkpt>
<trkpt lat="34.02924100" lon="-111.30409300">
<ele>964.000</ele>
<time>2024-03-23T18:36:03Z</time>
</trkpt>
<trkpt lat="34.02927000" lon="-111.30420000">
<ele>963.200</ele>
<time>2024-03-23T18:36:04Z</time>
</trkpt>
<trkpt lat="34.02932200" lon="-111.30430200">
<ele>961.800</ele>
<time>2024-03-23T18:36:07Z</time>
</trkpt>
<trkpt lat="34.02938400" lon="-111.30440200">
<ele>961.100</ele>
<time>2024-03-23T18:36:08Z</time>
</trkpt>
<trkpt lat="34.02945200" lon="-111.30448700">
<ele>962.700</ele>
<time>2024-03-23T18:36:09Z</time>
</trkpt>
<trkpt lat="34.02952700" lon="-111.30456100">
<ele>965.400</ele>
<time>2024-03-23T18:36:10Z</time>
</trkpt>
<trkpt lat="34.02960800" lon="-111.30462000">
<ele>965.800</ele>
<time>2024-03-23T18:36:15Z</time>
</trkpt>
<trkpt lat="34.02969300" lon="-111.30465500">
<ele>965.600</ele>
<time>2024-03-23T18:36:19Z</time>
</trkpt>
<trkpt lat="34.02985800" lon="-111.30466300">
<ele>963.100</ele>
<time>2024-03-23T18:36:20Z</time>
</trkpt>
<trkpt lat="34.02999500" lon="-111.30464100">
<ele>961.200</ele>
<time>2024-03-23T18:36:22Z</time>
</trkpt>
<trkpt lat="34.03005300" lon="-111.30465200">
<ele>959.800</ele>
<time>2024-03-23T18:36:26Z</time>
</trkpt>
<trkpt lat="34.03009700" lon="-111.30469000">
<ele>959.400</ele>
<time>2024-03-23T18:36:28Z</time>
</trkpt>
<trkpt lat="34.03013100" lon="-111.30475300">
<ele>958.300</ele>
<time>2024-03-23T18:36:29Z</time>
</trkpt>
<trkpt lat="34.03014500" lon="-111.30483800">
<ele>957.900</ele>
<time>2024-03-23T18:36:30Z</time>
</trkpt>
<trkpt lat="34.03014100" lon="-111.30494000">
<ele>956.600</ele>
<time>2024-03-23T18:36:35Z</time>
</trkpt>
<trkpt lat="34.03011900" lon="-111.30504500">
<ele>955.200</ele>
<time>2024-03-23T18:36:39Z</time>
</trkpt>
<trkpt lat="34.03002300" lon="-111.30537200">
<ele>955.400</ele>
<time>2024-03-23T18:36:40Z</time>
</trkpt>
<trkpt lat="34.02998500" lon="-111.30559100">
<ele>956.300</ele>
<time>2024-03-23T18:36:46Z</time>
</trkpt>
<trkpt lat="34.02997100" lon="-111.30569800">
<ele>956.400</ele>
<time>2024-03-23T18:36:49Z</time>
</trkpt>
<trkpt lat="34.02995000" lon="-111.30580300">
<ele>954.200</ele>
<time>2024-03-23T18:36:50Z</time>
</trkpt>
<trkpt lat="34.02991300" lon="-111.30590300">
<ele>953.700</ele>
<time>2024-03-23T18:36:51Z</time>
</trkpt>
<trkpt lat="34.02986500" lon="-111.30599800">
<ele>953.000</ele>
<time>2024-03-23T18:36:53Z</time>
</trkpt>
<trkpt lat="34.02965200" lon="-111.30633600">
<ele>955.800</ele>
<time>2024-03-23T18:36:59Z</time>
</trkpt>
<trkpt lat="34.02961900" lon="-111.30641900">
<ele>956.900</ele>
<time>2024-03-23T18:37:00Z</time>
</trkpt>
<trkpt lat="34.02960300" lon="-111.30650600">
<ele>958.000</ele>
<time>2024-03-23T18:37:01Z</time>
</trkpt>
<trkpt lat="34.02960800" lon="-111.30658500">
<ele>958.400</ele>
<time>2024-03-23T18:37:03Z</time>
</trkpt>
<trkpt lat="34.02961900" lon="-111.30674700">
<ele>959.300</ele>
<time>2024-03-23T18:37:05Z</time>
</trkpt>
<trkpt lat="34.02964300" lon="-111.30682900">
<ele>960.900</ele>
<time>2024-03-23T18:37:09Z</time>
</trkpt>
<trkpt lat="34.02968200" lon="-111.30691100">
<ele>961.400</ele>
<time>2024-03-23T18:37:10Z</time>
</trkpt>
<trkpt lat="34.02991300" lon="-111.30730200">
<ele>954.100</ele>
<time>2024-03-23T18:37:19Z</time>
</trkpt>
<trkpt lat="34.02996000" lon="-111.30738100">
<ele>953.000</ele>
<time>2024-03-23T18:37:20Z</time>
</trkpt>
<trkpt lat="34.02999100" lon="-111.30746400">
<ele>952.000</ele>
<time>2024-03-23T18:37:27Z</time>
</trkpt>
<trkpt lat="34.03001200" lon="-111.30755600">
<ele>951.000</ele>
<time>2024-03-23T18:37:29Z</time>
</trkpt>
<trkpt lat="34.03001600" lon="-111.30766600">
<ele>950.600</ele>
<time>2024-03-23T18:37:30Z</time>
</trkpt>
<trkpt lat="34.03000600" lon="-111.30777700">
<ele>950.100</ele>
<time>2024-03-23T18:37:37Z</time>
</trkpt>
<trkpt lat="34.02994700" lon="-111.30811900">
<ele>947.000</ele>
<time>2024-03-23T18:37:39Z</time>
</trkpt>
<trkpt lat="34.02992100" lon="-111.30823000">
<ele>945.700</ele>
<time>2024-03-23T18:37:40Z</time>
</trkpt>
<trkpt lat="34.02987700" lon="-111.30834100">
<ele>943.100</ele>
<time>2024-03-23T18:37:43Z</time>
</trkpt>
<trkpt lat="34.02982300" lon="-111.30845700">
<ele>940.700</ele>
<time>2024-03-23T18:37:49Z</time>
</trkpt>
<trkpt lat="34.02951000" lon="-111.30903100">
<ele>938.900</ele>
<time>2024-03-23T18:37:50Z</time>
</trkpt>
<trkpt lat="34.02929200" lon="-111.30947700">
<ele>936.000</ele>
<time>2024-03-23T18:37:53Z</time>
</trkpt>
<trkpt lat="34.02923300" lon="-111.30959700">
<ele>934.400</ele>
<time>2024-03-23T18:37:59Z</time>
</trkpt>
<trkpt lat="34.02909300" lon="-111.30984500">
<ele>932.800</ele>
<time>2024-03-23T18:38:00Z</time>
</trkpt>
<trkpt lat="34.02876700" lon="-111.31028100">
<ele>928.400</ele>
<time>2024-03-23T18:38:09Z</time>
</trkpt>
<trkpt lat="34.02859700" lon="-111.31047300">
<ele>926.100</ele>
<time>2024-03-23T18:38:10Z</time>
</trkpt>
<trkpt lat="34.02850200" lon="-111.31055800">
<ele>925.500</ele>
<time>2024-03-23T18:38:11Z</time>
</trkpt>
<trkpt lat="34.02839500" lon="-111.31062900">
<ele>923.700</ele>
<time>2024-03-23T18:38:16Z</time>
</trkpt>
<trkpt lat="34.02781900" lon="-111.31099000">
<ele>919.400</ele>
<time>2024-03-23T18:38:18Z</time>
</trkpt>
<trkpt lat="34.02733700" lon="-111.31124100">
<ele>914.600</ele>
<time>2024-03-23T18:38:19Z</time>
</trkpt>
<trkpt lat="34.02721000" lon="-111.31130100">
<ele>914.200</ele>
<time>2024-03-23T18:38:20Z</time>
</trkpt>
<trkpt lat="34.02644100" lon="-111.31162500">
<ele>906.400</ele>
<time>2024-03-23T18:38:22Z</time>
</trkpt>
<trkpt lat="34.02607400" lon="-111.31181000">
<ele>903.400</ele>
<time>2024-03-23T18:38:23Z</time>
</trkpt>
<trkpt lat="34.02595400" lon="-111.31187900">
<ele>903.200</ele>
<time>2024-03-23T18:38:24Z</time>
</trkpt>
<trkpt lat="34.02583600" lon="-111.31195000">
<ele>902.600</ele>
<time>2024-03-23T18:38:25Z</time>
</trkpt>
<trkpt lat="34.02559500" lon="-111.31212200">
<ele>902.500</ele>
<time>2024-03-23T18:38:26Z</time>
</trkpt>
<trkpt lat="34.02491400" lon="-111.31265300">
<ele>902.500</ele>
<time>2024-03-23T18:38:27Z</time>
</trkpt>
<trkpt lat="34.02480300" lon="-111.31273800">
<ele>902.100</ele>
<time>2024-03-23T18:38:29Z</time>
</trkpt>
<trkpt lat="34.02469300" lon="-111.31281400">
<ele>901.600</ele>
<time>2024-03-23T18:38:30Z</time>
</trkpt>
<trkpt lat="34.02444700" lon="-111.31293000">
<ele>899.400</ele>
<time>2024-03-23T18:38:34Z</time>
</trkpt>
<trkpt lat="34.02418300" lon="-111.31302900">
<ele>897.100</ele>
<time>2024-03-23T18:38:35Z</time>
</trkpt>
<trkpt lat="34.02365400" lon="-111.31320600">
<ele>892.600</ele>
<time>2024-03-23T18:38:36Z</time>
</trkpt>
<trkpt lat="34.02352000" lon="-111.31324800">
<ele>891.600</ele>
<time>2024-03-23T18:38:37Z</time>
</trkpt>
<trkpt lat="34.02232000" lon="-111.31363000">
<ele>890.100</ele>
<time>2024-03-23T18:38:39Z</time>
</trkpt>
<trkpt lat="34.02219000" lon="-111.31367200">
<ele>890.200</ele>
<time>2024-03-23T18:38:40Z</time>
</trkpt>
<trkpt lat="34.02126900" lon="-111.31395900">
<ele>887.500</ele>
<time>2024-03-23T18:38:44Z</time>
</trkpt>
<trkpt lat="34.02101400" lon="-111.31405000">
<ele>886.000</ele>
<time>2024-03-23T18:38:47Z</time>
</trkpt>
<trkpt lat="34.02088300" lon="-111.31410800">
<ele>884.800</ele>
<time>2024-03-23T18:38:49Z</time>
</trkpt>
<trkpt lat="34.02000600" lon="-111.31453800">
<ele>879.300</ele>
<time>2024-03-23T18:38:50Z</time>
</trkpt>
<trkpt lat="34.01974600" lon="-111.31464800">
<ele>879.100</ele>
<time>2024-03-23T18:38:51Z</time>
</trkpt>
<trkpt lat="34.01961800" lon="-111.31469200">
<ele>878.600</ele>
<time>2024-03-23T18:38:54Z</time>
</trkpt>
<trkpt lat="34.01922100" lon="-111.31478300">
<ele>878.500</ele>
<time>2024-03-23T18:38:56Z</time>
</trkpt>
<trkpt lat="34.01838800" lon="-111.31490100">
<ele>878.500</ele>
<time>2024-03-23T18:38:57Z</time>
</trkpt>
<trkpt lat="34.01825300" lon="-111.31491900">
<ele>878.200</ele>
<time>2024-03-23T18:38:59Z</time>
</trkpt>
<trkpt lat="34.01785400" lon="-111.31498300">
<ele>874.900</ele>
<time>2024-03-23T18:39:00Z</time>
</trkpt>
<trkpt lat="34.01708600" lon="-111.31513800">
<ele>867.700</ele>
<time>2024-03-23T18:39:06Z</time>
</trkpt>
<trkpt lat="34.01696500" lon="-111.31517300">
<ele>867.200</ele>
<time>2024-03-23T18:39:08Z</time>
</trkpt>
<trkpt lat="34.01594100" lon="-111.31553400">
<ele>865.900</ele>
<time>2024-03-23T18:39:09Z</time>
</trkpt>
<trkpt lat="34.01583400" lon="-111.31557900">
<ele>865.800</ele>
<time>2024-03-23T18:39:10Z</time>
</trkpt>
<trkpt lat="34.01572700" lon="-111.31563500">
<ele>865.700</ele>
<time>2024-03-23T18:39:19Z</time>
</trkpt>
<trkpt lat="34.01517700" lon="-111.31599200">
<ele>865.400</ele>
<time>2024-03-23T18:39:20Z</time>
</trkpt>
<trkpt lat="34.01497900" lon="-111.31612400">
<ele>865.200</ele>
<time>2024-03-23T18:39:24Z</time>
</trkpt>
<trkpt lat="34.01489500" lon="-111.31619300">
<ele>865.400</ele>
<time>2024-03-23T18:39:29Z</time>
</trkpt>
<trkpt lat="34.01481700" lon="-111.31626900">
<ele>865.100</ele>
<time>2024-03-23T18:39:30Z</time>
</trkpt>
<trkpt lat="34.01467300" lon="-111.31642200">
<ele>865.100</ele>
<time>2024-03-23T18:39:37Z</time>
</trkpt>
<trkpt lat="34.01459600" lon="-111.31648300">
<ele>865.300</ele>
<time>2024-03-23T18:39:39Z</time>
</trkpt>
<trkpt lat="34.01450900" lon="-111.31651200">
<ele>865.300</ele>
<time>2024-03-23T18:39:40Z</time>
</trkpt>
<trkpt lat="34.01441600" lon="-111.31652800">
<ele>866.000</ele>
<time>2024-03-23T18:39:43Z</time>
</trkpt>
<trkpt lat="34.01432100" lon="-111.31652300">
<ele>866.400</ele>
<time>2024-03-23T18:39:44Z</time>
</trkpt>
<trkpt lat="34.01422200" lon="-111.31650300">
<ele>867.600</ele>
<time>2024-03-23T18:39:45Z</time>
</trkpt>
<trkpt lat="34.01403800" lon="-111.31642900">
<ele>869.400</ele>
<time>2024-03-23T18:39:47Z</time>
</trkpt>
<trkpt lat="34.01394800" lon="-111.31638300">
<ele>869.600</ele>
<time>2024-03-23T18:39:49Z</time>
</trkpt>
<trkpt lat="34.01362000" lon="-111.31620400">
<ele>866.700</ele>
<time>2024-03-23T18:39:50Z</time>
</trkpt>
<trkpt lat="34.01353900" lon="-111.31618000">
<ele>866.400</ele>
<time>2024-03-23T18:40:36Z</time>
</trkpt>
<trkpt lat="34.01346200" lon="-111.31618000">
<ele>867.300</ele>
</trkpt>
<trkpt lat="34.01339200" lon="-111.31620400">
<ele>868.300</ele>
</trkpt>
<trkpt lat="34.01324900" lon="-111.31629700">
<ele>869.500</ele>
</trkpt>
<trkpt lat="34.01317300" lon="-111.31635300">
<ele>870.400</ele>
</trkpt>
<trkpt lat="34.01284400" lon="-111.31658000">
<ele>868.600</ele>
</trkpt>
<trkpt lat="34.01257700" lon="-111.31672000">
<ele>865.100</ele>
</trkpt>
<trkpt lat="34.01240500" lon="-111.31683000">
<ele>865.100</ele>
</trkpt>
<trkpt lat="34.01233500" lon="-111.31690300">
<ele>864.600</ele>
</trkpt>
<trkpt lat="34.01228700" lon="-111.31699700">
<ele>864.600</ele>
</trkpt>
<trkpt lat="34.01219100" lon="-111.31730800">
<ele>864.700</ele>
</trkpt>
<trkpt lat="34.01210500" lon="-111.31750800">
<ele>864.500</ele>
</trkpt>
<trkpt lat="34.01204300" lon="-111.31760100">
<ele>865.400</ele>
</trkpt>
<trkpt lat="34.01189200" lon="-111.31776100">
<ele>864.800</ele>
</trkpt>
<trkpt lat="34.01182000" lon="-111.31784100">
<ele>864.700</ele>
</trkpt>
<trkpt lat="34.01143600" lon="-111.31826000">
<ele>859.900</ele>
</trkpt>
<trkpt lat="34.01132000" lon="-111.31841000">
<ele>858.700</ele>
</trkpt>
<trkpt lat="34.01126900" lon="-111.31849000">
<ele>858.400</ele>
</trkpt>
<trkpt lat="34.01122600" lon="-111.31857800">
<ele>857.500</ele>
</trkpt>
<trkpt lat="34.01085200" lon="-111.31923600">
<ele>854.400</ele>
</trkpt>
<trkpt lat="34.01082700" lon="-111.31928700">
<ele>854.400</ele>
</trkpt>
<trkpt lat="34.01074800" lon="-111.31945500">
<ele>854.100</ele>
</trkpt>
</trkseg>
</trk>
</gpx>
