<?xml version="1.0" encoding="UTF-8"?>
<gpx xmlns="http://www.topografix.com/GPX/1/1" version="1.1" creator="Arizona Alpine Trail segment export" xmlns:xsi="http://www.w3.org/2001/XMLSchema-instance" xmlns:wptx1="http://www.garmin.com/xmlschemas/WaypointExtension/v1" xmlns:gpxx="http://www.garmin.com/xmlschemas/GpxExtensions/v3" xmlns:gpxtpx="http://www.garmin.com/xmlschemas/TrackPointExtension/v2" xsi:schemaLocation="http://www.topografix.com/GPX/1/1 https://www.topografix.com/GPX/1/1/gpx.xsd">
<metadata>
<name>AZAT Segment 03 - Juniper Canyon</name>
<desc>Generated from arizona-alpine-trail.gpx.</desc>
<bounds minlat="33.86757300" minlon="-111.31502273" maxlat="33.95845200" maxlon="-110.96454929"/>
</metadata>
<wpt lat="33.95718703" lon="-111.13714429">
<ele>1756.234</ele>
<time>2024-11-16T22:07:01.710Z</time>
<name>AZAT0-Juniper Canyon</name>
<sym>Flag, Red</sym>
<type>Trail description</type>
<extensions>
<label xmlns="http://www.topografix.com/GPX/gpx_overlay/0/5">
<label_text>AZAT-03 Juniper Canyon</label_text>
<text xmlns="http://www.topografix.com/GPX/gpx_style/0/2">
<font>
<size>3.704</size>
</font>
</text>
</label>
<time xmlns="http://www.topografix.com/GPX/gpx_modified/0/1">2026-03-21T17:28:02.569Z</time>
</extensions>
</wpt>
<trk>
<name>AZAT03-Juniper Canyon</name>
<type>Forest Service Rd level 2 or higher</type>
<extensions>
<time xmlns="http://www.topografix.com/GPX/gpx_modified/0/1">2026-03-19T20:26:45.941Z</time>
<override_color xmlns="http://www.topografix.com/GPX/Private/TopoGrafix/0/5">000000</override_color>
<label xmlns="http://www.topografix.com/GPX/gpx_overlay/0/5">
<label_text>AZAT-03 Juniper Canyon</label_text>
<text xmlns="http://www.topografix.com/GPX/gpx_style/0/2">
<font>
<size>3.175</size>
</font>
</text>
</label>
<line xmlns="http://www.topografix.com/GPX/gpx_style/0/2">
<color>ff1c45</color>
<opacity>1.00</opacity>
<width>2.0420</width>
<pattern>Solid</pattern>
<extensions>
<cased xmlns="http://www.topografix.com/GPX/Private/TopoGrafix/0/5">true</cased>
</extensions>
</line>
</extensions>
<trkseg>
<trkpt lat="33.86768706" lon="-111.31502273">
<ele>726.872</ele>
<time>2024-08-01T23:13:25Z</time>
</trkpt>
<trkpt lat="33.86760800" lon="-111.31383300">
<ele>726.266</ele>
<time>2024-08-01T23:13:25Z</time>
</trkpt>
<trkpt lat="33.86757300" lon="-111.31331400">
<ele>722.656</ele>
<time>2024-08-01T23:13:25Z</time>
</trkpt>
<trkpt lat="33.86758400" lon="-111.31306700">
<ele>721.793</ele>
<time>2024-08-01T23:13:25Z</time>
</trkpt>
<trkpt lat="33.86760500" lon="-111.31293500">
<ele>721.891</ele>
<time>2024-08-01T23:13:25Z</time>
</trkpt>
<trkpt lat="33.86763532" lon="-111.31288628">
<ele>722.342</ele>
<time>2024-08-01T23:13:25Z</time>
</trkpt>
<trkpt lat="33.86775900" lon="-111.31262600">
<ele>722.926</ele>
<time>2024-08-01T23:13:25Z</time>
</trkpt>
<trkpt lat="33.86789300" lon="-111.31234400">
<ele>721.867</ele>
<time>2024-08-01T23:13:25Z</time>
</trkpt>
<trkpt lat="33.86802700" lon="-111.31206200">
<ele>723.445</ele>
<time>2024-08-01T23:13:25Z</time>
</trkpt>
<trkpt lat="33.86816100" lon="-111.31178000">
<ele>725.281</ele>
<time>2024-08-01T23:13:25Z</time>
</trkpt>
<trkpt lat="33.86829400" lon="-111.31149800">
<ele>724.824</ele>
<time>2024-08-01T23:13:25Z</time>
</trkpt>
<trkpt lat="33.86832700" lon="-111.31142900">
<ele>724.418</ele>
<time>2024-08-01T23:13:25Z</time>
</trkpt>
<trkpt lat="33.86832700" lon="-111.31142900">
<ele>724.418</ele>
<time>2024-08-01T23:13:25Z</time>
</trkpt>
<trkpt lat="33.86842200" lon="-111.31112500">
<ele>718.754</ele>
<time>2024-08-01T23:13:25Z</time>
</trkpt>
<trkpt lat="33.86851600" lon="-111.31082000">
<ele>710.414</ele>
<time>2024-08-01T23:13:25Z</time>
</trkpt>
<trkpt lat="33.86861100" lon="-111.31051600">
<ele>704.750</ele>
<time>2024-08-01T23:13:25Z</time>
</trkpt>
<trkpt lat="33.86865600" lon="-111.31037200">
<ele>703.719</ele>
<time>2024-08-01T23:13:25Z</time>
</trkpt>
<trkpt lat="33.86865600" lon="-111.31037200">
<ele>703.719</ele>
<time>2024-08-01T23:13:25Z</time>
</trkpt>
<trkpt lat="33.86866100" lon="-111.31004700">
<ele>702.855</ele>
<time>2024-08-01T23:13:25Z</time>
</trkpt>
<trkpt lat="33.86866700" lon="-111.30972200">
<ele>703.785</ele>
<time>2024-08-01T23:13:25Z</time>
</trkpt>
<trkpt lat="33.86867200" lon="-111.30939700">
<ele>703.695</ele>
<time>2024-08-01T23:13:25Z</time>
</trkpt>
<trkpt lat="33.86867800" lon="-111.30907300">
<ele>703.246</ele>
<time>2024-08-01T23:13:25Z</time>
</trkpt>
<trkpt lat="33.86868300" lon="-111.30874800">
<ele>701.871</ele>
<time>2024-08-01T23:13:25Z</time>
</trkpt>
<trkpt lat="33.86868900" lon="-111.30842300">
<ele>699.684</ele>
<time>2024-08-01T23:13:25Z</time>
</trkpt>
<trkpt lat="33.86869400" lon="-111.30809800">
<ele>699.281</ele>
<time>2024-08-01T23:13:25Z</time>
</trkpt>
<trkpt lat="33.86870000" lon="-111.30777300">
<ele>701.016</ele>
<time>2024-08-01T23:13:25Z</time>
</trkpt>
<trkpt lat="33.86870500" lon="-111.30744800">
<ele>701.820</ele>
<time>2024-08-01T23:13:25Z</time>
</trkpt>
<trkpt lat="33.86871100" lon="-111.30712300">
<ele>702.406</ele>
<time>2024-08-01T23:13:25Z</time>
</trkpt>
<trkpt lat="33.86871600" lon="-111.30679800">
<ele>701.273</ele>
<time>2024-08-01T23:13:25Z</time>
</trkpt>
<trkpt lat="33.86872100" lon="-111.30651500">
<ele>700.285</ele>
<time>2024-08-01T23:13:25Z</time>
</trkpt>
<trkpt lat="33.86872100" lon="-111.30651500">
<ele>700.285</ele>
<time>2024-08-01T23:13:25Z</time>
</trkpt>
<trkpt lat="33.86872600" lon="-111.30619000">
<ele>700.305</ele>
<time>2024-08-01T23:13:25Z</time>
</trkpt>
<trkpt lat="33.86873100" lon="-111.30586500">
<ele>700.797</ele>
<time>2024-08-01T23:13:25Z</time>
</trkpt>
<trkpt lat="33.86873500" lon="-111.30554000">
<ele>700.930</ele>
<time>2024-08-01T23:13:25Z</time>
</trkpt>
<trkpt lat="33.86874000" lon="-111.30521500">
<ele>701.109</ele>
<time>2024-08-01T23:13:25Z</time>
</trkpt>
<trkpt lat="33.86874500" lon="-111.30489100">
<ele>701.719</ele>
<time>2024-08-01T23:13:25Z</time>
</trkpt>
<trkpt lat="33.86875000" lon="-111.30456600">
<ele>702.273</ele>
<time>2024-08-01T23:13:25Z</time>
</trkpt>
<trkpt lat="33.86875500" lon="-111.30424100">
<ele>702.066</ele>
<time>2024-08-01T23:13:25Z</time>
</trkpt>
<trkpt lat="33.86875900" lon="-111.30391600">
<ele>701.449</ele>
<time>2024-08-01T23:13:25Z</time>
</trkpt>
<trkpt lat="33.86876400" lon="-111.30359100">
<ele>700.965</ele>
<time>2024-08-01T23:13:25Z</time>
</trkpt>
<trkpt lat="33.86876900" lon="-111.30326600">
<ele>701.883</ele>
<time>2024-08-01T23:13:25Z</time>
</trkpt>
<trkpt lat="33.86877200" lon="-111.30305400">
<ele>703.465</ele>
<time>2024-08-01T23:13:25Z</time>
</trkpt>
<trkpt lat="33.86877200" lon="-111.30305400">
<ele>703.465</ele>
<time>2024-08-01T23:13:25Z</time>
</trkpt>
<trkpt lat="33.86885100" lon="-111.30274300">
<ele>705.273</ele>
<time>2024-08-01T23:13:25Z</time>
</trkpt>
<trkpt lat="33.86893000" lon="-111.30243300">
<ele>705.703</ele>
<time>2024-08-01T23:13:25Z</time>
</trkpt>
<trkpt lat="33.86899200" lon="-111.30218800">
<ele>705.355</ele>
<time>2024-08-01T23:13:25Z</time>
</trkpt>
<trkpt lat="33.86899200" lon="-111.30218800">
<ele>705.355</ele>
<time>2024-08-01T23:13:25Z</time>
</trkpt>
<trkpt lat="33.86898800" lon="-111.30219900">
<ele>705.328</ele>
<time>2024-08-01T23:13:25Z</time>
</trkpt>
<trkpt lat="33.86955300" lon="-111.30155000">
<ele>707.039</ele>
<time>2024-08-01T23:13:25Z</time>
</trkpt>
<trkpt lat="33.86984300" lon="-111.30117400">
<ele>707.363</ele>
<time>2024-08-01T23:13:25Z</time>
</trkpt>
<trkpt lat="33.86984300" lon="-111.30117400">
<ele>707.363</ele>
<time>2024-08-01T23:13:25Z</time>
</trkpt>
<trkpt lat="33.86985300" lon="-111.30114500">
<ele>707.398</ele>
<time>2024-11-11T15:31:54Z</time>
</trkpt>
<trkpt lat="33.86994100" lon="-111.30088400">
<ele>708.699</ele>
<time>2024-11-11T15:31:54Z</time>
</trkpt>
<trkpt lat="33.86994800" lon="-111.30060800">
<ele>710.605</ele>
<time>2024-11-11T15:31:54Z</time>
</trkpt>
<trkpt lat="33.86989400" lon="-111.30025900">
<ele>712.484</ele>
<time>2024-11-11T15:31:54Z</time>
</trkpt>
<trkpt lat="33.86988800" lon="-111.30018500">
<ele>712.836</ele>
<time>2024-11-11T15:31:54Z</time>
</trkpt>
<trkpt lat="33.86993000" lon="-111.30009100">
<ele>713.098</ele>
<time>2024-11-11T15:31:54Z</time>
</trkpt>
<trkpt lat="33.87005900" lon="-111.29990400">
<ele>713.504</ele>
<time>2024-11-11T15:31:54Z</time>
</trkpt>
<trkpt lat="33.87017200" lon="-111.29980500">
<ele>713.754</ele>
<time>2024-11-11T15:31:54Z</time>
</trkpt>
<trkpt lat="33.87033400" lon="-111.29968400">
<ele>714.172</ele>
<time>2024-11-11T15:31:54Z</time>
</trkpt>
<trkpt lat="33.87047600" lon="-111.29954900">
<ele>714.121</ele>
<time>2024-11-11T15:31:54Z</time>
</trkpt>
<trkpt lat="33.87056800" lon="-111.29943300">
<ele>714.152</ele>
<time>2024-11-11T15:31:54Z</time>
</trkpt>
<trkpt lat="33.87064200" lon="-111.29930300">
<ele>715.832</ele>
<time>2024-11-11T15:31:54Z</time>
</trkpt>
<trkpt lat="33.87070900" lon="-111.29915700">
<ele>717.461</ele>
<time>2024-11-11T15:31:54Z</time>
</trkpt>
<trkpt lat="33.87074700" lon="-111.29897600">
<ele>720.461</ele>
<time>2024-11-11T15:31:54Z</time>
</trkpt>
<trkpt lat="33.87077200" lon="-111.29882700">
<ele>722.758</ele>
<time>2024-11-11T15:31:54Z</time>
</trkpt>
<trkpt lat="33.87079700" lon="-111.29857500">
<ele>725.887</ele>
<time>2024-11-11T15:31:54Z</time>
</trkpt>
<trkpt lat="33.87085900" lon="-111.29833900">
<ele>728.898</ele>
<time>2024-11-11T15:31:54Z</time>
</trkpt>
<trkpt lat="33.87089400" lon="-111.29822900">
<ele>729.961</ele>
<time>2024-11-11T15:31:54Z</time>
</trkpt>
<trkpt lat="33.87095900" lon="-111.29802300">
<ele>731.086</ele>
<time>2024-11-11T15:31:54Z</time>
</trkpt>
<trkpt lat="33.87095500" lon="-111.29790200">
<ele>731.086</ele>
<time>2024-11-11T15:31:54Z</time>
</trkpt>
<trkpt lat="33.87094300" lon="-111.29778200">
<ele>731.230</ele>
<time>2024-11-11T15:31:54Z</time>
</trkpt>
<trkpt lat="33.87090500" lon="-111.29762100">
<ele>731.445</ele>
<time>2024-11-11T15:31:54Z</time>
</trkpt>
<trkpt lat="33.87088700" lon="-111.29756500">
<ele>731.590</ele>
<time>2024-11-11T15:31:54Z</time>
</trkpt>
<trkpt lat="33.87080100" lon="-111.29730000">
<ele>732.000</ele>
<time>2024-11-11T15:31:54Z</time>
</trkpt>
<trkpt lat="33.87073400" lon="-111.29710900">
<ele>732.102</ele>
<time>2024-11-11T15:31:54Z</time>
</trkpt>
<trkpt lat="33.87070100" lon="-111.29696600">
<ele>732.035</ele>
<time>2024-11-11T15:31:54Z</time>
</trkpt>
<trkpt lat="33.87068800" lon="-111.29684500">
<ele>731.801</ele>
<time>2024-11-11T15:31:54Z</time>
</trkpt>
<trkpt lat="33.87071100" lon="-111.29660900">
<ele>731.441</ele>
<time>2024-11-11T15:31:54Z</time>
</trkpt>
<trkpt lat="33.87074800" lon="-111.29645200">
<ele>731.152</ele>
<time>2024-11-11T15:31:54Z</time>
</trkpt>
<trkpt lat="33.87078100" lon="-111.29635000">
<ele>731.137</ele>
<time>2024-11-11T15:31:54Z</time>
</trkpt>
<trkpt lat="33.87090700" lon="-111.29605300">
<ele>732.156</ele>
<time>2024-11-11T15:31:54Z</time>
</trkpt>
<trkpt lat="33.87103300" lon="-111.29577700">
<ele>732.480</ele>
<time>2024-11-11T15:31:54Z</time>
</trkpt>
<trkpt lat="33.87105800" lon="-111.29572400">
<ele>732.590</ele>
<time>2024-11-11T15:31:54Z</time>
</trkpt>
<trkpt lat="33.87127700" lon="-111.29536900">
<ele>732.797</ele>
<time>2024-11-11T15:31:54Z</time>
</trkpt>
<trkpt lat="33.87158200" lon="-111.29501700">
<ele>733.926</ele>
<time>2024-11-11T15:31:54Z</time>
</trkpt>
<trkpt lat="33.87204800" lon="-111.29445200">
<ele>735.969</ele>
<time>2024-11-11T15:31:54Z</time>
</trkpt>
<trkpt lat="33.87269000" lon="-111.29384600">
<ele>734.270</ele>
<time>2024-11-11T15:31:54Z</time>
</trkpt>
<trkpt lat="33.87329400" lon="-111.29337400">
<ele>736.711</ele>
<time>2024-11-11T15:31:54Z</time>
</trkpt>
<trkpt lat="33.87339500" lon="-111.29328400">
<ele>737.770</ele>
<time>2024-11-11T15:31:54Z</time>
</trkpt>
<trkpt lat="33.87349500" lon="-111.29319600">
<ele>738.582</ele>
<time>2024-11-11T15:31:54Z</time>
</trkpt>
<trkpt lat="33.87369400" lon="-111.29297200">
<ele>739.504</ele>
<time>2024-11-11T15:31:54Z</time>
</trkpt>
<trkpt lat="33.87397900" lon="-111.29215400">
<ele>738.258</ele>
<time>2024-11-11T15:31:54Z</time>
</trkpt>
<trkpt lat="33.87423300" lon="-111.29130300">
<ele>742.316</ele>
<time>2024-11-11T15:31:54Z</time>
</trkpt>
<trkpt lat="33.87423000" lon="-111.29087400">
<ele>743.668</ele>
<time>2024-11-11T15:31:54Z</time>
</trkpt>
<trkpt lat="33.87414900" lon="-111.29004800">
<ele>746.816</ele>
<time>2024-11-11T15:31:54Z</time>
</trkpt>
<trkpt lat="33.87418300" lon="-111.28956800">
<ele>748.449</ele>
<time>2024-11-11T15:31:54Z</time>
</trkpt>
<trkpt lat="33.87423300" lon="-111.28919300">
<ele>748.750</ele>
<time>2024-11-11T15:31:54Z</time>
</trkpt>
<trkpt lat="33.87448000" lon="-111.28852400">
<ele>747.910</ele>
<time>2024-11-11T15:31:54Z</time>
</trkpt>
<trkpt lat="33.87514400" lon="-111.28715500">
<ele>751.504</ele>
<time>2024-11-11T15:31:54Z</time>
</trkpt>
<trkpt lat="33.87599100" lon="-111.28548500">
<ele>755.664</ele>
<time>2024-11-11T15:31:54Z</time>
</trkpt>
<trkpt lat="33.87825500" lon="-111.28196400">
<ele>763.012</ele>
<time>2024-11-11T15:31:54Z</time>
</trkpt>
<trkpt lat="33.87858900" lon="-111.28127700">
<ele>766.723</ele>
<time>2024-11-11T15:31:54Z</time>
</trkpt>
<trkpt lat="33.87892700" lon="-111.28041000">
<ele>768.297</ele>
<time>2024-11-11T15:31:54Z</time>
</trkpt>
<trkpt lat="33.87915100" lon="-111.27964700">
<ele>767.348</ele>
<time>2024-11-11T15:31:54Z</time>
</trkpt>
<trkpt lat="33.87950300" lon="-111.27821500">
<ele>775.016</ele>
<time>2024-11-11T15:31:54Z</time>
</trkpt>
<trkpt lat="33.87966800" lon="-111.27744400">
<ele>778.172</ele>
<time>2024-11-11T15:31:54Z</time>
</trkpt>
<trkpt lat="33.88241900" lon="-111.26738700">
<ele>803.566</ele>
<time>2024-11-11T15:31:54Z</time>
</trkpt>
<trkpt lat="33.88293500" lon="-111.26556500">
<ele>807.027</ele>
<time>2024-11-11T15:31:54Z</time>
</trkpt>
<trkpt lat="33.88337400" lon="-111.26390800">
<ele>811.922</ele>
<time>2024-11-11T15:31:54Z</time>
</trkpt>
<trkpt lat="33.88398700" lon="-111.26157100">
<ele>816.000</ele>
<time>2024-11-11T15:31:54Z</time>
</trkpt>
<trkpt lat="33.88435900" lon="-111.26015900">
<ele>819.941</ele>
<time>2024-11-11T15:31:54Z</time>
</trkpt>
<trkpt lat="33.88491700" lon="-111.25809700">
<ele>822.758</ele>
<time>2024-11-11T15:31:54Z</time>
</trkpt>
<trkpt lat="33.88500900" lon="-111.25773800">
<ele>822.105</ele>
<time>2024-11-11T15:31:54Z</time>
</trkpt>
<trkpt lat="33.88510700" lon="-111.25755600">
<ele>823.188</ele>
<time>2024-11-11T15:31:54Z</time>
</trkpt>
<trkpt lat="33.88531900" lon="-111.25736100">
<ele>825.453</ele>
<time>2024-11-11T15:31:54Z</time>
</trkpt>
<trkpt lat="33.88550700" lon="-111.25725100">
<ele>827.508</ele>
<time>2024-11-11T15:31:54Z</time>
</trkpt>
<trkpt lat="33.88714500" lon="-111.25668900">
<ele>832.914</ele>
<time>2024-11-11T15:31:54Z</time>
</trkpt>
<trkpt lat="33.89218700" lon="-111.25485500">
<ele>847.832</ele>
<time>2024-11-11T15:31:54Z</time>
</trkpt>
<trkpt lat="33.89401800" lon="-111.25417500">
<ele>854.566</ele>
<time>2024-11-11T15:31:54Z</time>
</trkpt>
<trkpt lat="33.89510600" lon="-111.25379400">
<ele>861.648</ele>
<time>2024-11-11T15:31:54Z</time>
</trkpt>
<trkpt lat="33.89587800" lon="-111.25348600">
<ele>867.367</ele>
<time>2024-11-11T15:31:54Z</time>
</trkpt>
<trkpt lat="33.89621500" lon="-111.25336300">
<ele>868.449</ele>
<time>2024-11-11T15:31:54Z</time>
</trkpt>
<trkpt lat="33.89645300" lon="-111.25324900">
<ele>869.570</ele>
<time>2024-11-11T15:31:54Z</time>
</trkpt>
<trkpt lat="33.89703200" lon="-111.25289400">
<ele>878.703</ele>
<time>2024-11-11T15:31:54Z</time>
</trkpt>
<trkpt lat="33.89741100" lon="-111.25260200">
<ele>883.574</ele>
<time>2024-11-11T15:31:54Z</time>
</trkpt>
<trkpt lat="33.89762500" lon="-111.25243300">
<ele>885.781</ele>
<time>2024-11-11T15:31:54Z</time>
</trkpt>
<trkpt lat="33.89777000" lon="-111.25230600">
<ele>885.883</ele>
<time>2024-11-11T15:31:54Z</time>
</trkpt>
<trkpt lat="33.89785300" lon="-111.25225600">
<ele>885.891</ele>
<time>2024-11-11T15:31:54Z</time>
</trkpt>
<trkpt lat="33.89802100" lon="-111.25218400">
<ele>886.305</ele>
<time>2024-11-11T15:31:54Z</time>
</trkpt>
<trkpt lat="33.89827000" lon="-111.25212000">
<ele>887.152</ele>
<time>2024-11-11T15:31:54Z</time>
</trkpt>
<trkpt lat="33.89860000" lon="-111.25207800">
<ele>892.711</ele>
<time>2024-11-11T15:31:54Z</time>
</trkpt>
<trkpt lat="33.89895400" lon="-111.25201500">
<ele>898.625</ele>
<time>2024-11-11T15:31:54Z</time>
</trkpt>
<trkpt lat="33.89907000" lon="-111.25196400">
<ele>899.105</ele>
<time>2024-11-11T15:31:54Z</time>
</trkpt>
<trkpt lat="33.89926700" lon="-111.25185800">
<ele>899.449</ele>
<time>2024-11-11T15:31:54Z</time>
</trkpt>
<trkpt lat="33.89956800" lon="-111.25169800">
<ele>902.469</ele>
<time>2024-11-11T15:31:54Z</time>
</trkpt>
<trkpt lat="33.90003500" lon="-111.25143600">
<ele>914.438</ele>
<time>2024-11-11T15:31:54Z</time>
</trkpt>
<trkpt lat="33.90025600" lon="-111.25125400">
<ele>919.453</ele>
<time>2024-11-11T15:31:54Z</time>
</trkpt>
<trkpt lat="33.90037500" lon="-111.25112300">
<ele>921.363</ele>
<time>2024-11-11T15:31:54Z</time>
</trkpt>
<trkpt lat="33.90047000" lon="-111.25092400">
<ele>923.895</ele>
<time>2024-11-11T15:31:54Z</time>
</trkpt>
<trkpt lat="33.90052900" lon="-111.25060700">
<ele>926.734</ele>
<time>2024-11-11T15:31:54Z</time>
</trkpt>
<trkpt lat="33.90051900" lon="-111.25019300">
<ele>928.707</ele>
<time>2024-11-11T15:31:54Z</time>
</trkpt>
<trkpt lat="33.90049400" lon="-111.24996100">
<ele>930.340</ele>
<time>2024-11-11T15:31:54Z</time>
</trkpt>
<trkpt lat="33.90045100" lon="-111.24964800">
<ele>932.738</ele>
<time>2024-11-11T15:31:54Z</time>
</trkpt>
<trkpt lat="33.90045200" lon="-111.24943200">
<ele>935.082</ele>
<time>2024-11-11T15:31:54Z</time>
</trkpt>
<trkpt lat="33.90046600" lon="-111.24904800">
<ele>938.813</ele>
<time>2024-11-11T15:31:54Z</time>
</trkpt>
<trkpt lat="33.90047300" lon="-111.24854900">
<ele>943.492</ele>
<time>2024-11-11T15:31:54Z</time>
</trkpt>
<trkpt lat="33.90046600" lon="-111.24820300">
<ele>947.699</ele>
<time>2024-11-11T15:31:54Z</time>
</trkpt>
<trkpt lat="33.90047300" lon="-111.24787300">
<ele>951.258</ele>
<time>2024-11-11T15:31:54Z</time>
</trkpt>
<trkpt lat="33.90048000" lon="-111.24765700">
<ele>952.789</ele>
<time>2024-11-11T15:31:54Z</time>
</trkpt>
<trkpt lat="33.90051600" lon="-111.24746300">
<ele>954.191</ele>
<time>2024-11-11T15:31:54Z</time>
</trkpt>
<trkpt lat="33.90069400" lon="-111.24707400">
<ele>956.387</ele>
<time>2024-11-11T15:31:54Z</time>
</trkpt>
<trkpt lat="33.90088000" lon="-111.24660100">
<ele>957.828</ele>
<time>2024-11-11T15:31:54Z</time>
</trkpt>
<trkpt lat="33.90100300" lon="-111.24619500">
<ele>957.805</ele>
<time>2024-11-11T15:31:54Z</time>
</trkpt>
<trkpt lat="33.90139300" lon="-111.24525200">
<ele>959.770</ele>
<time>2024-11-11T15:31:54Z</time>
</trkpt>
<trkpt lat="33.90179900" lon="-111.24423400">
<ele>955.777</ele>
<time>2024-11-11T15:31:54Z</time>
</trkpt>
<trkpt lat="33.90197800" lon="-111.24342700">
<ele>958.258</ele>
<time>2024-11-11T15:31:54Z</time>
</trkpt>
<trkpt lat="33.90200500" lon="-111.24314600">
<ele>957.492</ele>
<time>2024-11-11T15:31:54Z</time>
</trkpt>
<trkpt lat="33.90201300" lon="-111.24237400">
<ele>961.762</ele>
<time>2024-11-11T15:31:54Z</time>
</trkpt>
<trkpt lat="33.90202400" lon="-111.24205300">
<ele>964.680</ele>
<time>2024-11-11T15:31:54Z</time>
</trkpt>
<trkpt lat="33.90209400" lon="-111.24163900">
<ele>968.859</ele>
<time>2024-11-11T15:31:54Z</time>
</trkpt>
<trkpt lat="33.90216800" lon="-111.24113600">
<ele>976.375</ele>
<time>2024-11-11T15:31:54Z</time>
</trkpt>
<trkpt lat="33.90217500" lon="-111.24086500">
<ele>980.316</ele>
<time>2024-11-11T15:31:54Z</time>
</trkpt>
<trkpt lat="33.90209100" lon="-111.24056900">
<ele>984.813</ele>
<time>2024-11-11T15:31:54Z</time>
</trkpt>
<trkpt lat="33.90110100" lon="-111.23834600">
<ele>998.895</ele>
<time>2024-11-11T15:31:54Z</time>
</trkpt>
<trkpt lat="33.90047300" lon="-111.23691400">
<ele>1009.895</ele>
<time>2024-11-11T15:31:54Z</time>
</trkpt>
<trkpt lat="33.90041400" lon="-111.23671900">
<ele>1011.102</ele>
<time>2024-11-11T15:31:54Z</time>
</trkpt>
<trkpt lat="33.90036400" lon="-111.23653700">
<ele>1011.223</ele>
<time>2024-11-11T15:31:54Z</time>
</trkpt>
<trkpt lat="33.90036400" lon="-111.23633900">
<ele>1010.270</ele>
<time>2024-11-11T15:31:54Z</time>
</trkpt>
<trkpt lat="33.90038900" lon="-111.23617000">
<ele>1009.039</ele>
<time>2024-11-11T15:31:54Z</time>
</trkpt>
<trkpt lat="33.90052200" lon="-111.23582300">
<ele>1006.066</ele>
<time>2024-11-11T15:31:54Z</time>
</trkpt>
<trkpt lat="33.90079600" lon="-111.23547200">
<ele>1005.840</ele>
<time>2024-11-11T15:31:54Z</time>
</trkpt>
<trkpt lat="33.90131900" lon="-111.23497800">
<ele>1009.016</ele>
<time>2024-11-11T15:31:54Z</time>
</trkpt>
<trkpt lat="33.90155700" lon="-111.23473700">
<ele>1009.816</ele>
<time>2024-11-11T15:31:54Z</time>
</trkpt>
<trkpt lat="33.90172200" lon="-111.23456800">
<ele>1011.805</ele>
<time>2024-11-11T15:31:54Z</time>
</trkpt>
<trkpt lat="33.90204500" lon="-111.23399700">
<ele>1015.762</ele>
<time>2024-11-11T15:31:54Z</time>
</trkpt>
<trkpt lat="33.90258200" lon="-111.23248000">
<ele>1032.379</ele>
<time>2024-11-11T15:31:54Z</time>
</trkpt>
<trkpt lat="33.90277800" lon="-111.23171900">
<ele>1036.008</ele>
<time>2024-11-11T15:31:54Z</time>
</trkpt>
<trkpt lat="33.90278900" lon="-111.23146100">
<ele>1034.520</ele>
<time>2024-11-11T15:31:54Z</time>
</trkpt>
<trkpt lat="33.90277100" lon="-111.23126700">
<ele>1033.555</ele>
<time>2024-11-11T15:31:54Z</time>
</trkpt>
<trkpt lat="33.90267600" lon="-111.23081000">
<ele>1029.508</ele>
<time>2024-11-11T15:31:54Z</time>
</trkpt>
<trkpt lat="33.90264500" lon="-111.23062000">
<ele>1028.355</ele>
<time>2024-11-11T15:31:54Z</time>
</trkpt>
<trkpt lat="33.90279200" lon="-111.23005000">
<ele>1028.773</ele>
<time>2024-11-11T15:31:54Z</time>
</trkpt>
<trkpt lat="33.90296000" lon="-111.22957600">
<ele>1029.191</ele>
<time>2024-11-11T15:31:54Z</time>
</trkpt>
<trkpt lat="33.90310800" lon="-111.22926400">
<ele>1031.324</ele>
<time>2024-11-11T15:31:54Z</time>
</trkpt>
<trkpt lat="33.90372700" lon="-111.22823600">
<ele>1032.477</ele>
<time>2024-11-11T15:31:54Z</time>
</trkpt>
<trkpt lat="33.90388700" lon="-111.22797000">
<ele>1036.313</ele>
<time>2024-11-11T15:31:54Z</time>
</trkpt>
<trkpt lat="33.90404800" lon="-111.22770400">
<ele>1038.574</ele>
<time>2024-11-11T15:31:54Z</time>
</trkpt>
<trkpt lat="33.90447600" lon="-111.22701900">
<ele>1040.855</ele>
<time>2024-11-11T15:31:54Z</time>
</trkpt>
<trkpt lat="33.90540900" lon="-111.22593300">
<ele>1051.414</ele>
<time>2024-11-11T15:31:54Z</time>
</trkpt>
<trkpt lat="33.90569000" lon="-111.22566300">
<ele>1053.473</ele>
<time>2024-11-11T15:31:54Z</time>
</trkpt>
<trkpt lat="33.90599300" lon="-111.22541000">
<ele>1054.609</ele>
<time>2024-11-11T15:31:54Z</time>
</trkpt>
<trkpt lat="33.90626900" lon="-111.22521000">
<ele>1057.039</ele>
<time>2024-11-11T15:31:54Z</time>
</trkpt>
<trkpt lat="33.90703000" lon="-111.22457600">
<ele>1059.699</ele>
<time>2024-11-11T15:31:54Z</time>
</trkpt>
<trkpt lat="33.90726100" lon="-111.22424700">
<ele>1060.188</ele>
<time>2024-11-11T15:31:54Z</time>
</trkpt>
<trkpt lat="33.90745100" lon="-111.22393000">
<ele>1062.184</ele>
<time>2024-11-11T15:31:54Z</time>
</trkpt>
<trkpt lat="33.90766400" lon="-111.22354900">
<ele>1067.098</ele>
<time>2024-11-11T15:31:54Z</time>
</trkpt>
<trkpt lat="33.90782600" lon="-111.22321500">
<ele>1071.113</ele>
<time>2024-11-11T15:31:54Z</time>
</trkpt>
<trkpt lat="33.90797300" lon="-111.22291100">
<ele>1073.617</ele>
<time>2024-11-11T15:31:54Z</time>
</trkpt>
<trkpt lat="33.90808200" lon="-111.22259400">
<ele>1075.266</ele>
<time>2024-11-11T15:31:54Z</time>
</trkpt>
<trkpt lat="33.90818200" lon="-111.22211200">
<ele>1078.777</ele>
<time>2024-11-11T15:31:54Z</time>
</trkpt>
<trkpt lat="33.90832800" lon="-111.22171100">
<ele>1084.617</ele>
<time>2024-11-11T15:31:54Z</time>
</trkpt>
<trkpt lat="33.90937700" lon="-111.21931300">
<ele>1110.328</ele>
<time>2024-11-11T15:31:54Z</time>
</trkpt>
<trkpt lat="33.91118300" lon="-111.21502200">
<ele>1141.047</ele>
<time>2024-11-11T15:31:54Z</time>
</trkpt>
<trkpt lat="33.91155500" lon="-111.21462800">
<ele>1144.586</ele>
<time>2024-11-11T15:31:54Z</time>
</trkpt>
<trkpt lat="33.91217200" lon="-111.21436000">
<ele>1149.387</ele>
<time>2024-11-11T15:31:54Z</time>
</trkpt>
<trkpt lat="33.91237300" lon="-111.21373400">
<ele>1156.336</ele>
<time>2024-11-11T15:31:54Z</time>
</trkpt>
<trkpt lat="33.91268700" lon="-111.21312800">
<ele>1164.379</ele>
<time>2024-11-11T15:31:54Z</time>
</trkpt>
<trkpt lat="33.91286100" lon="-111.21266600">
<ele>1172.258</ele>
<time>2024-11-11T15:31:54Z</time>
</trkpt>
<trkpt lat="33.91354300" lon="-111.21228700">
<ele>1177.984</ele>
<time>2024-11-11T15:31:54Z</time>
</trkpt>
<trkpt lat="33.91382300" lon="-111.21185800">
<ele>1185.984</ele>
<time>2024-11-11T15:31:54Z</time>
</trkpt>
<trkpt lat="33.91408900" lon="-111.21110900">
<ele>1192.848</ele>
<time>2024-11-11T15:31:54Z</time>
</trkpt>
<trkpt lat="33.91455600" lon="-111.21056400">
<ele>1202.199</ele>
<time>2024-11-11T15:31:54Z</time>
</trkpt>
<trkpt lat="33.91468200" lon="-111.21023200">
<ele>1206.969</ele>
<time>2024-11-11T15:31:54Z</time>
</trkpt>
<trkpt lat="33.91566200" lon="-111.20933100">
<ele>1217.758</ele>
<time>2024-11-11T15:31:54Z</time>
</trkpt>
<trkpt lat="33.91616100" lon="-111.20884300">
<ele>1223.992</ele>
<time>2024-11-11T15:31:54Z</time>
</trkpt>
<trkpt lat="33.91601400" lon="-111.20744400">
<ele>1235.316</ele>
<time>2024-11-11T15:31:54Z</time>
</trkpt>
<trkpt lat="33.91552700" lon="-111.20651500">
<ele>1232.016</ele>
<time>2024-11-11T15:31:54Z</time>
</trkpt>
<trkpt lat="33.91487100" lon="-111.20431600">
<ele>1225.938</ele>
<time>2024-11-11T15:31:54Z</time>
</trkpt>
<trkpt lat="33.91497900" lon="-111.20335200">
<ele>1230.602</ele>
<time>2024-11-11T15:31:54Z</time>
</trkpt>
<trkpt lat="33.91518900" lon="-111.20294400">
<ele>1232.117</ele>
<time>2024-11-11T15:31:54Z</time>
</trkpt>
<trkpt lat="33.91501500" lon="-111.20230000">
<ele>1230.941</ele>
<time>2024-11-11T15:31:54Z</time>
</trkpt>
<trkpt lat="33.91528400" lon="-111.20122900">
<ele>1236.945</ele>
<time>2024-11-11T15:31:54Z</time>
</trkpt>
<trkpt lat="33.91557100" lon="-111.19933800">
<ele>1230.191</ele>
<time>2024-11-11T15:31:54Z</time>
</trkpt>
<trkpt lat="33.91584400" lon="-111.19866300">
<ele>1224.703</ele>
<time>2024-11-11T15:31:54Z</time>
</trkpt>
<trkpt lat="33.91596900" lon="-111.19819400">
<ele>1223.949</ele>
<time>2024-11-11T15:31:54Z</time>
</trkpt>
<trkpt lat="33.91618000" lon="-111.19788100">
<ele>1224.570</ele>
<time>2024-11-11T15:31:54Z</time>
</trkpt>
<trkpt lat="33.91634500" lon="-111.19723500">
<ele>1219.918</ele>
<time>2024-11-11T15:31:54Z</time>
</trkpt>
<trkpt lat="33.91706500" lon="-111.19668200">
<ele>1223.836</ele>
<time>2024-11-11T15:31:54Z</time>
</trkpt>
<trkpt lat="33.91718700" lon="-111.19647100">
<ele>1225.133</ele>
<time>2024-11-11T15:31:54Z</time>
</trkpt>
<trkpt lat="33.91750400" lon="-111.19521800">
<ele>1219.582</ele>
<time>2024-11-11T15:31:54Z</time>
</trkpt>
<trkpt lat="33.91780300" lon="-111.19399300">
<ele>1221.301</ele>
<time>2024-11-11T15:31:54Z</time>
</trkpt>
<trkpt lat="33.91802500" lon="-111.19294900">
<ele>1231.102</ele>
<time>2024-11-11T15:31:54Z</time>
</trkpt>
<trkpt lat="33.91811600" lon="-111.19270300">
<ele>1233.355</ele>
<time>2024-11-11T15:31:54Z</time>
</trkpt>
<trkpt lat="33.91816800" lon="-111.19255700">
<ele>1234.566</ele>
<time>2024-11-11T15:31:54Z</time>
</trkpt>
<trkpt lat="33.91823100" lon="-111.19244700">
<ele>1235.367</ele>
<time>2024-11-11T15:31:54Z</time>
</trkpt>
<trkpt lat="33.91856300" lon="-111.19236900">
<ele>1238.531</ele>
<time>2024-11-11T15:31:54Z</time>
</trkpt>
<trkpt lat="33.91881600" lon="-111.19227300">
<ele>1240.242</ele>
<time>2024-11-11T15:31:54Z</time>
</trkpt>
<trkpt lat="33.91910500" lon="-111.19212200">
<ele>1241.953</ele>
<time>2024-11-11T15:31:54Z</time>
</trkpt>
<trkpt lat="33.91979100" lon="-111.19155000">
<ele>1250.695</ele>
<time>2024-11-11T15:31:54Z</time>
</trkpt>
<trkpt lat="33.91988100" lon="-111.19150700">
<ele>1250.879</ele>
<time>2024-11-11T15:31:54Z</time>
</trkpt>
<trkpt lat="33.92027800" lon="-111.19143200">
<ele>1253.555</ele>
<time>2024-11-11T15:31:54Z</time>
</trkpt>
<trkpt lat="33.92045000" lon="-111.19133500">
<ele>1254.813</ele>
<time>2024-11-11T15:31:54Z</time>
</trkpt>
<trkpt lat="33.92061200" lon="-111.19116200">
<ele>1258.152</ele>
<time>2024-11-11T15:31:54Z</time>
</trkpt>
<trkpt lat="33.92080200" lon="-111.19090300">
<ele>1262.219</ele>
<time>2024-11-11T15:31:54Z</time>
</trkpt>
<trkpt lat="33.92100100" lon="-111.19056800">
<ele>1266.918</ele>
<time>2024-11-11T15:31:54Z</time>
</trkpt>
<trkpt lat="33.92137100" lon="-111.19024400">
<ele>1268.492</ele>
<time>2024-11-11T15:31:54Z</time>
</trkpt>
<trkpt lat="33.92148000" lon="-111.19006100">
<ele>1267.926</ele>
<time>2024-11-11T15:31:54Z</time>
</trkpt>
<trkpt lat="33.92159800" lon="-111.18978000">
<ele>1268.383</ele>
<time>2024-11-11T15:31:54Z</time>
</trkpt>
<trkpt lat="33.92165200" lon="-111.18954200">
<ele>1269.051</ele>
<time>2024-11-11T15:31:54Z</time>
</trkpt>
<trkpt lat="33.92164300" lon="-111.18928200">
<ele>1271.656</ele>
<time>2024-11-11T15:31:54Z</time>
</trkpt>
<trkpt lat="33.92167100" lon="-111.18916300">
<ele>1272.023</ele>
<time>2024-11-11T15:31:54Z</time>
</trkpt>
<trkpt lat="33.92170700" lon="-111.18910900">
<ele>1271.984</ele>
<time>2024-11-11T15:31:54Z</time>
</trkpt>
<trkpt lat="33.92186000" lon="-111.18901200">
<ele>1270.906</ele>
<time>2024-11-11T15:31:54Z</time>
</trkpt>
<trkpt lat="33.92196900" lon="-111.18890400">
<ele>1270.785</ele>
<time>2024-11-11T15:31:54Z</time>
</trkpt>
<trkpt lat="33.92221300" lon="-111.18850400">
<ele>1274.242</ele>
<time>2024-11-11T15:31:54Z</time>
</trkpt>
<trkpt lat="33.92280000" lon="-111.18791100">
<ele>1283.770</ele>
<time>2024-11-11T15:31:54Z</time>
</trkpt>
<trkpt lat="33.92305300" lon="-111.18758700">
<ele>1287.633</ele>
<time>2024-11-11T15:31:54Z</time>
</trkpt>
<trkpt lat="33.92345100" lon="-111.18692700">
<ele>1295.707</ele>
<time>2024-11-11T15:31:54Z</time>
</trkpt>
<trkpt lat="33.92356900" lon="-111.18665700">
<ele>1297.586</ele>
<time>2024-11-11T15:31:54Z</time>
</trkpt>
<trkpt lat="33.92375800" lon="-111.18636600">
<ele>1300.840</ele>
<time>2024-11-11T15:31:54Z</time>
</trkpt>
<trkpt lat="33.92434500" lon="-111.18588000">
<ele>1311.152</ele>
<time>2024-11-11T15:31:54Z</time>
</trkpt>
<trkpt lat="33.92445400" lon="-111.18574000">
<ele>1312.676</ele>
<time>2024-11-11T15:31:54Z</time>
</trkpt>
<trkpt lat="33.92461700" lon="-111.18534000">
<ele>1318.020</ele>
<time>2024-11-11T15:31:54Z</time>
</trkpt>
<trkpt lat="33.92484300" lon="-111.18471300">
<ele>1328.156</ele>
<time>2024-11-11T15:31:54Z</time>
</trkpt>
<trkpt lat="33.92525900" lon="-111.18414000">
<ele>1335.355</ele>
<time>2024-11-11T15:31:54Z</time>
</trkpt>
<trkpt lat="33.92544000" lon="-111.18380500">
<ele>1339.016</ele>
<time>2024-11-11T15:31:54Z</time>
</trkpt>
<trkpt lat="33.92561200" lon="-111.18327500">
<ele>1348.352</ele>
<time>2024-11-11T15:31:54Z</time>
</trkpt>
<trkpt lat="33.92572900" lon="-111.18309200">
<ele>1351.008</ele>
<time>2024-11-11T15:31:54Z</time>
</trkpt>
<trkpt lat="33.92609100" lon="-111.18272500">
<ele>1354.004</ele>
<time>2024-11-11T15:31:54Z</time>
</trkpt>
<trkpt lat="33.92643400" lon="-111.18217300">
<ele>1363.480</ele>
<time>2024-11-11T15:31:54Z</time>
</trkpt>
<trkpt lat="33.92666900" lon="-111.18183900">
<ele>1368.215</ele>
<time>2024-11-11T15:31:54Z</time>
</trkpt>
<trkpt lat="33.92680500" lon="-111.18167700">
<ele>1369.672</ele>
<time>2024-11-11T15:31:54Z</time>
</trkpt>
<trkpt lat="33.92686800" lon="-111.18148200">
<ele>1372.742</ele>
<time>2024-11-11T15:31:54Z</time>
</trkpt>
<trkpt lat="33.92689600" lon="-111.18134100">
<ele>1375.348</ele>
<time>2024-11-11T15:31:54Z</time>
</trkpt>
<trkpt lat="33.92697700" lon="-111.18125500">
<ele>1376.672</ele>
<time>2024-11-11T15:31:54Z</time>
</trkpt>
<trkpt lat="33.92705800" lon="-111.18108200">
<ele>1379.301</ele>
<time>2024-11-11T15:31:54Z</time>
</trkpt>
<trkpt lat="33.92711300" lon="-111.18045500">
<ele>1394.473</ele>
<time>2024-11-11T15:31:54Z</time>
</trkpt>
<trkpt lat="33.92715800" lon="-111.18037900">
<ele>1396.375</ele>
<time>2024-11-11T15:31:54Z</time>
</trkpt>
<trkpt lat="33.92738400" lon="-111.18032500">
<ele>1394.410</ele>
<time>2024-11-11T15:31:54Z</time>
</trkpt>
<trkpt lat="33.92746500" lon="-111.18022800">
<ele>1395.703</ele>
<time>2024-11-11T15:31:54Z</time>
</trkpt>
<trkpt lat="33.92756500" lon="-111.17996900">
<ele>1400.781</ele>
<time>2024-11-11T15:31:54Z</time>
</trkpt>
<trkpt lat="33.92757400" lon="-111.17957900">
<ele>1407.414</ele>
<time>2024-11-11T15:31:54Z</time>
</trkpt>
<trkpt lat="33.92763800" lon="-111.17942800">
<ele>1408.129</ele>
<time>2024-11-11T15:31:54Z</time>
</trkpt>
<trkpt lat="33.92771100" lon="-111.17904900">
<ele>1411.152</ele>
<time>2024-11-11T15:31:54Z</time>
</trkpt>
<trkpt lat="33.92771200" lon="-111.17829200">
<ele>1425.973</ele>
<time>2024-11-11T15:31:54Z</time>
</trkpt>
<trkpt lat="33.92779300" lon="-111.17801100">
<ele>1429.008</ele>
<time>2024-11-11T15:31:54Z</time>
</trkpt>
<trkpt lat="33.92797400" lon="-111.17777300">
<ele>1433.734</ele>
<time>2024-11-11T15:31:54Z</time>
</trkpt>
<trkpt lat="33.92806400" lon="-111.17755700">
<ele>1434.164</ele>
<time>2024-11-11T15:31:54Z</time>
</trkpt>
<trkpt lat="33.92811000" lon="-111.17717800">
<ele>1441.168</ele>
<time>2024-11-11T15:31:54Z</time>
</trkpt>
<trkpt lat="33.92821900" lon="-111.17681100">
<ele>1450.223</ele>
<time>2024-11-11T15:31:54Z</time>
</trkpt>
<trkpt lat="33.92841800" lon="-111.17651900">
<ele>1455.754</ele>
<time>2024-11-11T15:31:54Z</time>
</trkpt>
<trkpt lat="33.92868000" lon="-111.17580600">
<ele>1466.402</ele>
<time>2024-11-11T15:31:54Z</time>
</trkpt>
<trkpt lat="33.92883400" lon="-111.17548100">
<ele>1472.230</ele>
<time>2024-11-11T15:31:54Z</time>
</trkpt>
<trkpt lat="33.92897900" lon="-111.17534100">
<ele>1474.250</ele>
<time>2024-11-11T15:31:54Z</time>
</trkpt>
<trkpt lat="33.92962900" lon="-111.17497400">
<ele>1483.684</ele>
<time>2024-11-11T15:31:54Z</time>
</trkpt>
<trkpt lat="33.92974600" lon="-111.17481200">
<ele>1487.844</ele>
<time>2024-11-11T15:31:54Z</time>
</trkpt>
<trkpt lat="33.92989100" lon="-111.17455300">
<ele>1493.781</ele>
<time>2024-11-11T15:31:54Z</time>
</trkpt>
<trkpt lat="33.92997200" lon="-111.17448800">
<ele>1495.199</ele>
<time>2024-11-11T15:31:54Z</time>
</trkpt>
<trkpt lat="33.93021600" lon="-111.17443500">
<ele>1498.430</ele>
<time>2024-11-11T15:31:54Z</time>
</trkpt>
<trkpt lat="33.93030600" lon="-111.17438100">
<ele>1499.988</ele>
<time>2024-11-11T15:31:54Z</time>
</trkpt>
<trkpt lat="33.93040500" lon="-111.17419700">
<ele>1502.227</ele>
<time>2024-11-11T15:31:54Z</time>
</trkpt>
<trkpt lat="33.93050500" lon="-111.17414300">
<ele>1502.934</ele>
<time>2024-11-11T15:31:54Z</time>
</trkpt>
<trkpt lat="33.93064000" lon="-111.17411100">
<ele>1504.723</ele>
<time>2024-11-11T15:31:54Z</time>
</trkpt>
<trkpt lat="33.93074800" lon="-111.17424100">
<ele>1506.234</ele>
<time>2024-11-11T15:31:54Z</time>
</trkpt>
<trkpt lat="33.93077500" lon="-111.17445700">
<ele>1505.934</ele>
<time>2024-11-11T15:31:54Z</time>
</trkpt>
<trkpt lat="33.93087400" lon="-111.17451200">
<ele>1508.098</ele>
<time>2024-11-11T15:31:54Z</time>
</trkpt>
<trkpt lat="33.93120800" lon="-111.17451200">
<ele>1513.133</ele>
<time>2024-11-11T15:31:54Z</time>
</trkpt>
<trkpt lat="33.93139700" lon="-111.17449100">
<ele>1515.047</ele>
<time>2024-11-11T15:31:54Z</time>
</trkpt>
<trkpt lat="33.93151400" lon="-111.17441600">
<ele>1517.801</ele>
<time>2024-11-11T15:31:54Z</time>
</trkpt>
<trkpt lat="33.93171300" lon="-111.17437300">
<ele>1521.465</ele>
<time>2024-11-11T15:31:54Z</time>
</trkpt>
<trkpt lat="33.93178500" lon="-111.17433000">
<ele>1522.035</ele>
<time>2024-11-11T15:31:54Z</time>
</trkpt>
<trkpt lat="33.93185700" lon="-111.17422200">
<ele>1523.063</ele>
<time>2024-11-11T15:31:54Z</time>
</trkpt>
<trkpt lat="33.93194800" lon="-111.17400500">
<ele>1525.156</ele>
<time>2024-11-11T15:31:54Z</time>
</trkpt>
<trkpt lat="33.93204800" lon="-111.17356200">
<ele>1533.977</ele>
<time>2024-11-11T15:31:54Z</time>
</trkpt>
<trkpt lat="33.93213800" lon="-111.17325900">
<ele>1541.129</ele>
<time>2024-11-11T15:31:54Z</time>
</trkpt>
<trkpt lat="33.93231900" lon="-111.17277300">
<ele>1550.797</ele>
<time>2024-11-11T15:31:54Z</time>
</trkpt>
<trkpt lat="33.93260000" lon="-111.17214600">
<ele>1565.449</ele>
<time>2024-11-11T15:31:54Z</time>
</trkpt>
<trkpt lat="33.93282600" lon="-111.17173500">
<ele>1573.180</ele>
<time>2024-11-11T15:31:54Z</time>
</trkpt>
<trkpt lat="33.93301600" lon="-111.17151900">
<ele>1579.418</ele>
<time>2024-11-11T15:31:54Z</time>
</trkpt>
<trkpt lat="33.93346700" lon="-111.17120600">
<ele>1588.379</ele>
<time>2024-11-11T15:31:54Z</time>
</trkpt>
<trkpt lat="33.93360200" lon="-111.17101100">
<ele>1592.016</ele>
<time>2024-11-11T15:31:54Z</time>
</trkpt>
<trkpt lat="33.93380100" lon="-111.17078500">
<ele>1598.195</ele>
<time>2024-11-11T15:31:54Z</time>
</trkpt>
<trkpt lat="33.93400000" lon="-111.17048200">
<ele>1612.059</ele>
<time>2024-11-11T15:31:54Z</time>
</trkpt>
<trkpt lat="33.93406300" lon="-111.17043900">
<ele>1613.492</ele>
<time>2024-11-11T15:31:54Z</time>
</trkpt>
<trkpt lat="33.93423500" lon="-111.17043900">
<ele>1611.813</ele>
<time>2024-11-11T15:31:54Z</time>
</trkpt>
<trkpt lat="33.93445100" lon="-111.17039600">
<ele>1611.703</ele>
<time>2024-11-11T15:31:54Z</time>
</trkpt>
<trkpt lat="33.93457700" lon="-111.17035300">
<ele>1616.305</ele>
<time>2024-11-11T15:31:54Z</time>
</trkpt>
<trkpt lat="33.93473100" lon="-111.17026700">
<ele>1623.414</ele>
<time>2024-11-11T15:31:54Z</time>
</trkpt>
<trkpt lat="33.93488400" lon="-111.17028900">
<ele>1622.457</ele>
<time>2024-11-11T15:31:54Z</time>
</trkpt>
<trkpt lat="33.93505600" lon="-111.17027900">
<ele>1621.617</ele>
<time>2024-11-11T15:31:54Z</time>
</trkpt>
<trkpt lat="33.93513700" lon="-111.17021400">
<ele>1622.293</ele>
<time>2024-11-11T15:31:54Z</time>
</trkpt>
<trkpt lat="33.93521800" lon="-111.17008400">
<ele>1625.219</ele>
<time>2024-11-11T15:31:54Z</time>
</trkpt>
<trkpt lat="33.93530900" lon="-111.16988900">
<ele>1630.977</ele>
<time>2024-11-11T15:31:54Z</time>
</trkpt>
<trkpt lat="33.93557000" lon="-111.16979300">
<ele>1637.359</ele>
<time>2024-11-11T15:31:54Z</time>
</trkpt>
<trkpt lat="33.93581400" lon="-111.16965300">
<ele>1640.711</ele>
<time>2024-11-11T15:31:54Z</time>
</trkpt>
<trkpt lat="33.93591300" lon="-111.16962000">
<ele>1640.477</ele>
<time>2024-11-11T15:31:54Z</time>
</trkpt>
<trkpt lat="33.93629200" lon="-111.16962100">
<ele>1638.910</ele>
<time>2024-11-11T15:31:54Z</time>
</trkpt>
<trkpt lat="33.93642800" lon="-111.16951300">
<ele>1643.223</ele>
<time>2024-11-11T15:31:54Z</time>
</trkpt>
<trkpt lat="33.93678900" lon="-111.16901600">
<ele>1655.391</ele>
<time>2024-11-11T15:31:54Z</time>
</trkpt>
<trkpt lat="33.93695200" lon="-111.16876700">
<ele>1656.844</ele>
<time>2024-11-11T15:31:54Z</time>
</trkpt>
<trkpt lat="33.93707800" lon="-111.16853000">
<ele>1659.141</ele>
<time>2024-11-11T15:31:54Z</time>
</trkpt>
<trkpt lat="33.93713300" lon="-111.16836700">
<ele>1661.082</ele>
<time>2024-11-11T15:31:54Z</time>
</trkpt>
<trkpt lat="33.93713300" lon="-111.16807500">
<ele>1669.250</ele>
<time>2024-11-11T15:31:54Z</time>
</trkpt>
<trkpt lat="33.93716000" lon="-111.16791300">
<ele>1673.285</ele>
<time>2024-11-11T15:31:54Z</time>
</trkpt>
<trkpt lat="33.93735900" lon="-111.16749100">
<ele>1688.211</ele>
<time>2024-11-11T15:31:54Z</time>
</trkpt>
<trkpt lat="33.93744100" lon="-111.16741600">
<ele>1692.180</ele>
<time>2024-11-11T15:31:54Z</time>
</trkpt>
<trkpt lat="33.93760300" lon="-111.16741600">
<ele>1690.078</ele>
<time>2024-11-11T15:31:54Z</time>
</trkpt>
<trkpt lat="33.93792800" lon="-111.16746000">
<ele>1682.637</ele>
<time>2024-11-11T15:31:54Z</time>
</trkpt>
<trkpt lat="33.93809900" lon="-111.16739600">
<ele>1683.387</ele>
<time>2024-11-11T15:31:54Z</time>
</trkpt>
<trkpt lat="33.93837900" lon="-111.16712500">
<ele>1697.484</ele>
<time>2024-11-11T15:31:54Z</time>
</trkpt>
<trkpt lat="33.93849600" lon="-111.16714700">
<ele>1697.961</ele>
<time>2024-11-11T15:31:54Z</time>
</trkpt>
<trkpt lat="33.93879400" lon="-111.16724500">
<ele>1698.043</ele>
<time>2024-11-11T15:31:54Z</time>
</trkpt>
<trkpt lat="33.93900100" lon="-111.16724600">
<ele>1701.219</ele>
<time>2024-11-11T15:31:54Z</time>
</trkpt>
<trkpt lat="33.93916300" lon="-111.16727900">
<ele>1704.238</ele>
<time>2024-11-11T15:31:54Z</time>
</trkpt>
<trkpt lat="33.93923600" lon="-111.16734400">
<ele>1705.797</ele>
<time>2024-11-11T15:31:54Z</time>
</trkpt>
<trkpt lat="33.93937000" lon="-111.16758200">
<ele>1709.605</ele>
<time>2024-11-11T15:31:54Z</time>
</trkpt>
<trkpt lat="33.93953300" lon="-111.16771200">
<ele>1716.262</ele>
<time>2024-11-11T15:31:54Z</time>
</trkpt>
<trkpt lat="33.93965900" lon="-111.16777700">
<ele>1721.012</ele>
<time>2024-11-11T15:31:54Z</time>
</trkpt>
<trkpt lat="33.93975800" lon="-111.16792900">
<ele>1725.309</ele>
<time>2024-11-11T15:31:54Z</time>
</trkpt>
<trkpt lat="33.94010000" lon="-111.16823300">
<ele>1733.723</ele>
<time>2024-11-11T15:31:54Z</time>
</trkpt>
<trkpt lat="33.94047900" lon="-111.16841700">
<ele>1740.117</ele>
<time>2024-11-11T15:31:54Z</time>
</trkpt>
<trkpt lat="33.94075800" lon="-111.16850400">
<ele>1741.355</ele>
<time>2024-11-11T15:31:54Z</time>
</trkpt>
<trkpt lat="33.94108300" lon="-111.16847300">
<ele>1742.758</ele>
<time>2024-11-11T15:31:54Z</time>
</trkpt>
<trkpt lat="33.94129900" lon="-111.16849500">
<ele>1744.559</ele>
<time>2024-11-11T15:31:54Z</time>
</trkpt>
<trkpt lat="33.94154300" lon="-111.16860300">
<ele>1747.027</ele>
<time>2024-11-11T15:31:54Z</time>
</trkpt>
<trkpt lat="33.94177700" lon="-111.16855000">
<ele>1749.410</ele>
<time>2024-11-11T15:31:54Z</time>
</trkpt>
<trkpt lat="33.94198500" lon="-111.16845300">
<ele>1752.004</ele>
<time>2024-11-11T15:31:54Z</time>
</trkpt>
<trkpt lat="33.94224600" lon="-111.16837800">
<ele>1755.199</ele>
<time>2024-11-11T15:31:54Z</time>
</trkpt>
<trkpt lat="33.94269800" lon="-111.16817300">
<ele>1757.258</ele>
<time>2024-11-11T15:31:54Z</time>
</trkpt>
<trkpt lat="33.94288700" lon="-111.16816200">
<ele>1757.469</ele>
<time>2024-11-11T15:31:54Z</time>
</trkpt>
<trkpt lat="33.94327500" lon="-111.16801200">
<ele>1757.488</ele>
<time>2024-11-11T15:31:54Z</time>
</trkpt>
<trkpt lat="33.94360900" lon="-111.16803400">
<ele>1757.090</ele>
<time>2024-11-11T15:31:54Z</time>
</trkpt>
<trkpt lat="33.94387900" lon="-111.16802400">
<ele>1756.035</ele>
<time>2024-11-11T15:31:54Z</time>
</trkpt>
<trkpt lat="33.94407200" lon="-111.16797400">
<ele>1755.598</ele>
<time>2024-11-11T15:31:54Z</time>
</trkpt>
<trkpt lat="33.94417400" lon="-111.16792700">
<ele>1755.086</ele>
<time>2024-11-11T15:31:54Z</time>
</trkpt>
<trkpt lat="33.94424100" lon="-111.16735000">
<ele>1755.477</ele>
<time>2024-11-11T15:31:54Z</time>
</trkpt>
<trkpt lat="33.94441800" lon="-111.16699000">
<ele>1759.504</ele>
<time>2024-11-11T15:31:54Z</time>
</trkpt>
<trkpt lat="33.94446800" lon="-111.16652100">
<ele>1764.379</ele>
<time>2024-11-11T15:31:54Z</time>
</trkpt>
<trkpt lat="33.94457700" lon="-111.16606600">
<ele>1760.824</ele>
<time>2024-11-11T15:31:54Z</time>
</trkpt>
<trkpt lat="33.94470300" lon="-111.16577400">
<ele>1758.430</ele>
<time>2024-11-11T15:31:54Z</time>
</trkpt>
<trkpt lat="33.94500700" lon="-111.16537100">
<ele>1757.246</ele>
<time>2024-11-11T15:31:54Z</time>
</trkpt>
<trkpt lat="33.94509900" lon="-111.16524300">
<ele>1755.512</ele>
<time>2024-11-11T15:31:54Z</time>
</trkpt>
<trkpt lat="33.94515200" lon="-111.16509000">
<ele>1753.352</ele>
<time>2024-11-11T15:31:54Z</time>
</trkpt>
<trkpt lat="33.94515100" lon="-111.16495900">
<ele>1752.246</ele>
<time>2024-11-11T15:31:54Z</time>
</trkpt>
<trkpt lat="33.94511900" lon="-111.16479000">
<ele>1751.844</ele>
<time>2024-11-11T15:31:54Z</time>
</trkpt>
<trkpt lat="33.94514600" lon="-111.16467300">
<ele>1752.035</ele>
<time>2024-11-11T15:31:54Z</time>
</trkpt>
<trkpt lat="33.94537200" lon="-111.16445500">
<ele>1753.797</ele>
<time>2024-11-11T15:31:54Z</time>
</trkpt>
<trkpt lat="33.94559000" lon="-111.16402300">
<ele>1756.063</ele>
<time>2024-11-11T15:31:54Z</time>
</trkpt>
<trkpt lat="33.94564400" lon="-111.16379600">
<ele>1756.207</ele>
<time>2024-11-11T15:31:54Z</time>
</trkpt>
<trkpt lat="33.94566200" lon="-111.16350400">
<ele>1756.492</ele>
<time>2024-11-11T15:31:54Z</time>
</trkpt>
<trkpt lat="33.94560800" lon="-111.16317900">
<ele>1755.383</ele>
<time>2024-11-11T15:31:54Z</time>
</trkpt>
<trkpt lat="33.94555500" lon="-111.16296200">
<ele>1754.258</ele>
<time>2024-11-11T15:31:54Z</time>
</trkpt>
<trkpt lat="33.94540200" lon="-111.16273500">
<ele>1755.117</ele>
<time>2024-11-11T15:31:54Z</time>
</trkpt>
<trkpt lat="33.94529400" lon="-111.16247500">
<ele>1756.676</ele>
<time>2024-11-11T15:31:54Z</time>
</trkpt>
<trkpt lat="33.94519500" lon="-111.16211800">
<ele>1758.047</ele>
<time>2024-11-11T15:31:54Z</time>
</trkpt>
<trkpt lat="33.94512300" lon="-111.16183600">
<ele>1760.516</ele>
<time>2024-11-11T15:31:54Z</time>
</trkpt>
<trkpt lat="33.94513300" lon="-111.16153300">
<ele>1760.594</ele>
<time>2024-11-11T15:31:54Z</time>
</trkpt>
<trkpt lat="33.94500700" lon="-111.16124100">
<ele>1761.930</ele>
<time>2024-11-11T15:31:54Z</time>
</trkpt>
<trkpt lat="33.94488100" lon="-111.16108900">
<ele>1762.949</ele>
<time>2024-11-11T15:31:54Z</time>
</trkpt>
<trkpt lat="33.94485400" lon="-111.16100200">
<ele>1763.445</ele>
<time>2024-11-11T15:31:54Z</time>
</trkpt>
<trkpt lat="33.94488100" lon="-111.16091600">
<ele>1763.645</ele>
<time>2024-11-11T15:31:54Z</time>
</trkpt>
<trkpt lat="33.94498000" lon="-111.16087300">
<ele>1763.754</ele>
<time>2024-11-11T15:31:54Z</time>
</trkpt>
<trkpt lat="33.94511600" lon="-111.16091600">
<ele>1763.238</ele>
<time>2024-11-11T15:31:54Z</time>
</trkpt>
<trkpt lat="33.94521800" lon="-111.16086300">
<ele>1763.730</ele>
<time>2024-11-11T15:31:54Z</time>
</trkpt>
<trkpt lat="33.94532200" lon="-111.16089400">
<ele>1763.539</ele>
<time>2024-11-11T15:31:54Z</time>
</trkpt>
<trkpt lat="33.94557000" lon="-111.16106900">
<ele>1762.488</ele>
<time>2024-11-11T15:31:54Z</time>
</trkpt>
<trkpt lat="33.94569400" lon="-111.16112300">
<ele>1762.449</ele>
<time>2024-11-11T15:31:54Z</time>
</trkpt>
<trkpt lat="33.94594900" lon="-111.16119300">
<ele>1762.715</ele>
<time>2024-11-11T15:31:54Z</time>
</trkpt>
<trkpt lat="33.94639400" lon="-111.16135000">
<ele>1761.281</ele>
<time>2024-11-11T15:31:54Z</time>
</trkpt>
<trkpt lat="33.94666200" lon="-111.16141400">
<ele>1762.047</ele>
<time>2024-11-11T15:31:54Z</time>
</trkpt>
<trkpt lat="33.94679800" lon="-111.16141800">
<ele>1762.109</ele>
<time>2024-11-11T15:31:54Z</time>
</trkpt>
<trkpt lat="33.94693800" lon="-111.16136000">
<ele>1761.898</ele>
<time>2024-11-11T15:31:54Z</time>
</trkpt>
<trkpt lat="33.94708300" lon="-111.16125600">
<ele>1761.309</ele>
<time>2024-11-11T15:31:54Z</time>
</trkpt>
<trkpt lat="33.94722700" lon="-111.16114700">
<ele>1760.301</ele>
<time>2024-11-11T15:31:54Z</time>
</trkpt>
<trkpt lat="33.94744500" lon="-111.16091100">
<ele>1760.094</ele>
<time>2024-11-11T15:31:54Z</time>
</trkpt>
<trkpt lat="33.94762600" lon="-111.16055200">
<ele>1763.559</ele>
<time>2024-11-11T15:31:54Z</time>
</trkpt>
<trkpt lat="33.94775300" lon="-111.16038700">
<ele>1766.340</ele>
<time>2024-11-11T15:31:54Z</time>
</trkpt>
<trkpt lat="33.94820500" lon="-111.15991800">
<ele>1764.328</ele>
<time>2024-11-11T15:31:54Z</time>
</trkpt>
<trkpt lat="33.94848100" lon="-111.15959000">
<ele>1763.223</ele>
<time>2024-11-11T15:31:54Z</time>
</trkpt>
<trkpt lat="33.94882600" lon="-111.15908100">
<ele>1764.309</ele>
<time>2024-11-11T15:31:54Z</time>
</trkpt>
<trkpt lat="33.94906400" lon="-111.15863500">
<ele>1765.957</ele>
<time>2024-11-11T15:31:54Z</time>
</trkpt>
<trkpt lat="33.94913100" lon="-111.15846100">
<ele>1766.141</ele>
<time>2024-11-11T15:31:54Z</time>
</trkpt>
<trkpt lat="33.94934200" lon="-111.15813000">
<ele>1766.105</ele>
<time>2024-11-11T15:31:54Z</time>
</trkpt>
<trkpt lat="33.94947200" lon="-111.15798300">
<ele>1766.477</ele>
<time>2024-11-11T15:31:54Z</time>
</trkpt>
<trkpt lat="33.94968300" lon="-111.15778900">
<ele>1767.871</ele>
<time>2024-11-11T15:31:54Z</time>
</trkpt>
<trkpt lat="33.94979100" lon="-111.15764700">
<ele>1769.023</ele>
<time>2024-11-11T15:31:54Z</time>
</trkpt>
<trkpt lat="33.94988400" lon="-111.15755500">
<ele>1769.336</ele>
<time>2024-11-11T15:31:54Z</time>
</trkpt>
<trkpt lat="33.95020200" lon="-111.15728800">
<ele>1771.828</ele>
<time>2024-11-11T15:31:54Z</time>
</trkpt>
<trkpt lat="33.95031700" lon="-111.15698000">
<ele>1773.496</ele>
<time>2024-11-11T15:31:54Z</time>
</trkpt>
<trkpt lat="33.95041100" lon="-111.15680900">
<ele>1772.793</ele>
<time>2024-11-11T15:31:54Z</time>
</trkpt>
<trkpt lat="33.95057400" lon="-111.15644900">
<ele>1772.051</ele>
<time>2024-11-11T15:31:54Z</time>
</trkpt>
<trkpt lat="33.95061500" lon="-111.15631000">
<ele>1771.660</ele>
<time>2024-11-11T15:31:54Z</time>
</trkpt>
<trkpt lat="33.95062900" lon="-111.15597400">
<ele>1768.605</ele>
<time>2024-11-11T15:31:54Z</time>
</trkpt>
<trkpt lat="33.95069600" lon="-111.15570100">
<ele>1766.520</ele>
<time>2024-11-11T15:31:54Z</time>
</trkpt>
<trkpt lat="33.95074100" lon="-111.15558300">
<ele>1766.086</ele>
<time>2024-11-11T15:31:54Z</time>
</trkpt>
<trkpt lat="33.95078000" lon="-111.15537700">
<ele>1766.750</ele>
<time>2024-11-11T15:31:54Z</time>
</trkpt>
<trkpt lat="33.95088400" lon="-111.15508200">
<ele>1768.469</ele>
<time>2024-11-11T15:31:54Z</time>
</trkpt>
<trkpt lat="33.95092800" lon="-111.15474900">
<ele>1771.070</ele>
<time>2024-11-11T15:31:54Z</time>
</trkpt>
<trkpt lat="33.95099200" lon="-111.15443400">
<ele>1769.789</ele>
<time>2024-11-11T15:31:54Z</time>
</trkpt>
<trkpt lat="33.95104800" lon="-111.15428300">
<ele>1768.383</ele>
<time>2024-11-11T15:31:54Z</time>
</trkpt>
<trkpt lat="33.95108500" lon="-111.15401300">
<ele>1767.227</ele>
<time>2024-11-11T15:31:54Z</time>
</trkpt>
<trkpt lat="33.95115800" lon="-111.15385700">
<ele>1766.750</ele>
<time>2024-11-11T15:31:54Z</time>
</trkpt>
<trkpt lat="33.95119900" lon="-111.15374900">
<ele>1766.859</ele>
<time>2024-11-11T15:31:54Z</time>
</trkpt>
<trkpt lat="33.95123200" lon="-111.15359900">
<ele>1767.141</ele>
<time>2024-11-11T15:31:54Z</time>
</trkpt>
<trkpt lat="33.95128900" lon="-111.15347600">
<ele>1766.711</ele>
<time>2024-11-11T15:31:54Z</time>
</trkpt>
<trkpt lat="33.95131000" lon="-111.15335100">
<ele>1766.566</ele>
<time>2024-11-11T15:31:54Z</time>
</trkpt>
<trkpt lat="33.95136600" lon="-111.15321100">
<ele>1764.066</ele>
<time>2024-11-11T15:31:54Z</time>
</trkpt>
<trkpt lat="33.95140200" lon="-111.15303900">
<ele>1760.895</ele>
<time>2024-11-11T15:31:54Z</time>
</trkpt>
<trkpt lat="33.95148400" lon="-111.15278300">
<ele>1758.703</ele>
<time>2024-11-11T15:31:54Z</time>
</trkpt>
<trkpt lat="33.95168900" lon="-111.15200300">
<ele>1760.563</ele>
<time>2024-11-11T15:31:54Z</time>
</trkpt>
<trkpt lat="33.95188300" lon="-111.15152400">
<ele>1756.406</ele>
<time>2024-11-11T15:31:54Z</time>
</trkpt>
<trkpt lat="33.95196300" lon="-111.15137100">
<ele>1754.992</ele>
<time>2024-11-11T15:31:54Z</time>
</trkpt>
<trkpt lat="33.95206500" lon="-111.15127700">
<ele>1754.672</ele>
<time>2024-11-11T15:31:54Z</time>
</trkpt>
<trkpt lat="33.95231200" lon="-111.15089400">
<ele>1752.473</ele>
<time>2024-11-11T15:31:54Z</time>
</trkpt>
<trkpt lat="33.95241400" lon="-111.15080400">
<ele>1750.777</ele>
<time>2024-11-11T15:31:54Z</time>
</trkpt>
<trkpt lat="33.95250300" lon="-111.15067000">
<ele>1749.586</ele>
<time>2024-11-11T15:31:54Z</time>
</trkpt>
<trkpt lat="33.95258200" lon="-111.15060300">
<ele>1749.355</ele>
<time>2024-11-11T15:31:54Z</time>
</trkpt>
<trkpt lat="33.95266100" lon="-111.15050000">
<ele>1748.902</ele>
<time>2024-11-11T15:31:54Z</time>
</trkpt>
<trkpt lat="33.95271300" lon="-111.15036900">
<ele>1748.309</ele>
<time>2024-11-11T15:31:54Z</time>
</trkpt>
<trkpt lat="33.95307800" lon="-111.14973600">
<ele>1747.934</ele>
<time>2024-11-11T15:31:54Z</time>
</trkpt>
<trkpt lat="33.95328200" lon="-111.14965100">
<ele>1748.359</ele>
<time>2024-11-11T15:31:54Z</time>
</trkpt>
<trkpt lat="33.95356500" lon="-111.14950700">
<ele>1746.508</ele>
<time>2024-11-11T15:31:54Z</time>
</trkpt>
<trkpt lat="33.95364900" lon="-111.14941000">
<ele>1745.453</ele>
<time>2024-11-11T15:31:54Z</time>
</trkpt>
<trkpt lat="33.95373700" lon="-111.14935200">
<ele>1744.266</ele>
<time>2024-11-11T15:31:54Z</time>
</trkpt>
<trkpt lat="33.95390200" lon="-111.14914200">
<ele>1741.820</ele>
<time>2024-11-11T15:31:54Z</time>
</trkpt>
<trkpt lat="33.95399800" lon="-111.14906200">
<ele>1740.813</ele>
<time>2024-11-11T15:31:54Z</time>
</trkpt>
<trkpt lat="33.95413500" lon="-111.14901600">
<ele>1739.660</ele>
<time>2024-11-11T15:31:54Z</time>
</trkpt>
<trkpt lat="33.95424300" lon="-111.14892400">
<ele>1738.145</ele>
<time>2024-11-11T15:31:54Z</time>
</trkpt>
<trkpt lat="33.95430800" lon="-111.14881900">
<ele>1737.184</ele>
<time>2024-11-11T15:31:54Z</time>
</trkpt>
<trkpt lat="33.95433800" lon="-111.14868800">
<ele>1737.219</ele>
<time>2024-11-11T15:31:54Z</time>
</trkpt>
<trkpt lat="33.95427400" lon="-111.14857300">
<ele>1738.656</ele>
<time>2024-11-11T15:31:54Z</time>
</trkpt>
<trkpt lat="33.95417200" lon="-111.14848400">
<ele>1740.422</ele>
<time>2024-11-11T15:31:54Z</time>
</trkpt>
<trkpt lat="33.95413300" lon="-111.14834800">
<ele>1740.938</ele>
<time>2024-11-11T15:31:54Z</time>
</trkpt>
<trkpt lat="33.95425000" lon="-111.14808900">
<ele>1739.273</ele>
<time>2024-11-11T15:31:54Z</time>
</trkpt>
<trkpt lat="33.95428900" lon="-111.14791800">
<ele>1738.063</ele>
<time>2024-11-11T15:31:54Z</time>
</trkpt>
<trkpt lat="33.95430600" lon="-111.14762800">
<ele>1738.738</ele>
<time>2024-11-11T15:31:54Z</time>
</trkpt>
<trkpt lat="33.95429700" lon="-111.14749000">
<ele>1740.207</ele>
<time>2024-11-11T15:31:54Z</time>
</trkpt>
<trkpt lat="33.95434200" lon="-111.14737100">
<ele>1740.480</ele>
<time>2024-11-11T15:31:54Z</time>
</trkpt>
<trkpt lat="33.95442100" lon="-111.14673400">
<ele>1744.070</ele>
<time>2024-11-11T15:31:54Z</time>
</trkpt>
<trkpt lat="33.95438600" lon="-111.14663700">
<ele>1745.539</ele>
<time>2024-11-11T15:31:54Z</time>
</trkpt>
<trkpt lat="33.95440600" lon="-111.14615700">
<ele>1749.441</ele>
<time>2024-11-11T15:31:54Z</time>
</trkpt>
<trkpt lat="33.95439500" lon="-111.14599300">
<ele>1748.855</ele>
<time>2024-11-11T15:31:54Z</time>
</trkpt>
<trkpt lat="33.95435300" lon="-111.14580300">
<ele>1748.316</ele>
<time>2024-11-11T15:31:54Z</time>
</trkpt>
<trkpt lat="33.95419200" lon="-111.14540600">
<ele>1750.750</ele>
<time>2024-11-11T15:31:54Z</time>
</trkpt>
<trkpt lat="33.95424500" lon="-111.14524600">
<ele>1751.168</ele>
<time>2024-11-11T15:31:54Z</time>
</trkpt>
<trkpt lat="33.95436100" lon="-111.14522200">
<ele>1749.902</ele>
<time>2024-11-11T15:31:54Z</time>
</trkpt>
<trkpt lat="33.95451800" lon="-111.14515900">
<ele>1748.453</ele>
<time>2024-11-11T15:31:54Z</time>
</trkpt>
<trkpt lat="33.95459700" lon="-111.14507500">
<ele>1748.453</ele>
<time>2024-11-11T15:31:54Z</time>
</trkpt>
<trkpt lat="33.95469600" lon="-111.14483700">
<ele>1751.164</ele>
<time>2024-11-11T15:31:54Z</time>
</trkpt>
<trkpt lat="33.95472000" lon="-111.14466100">
<ele>1753.930</ele>
<time>2024-11-11T15:31:54Z</time>
</trkpt>
<trkpt lat="33.95472200" lon="-111.14458200">
<ele>1755.086</ele>
<time>2024-11-11T15:31:54Z</time>
</trkpt>
<trkpt lat="33.95472200" lon="-111.14458200">
<ele>1755.086</ele>
<time>2024-11-11T15:31:54Z</time>
</trkpt>
<trkpt lat="33.95472400" lon="-111.14448700">
<ele>1756.387</ele>
<time>2024-11-11T15:31:54Z</time>
</trkpt>
<trkpt lat="33.95468000" lon="-111.14423000">
<ele>1760.227</ele>
<time>2024-11-11T15:31:54Z</time>
</trkpt>
<trkpt lat="33.95471300" lon="-111.14406200">
<ele>1760.262</ele>
<time>2024-11-11T15:31:54Z</time>
</trkpt>
<trkpt lat="33.95467900" lon="-111.14388100">
<ele>1760.875</ele>
<time>2024-11-11T15:31:54Z</time>
</trkpt>
<trkpt lat="33.95461700" lon="-111.14370200">
<ele>1761.277</ele>
<time>2024-11-11T15:31:54Z</time>
</trkpt>
<trkpt lat="33.95454700" lon="-111.14356000">
<ele>1762.055</ele>
<time>2024-11-11T15:31:54Z</time>
</trkpt>
<trkpt lat="33.95445200" lon="-111.14348300">
<ele>1763.445</ele>
<time>2024-11-11T15:31:54Z</time>
</trkpt>
<trkpt lat="33.95434200" lon="-111.14344800">
<ele>1764.172</ele>
<time>2024-11-11T15:31:54Z</time>
</trkpt>
<trkpt lat="33.95406100" lon="-111.14342500">
<ele>1766.363</ele>
<time>2024-11-11T15:31:54Z</time>
</trkpt>
<trkpt lat="33.95381400" lon="-111.14337900">
<ele>1768.801</ele>
<time>2024-11-11T15:31:54Z</time>
</trkpt>
<trkpt lat="33.95352900" lon="-111.14342200">
<ele>1770.777</ele>
<time>2024-11-11T15:31:54Z</time>
</trkpt>
<trkpt lat="33.95337700" lon="-111.14346800">
<ele>1770.914</ele>
<time>2024-11-11T15:31:54Z</time>
</trkpt>
<trkpt lat="33.95296900" lon="-111.14342000">
<ele>1772.879</ele>
<time>2024-11-11T15:31:54Z</time>
</trkpt>
<trkpt lat="33.95284800" lon="-111.14342300">
<ele>1773.148</ele>
<time>2024-11-11T15:31:54Z</time>
</trkpt>
<trkpt lat="33.95260300" lon="-111.14350200">
<ele>1775.008</ele>
<time>2024-11-11T15:31:54Z</time>
</trkpt>
<trkpt lat="33.95243500" lon="-111.14351300">
<ele>1776.340</ele>
<time>2024-11-11T15:31:54Z</time>
</trkpt>
<trkpt lat="33.95218000" lon="-111.14350000">
<ele>1777.949</ele>
<time>2024-11-11T15:31:54Z</time>
</trkpt>
<trkpt lat="33.95174100" lon="-111.14342400">
<ele>1779.914</ele>
<time>2024-11-11T15:31:54Z</time>
</trkpt>
<trkpt lat="33.95163000" lon="-111.14338300">
<ele>1780.336</ele>
<time>2024-11-11T15:31:54Z</time>
</trkpt>
<trkpt lat="33.95136900" lon="-111.14339600">
<ele>1780.344</ele>
<time>2024-11-11T15:31:54Z</time>
</trkpt>
<trkpt lat="33.95123500" lon="-111.14333900">
<ele>1778.902</ele>
<time>2024-11-11T15:31:54Z</time>
</trkpt>
<trkpt lat="33.95109900" lon="-111.14334600">
<ele>1778.152</ele>
<time>2024-11-11T15:31:54Z</time>
</trkpt>
<trkpt lat="33.95094600" lon="-111.14338500">
<ele>1778.750</ele>
<time>2024-11-11T15:31:54Z</time>
</trkpt>
<trkpt lat="33.95075500" lon="-111.14357400">
<ele>1779.039</ele>
<time>2024-11-11T15:31:54Z</time>
</trkpt>
<trkpt lat="33.95040700" lon="-111.14401800">
<ele>1780.914</ele>
<time>2024-11-11T15:31:54Z</time>
</trkpt>
<trkpt lat="33.95027100" lon="-111.14406700">
<ele>1781.359</ele>
<time>2024-11-11T15:31:54Z</time>
</trkpt>
<trkpt lat="33.95000500" lon="-111.14401200">
<ele>1782.871</ele>
<time>2024-11-11T15:31:54Z</time>
</trkpt>
<trkpt lat="33.94973400" lon="-111.14412500">
<ele>1787.492</ele>
<time>2024-11-11T15:31:54Z</time>
</trkpt>
<trkpt lat="33.94915700" lon="-111.14374500">
<ele>1791.484</ele>
<time>2024-11-11T15:31:54Z</time>
</trkpt>
<trkpt lat="33.94889600" lon="-111.14354000">
<ele>1788.309</ele>
<time>2024-11-11T15:31:54Z</time>
</trkpt>
<trkpt lat="33.94848300" lon="-111.14351000">
<ele>1789.484</ele>
<time>2024-11-11T15:31:54Z</time>
</trkpt>
<trkpt lat="33.94827600" lon="-111.14348800">
<ele>1790.363</ele>
<time>2024-11-11T15:31:54Z</time>
</trkpt>
<trkpt lat="33.94822400" lon="-111.14346900">
<ele>1790.168</ele>
<time>2024-11-11T15:31:54Z</time>
</trkpt>
<trkpt lat="33.94818800" lon="-111.14347800">
<ele>1790.383</ele>
<time>2024-11-11T15:31:54Z</time>
</trkpt>
<trkpt lat="33.94808700" lon="-111.14356100">
<ele>1791.977</ele>
<time>2024-11-11T15:31:54Z</time>
</trkpt>
<trkpt lat="33.94797000" lon="-111.14366200">
<ele>1793.219</ele>
<time>2024-11-11T15:31:54Z</time>
</trkpt>
<trkpt lat="33.94787500" lon="-111.14377400">
<ele>1794.082</ele>
<time>2024-11-11T15:31:54Z</time>
</trkpt>
<trkpt lat="33.94776500" lon="-111.14385700">
<ele>1794.813</ele>
<time>2024-11-11T15:31:54Z</time>
</trkpt>
<trkpt lat="33.94765600" lon="-111.14392500">
<ele>1795.930</ele>
<time>2024-11-11T15:31:54Z</time>
</trkpt>
<trkpt lat="33.94754500" lon="-111.14389200">
<ele>1796.641</ele>
<time>2024-11-11T15:31:54Z</time>
</trkpt>
<trkpt lat="33.94746000" lon="-111.14375500">
<ele>1796.316</ele>
<time>2024-11-11T15:31:54Z</time>
</trkpt>
<trkpt lat="33.94741500" lon="-111.14361500">
<ele>1795.805</ele>
<time>2024-11-11T15:31:54Z</time>
</trkpt>
<trkpt lat="33.94736100" lon="-111.14347800">
<ele>1795.363</ele>
<time>2024-11-11T15:31:54Z</time>
</trkpt>
<trkpt lat="33.94732900" lon="-111.14332900">
<ele>1793.777</ele>
<time>2024-11-11T15:31:54Z</time>
</trkpt>
<trkpt lat="33.94726400" lon="-111.14322300">
<ele>1792.605</ele>
<time>2024-11-11T15:31:54Z</time>
</trkpt>
<trkpt lat="33.94717200" lon="-111.14314000">
<ele>1792.082</ele>
<time>2024-11-11T15:31:54Z</time>
</trkpt>
<trkpt lat="33.94702600" lon="-111.14310600">
<ele>1793.055</ele>
<time>2024-11-11T15:31:54Z</time>
</trkpt>
<trkpt lat="33.94688400" lon="-111.14313100">
<ele>1794.973</ele>
<time>2024-11-11T15:31:54Z</time>
</trkpt>
<trkpt lat="33.94675300" lon="-111.14316100">
<ele>1796.715</ele>
<time>2024-11-11T15:31:54Z</time>
</trkpt>
<trkpt lat="33.94660100" lon="-111.14321100">
<ele>1798.570</ele>
<time>2024-11-11T15:31:54Z</time>
</trkpt>
<trkpt lat="33.94648100" lon="-111.14323100">
<ele>1799.434</ele>
<time>2024-11-11T15:31:54Z</time>
</trkpt>
<trkpt lat="33.94634200" lon="-111.14323000">
<ele>1800.059</ele>
<time>2024-11-11T15:31:54Z</time>
</trkpt>
<trkpt lat="33.94624300" lon="-111.14320100">
<ele>1800.094</ele>
<time>2024-11-11T15:31:54Z</time>
</trkpt>
<trkpt lat="33.94612300" lon="-111.14318500">
<ele>1800.418</ele>
<time>2024-11-11T15:31:54Z</time>
</trkpt>
<trkpt lat="33.94599500" lon="-111.14317400">
<ele>1800.871</ele>
<time>2024-11-11T15:31:54Z</time>
</trkpt>
<trkpt lat="33.94586800" lon="-111.14313500">
<ele>1801.383</ele>
<time>2024-11-11T15:31:54Z</time>
</trkpt>
<trkpt lat="33.94572600" lon="-111.14310500">
<ele>1801.762</ele>
<time>2024-11-11T15:31:54Z</time>
</trkpt>
<trkpt lat="33.94558400" lon="-111.14308600">
<ele>1802.156</ele>
<time>2024-11-11T15:31:54Z</time>
</trkpt>
<trkpt lat="33.94545500" lon="-111.14307200">
<ele>1803.098</ele>
<time>2024-11-11T15:31:54Z</time>
</trkpt>
<trkpt lat="33.94533600" lon="-111.14304200">
<ele>1804.313</ele>
<time>2024-11-11T15:31:54Z</time>
</trkpt>
<trkpt lat="33.94521300" lon="-111.14298400">
<ele>1805.730</ele>
<time>2024-11-11T15:31:54Z</time>
</trkpt>
<trkpt lat="33.94511300" lon="-111.14294200">
<ele>1806.809</ele>
<time>2024-11-11T15:31:54Z</time>
</trkpt>
<trkpt lat="33.94500200" lon="-111.14288400">
<ele>1808.000</ele>
<time>2024-11-11T15:31:54Z</time>
</trkpt>
<trkpt lat="33.94488500" lon="-111.14280300">
<ele>1808.395</ele>
<time>2024-11-11T15:31:54Z</time>
</trkpt>
<trkpt lat="33.94478000" lon="-111.14274800">
<ele>1808.770</ele>
<time>2024-11-11T15:31:54Z</time>
</trkpt>
<trkpt lat="33.94468000" lon="-111.14266200">
<ele>1809.215</ele>
<time>2024-11-11T15:31:54Z</time>
</trkpt>
<trkpt lat="33.94456700" lon="-111.14256000">
<ele>1809.977</ele>
<time>2024-11-11T15:31:54Z</time>
</trkpt>
<trkpt lat="33.94446900" lon="-111.14247700">
<ele>1810.813</ele>
<time>2024-11-11T15:31:54Z</time>
</trkpt>
<trkpt lat="33.94437100" lon="-111.14239500">
<ele>1811.000</ele>
<time>2024-11-11T15:31:54Z</time>
</trkpt>
<trkpt lat="33.94425100" lon="-111.14231900">
<ele>1811.000</ele>
<time>2024-11-11T15:31:54Z</time>
</trkpt>
<trkpt lat="33.94412600" lon="-111.14224900">
<ele>1811.262</ele>
<time>2024-11-11T15:31:54Z</time>
</trkpt>
<trkpt lat="33.94400700" lon="-111.14218800">
<ele>1812.109</ele>
<time>2024-11-11T15:31:54Z</time>
</trkpt>
<trkpt lat="33.94389100" lon="-111.14212400">
<ele>1812.625</ele>
<time>2024-11-11T15:31:54Z</time>
</trkpt>
<trkpt lat="33.94378900" lon="-111.14207900">
<ele>1813.371</ele>
<time>2024-11-11T15:31:54Z</time>
</trkpt>
<trkpt lat="33.94367100" lon="-111.14202100">
<ele>1814.059</ele>
<time>2024-11-11T15:31:54Z</time>
</trkpt>
<trkpt lat="33.94356400" lon="-111.14195600">
<ele>1814.660</ele>
<time>2024-11-11T15:31:54Z</time>
</trkpt>
<trkpt lat="33.94343000" lon="-111.14191300">
<ele>1815.828</ele>
<time>2024-11-11T15:31:54Z</time>
</trkpt>
<trkpt lat="33.94330400" lon="-111.14188100">
<ele>1817.246</ele>
<time>2024-11-11T15:31:54Z</time>
</trkpt>
<trkpt lat="33.94296800" lon="-111.14166800">
<ele>1820.320</ele>
<time>2024-11-11T15:31:54Z</time>
</trkpt>
<trkpt lat="33.94278800" lon="-111.14156600">
<ele>1820.590</ele>
<time>2024-11-11T15:31:54Z</time>
</trkpt>
<trkpt lat="33.94266900" lon="-111.14151300">
<ele>1820.602</ele>
<time>2024-11-11T15:31:54Z</time>
</trkpt>
<trkpt lat="33.94255900" lon="-111.14148800">
<ele>1820.648</ele>
<time>2024-11-11T15:31:54Z</time>
</trkpt>
<trkpt lat="33.94245100" lon="-111.14142400">
<ele>1820.383</ele>
<time>2024-11-11T15:31:54Z</time>
</trkpt>
<trkpt lat="33.94231900" lon="-111.14140800">
<ele>1820.750</ele>
<time>2024-11-11T15:31:54Z</time>
</trkpt>
<trkpt lat="33.94227300" lon="-111.14140300">
<ele>1820.871</ele>
<time>2024-11-11T15:31:54Z</time>
</trkpt>
<trkpt lat="33.94219600" lon="-111.14139400">
<ele>1821.082</ele>
<time>2024-11-11T15:31:54Z</time>
</trkpt>
<trkpt lat="33.94207000" lon="-111.14140900">
<ele>1821.621</ele>
<time>2024-11-11T15:31:54Z</time>
</trkpt>
<trkpt lat="33.94194500" lon="-111.14142800">
<ele>1822.160</ele>
<time>2024-11-11T15:31:54Z</time>
</trkpt>
<trkpt lat="33.94180700" lon="-111.14142600">
<ele>1822.559</ele>
<time>2024-11-11T15:31:54Z</time>
</trkpt>
<trkpt lat="33.94167400" lon="-111.14144400">
<ele>1822.988</ele>
<time>2024-11-11T15:31:54Z</time>
</trkpt>
<trkpt lat="33.94154700" lon="-111.14144800">
<ele>1823.273</ele>
<time>2024-11-11T15:31:54Z</time>
</trkpt>
<trkpt lat="33.94140300" lon="-111.14145200">
<ele>1823.633</ele>
<time>2024-11-11T15:31:54Z</time>
</trkpt>
<trkpt lat="33.94129300" lon="-111.14145100">
<ele>1823.816</ele>
<time>2024-11-11T15:31:54Z</time>
</trkpt>
<trkpt lat="33.94117500" lon="-111.14145500">
<ele>1824.152</ele>
<time>2024-11-11T15:31:54Z</time>
</trkpt>
<trkpt lat="33.94102900" lon="-111.14148000">
<ele>1825.223</ele>
<time>2024-11-11T15:31:54Z</time>
</trkpt>
<trkpt lat="33.94090100" lon="-111.14150000">
<ele>1826.520</ele>
<time>2024-11-11T15:31:54Z</time>
</trkpt>
<trkpt lat="33.94077000" lon="-111.14148400">
<ele>1827.168</ele>
<time>2024-11-11T15:31:54Z</time>
</trkpt>
<trkpt lat="33.94064700" lon="-111.14142700">
<ele>1827.156</ele>
<time>2024-11-11T15:31:54Z</time>
</trkpt>
<trkpt lat="33.94052500" lon="-111.14137800">
<ele>1827.020</ele>
<time>2024-11-11T15:31:54Z</time>
</trkpt>
<trkpt lat="33.94040600" lon="-111.14128900">
<ele>1826.078</ele>
<time>2024-11-11T15:31:54Z</time>
</trkpt>
<trkpt lat="33.94027600" lon="-111.14119200">
<ele>1824.691</ele>
<time>2024-11-11T15:31:54Z</time>
</trkpt>
<trkpt lat="33.94015400" lon="-111.14107200">
<ele>1823.355</ele>
<time>2024-11-11T15:31:54Z</time>
</trkpt>
<trkpt lat="33.94003100" lon="-111.14096500">
<ele>1821.719</ele>
<time>2024-11-11T15:31:54Z</time>
</trkpt>
<trkpt lat="33.93993300" lon="-111.14090500">
<ele>1821.215</ele>
<time>2024-11-11T15:31:54Z</time>
</trkpt>
<trkpt lat="33.93983200" lon="-111.14085600">
<ele>1821.215</ele>
<time>2024-11-11T15:31:54Z</time>
</trkpt>
<trkpt lat="33.93970300" lon="-111.14077200">
<ele>1821.098</ele>
<time>2024-11-11T15:31:54Z</time>
</trkpt>
<trkpt lat="33.93970100" lon="-111.14077100">
<ele>1821.098</ele>
<time>2024-11-11T15:31:54Z</time>
</trkpt>
<trkpt lat="33.93954000" lon="-111.14072700">
<ele>1822.105</ele>
<time>2024-11-11T15:31:54Z</time>
</trkpt>
<trkpt lat="33.93934900" lon="-111.14049300">
<ele>1821.324</ele>
<time>2024-11-11T15:31:54Z</time>
</trkpt>
<trkpt lat="33.93926500" lon="-111.14035400">
<ele>1820.891</ele>
<time>2024-11-11T15:31:54Z</time>
</trkpt>
<trkpt lat="33.93917800" lon="-111.14022000">
<ele>1819.844</ele>
<time>2024-11-11T15:31:54Z</time>
</trkpt>
<trkpt lat="33.93907700" lon="-111.14010800">
<ele>1818.348</ele>
<time>2024-11-11T15:31:54Z</time>
</trkpt>
<trkpt lat="33.93900400" lon="-111.13999000">
<ele>1815.816</ele>
<time>2024-11-11T15:31:54Z</time>
</trkpt>
<trkpt lat="33.93889400" lon="-111.13989000">
<ele>1814.020</ele>
<time>2024-11-11T15:31:54Z</time>
</trkpt>
<trkpt lat="33.93876400" lon="-111.13987300">
<ele>1813.410</ele>
<time>2024-11-11T15:31:54Z</time>
</trkpt>
<trkpt lat="33.93865100" lon="-111.13990800">
<ele>1813.797</ele>
<time>2024-11-11T15:31:54Z</time>
</trkpt>
<trkpt lat="33.93850200" lon="-111.13994400">
<ele>1814.621</ele>
<time>2024-11-11T15:31:54Z</time>
</trkpt>
<trkpt lat="33.93840000" lon="-111.13993100">
<ele>1814.941</ele>
<time>2024-11-11T15:31:54Z</time>
</trkpt>
<trkpt lat="33.93822100" lon="-111.13991600">
<ele>1817.699</ele>
<time>2024-11-11T15:31:54Z</time>
</trkpt>
<trkpt lat="33.93814400" lon="-111.13964300">
<ele>1818.074</ele>
<time>2024-11-11T15:31:54Z</time>
</trkpt>
<trkpt lat="33.93814900" lon="-111.13945400">
<ele>1818.266</ele>
<time>2024-11-11T15:31:54Z</time>
</trkpt>
<trkpt lat="33.93808100" lon="-111.13930300">
<ele>1820.387</ele>
<time>2024-11-11T15:31:54Z</time>
</trkpt>
<trkpt lat="33.93796900" lon="-111.13918100">
<ele>1822.273</ele>
<time>2024-11-11T15:31:54Z</time>
</trkpt>
<trkpt lat="33.93788300" lon="-111.13910700">
<ele>1823.012</ele>
<time>2024-11-11T15:31:54Z</time>
</trkpt>
<trkpt lat="33.93784000" lon="-111.13896900">
<ele>1821.906</ele>
<time>2024-11-11T15:31:54Z</time>
</trkpt>
<trkpt lat="33.93778400" lon="-111.13884900">
<ele>1820.578</ele>
<time>2024-11-11T15:31:54Z</time>
</trkpt>
<trkpt lat="33.93766800" lon="-111.13881600">
<ele>1822.582</ele>
<time>2024-11-11T15:31:54Z</time>
</trkpt>
<trkpt lat="33.93756500" lon="-111.13871200">
<ele>1823.555</ele>
<time>2024-11-11T15:31:54Z</time>
</trkpt>
<trkpt lat="33.93755200" lon="-111.13854100">
<ele>1820.961</ele>
<time>2024-11-11T15:31:54Z</time>
</trkpt>
<trkpt lat="33.93754900" lon="-111.13842500">
<ele>1817.938</ele>
<time>2024-11-11T15:31:54Z</time>
</trkpt>
<trkpt lat="33.93751100" lon="-111.13827400">
<ele>1815.145</ele>
<time>2024-11-11T15:31:54Z</time>
</trkpt>
<trkpt lat="33.93746100" lon="-111.13809000">
<ele>1813.461</ele>
<time>2024-11-11T15:31:54Z</time>
</trkpt>
<trkpt lat="33.93736900" lon="-111.13795700">
<ele>1811.277</ele>
<time>2024-11-11T15:31:54Z</time>
</trkpt>
<trkpt lat="33.93724300" lon="-111.13795800">
<ele>1811.277</ele>
<time>2024-11-11T15:31:54Z</time>
</trkpt>
<trkpt lat="33.93711100" lon="-111.13803700">
<ele>1812.695</ele>
<time>2024-11-11T15:31:54Z</time>
</trkpt>
<trkpt lat="33.93700100" lon="-111.13815300">
<ele>1815.445</ele>
<time>2024-11-11T15:31:54Z</time>
</trkpt>
<trkpt lat="33.93689500" lon="-111.13821100">
<ele>1817.512</ele>
<time>2024-11-11T15:31:54Z</time>
</trkpt>
<trkpt lat="33.93663800" lon="-111.13809800">
<ele>1820.094</ele>
<time>2024-11-11T15:31:54Z</time>
</trkpt>
<trkpt lat="33.93659000" lon="-111.13796000">
<ele>1819.426</ele>
<time>2024-11-11T15:31:54Z</time>
</trkpt>
<trkpt lat="33.93660600" lon="-111.13782000">
<ele>1815.391</ele>
<time>2024-11-11T15:31:54Z</time>
</trkpt>
<trkpt lat="33.93659300" lon="-111.13764900">
<ele>1813.551</ele>
<time>2024-11-11T15:31:54Z</time>
</trkpt>
<trkpt lat="33.93661100" lon="-111.13758900">
<ele>1812.004</ele>
<time>2024-11-11T15:31:54Z</time>
</trkpt>
<trkpt lat="33.93664700" lon="-111.13746700">
<ele>1809.188</ele>
<time>2024-11-11T15:31:54Z</time>
</trkpt>
<trkpt lat="33.93664100" lon="-111.13716900">
<ele>1805.539</ele>
<time>2024-11-11T15:31:54Z</time>
</trkpt>
<trkpt lat="33.93658500" lon="-111.13705300">
<ele>1804.277</ele>
<time>2024-11-11T15:31:54Z</time>
</trkpt>
<trkpt lat="33.93644800" lon="-111.13698800">
<ele>1805.719</ele>
<time>2024-11-11T15:31:54Z</time>
</trkpt>
<trkpt lat="33.93631200" lon="-111.13700800">
<ele>1807.813</ele>
<time>2024-11-11T15:31:54Z</time>
</trkpt>
<trkpt lat="33.93619700" lon="-111.13707400">
<ele>1809.926</ele>
<time>2024-11-11T15:31:54Z</time>
</trkpt>
<trkpt lat="33.93606900" lon="-111.13707800">
<ele>1811.371</ele>
<time>2024-11-11T15:31:54Z</time>
</trkpt>
<trkpt lat="33.93595500" lon="-111.13702600">
<ele>1811.477</ele>
<time>2024-11-11T15:31:54Z</time>
</trkpt>
<trkpt lat="33.93584500" lon="-111.13696900">
<ele>1811.371</ele>
<time>2024-11-11T15:31:54Z</time>
</trkpt>
<trkpt lat="33.93573700" lon="-111.13691400">
<ele>1812.602</ele>
<time>2024-11-11T15:31:54Z</time>
</trkpt>
<trkpt lat="33.93563300" lon="-111.13681500">
<ele>1813.719</ele>
<time>2024-11-11T15:31:54Z</time>
</trkpt>
<trkpt lat="33.93552800" lon="-111.13666700">
<ele>1813.414</ele>
<time>2024-11-11T15:31:54Z</time>
</trkpt>
<trkpt lat="33.93537400" lon="-111.13643500">
<ele>1814.039</ele>
<time>2024-11-11T15:31:54Z</time>
</trkpt>
<trkpt lat="33.93530200" lon="-111.13630600">
<ele>1814.633</ele>
<time>2024-11-11T15:31:54Z</time>
</trkpt>
<trkpt lat="33.93520700" lon="-111.13617200">
<ele>1815.203</ele>
<time>2024-11-11T15:31:54Z</time>
</trkpt>
<trkpt lat="33.93510100" lon="-111.13605400">
<ele>1813.758</ele>
<time>2024-11-11T15:31:54Z</time>
</trkpt>
<trkpt lat="33.93496500" lon="-111.13601800">
<ele>1812.887</ele>
<time>2024-11-11T15:31:54Z</time>
</trkpt>
<trkpt lat="33.93456800" lon="-111.13581800">
<ele>1807.402</ele>
<time>2024-11-11T15:31:54Z</time>
</trkpt>
<trkpt lat="33.93449200" lon="-111.13569000">
<ele>1806.285</ele>
<time>2024-11-11T15:31:54Z</time>
</trkpt>
<trkpt lat="33.93434000" lon="-111.13567500">
<ele>1807.133</ele>
<time>2024-11-11T15:31:54Z</time>
</trkpt>
<trkpt lat="33.93422300" lon="-111.13578200">
<ele>1808.539</ele>
<time>2024-11-11T15:31:54Z</time>
</trkpt>
<trkpt lat="33.93409700" lon="-111.13587800">
<ele>1810.039</ele>
<time>2024-11-11T15:31:54Z</time>
</trkpt>
<trkpt lat="33.93389700" lon="-111.13584300">
<ele>1810.055</ele>
<time>2024-11-11T15:31:54Z</time>
</trkpt>
<trkpt lat="33.93393100" lon="-111.13564400">
<ele>1809.746</ele>
<time>2024-11-11T15:31:54Z</time>
</trkpt>
<trkpt lat="33.93401400" lon="-111.13552700">
<ele>1809.270</ele>
<time>2024-11-11T15:31:54Z</time>
</trkpt>
<trkpt lat="33.93408200" lon="-111.13534700">
<ele>1809.594</ele>
<time>2024-11-11T15:31:54Z</time>
</trkpt>
<trkpt lat="33.93418300" lon="-111.13526700">
<ele>1808.777</ele>
<time>2024-11-11T15:31:54Z</time>
</trkpt>
<trkpt lat="33.93424100" lon="-111.13510500">
<ele>1807.340</ele>
<time>2024-11-11T15:31:54Z</time>
</trkpt>
<trkpt lat="33.93426100" lon="-111.13494600">
<ele>1806.652</ele>
<time>2024-11-11T15:31:54Z</time>
</trkpt>
<trkpt lat="33.93437100" lon="-111.13483500">
<ele>1805.070</ele>
<time>2024-11-11T15:31:54Z</time>
</trkpt>
<trkpt lat="33.93452000" lon="-111.13466300">
<ele>1805.008</ele>
<time>2024-11-11T15:31:54Z</time>
</trkpt>
<trkpt lat="33.93460200" lon="-111.13451800">
<ele>1807.398</ele>
<time>2024-11-11T15:31:54Z</time>
</trkpt>
<trkpt lat="33.93468700" lon="-111.13442800">
<ele>1808.547</ele>
<time>2024-11-11T15:31:54Z</time>
</trkpt>
<trkpt lat="33.93480200" lon="-111.13446600">
<ele>1806.469</ele>
<time>2024-11-11T15:31:54Z</time>
</trkpt>
<trkpt lat="33.93489800" lon="-111.13447900">
<ele>1804.961</ele>
<time>2024-11-11T15:31:54Z</time>
</trkpt>
<trkpt lat="33.93505100" lon="-111.13441900">
<ele>1803.777</ele>
<time>2024-11-11T15:31:54Z</time>
</trkpt>
<trkpt lat="33.93518300" lon="-111.13440000">
<ele>1802.488</ele>
<time>2024-11-11T15:31:54Z</time>
</trkpt>
<trkpt lat="33.93529200" lon="-111.13432400">
<ele>1801.738</ele>
<time>2024-11-11T15:31:54Z</time>
</trkpt>
<trkpt lat="33.93539300" lon="-111.13421600">
<ele>1801.324</ele>
<time>2024-11-11T15:31:54Z</time>
</trkpt>
<trkpt lat="33.93547100" lon="-111.13409800">
<ele>1801.457</ele>
<time>2024-11-11T15:31:54Z</time>
</trkpt>
<trkpt lat="33.93553800" lon="-111.13398800">
<ele>1800.945</ele>
<time>2024-11-11T15:31:54Z</time>
</trkpt>
<trkpt lat="33.93564900" lon="-111.13380200">
<ele>1801.781</ele>
<time>2024-11-11T15:31:54Z</time>
</trkpt>
<trkpt lat="33.93578200" lon="-111.13353900">
<ele>1803.574</ele>
<time>2024-11-11T15:31:54Z</time>
</trkpt>
<trkpt lat="33.93588400" lon="-111.13348300">
<ele>1802.695</ele>
<time>2024-11-11T15:31:54Z</time>
</trkpt>
<trkpt lat="33.93601200" lon="-111.13344600">
<ele>1801.254</ele>
<time>2024-11-11T15:31:54Z</time>
</trkpt>
<trkpt lat="33.93610500" lon="-111.13351400">
<ele>1799.105</ele>
<time>2024-11-11T15:31:54Z</time>
</trkpt>
<trkpt lat="33.93620500" lon="-111.13357700">
<ele>1798.254</ele>
<time>2024-11-11T15:31:54Z</time>
</trkpt>
<trkpt lat="33.93631700" lon="-111.13360600">
<ele>1798.004</ele>
<time>2024-11-11T15:31:54Z</time>
</trkpt>
<trkpt lat="33.93643500" lon="-111.13360900">
<ele>1798.371</ele>
<time>2024-11-11T15:31:54Z</time>
</trkpt>
<trkpt lat="33.93655700" lon="-111.13359200">
<ele>1799.305</ele>
<time>2024-11-11T15:31:54Z</time>
</trkpt>
<trkpt lat="33.93666800" lon="-111.13354800">
<ele>1800.227</ele>
<time>2024-11-11T15:31:54Z</time>
</trkpt>
<trkpt lat="33.93677600" lon="-111.13348400">
<ele>1801.047</ele>
<time>2024-11-11T15:31:54Z</time>
</trkpt>
<trkpt lat="33.93686600" lon="-111.13338600">
<ele>1802.543</ele>
<time>2024-11-11T15:31:54Z</time>
</trkpt>
<trkpt lat="33.93693400" lon="-111.13326400">
<ele>1804.633</ele>
<time>2024-11-11T15:31:54Z</time>
</trkpt>
<trkpt lat="33.93695800" lon="-111.13312600">
<ele>1806.195</ele>
<time>2024-11-11T15:31:54Z</time>
</trkpt>
<trkpt lat="33.93699100" lon="-111.13294300">
<ele>1809.012</ele>
<time>2024-11-11T15:31:54Z</time>
</trkpt>
<trkpt lat="33.93701500" lon="-111.13275100">
<ele>1811.898</ele>
<time>2024-11-11T15:31:54Z</time>
</trkpt>
<trkpt lat="33.93704500" lon="-111.13259100">
<ele>1812.715</ele>
<time>2024-11-11T15:31:54Z</time>
</trkpt>
<trkpt lat="33.93709300" lon="-111.13245000">
<ele>1812.684</ele>
<time>2024-11-11T15:31:54Z</time>
</trkpt>
<trkpt lat="33.93717200" lon="-111.13230700">
<ele>1811.563</ele>
<time>2024-11-11T15:31:54Z</time>
</trkpt>
<trkpt lat="33.93722400" lon="-111.13214500">
<ele>1810.496</ele>
<time>2024-11-11T15:31:54Z</time>
</trkpt>
<trkpt lat="33.93730000" lon="-111.13202600">
<ele>1808.215</ele>
<time>2024-11-11T15:31:54Z</time>
</trkpt>
<trkpt lat="33.93735000" lon="-111.13190000">
<ele>1806.945</ele>
<time>2024-11-11T15:31:54Z</time>
</trkpt>
<trkpt lat="33.93742600" lon="-111.13171800">
<ele>1806.270</ele>
<time>2024-11-11T15:31:54Z</time>
</trkpt>
<trkpt lat="33.93747800" lon="-111.13157200">
<ele>1806.797</ele>
<time>2024-11-11T15:31:54Z</time>
</trkpt>
<trkpt lat="33.93755300" lon="-111.13144300">
<ele>1806.855</ele>
<time>2024-11-11T15:31:54Z</time>
</trkpt>
<trkpt lat="33.93763400" lon="-111.13130800">
<ele>1806.543</ele>
<time>2024-11-11T15:31:54Z</time>
</trkpt>
<trkpt lat="33.93763500" lon="-111.13118300">
<ele>1808.348</ele>
<time>2024-11-11T15:31:54Z</time>
</trkpt>
<trkpt lat="33.93759400" lon="-111.13099500">
<ele>1812.012</ele>
<time>2024-11-11T15:31:54Z</time>
</trkpt>
<trkpt lat="33.93756600" lon="-111.13085300">
<ele>1813.848</ele>
<time>2024-11-11T15:31:54Z</time>
</trkpt>
<trkpt lat="33.93759300" lon="-111.13070900">
<ele>1812.961</ele>
<time>2024-11-11T15:31:54Z</time>
</trkpt>
<trkpt lat="33.93766400" lon="-111.13059200">
<ele>1810.516</ele>
<time>2024-11-11T15:31:54Z</time>
</trkpt>
<trkpt lat="33.93770300" lon="-111.13046200">
<ele>1808.703</ele>
<time>2024-11-11T15:31:54Z</time>
</trkpt>
<trkpt lat="33.93774800" lon="-111.13033700">
<ele>1806.867</ele>
<time>2024-11-11T15:31:54Z</time>
</trkpt>
<trkpt lat="33.93780400" lon="-111.13022000">
<ele>1805.855</ele>
<time>2024-11-11T15:31:54Z</time>
</trkpt>
<trkpt lat="33.93788100" lon="-111.13009600">
<ele>1804.703</ele>
<time>2024-11-11T15:31:54Z</time>
</trkpt>
<trkpt lat="33.93788800" lon="-111.12994600">
<ele>1804.883</ele>
<time>2024-11-11T15:31:54Z</time>
</trkpt>
<trkpt lat="33.93781900" lon="-111.12979800">
<ele>1805.602</ele>
<time>2024-11-11T15:31:54Z</time>
</trkpt>
<trkpt lat="33.93771500" lon="-111.12968800">
<ele>1806.840</ele>
<time>2024-11-11T15:31:54Z</time>
</trkpt>
<trkpt lat="33.93762200" lon="-111.12960200">
<ele>1807.270</ele>
<time>2024-11-11T15:31:54Z</time>
</trkpt>
<trkpt lat="33.93759000" lon="-111.12947100">
<ele>1806.039</ele>
<time>2024-11-11T15:31:54Z</time>
</trkpt>
<trkpt lat="33.93761900" lon="-111.12931900">
<ele>1804.883</ele>
<time>2024-11-11T15:31:54Z</time>
</trkpt>
<trkpt lat="33.93762100" lon="-111.12917500">
<ele>1804.449</ele>
<time>2024-11-11T15:31:54Z</time>
</trkpt>
<trkpt lat="33.93755400" lon="-111.12903300">
<ele>1806.320</ele>
<time>2024-11-11T15:31:54Z</time>
</trkpt>
<trkpt lat="33.93746000" lon="-111.12889300">
<ele>1809.004</ele>
<time>2024-11-11T15:31:54Z</time>
</trkpt>
<trkpt lat="33.93736400" lon="-111.12878400">
<ele>1810.934</ele>
<time>2024-11-11T15:31:54Z</time>
</trkpt>
<trkpt lat="33.93726300" lon="-111.12870600">
<ele>1812.375</ele>
<time>2024-11-11T15:31:54Z</time>
</trkpt>
<trkpt lat="33.93717500" lon="-111.12860900">
<ele>1812.586</ele>
<time>2024-11-11T15:31:54Z</time>
</trkpt>
<trkpt lat="33.93713100" lon="-111.12845600">
<ele>1810.969</ele>
<time>2024-11-11T15:31:54Z</time>
</trkpt>
<trkpt lat="33.93711500" lon="-111.12828800">
<ele>1808.934</ele>
<time>2024-11-11T15:31:54Z</time>
</trkpt>
<trkpt lat="33.93707300" lon="-111.12814300">
<ele>1808.828</ele>
<time>2024-11-11T15:31:54Z</time>
</trkpt>
<trkpt lat="33.93705500" lon="-111.12809100">
<ele>1808.602</ele>
<time>2024-11-11T15:31:54Z</time>
</trkpt>
<trkpt lat="33.93702500" lon="-111.12800600">
<ele>1808.766</ele>
<time>2024-11-11T15:31:54Z</time>
</trkpt>
<trkpt lat="33.93694400" lon="-111.12790300">
<ele>1810.129</ele>
<time>2024-11-11T15:31:54Z</time>
</trkpt>
<trkpt lat="33.93686700" lon="-111.12778500">
<ele>1811.664</ele>
<time>2024-11-11T15:31:54Z</time>
</trkpt>
<trkpt lat="33.93676900" lon="-111.12767400">
<ele>1812.602</ele>
<time>2024-11-11T15:31:54Z</time>
</trkpt>
<trkpt lat="33.93667100" lon="-111.12752800">
<ele>1813.250</ele>
<time>2024-11-11T15:31:54Z</time>
</trkpt>
<trkpt lat="33.93662800" lon="-111.12736700">
<ele>1813.859</ele>
<time>2024-11-11T15:31:54Z</time>
</trkpt>
<trkpt lat="33.93660300" lon="-111.12720900">
<ele>1814.039</ele>
<time>2024-11-11T15:31:54Z</time>
</trkpt>
<trkpt lat="33.93656200" lon="-111.12708200">
<ele>1813.840</ele>
<time>2024-11-11T15:31:54Z</time>
</trkpt>
<trkpt lat="33.93650900" lon="-111.12692500">
<ele>1813.324</ele>
<time>2024-11-11T15:31:54Z</time>
</trkpt>
<trkpt lat="33.93644100" lon="-111.12677700">
<ele>1813.930</ele>
<time>2024-11-11T15:31:54Z</time>
</trkpt>
<trkpt lat="33.93637000" lon="-111.12666900">
<ele>1814.500</ele>
<time>2024-11-11T15:31:54Z</time>
</trkpt>
<trkpt lat="33.93624200" lon="-111.12662700">
<ele>1817.730</ele>
<time>2024-11-11T15:31:54Z</time>
</trkpt>
<trkpt lat="33.93632600" lon="-111.12619400">
<ele>1819.195</ele>
<time>2024-11-11T15:31:54Z</time>
</trkpt>
<trkpt lat="33.93651100" lon="-111.12603800">
<ele>1821.465</ele>
<time>2024-11-11T15:31:54Z</time>
</trkpt>
<trkpt lat="33.93664500" lon="-111.12617000">
<ele>1818.012</ele>
<time>2024-11-11T15:31:54Z</time>
</trkpt>
<trkpt lat="33.93678200" lon="-111.12622300">
<ele>1817.125</ele>
<time>2024-11-11T15:31:54Z</time>
</trkpt>
<trkpt lat="33.93690800" lon="-111.12631600">
<ele>1814.797</ele>
<time>2024-11-11T15:31:54Z</time>
</trkpt>
<trkpt lat="33.93701900" lon="-111.12639100">
<ele>1813.246</ele>
<time>2024-11-11T15:31:54Z</time>
</trkpt>
<trkpt lat="33.93711900" lon="-111.12638300">
<ele>1813.875</ele>
<time>2024-11-11T15:31:54Z</time>
</trkpt>
<trkpt lat="33.93725000" lon="-111.12638000">
<ele>1814.258</ele>
<time>2024-11-11T15:31:54Z</time>
</trkpt>
<trkpt lat="33.93730400" lon="-111.12637200">
<ele>1814.563</ele>
<time>2024-11-11T15:31:54Z</time>
</trkpt>
<trkpt lat="33.93733900" lon="-111.12637900">
<ele>1814.270</ele>
<time>2024-11-11T15:31:54Z</time>
</trkpt>
<trkpt lat="33.93737700" lon="-111.12638600">
<ele>1813.973</ele>
<time>2024-11-11T15:31:54Z</time>
</trkpt>
<trkpt lat="33.93749500" lon="-111.12635900">
<ele>1814.934</ele>
<time>2024-11-11T15:31:54Z</time>
</trkpt>
<trkpt lat="33.93759700" lon="-111.12631000">
<ele>1815.887</ele>
<time>2024-11-11T15:31:54Z</time>
</trkpt>
<trkpt lat="33.93768400" lon="-111.12622600">
<ele>1817.387</ele>
<time>2024-11-11T15:31:54Z</time>
</trkpt>
<trkpt lat="33.93775800" lon="-111.12612800">
<ele>1818.832</ele>
<time>2024-11-11T15:31:54Z</time>
</trkpt>
<trkpt lat="33.93786100" lon="-111.12605100">
<ele>1818.488</ele>
<time>2024-11-11T15:31:54Z</time>
</trkpt>
<trkpt lat="33.93795400" lon="-111.12593600">
<ele>1818.215</ele>
<time>2024-11-11T15:31:54Z</time>
</trkpt>
<trkpt lat="33.93800700" lon="-111.12579700">
<ele>1818.625</ele>
<time>2024-11-11T15:31:54Z</time>
</trkpt>
<trkpt lat="33.93807100" lon="-111.12569800">
<ele>1818.656</ele>
<time>2024-11-11T15:31:54Z</time>
</trkpt>
<trkpt lat="33.93814600" lon="-111.12558200">
<ele>1818.945</ele>
<time>2024-11-11T15:31:54Z</time>
</trkpt>
<trkpt lat="33.93821600" lon="-111.12545000">
<ele>1819.332</ele>
<time>2024-11-11T15:31:54Z</time>
</trkpt>
<trkpt lat="33.93828200" lon="-111.12531800">
<ele>1819.664</ele>
<time>2024-11-11T15:31:54Z</time>
</trkpt>
<trkpt lat="33.93832800" lon="-111.12518100">
<ele>1820.488</ele>
<time>2024-11-11T15:31:54Z</time>
</trkpt>
<trkpt lat="33.93836700" lon="-111.12503700">
<ele>1821.555</ele>
<time>2024-11-11T15:31:54Z</time>
</trkpt>
<trkpt lat="33.93840900" lon="-111.12487400">
<ele>1822.809</ele>
<time>2024-11-11T15:31:54Z</time>
</trkpt>
<trkpt lat="33.93840300" lon="-111.12470800">
<ele>1825.168</ele>
<time>2024-11-11T15:31:54Z</time>
</trkpt>
<trkpt lat="33.93838800" lon="-111.12463700">
<ele>1825.957</ele>
<time>2024-11-11T15:31:54Z</time>
</trkpt>
<trkpt lat="33.93839300" lon="-111.12459900">
<ele>1826.246</ele>
<time>2024-11-11T15:31:54Z</time>
</trkpt>
<trkpt lat="33.93839400" lon="-111.12444500">
<ele>1827.324</ele>
<time>2024-11-11T15:31:54Z</time>
</trkpt>
<trkpt lat="33.93839400" lon="-111.12432900">
<ele>1827.535</ele>
<time>2024-11-11T15:31:54Z</time>
</trkpt>
<trkpt lat="33.93827700" lon="-111.12406900">
<ele>1830.188</ele>
<time>2024-11-11T15:31:54Z</time>
</trkpt>
<trkpt lat="33.93812400" lon="-111.12387400">
<ele>1834.156</ele>
<time>2024-11-11T15:31:54Z</time>
</trkpt>
<trkpt lat="33.93809300" lon="-111.12378400">
<ele>1835.055</ele>
<time>2024-11-11T15:31:54Z</time>
</trkpt>
<trkpt lat="33.93814200" lon="-111.12364700">
<ele>1833.828</ele>
<time>2024-11-11T15:31:54Z</time>
</trkpt>
<trkpt lat="33.93820500" lon="-111.12354900">
<ele>1833.305</ele>
<time>2024-11-11T15:31:54Z</time>
</trkpt>
<trkpt lat="33.93831300" lon="-111.12354900">
<ele>1830.703</ele>
<time>2024-11-11T15:31:54Z</time>
</trkpt>
<trkpt lat="33.93848500" lon="-111.12361500">
<ele>1827.258</ele>
<time>2024-11-11T15:31:54Z</time>
</trkpt>
<trkpt lat="33.93870100" lon="-111.12353900">
<ele>1825.996</ele>
<time>2024-11-11T15:31:54Z</time>
</trkpt>
<trkpt lat="33.93880900" lon="-111.12343100">
<ele>1826.395</ele>
<time>2024-11-11T15:31:54Z</time>
</trkpt>
<trkpt lat="33.93896300" lon="-111.12309600">
<ele>1829.508</ele>
<time>2024-11-11T15:31:54Z</time>
</trkpt>
<trkpt lat="33.93913500" lon="-111.12279300">
<ele>1832.883</ele>
<time>2024-11-11T15:31:54Z</time>
</trkpt>
<trkpt lat="33.93928500" lon="-111.12240900">
<ele>1838.340</ele>
<time>2024-11-11T15:31:54Z</time>
</trkpt>
<trkpt lat="33.93932300" lon="-111.12229300">
<ele>1841.266</ele>
<time>2024-11-11T15:31:54Z</time>
</trkpt>
<trkpt lat="33.93956600" lon="-111.12222300">
<ele>1840.332</ele>
<time>2024-11-11T15:31:54Z</time>
</trkpt>
<trkpt lat="33.93976100" lon="-111.12217700">
<ele>1836.996</ele>
<time>2024-11-11T15:31:54Z</time>
</trkpt>
<trkpt lat="33.93985900" lon="-111.12214500">
<ele>1834.980</ele>
<time>2024-11-11T15:31:54Z</time>
</trkpt>
<trkpt lat="33.93992000" lon="-111.12213400">
<ele>1833.863</ele>
<time>2024-11-11T15:31:54Z</time>
</trkpt>
<trkpt lat="33.94005600" lon="-111.12211600">
<ele>1831.512</ele>
<time>2024-11-11T15:31:54Z</time>
</trkpt>
<trkpt lat="33.94021800" lon="-111.12205400">
<ele>1832.375</ele>
<time>2024-11-11T15:31:54Z</time>
</trkpt>
<trkpt lat="33.94049800" lon="-111.12203300">
<ele>1832.227</ele>
<time>2024-11-11T15:31:54Z</time>
</trkpt>
<trkpt lat="33.94070500" lon="-111.12200100">
<ele>1832.129</ele>
<time>2024-11-11T15:31:54Z</time>
</trkpt>
<trkpt lat="33.94098500" lon="-111.12213600">
<ele>1827.340</ele>
<time>2024-11-11T15:31:54Z</time>
</trkpt>
<trkpt lat="33.94130700" lon="-111.12216700">
<ele>1826.844</ele>
<time>2024-11-11T15:31:54Z</time>
</trkpt>
<trkpt lat="33.94160200" lon="-111.12214300">
<ele>1829.293</ele>
<time>2024-11-11T15:31:54Z</time>
</trkpt>
<trkpt lat="33.94178200" lon="-111.12216700">
<ele>1828.234</ele>
<time>2024-11-11T15:31:54Z</time>
</trkpt>
<trkpt lat="33.94202200" lon="-111.12212600">
<ele>1827.023</ele>
<time>2024-11-11T15:31:54Z</time>
</trkpt>
<trkpt lat="33.94215700" lon="-111.12196400">
<ele>1828.434</ele>
<time>2024-11-11T15:31:54Z</time>
</trkpt>
<trkpt lat="33.94238300" lon="-111.12168300">
<ele>1829.973</ele>
<time>2024-11-11T15:31:54Z</time>
</trkpt>
<trkpt lat="33.94265400" lon="-111.12127300">
<ele>1827.578</ele>
<time>2024-11-11T15:31:54Z</time>
</trkpt>
<trkpt lat="33.94267600" lon="-111.12124200">
<ele>1827.023</ele>
<time>2024-11-11T15:31:54Z</time>
</trkpt>
<trkpt lat="33.94297900" lon="-111.12082900">
<ele>1822.211</ele>
<time>2024-11-11T15:31:54Z</time>
</trkpt>
<trkpt lat="33.94330400" lon="-111.12042900">
<ele>1819.527</ele>
<time>2024-11-11T15:31:54Z</time>
</trkpt>
<trkpt lat="33.94357500" lon="-111.12017000">
<ele>1817.953</ele>
<time>2024-11-11T15:31:54Z</time>
</trkpt>
<trkpt lat="33.94382800" lon="-111.11990000">
<ele>1817.711</ele>
<time>2024-11-11T15:31:54Z</time>
</trkpt>
<trkpt lat="33.94396300" lon="-111.11966200">
<ele>1817.820</ele>
<time>2024-11-11T15:31:54Z</time>
</trkpt>
<trkpt lat="33.94399100" lon="-111.11946700">
<ele>1818.844</ele>
<time>2024-11-11T15:31:54Z</time>
</trkpt>
<trkpt lat="33.94398200" lon="-111.11931400">
<ele>1820.824</ele>
<time>2024-11-11T15:31:54Z</time>
</trkpt>
<trkpt lat="33.94397300" lon="-111.11914300">
<ele>1822.977</ele>
<time>2024-11-11T15:31:54Z</time>
</trkpt>
<trkpt lat="33.94406300" lon="-111.11887200">
<ele>1823.918</ele>
<time>2024-11-11T15:31:54Z</time>
</trkpt>
<trkpt lat="33.94422600" lon="-111.11855800">
<ele>1823.270</ele>
<time>2024-11-11T15:31:54Z</time>
</trkpt>
<trkpt lat="33.94435300" lon="-111.11806100">
<ele>1824.992</ele>
<time>2024-11-11T15:31:54Z</time>
</trkpt>
<trkpt lat="33.94452700" lon="-111.11756700">
<ele>1830.012</ele>
<time>2024-11-11T15:31:54Z</time>
</trkpt>
<trkpt lat="33.94457900" lon="-111.11742300">
<ele>1830.199</ele>
<time>2024-11-11T15:31:54Z</time>
</trkpt>
<trkpt lat="33.94479600" lon="-111.11705500">
<ele>1826.766</ele>
<time>2024-11-11T15:31:54Z</time>
</trkpt>
<trkpt lat="33.94484600" lon="-111.11683800">
<ele>1828.406</ele>
<time>2024-11-11T15:31:54Z</time>
</trkpt>
<trkpt lat="33.94493300" lon="-111.11657700">
<ele>1830.914</ele>
<time>2024-11-11T15:31:54Z</time>
</trkpt>
<trkpt lat="33.94503100" lon="-111.11617900">
<ele>1836.164</ele>
<time>2024-11-11T15:31:54Z</time>
</trkpt>
<trkpt lat="33.94500400" lon="-111.11591900">
<ele>1838.688</ele>
<time>2024-11-11T15:31:54Z</time>
</trkpt>
<trkpt lat="33.94506700" lon="-111.11561600">
<ele>1838.313</ele>
<time>2024-11-11T15:31:54Z</time>
</trkpt>
<trkpt lat="33.94518500" lon="-111.11543200">
<ele>1834.680</ele>
<time>2024-11-11T15:31:54Z</time>
</trkpt>
<trkpt lat="33.94525600" lon="-111.11534700">
<ele>1832.211</ele>
<time>2024-11-11T15:31:54Z</time>
</trkpt>
<trkpt lat="33.94530200" lon="-111.11529200">
<ele>1830.805</ele>
<time>2024-11-11T15:31:54Z</time>
</trkpt>
<trkpt lat="33.94547400" lon="-111.11520600">
<ele>1827.984</ele>
<time>2024-11-11T15:31:54Z</time>
</trkpt>
<trkpt lat="33.94560900" lon="-111.11504300">
<ele>1825.273</ele>
<time>2024-11-11T15:31:54Z</time>
</trkpt>
<trkpt lat="33.94571800" lon="-111.11487000">
<ele>1825.777</ele>
<time>2024-11-11T15:31:54Z</time>
</trkpt>
<trkpt lat="33.94595200" lon="-111.11456800">
<ele>1826.961</ele>
<time>2024-11-11T15:31:54Z</time>
</trkpt>
<trkpt lat="33.94607000" lon="-111.11438400">
<ele>1827.055</ele>
<time>2024-11-11T15:31:54Z</time>
</trkpt>
<trkpt lat="33.94614200" lon="-111.11423200">
<ele>1826.918</ele>
<time>2024-11-11T15:31:54Z</time>
</trkpt>
<trkpt lat="33.94626000" lon="-111.11388600">
<ele>1827.770</ele>
<time>2024-11-11T15:31:54Z</time>
</trkpt>
<trkpt lat="33.94643700" lon="-111.11334800">
<ele>1826.660</ele>
<time>2024-11-11T15:31:54Z</time>
</trkpt>
<trkpt lat="33.94645900" lon="-111.11299900">
<ele>1826.863</ele>
<time>2024-11-11T15:31:54Z</time>
</trkpt>
<trkpt lat="33.94645000" lon="-111.11267500">
<ele>1829.461</ele>
<time>2024-11-11T15:31:54Z</time>
</trkpt>
<trkpt lat="33.94637800" lon="-111.11233900">
<ele>1833.980</ele>
<time>2024-11-11T15:31:54Z</time>
</trkpt>
<trkpt lat="33.94635100" lon="-111.11212200">
<ele>1836.906</ele>
<time>2024-11-11T15:31:54Z</time>
</trkpt>
<trkpt lat="33.94637900" lon="-111.11198200">
<ele>1837.027</ele>
<time>2024-11-11T15:31:54Z</time>
</trkpt>
<trkpt lat="33.94642400" lon="-111.11175500">
<ele>1837.027</ele>
<time>2024-11-11T15:31:54Z</time>
</trkpt>
<trkpt lat="33.94646000" lon="-111.11160300">
<ele>1836.340</ele>
<time>2024-11-11T15:31:54Z</time>
</trkpt>
<trkpt lat="33.94655100" lon="-111.11146300">
<ele>1833.656</ele>
<time>2024-11-11T15:31:54Z</time>
</trkpt>
<trkpt lat="33.94668600" lon="-111.11129000">
<ele>1830.289</ele>
<time>2024-11-11T15:31:54Z</time>
</trkpt>
<trkpt lat="33.94695700" lon="-111.11109500">
<ele>1826.934</ele>
<time>2024-11-11T15:31:54Z</time>
</trkpt>
<trkpt lat="33.94714600" lon="-111.11095500">
<ele>1826.215</ele>
<time>2024-11-11T15:31:54Z</time>
</trkpt>
<trkpt lat="33.94723600" lon="-111.11080300">
<ele>1827.391</ele>
<time>2024-11-11T15:31:54Z</time>
</trkpt>
<trkpt lat="33.94730900" lon="-111.11055400">
<ele>1830.504</ele>
<time>2024-11-11T15:31:54Z</time>
</trkpt>
<trkpt lat="33.94737200" lon="-111.11025100">
<ele>1833.426</ele>
<time>2024-11-11T15:31:54Z</time>
</trkpt>
<trkpt lat="33.94743600" lon="-111.10985100">
<ele>1832.988</ele>
<time>2024-11-11T15:31:54Z</time>
</trkpt>
<trkpt lat="33.94749900" lon="-111.10937500">
<ele>1832.230</ele>
<time>2024-11-11T15:31:54Z</time>
</trkpt>
<trkpt lat="33.94752700" lon="-111.10887700">
<ele>1834.336</ele>
<time>2024-11-11T15:31:54Z</time>
</trkpt>
<trkpt lat="33.94759000" lon="-111.10859600">
<ele>1835.582</ele>
<time>2024-11-11T15:31:54Z</time>
</trkpt>
<trkpt lat="33.94764400" lon="-111.10843400">
<ele>1836.570</ele>
<time>2024-11-11T15:31:54Z</time>
</trkpt>
<trkpt lat="33.94778000" lon="-111.10819600">
<ele>1834.871</ele>
<time>2024-11-11T15:31:54Z</time>
</trkpt>
<trkpt lat="33.94785200" lon="-111.10786000">
<ele>1837.289</ele>
<time>2024-11-11T15:31:54Z</time>
</trkpt>
<trkpt lat="33.94790700" lon="-111.10715700">
<ele>1841.359</ele>
<time>2024-11-11T15:31:54Z</time>
</trkpt>
<trkpt lat="33.94796200" lon="-111.10678900">
<ele>1842.895</ele>
<time>2024-11-11T15:31:54Z</time>
</trkpt>
<trkpt lat="33.94810600" lon="-111.10646500">
<ele>1842.516</ele>
<time>2024-11-11T15:31:54Z</time>
</trkpt>
<trkpt lat="33.94838600" lon="-111.10585900">
<ele>1851.746</ele>
<time>2024-11-11T15:31:54Z</time>
</trkpt>
<trkpt lat="33.94854000" lon="-111.10535500">
<ele>1852.789</ele>
<time>2024-11-11T15:31:54Z</time>
</trkpt>
<trkpt lat="33.94854600" lon="-111.10533600">
<ele>1852.539</ele>
<time>2024-11-11T15:31:54Z</time>
</trkpt>
<trkpt lat="33.94862100" lon="-111.10509100">
<ele>1850.871</ele>
<time>2024-11-11T15:31:54Z</time>
</trkpt>
<trkpt lat="33.94870300" lon="-111.10456100">
<ele>1855.148</ele>
<time>2024-11-11T15:31:54Z</time>
</trkpt>
<trkpt lat="33.94869400" lon="-111.10426900">
<ele>1856.758</ele>
<time>2024-11-11T15:31:54Z</time>
</trkpt>
<trkpt lat="33.94865800" lon="-111.10411700">
<ele>1857.156</ele>
<time>2024-11-11T15:31:54Z</time>
</trkpt>
<trkpt lat="33.94856800" lon="-111.10394400">
<ele>1857.652</ele>
<time>2024-11-11T15:31:54Z</time>
</trkpt>
<trkpt lat="33.94840600" lon="-111.10382400">
<ele>1858.676</ele>
<time>2024-11-11T15:31:54Z</time>
</trkpt>
<trkpt lat="33.94821700" lon="-111.10372700">
<ele>1860.254</ele>
<time>2024-11-11T15:31:54Z</time>
</trkpt>
<trkpt lat="33.94797300" lon="-111.10366200">
<ele>1861.379</ele>
<time>2024-11-11T15:31:54Z</time>
</trkpt>
<trkpt lat="33.94775700" lon="-111.10364000">
<ele>1860.551</ele>
<time>2024-11-11T15:31:54Z</time>
</trkpt>
<trkpt lat="33.94748600" lon="-111.10366100">
<ele>1859.742</ele>
<time>2024-11-11T15:31:54Z</time>
</trkpt>
<trkpt lat="33.94715300" lon="-111.10376900">
<ele>1857.500</ele>
<time>2024-11-11T15:31:54Z</time>
</trkpt>
<trkpt lat="33.94685500" lon="-111.10388800">
<ele>1856.715</ele>
<time>2024-11-11T15:31:54Z</time>
</trkpt>
<trkpt lat="33.94664700" lon="-111.10403900">
<ele>1857.965</ele>
<time>2024-11-11T15:31:54Z</time>
</trkpt>
<trkpt lat="33.94644000" lon="-111.10425500">
<ele>1858.895</ele>
<time>2024-11-11T15:31:54Z</time>
</trkpt>
<trkpt lat="33.94619600" lon="-111.10462300">
<ele>1861.188</ele>
<time>2024-11-11T15:31:54Z</time>
</trkpt>
<trkpt lat="33.94594300" lon="-111.10499000">
<ele>1859.961</ele>
<time>2024-11-11T15:31:54Z</time>
</trkpt>
<trkpt lat="33.94569900" lon="-111.10528200">
<ele>1857.660</ele>
<time>2024-11-11T15:31:54Z</time>
</trkpt>
<trkpt lat="33.94562100" lon="-111.10533900">
<ele>1857.949</ele>
<time>2024-11-11T15:31:54Z</time>
</trkpt>
<trkpt lat="33.94544600" lon="-111.10546600">
<ele>1859.395</ele>
<time>2024-11-11T15:31:54Z</time>
</trkpt>
<trkpt lat="33.94528400" lon="-111.10562800">
<ele>1862.168</ele>
<time>2024-11-11T15:31:54Z</time>
</trkpt>
<trkpt lat="33.94498600" lon="-111.10575700">
<ele>1861.141</ele>
<time>2024-11-11T15:31:54Z</time>
</trkpt>
<trkpt lat="33.94458000" lon="-111.10596200">
<ele>1858.527</ele>
<time>2024-11-11T15:31:54Z</time>
</trkpt>
<trkpt lat="33.94412000" lon="-111.10616700">
<ele>1851.793</ele>
<time>2024-11-11T15:31:54Z</time>
</trkpt>
<trkpt lat="33.94378600" lon="-111.10634000">
<ele>1849.168</ele>
<time>2024-11-11T15:31:54Z</time>
</trkpt>
<trkpt lat="33.94347900" lon="-111.10652400">
<ele>1849.719</ele>
<time>2024-11-11T15:31:54Z</time>
</trkpt>
<trkpt lat="33.94326300" lon="-111.10666400">
<ele>1847.484</ele>
<time>2024-11-11T15:31:54Z</time>
</trkpt>
<trkpt lat="33.94268500" lon="-111.10711800">
<ele>1845.512</ele>
<time>2024-11-11T15:31:54Z</time>
</trkpt>
<trkpt lat="33.94263000" lon="-111.10716600">
<ele>1845.094</ele>
<time>2024-11-11T15:31:54Z</time>
</trkpt>
<trkpt lat="33.94227000" lon="-111.10747500">
<ele>1842.957</ele>
<time>2024-11-11T15:31:54Z</time>
</trkpt>
<trkpt lat="33.94189100" lon="-111.10786400">
<ele>1839.953</ele>
<time>2024-11-11T15:31:54Z</time>
</trkpt>
<trkpt lat="33.94166500" lon="-111.10814500">
<ele>1832.188</ele>
<time>2024-11-11T15:31:54Z</time>
</trkpt>
<trkpt lat="33.94149300" lon="-111.10842600">
<ele>1829.316</ele>
<time>2024-11-11T15:31:54Z</time>
</trkpt>
<trkpt lat="33.94133100" lon="-111.10876100">
<ele>1828.008</ele>
<time>2024-11-11T15:31:54Z</time>
</trkpt>
<trkpt lat="33.94106000" lon="-111.10939900">
<ele>1833.586</ele>
<time>2024-11-11T15:31:54Z</time>
</trkpt>
<trkpt lat="33.94080700" lon="-111.10981000">
<ele>1838.012</ele>
<time>2024-11-11T15:31:54Z</time>
</trkpt>
<trkpt lat="33.94060800" lon="-111.10999400">
<ele>1838.441</ele>
<time>2024-11-11T15:31:54Z</time>
</trkpt>
<trkpt lat="33.94040100" lon="-111.11014500">
<ele>1838.457</ele>
<time>2024-11-11T15:31:54Z</time>
</trkpt>
<trkpt lat="33.94012100" lon="-111.11026400">
<ele>1837.012</ele>
<time>2024-11-11T15:31:54Z</time>
</trkpt>
<trkpt lat="33.93994000" lon="-111.11029600">
<ele>1836.922</ele>
<time>2024-11-11T15:31:54Z</time>
</trkpt>
<trkpt lat="33.93977800" lon="-111.11030700">
<ele>1838.027</ele>
<time>2024-11-11T15:31:54Z</time>
</trkpt>
<trkpt lat="33.93969900" lon="-111.11027200">
<ele>1838.586</ele>
<time>2024-11-11T15:31:54Z</time>
</trkpt>
<trkpt lat="33.93960700" lon="-111.11023100">
<ele>1841.023</ele>
<time>2024-11-11T15:31:54Z</time>
</trkpt>
<trkpt lat="33.93952700" lon="-111.11012700">
<ele>1843.207</ele>
<time>2024-11-11T15:31:54Z</time>
</trkpt>
<trkpt lat="33.93949000" lon="-111.11007900">
<ele>1844.453</ele>
<time>2024-11-11T15:31:54Z</time>
</trkpt>
<trkpt lat="33.93941800" lon="-111.10989500">
<ele>1846.438</ele>
<time>2024-11-11T15:31:54Z</time>
</trkpt>
<trkpt lat="33.93943600" lon="-111.10965700">
<ele>1845.621</ele>
<time>2024-11-11T15:31:54Z</time>
</trkpt>
<trkpt lat="33.93948100" lon="-111.10941900">
<ele>1845.547</ele>
<time>2024-11-11T15:31:54Z</time>
</trkpt>
<trkpt lat="33.93950000" lon="-111.10915900">
<ele>1844.559</ele>
<time>2024-11-11T15:31:54Z</time>
</trkpt>
<trkpt lat="33.93948200" lon="-111.10886700">
<ele>1843.531</ele>
<time>2024-11-11T15:31:54Z</time>
</trkpt>
<trkpt lat="33.93944600" lon="-111.10858600">
<ele>1841.535</ele>
<time>2024-11-11T15:31:54Z</time>
</trkpt>
<trkpt lat="33.93932900" lon="-111.10826100">
<ele>1840.246</ele>
<time>2024-11-11T15:31:54Z</time>
</trkpt>
<trkpt lat="33.93923000" lon="-111.10800100">
<ele>1839.813</ele>
<time>2024-11-11T15:31:54Z</time>
</trkpt>
<trkpt lat="33.93909500" lon="-111.10784900">
<ele>1839.320</ele>
<time>2024-11-11T15:31:54Z</time>
</trkpt>
<trkpt lat="33.93878800" lon="-111.10769700">
<ele>1841.125</ele>
<time>2024-11-11T15:31:54Z</time>
</trkpt>
<trkpt lat="33.93834600" lon="-111.10754500">
<ele>1841.055</ele>
<time>2024-11-11T15:31:54Z</time>
</trkpt>
<trkpt lat="33.93802200" lon="-111.10743700">
<ele>1842.355</ele>
<time>2024-11-11T15:31:54Z</time>
</trkpt>
<trkpt lat="33.93772400" lon="-111.10730700">
<ele>1843.879</ele>
<time>2024-11-11T15:31:54Z</time>
</trkpt>
<trkpt lat="33.93772300" lon="-111.10730500">
<ele>1843.879</ele>
<time>2024-11-11T15:31:54Z</time>
</trkpt>
<trkpt lat="33.93746800" lon="-111.10704900">
<ele>1841.648</ele>
<time>2024-11-11T15:31:54Z</time>
</trkpt>
<trkpt lat="33.93737200" lon="-111.10693000">
<ele>1840.531</ele>
<time>2024-11-11T15:31:54Z</time>
</trkpt>
<trkpt lat="33.93728300" lon="-111.10683000">
<ele>1840.207</ele>
<time>2024-11-11T15:31:54Z</time>
</trkpt>
<trkpt lat="33.93719100" lon="-111.10672400">
<ele>1839.766</ele>
<time>2024-11-11T15:31:54Z</time>
</trkpt>
<trkpt lat="33.93709400" lon="-111.10661300">
<ele>1839.035</ele>
<time>2024-11-11T15:31:54Z</time>
</trkpt>
<trkpt lat="33.93695900" lon="-111.10640700">
<ele>1838.930</ele>
<time>2024-11-11T15:31:54Z</time>
</trkpt>
<trkpt lat="33.93648100" lon="-111.10579000">
<ele>1840.480</ele>
<time>2024-11-11T15:31:54Z</time>
</trkpt>
<trkpt lat="33.93605300" lon="-111.10525000">
<ele>1841.258</ele>
<time>2024-11-11T15:31:54Z</time>
</trkpt>
<trkpt lat="33.93595000" lon="-111.10511800">
<ele>1842.930</ele>
<time>2024-11-11T15:31:54Z</time>
</trkpt>
<trkpt lat="33.93579900" lon="-111.10496600">
<ele>1844.418</ele>
<time>2024-11-11T15:31:54Z</time>
</trkpt>
<trkpt lat="33.93572400" lon="-111.10489100">
<ele>1845.422</ele>
<time>2024-11-11T15:31:54Z</time>
</trkpt>
<trkpt lat="33.93537300" lon="-111.10459800">
<ele>1847.129</ele>
<time>2024-11-11T15:31:54Z</time>
</trkpt>
<trkpt lat="33.93513800" lon="-111.10433800">
<ele>1849.133</ele>
<time>2024-11-11T15:31:54Z</time>
</trkpt>
<trkpt lat="33.93498500" lon="-111.10397000">
<ele>1854.047</ele>
<time>2024-11-11T15:31:54Z</time>
</trkpt>
<trkpt lat="33.93483300" lon="-111.10357000">
<ele>1857.738</ele>
<time>2024-11-11T15:31:54Z</time>
</trkpt>
<trkpt lat="33.93466100" lon="-111.10334200">
<ele>1859.402</ele>
<time>2024-11-11T15:31:54Z</time>
</trkpt>
<trkpt lat="33.93450800" lon="-111.10321200">
<ele>1862.066</ele>
<time>2024-11-11T15:31:54Z</time>
</trkpt>
<trkpt lat="33.93431900" lon="-111.10314700">
<ele>1864.180</ele>
<time>2024-11-11T15:31:54Z</time>
</trkpt>
<trkpt lat="33.93412000" lon="-111.10306000">
<ele>1866.316</ele>
<time>2024-11-11T15:31:54Z</time>
</trkpt>
<trkpt lat="33.93400000" lon="-111.10292800">
<ele>1867.199</ele>
<time>2024-11-11T15:31:54Z</time>
</trkpt>
<trkpt lat="33.93392500" lon="-111.10273100">
<ele>1867.531</ele>
<time>2024-11-11T15:31:54Z</time>
</trkpt>
<trkpt lat="33.93387200" lon="-111.10244100">
<ele>1867.199</ele>
<time>2024-11-11T15:31:54Z</time>
</trkpt>
<trkpt lat="33.93369700" lon="-111.10230800">
<ele>1869.215</ele>
<time>2024-11-11T15:31:54Z</time>
</trkpt>
<trkpt lat="33.93339400" lon="-111.10222000">
<ele>1871.340</ele>
<time>2024-11-11T15:31:54Z</time>
</trkpt>
<trkpt lat="33.93323300" lon="-111.10209600">
<ele>1869.773</ele>
<time>2024-11-11T15:31:54Z</time>
</trkpt>
<trkpt lat="33.93299500" lon="-111.10187700">
<ele>1865.438</ele>
<time>2024-11-11T15:31:54Z</time>
</trkpt>
<trkpt lat="33.93266900" lon="-111.10187900">
<ele>1868.074</ele>
<time>2024-11-11T15:31:54Z</time>
</trkpt>
<trkpt lat="33.93232500" lon="-111.10182100">
<ele>1863.559</ele>
<time>2024-11-11T15:31:54Z</time>
</trkpt>
<trkpt lat="33.93228200" lon="-111.10181400">
<ele>1862.480</ele>
<time>2024-11-11T15:31:54Z</time>
</trkpt>
<trkpt lat="33.93211000" lon="-111.10182400">
<ele>1861.477</ele>
<time>2024-11-11T15:31:54Z</time>
</trkpt>
<trkpt lat="33.93188500" lon="-111.10190000">
<ele>1862.785</ele>
<time>2024-11-11T15:31:54Z</time>
</trkpt>
<trkpt lat="33.93169500" lon="-111.10198600">
<ele>1866.805</ele>
<time>2024-11-11T15:31:54Z</time>
</trkpt>
<trkpt lat="33.93162900" lon="-111.10202100">
<ele>1868.887</ele>
<time>2024-11-11T15:31:54Z</time>
</trkpt>
<trkpt lat="33.93153300" lon="-111.10207300">
<ele>1872.652</ele>
<time>2024-11-11T15:31:54Z</time>
</trkpt>
<trkpt lat="33.93143400" lon="-111.10196400">
<ele>1873.109</ele>
<time>2024-11-11T15:31:54Z</time>
</trkpt>
<trkpt lat="33.93141600" lon="-111.10186700">
<ele>1872.238</ele>
<time>2024-11-11T15:31:54Z</time>
</trkpt>
<trkpt lat="33.93140700" lon="-111.10162900">
<ele>1869.832</ele>
<time>2024-11-11T15:31:54Z</time>
</trkpt>
<trkpt lat="33.93140700" lon="-111.10144500">
<ele>1867.840</ele>
<time>2024-11-11T15:31:54Z</time>
</trkpt>
<trkpt lat="33.93135300" lon="-111.10133700">
<ele>1868.602</ele>
<time>2024-11-11T15:31:54Z</time>
</trkpt>
<trkpt lat="33.93124500" lon="-111.10120700">
<ele>1870.117</ele>
<time>2024-11-11T15:31:54Z</time>
</trkpt>
<trkpt lat="33.93108300" lon="-111.10104400">
<ele>1871.898</ele>
<time>2024-11-11T15:31:54Z</time>
</trkpt>
<trkpt lat="33.93102000" lon="-111.10092500">
<ele>1872.227</ele>
<time>2024-11-11T15:31:54Z</time>
</trkpt>
<trkpt lat="33.93099500" lon="-111.10085700">
<ele>1871.945</ele>
<time>2024-11-11T15:31:54Z</time>
</trkpt>
<trkpt lat="33.93098400" lon="-111.10082800">
<ele>1872.254</ele>
<time>2024-11-11T15:31:54Z</time>
</trkpt>
<trkpt lat="33.93098900" lon="-111.10078400">
<ele>1872.031</ele>
<time>2024-11-11T15:31:54Z</time>
</trkpt>
<trkpt lat="33.93100200" lon="-111.10068700">
<ele>1871.906</ele>
<time>2024-11-11T15:31:54Z</time>
</trkpt>
<trkpt lat="33.93117300" lon="-111.10059000">
<ele>1868.000</ele>
<time>2024-11-11T15:31:54Z</time>
</trkpt>
<trkpt lat="33.93162400" lon="-111.10036300">
<ele>1864.789</ele>
<time>2024-11-11T15:31:54Z</time>
</trkpt>
<trkpt lat="33.93186800" lon="-111.10020100">
<ele>1865.344</ele>
<time>2024-11-11T15:31:54Z</time>
</trkpt>
<trkpt lat="33.93222900" lon="-111.10008200">
<ele>1859.195</ele>
<time>2024-11-11T15:31:54Z</time>
</trkpt>
<trkpt lat="33.93252700" lon="-111.09996400">
<ele>1852.871</ele>
<time>2024-11-11T15:31:54Z</time>
</trkpt>
<trkpt lat="33.93268000" lon="-111.09991000">
<ele>1849.645</ele>
<time>2024-11-11T15:31:54Z</time>
</trkpt>
<trkpt lat="33.93276100" lon="-111.09980200">
<ele>1849.785</ele>
<time>2024-11-11T15:31:54Z</time>
</trkpt>
<trkpt lat="33.93284300" lon="-111.09961800">
<ele>1849.758</ele>
<time>2024-11-11T15:31:54Z</time>
</trkpt>
<trkpt lat="33.93281600" lon="-111.09946600">
<ele>1851.801</ele>
<time>2024-11-11T15:31:54Z</time>
</trkpt>
<trkpt lat="33.93271700" lon="-111.09926100">
<ele>1856.742</ele>
<time>2024-11-11T15:31:54Z</time>
</trkpt>
<trkpt lat="33.93250900" lon="-111.09897900">
<ele>1864.613</ele>
<time>2024-11-11T15:31:54Z</time>
</trkpt>
<trkpt lat="33.93226600" lon="-111.09868700">
<ele>1869.945</ele>
<time>2024-11-11T15:31:54Z</time>
</trkpt>
<trkpt lat="33.93206800" lon="-111.09844900">
<ele>1872.324</ele>
<time>2024-11-11T15:31:54Z</time>
</trkpt>
<trkpt lat="33.93192400" lon="-111.09821000">
<ele>1873.734</ele>
<time>2024-11-11T15:31:54Z</time>
</trkpt>
<trkpt lat="33.93185200" lon="-111.09802600">
<ele>1874.066</ele>
<time>2024-11-11T15:31:54Z</time>
</trkpt>
<trkpt lat="33.93188800" lon="-111.09791800">
<ele>1873.473</ele>
<time>2024-11-11T15:31:54Z</time>
</trkpt>
<trkpt lat="33.93192400" lon="-111.09786400">
<ele>1873.105</ele>
<time>2024-11-11T15:31:54Z</time>
</trkpt>
<trkpt lat="33.93201900" lon="-111.09783600">
<ele>1872.047</ele>
<time>2024-11-11T15:31:54Z</time>
</trkpt>
<trkpt lat="33.93203200" lon="-111.09783200">
<ele>1872.020</ele>
<time>2024-11-11T15:31:54Z</time>
</trkpt>
<trkpt lat="33.93222200" lon="-111.09779900">
<ele>1870.695</ele>
<time>2024-11-11T15:31:54Z</time>
</trkpt>
<trkpt lat="33.93253700" lon="-111.09773500">
<ele>1868.934</ele>
<time>2024-11-11T15:31:54Z</time>
</trkpt>
<trkpt lat="33.93257300" lon="-111.09773700">
<ele>1868.719</ele>
<time>2024-11-11T15:31:54Z</time>
</trkpt>
<trkpt lat="33.93283500" lon="-111.09775700">
<ele>1866.727</ele>
<time>2024-11-11T15:31:54Z</time>
</trkpt>
<trkpt lat="33.93333100" lon="-111.09782200">
<ele>1866.773</ele>
<time>2024-11-11T15:31:54Z</time>
</trkpt>
<trkpt lat="33.93379100" lon="-111.09796400">
<ele>1865.773</ele>
<time>2024-11-11T15:31:54Z</time>
</trkpt>
<trkpt lat="33.93393500" lon="-111.09796400">
<ele>1866.719</ele>
<time>2024-11-11T15:31:54Z</time>
</trkpt>
<trkpt lat="33.93406100" lon="-111.09799600">
<ele>1866.000</ele>
<time>2024-11-11T15:31:54Z</time>
</trkpt>
<trkpt lat="33.93418800" lon="-111.09795300">
<ele>1866.613</ele>
<time>2024-11-11T15:31:54Z</time>
</trkpt>
<trkpt lat="33.93423300" lon="-111.09783400">
<ele>1868.188</ele>
<time>2024-11-11T15:31:54Z</time>
</trkpt>
<trkpt lat="33.93423300" lon="-111.09759600">
<ele>1871.008</ele>
<time>2024-11-11T15:31:54Z</time>
</trkpt>
<trkpt lat="33.93411600" lon="-111.09727100">
<ele>1874.410</ele>
<time>2024-11-11T15:31:54Z</time>
</trkpt>
<trkpt lat="33.93398100" lon="-111.09713100">
<ele>1876.355</ele>
<time>2024-11-11T15:31:54Z</time>
</trkpt>
<trkpt lat="33.93378300" lon="-111.09693600">
<ele>1878.105</ele>
<time>2024-11-11T15:31:54Z</time>
</trkpt>
<trkpt lat="33.93353900" lon="-111.09668600">
<ele>1879.000</ele>
<time>2024-11-11T15:31:54Z</time>
</trkpt>
<trkpt lat="33.93340400" lon="-111.09651300">
<ele>1882.047</ele>
<time>2024-11-11T15:31:54Z</time>
</trkpt>
<trkpt lat="33.93328700" lon="-111.09636200">
<ele>1885.387</ele>
<time>2024-11-11T15:31:54Z</time>
</trkpt>
<trkpt lat="33.93321500" lon="-111.09615600">
<ele>1887.629</ele>
<time>2024-11-11T15:31:54Z</time>
</trkpt>
<trkpt lat="33.93318800" lon="-111.09593900">
<ele>1889.676</ele>
<time>2024-11-11T15:31:54Z</time>
</trkpt>
<trkpt lat="33.93321500" lon="-111.09572300">
<ele>1890.855</ele>
<time>2024-11-11T15:31:54Z</time>
</trkpt>
<trkpt lat="33.93329700" lon="-111.09556900">
<ele>1889.695</ele>
<time>2024-11-11T15:31:54Z</time>
</trkpt>
<trkpt lat="33.93329900" lon="-111.09556500">
<ele>1889.695</ele>
<time>2024-11-11T15:31:54Z</time>
</trkpt>
<trkpt lat="33.93332400" lon="-111.09551800">
<ele>1889.598</ele>
<time>2024-11-11T15:31:54Z</time>
</trkpt>
<trkpt lat="33.93345900" lon="-111.09529100">
<ele>1886.805</ele>
<time>2024-11-11T15:31:54Z</time>
</trkpt>
<trkpt lat="33.93356800" lon="-111.09506300">
<ele>1886.465</ele>
<time>2024-11-11T15:31:54Z</time>
</trkpt>
<trkpt lat="33.93366700" lon="-111.09450100">
<ele>1887.957</ele>
<time>2024-11-11T15:31:54Z</time>
</trkpt>
<trkpt lat="33.93372200" lon="-111.09398200">
<ele>1888.207</ele>
<time>2024-11-11T15:31:54Z</time>
</trkpt>
<trkpt lat="33.93373100" lon="-111.09343000">
<ele>1890.359</ele>
<time>2024-11-11T15:31:54Z</time>
</trkpt>
<trkpt lat="33.93373100" lon="-111.09309400">
<ele>1894.133</ele>
<time>2024-11-11T15:31:54Z</time>
</trkpt>
<trkpt lat="33.93379500" lon="-111.09295400">
<ele>1894.594</ele>
<time>2024-11-11T15:31:54Z</time>
</trkpt>
<trkpt lat="33.93384900" lon="-111.09290000">
<ele>1894.320</ele>
<time>2024-11-11T15:31:54Z</time>
</trkpt>
<trkpt lat="33.93393000" lon="-111.09288900">
<ele>1892.773</ele>
<time>2024-11-11T15:31:54Z</time>
</trkpt>
<trkpt lat="33.93399000" lon="-111.09290000">
<ele>1891.379</ele>
<time>2024-11-11T15:31:54Z</time>
</trkpt>
<trkpt lat="33.93404700" lon="-111.09291100">
<ele>1889.965</ele>
<time>2024-11-11T15:31:54Z</time>
</trkpt>
<trkpt lat="33.93417400" lon="-111.09286800">
<ele>1888.633</ele>
<time>2024-11-11T15:31:54Z</time>
</trkpt>
<trkpt lat="33.93427300" lon="-111.09285700">
<ele>1887.699</ele>
<time>2024-11-11T15:31:54Z</time>
</trkpt>
<trkpt lat="33.93436300" lon="-111.09293300">
<ele>1884.691</ele>
<time>2024-11-11T15:31:54Z</time>
</trkpt>
<trkpt lat="33.93450700" lon="-111.09311700">
<ele>1879.082</ele>
<time>2024-11-11T15:31:54Z</time>
</trkpt>
<trkpt lat="33.93473200" lon="-111.09336600">
<ele>1874.852</ele>
<time>2024-11-11T15:31:54Z</time>
</trkpt>
<trkpt lat="33.93502100" lon="-111.09352900">
<ele>1876.715</ele>
<time>2024-11-11T15:31:54Z</time>
</trkpt>
<trkpt lat="33.93522800" lon="-111.09370200">
<ele>1875.148</ele>
<time>2024-11-11T15:31:54Z</time>
</trkpt>
<trkpt lat="33.93549900" lon="-111.09391900">
<ele>1872.145</ele>
<time>2024-11-11T15:31:54Z</time>
</trkpt>
<trkpt lat="33.93567900" lon="-111.09395100">
<ele>1873.809</ele>
<time>2024-11-11T15:31:54Z</time>
</trkpt>
<trkpt lat="33.93578900" lon="-111.09390300">
<ele>1877.016</ele>
<time>2024-11-11T15:31:54Z</time>
</trkpt>
<trkpt lat="33.93585100" lon="-111.09387600">
<ele>1877.977</ele>
<time>2024-11-11T15:31:54Z</time>
</trkpt>
<trkpt lat="33.93601300" lon="-111.09372400">
<ele>1878.938</ele>
<time>2024-11-11T15:31:54Z</time>
</trkpt>
<trkpt lat="33.93615700" lon="-111.09342200">
<ele>1880.867</ele>
<time>2024-11-11T15:31:54Z</time>
</trkpt>
<trkpt lat="33.93637400" lon="-111.09306500">
<ele>1883.180</ele>
<time>2024-11-11T15:31:54Z</time>
</trkpt>
<trkpt lat="33.93650100" lon="-111.09291300">
<ele>1886.074</ele>
<time>2024-11-11T15:31:54Z</time>
</trkpt>
<trkpt lat="33.93663600" lon="-111.09285900">
<ele>1886.754</ele>
<time>2024-11-11T15:31:54Z</time>
</trkpt>
<trkpt lat="33.93675300" lon="-111.09287000">
<ele>1886.141</ele>
<time>2024-11-11T15:31:54Z</time>
</trkpt>
<trkpt lat="33.93695100" lon="-111.09293600">
<ele>1883.969</ele>
<time>2024-11-11T15:31:54Z</time>
</trkpt>
<trkpt lat="33.93704200" lon="-111.09296800">
<ele>1884.188</ele>
<time>2024-11-11T15:31:54Z</time>
</trkpt>
<trkpt lat="33.93721300" lon="-111.09303300">
<ele>1884.512</ele>
<time>2024-11-11T15:31:54Z</time>
</trkpt>
<trkpt lat="33.93755500" lon="-111.09321800">
<ele>1882.344</ele>
<time>2024-11-11T15:31:54Z</time>
</trkpt>
<trkpt lat="33.93773600" lon="-111.09332600">
<ele>1880.934</ele>
<time>2024-11-11T15:31:54Z</time>
</trkpt>
<trkpt lat="33.93782600" lon="-111.09333700">
<ele>1881.004</ele>
<time>2024-11-11T15:31:54Z</time>
</trkpt>
<trkpt lat="33.93809700" lon="-111.09321800">
<ele>1884.031</ele>
<time>2024-11-11T15:31:54Z</time>
</trkpt>
<trkpt lat="33.93844800" lon="-111.09307800">
<ele>1884.121</ele>
<time>2024-11-11T15:31:54Z</time>
</trkpt>
<trkpt lat="33.93890900" lon="-111.09287300">
<ele>1884.648</ele>
<time>2024-11-11T15:31:54Z</time>
</trkpt>
<trkpt lat="33.93921500" lon="-111.09278700">
<ele>1885.934</ele>
<time>2024-11-11T15:31:54Z</time>
</trkpt>
<trkpt lat="33.93936000" lon="-111.09275400">
<ele>1887.223</ele>
<time>2024-11-11T15:31:54Z</time>
</trkpt>
<trkpt lat="33.93959400" lon="-111.09274400">
<ele>1888.129</ele>
<time>2024-11-11T15:31:54Z</time>
</trkpt>
<trkpt lat="33.93987400" lon="-111.09274400">
<ele>1887.867</ele>
<time>2024-11-11T15:31:54Z</time>
</trkpt>
<trkpt lat="33.94011700" lon="-111.09279800">
<ele>1886.793</ele>
<time>2024-11-11T15:31:54Z</time>
</trkpt>
<trkpt lat="33.94019800" lon="-111.09279900">
<ele>1886.816</ele>
<time>2024-11-11T15:31:54Z</time>
</trkpt>
<trkpt lat="33.94028000" lon="-111.09276600">
<ele>1887.043</ele>
<time>2024-11-11T15:31:54Z</time>
</trkpt>
<trkpt lat="33.94032500" lon="-111.09262600">
<ele>1887.805</ele>
<time>2024-11-11T15:31:54Z</time>
</trkpt>
<trkpt lat="33.94032500" lon="-111.09246300">
<ele>1888.105</ele>
<time>2024-11-11T15:31:54Z</time>
</trkpt>
<trkpt lat="33.94028900" lon="-111.09226800">
<ele>1887.934</ele>
<time>2024-11-11T15:31:54Z</time>
</trkpt>
<trkpt lat="33.94023500" lon="-111.09213800">
<ele>1888.367</ele>
<time>2024-11-11T15:31:54Z</time>
</trkpt>
<trkpt lat="33.94011800" lon="-111.09203000">
<ele>1889.309</ele>
<time>2024-11-11T15:31:54Z</time>
</trkpt>
<trkpt lat="33.93984800" lon="-111.09186700">
<ele>1891.891</ele>
<time>2024-11-11T15:31:54Z</time>
</trkpt>
<trkpt lat="33.93959500" lon="-111.09180200">
<ele>1894.430</ele>
<time>2024-11-11T15:31:54Z</time>
</trkpt>
<trkpt lat="33.93924300" lon="-111.09173700">
<ele>1897.469</ele>
<time>2024-11-11T15:31:54Z</time>
</trkpt>
<trkpt lat="33.93902700" lon="-111.09160700">
<ele>1899.746</ele>
<time>2024-11-11T15:31:54Z</time>
</trkpt>
<trkpt lat="33.93881000" lon="-111.09142300">
<ele>1901.621</ele>
<time>2024-11-11T15:31:54Z</time>
</trkpt>
<trkpt lat="33.93856700" lon="-111.09107600">
<ele>1904.418</ele>
<time>2024-11-11T15:31:54Z</time>
</trkpt>
<trkpt lat="33.93831500" lon="-111.09077300">
<ele>1906.348</ele>
<time>2024-11-11T15:31:54Z</time>
</trkpt>
<trkpt lat="33.93816200" lon="-111.09051300">
<ele>1906.750</ele>
<time>2024-11-11T15:31:54Z</time>
</trkpt>
<trkpt lat="33.93810800" lon="-111.09037200">
<ele>1906.359</ele>
<time>2024-11-11T15:31:54Z</time>
</trkpt>
<trkpt lat="33.93802700" lon="-111.09013400">
<ele>1906.188</ele>
<time>2024-11-11T15:31:54Z</time>
</trkpt>
<trkpt lat="33.93800900" lon="-111.08989600">
<ele>1904.813</ele>
<time>2024-11-11T15:31:54Z</time>
</trkpt>
<trkpt lat="33.93803600" lon="-111.08960400">
<ele>1902.949</ele>
<time>2024-11-11T15:31:54Z</time>
</trkpt>
<trkpt lat="33.93806200" lon="-111.08950400">
<ele>1902.684</ele>
<time>2024-11-11T15:31:54Z</time>
</trkpt>
<trkpt lat="33.93807400" lon="-111.08945600">
<ele>1902.574</ele>
<time>2024-11-11T15:31:54Z</time>
</trkpt>
<trkpt lat="33.93808400" lon="-111.08941900">
<ele>1902.391</ele>
<time>2024-11-11T15:31:54Z</time>
</trkpt>
<trkpt lat="33.93810900" lon="-111.08932300">
<ele>1901.715</ele>
<time>2024-11-11T15:31:54Z</time>
</trkpt>
<trkpt lat="33.93828000" lon="-111.08899800">
<ele>1899.234</ele>
<time>2024-11-11T15:31:54Z</time>
</trkpt>
<trkpt lat="33.93846800" lon="-111.08847000">
<ele>1899.266</ele>
<time>2024-11-11T15:31:54Z</time>
</trkpt>
<trkpt lat="33.93868600" lon="-111.08801600">
<ele>1897.715</ele>
<time>2024-11-11T15:31:54Z</time>
</trkpt>
<trkpt lat="33.93871500" lon="-111.08798900">
<ele>1897.605</ele>
<time>2024-11-11T15:31:54Z</time>
</trkpt>
<trkpt lat="33.93885800" lon="-111.08761800">
<ele>1896.535</ele>
<time>2024-11-11T15:31:54Z</time>
</trkpt>
<trkpt lat="33.93891500" lon="-111.08734300">
<ele>1895.820</ele>
<time>2024-11-11T15:31:54Z</time>
</trkpt>
<trkpt lat="33.93892700" lon="-111.08689000">
<ele>1892.891</ele>
<time>2024-11-11T15:31:54Z</time>
</trkpt>
<trkpt lat="33.93908800" lon="-111.08660100">
<ele>1887.281</ele>
<time>2024-11-11T15:31:54Z</time>
</trkpt>
<trkpt lat="33.93909900" lon="-111.08614800">
<ele>1882.691</ele>
<time>2024-11-11T15:31:54Z</time>
</trkpt>
<trkpt lat="33.93905400" lon="-111.08573500">
<ele>1878.309</ele>
<time>2024-11-11T15:31:54Z</time>
</trkpt>
<trkpt lat="33.93911200" lon="-111.08543900">
<ele>1876.855</ele>
<time>2024-11-11T15:31:54Z</time>
</trkpt>
<trkpt lat="33.93923700" lon="-111.08519900">
<ele>1877.277</ele>
<time>2024-11-11T15:31:54Z</time>
</trkpt>
<trkpt lat="33.93942100" lon="-111.08488400">
<ele>1877.605</ele>
<time>2024-11-11T15:31:54Z</time>
</trkpt>
<trkpt lat="33.93960400" lon="-111.08469100">
<ele>1876.387</ele>
<time>2024-11-11T15:31:54Z</time>
</trkpt>
<trkpt lat="33.93971800" lon="-111.08445500">
<ele>1876.000</ele>
<time>2024-11-11T15:31:54Z</time>
</trkpt>
<trkpt lat="33.93979900" lon="-111.08422400">
<ele>1875.719</ele>
<time>2024-11-11T15:31:54Z</time>
</trkpt>
<trkpt lat="33.93993700" lon="-111.08389500">
<ele>1874.461</ele>
<time>2024-11-11T15:31:54Z</time>
</trkpt>
<trkpt lat="33.94012000" lon="-111.08374400">
<ele>1874.637</ele>
<time>2024-11-11T15:31:54Z</time>
</trkpt>
<trkpt lat="33.94031500" lon="-111.08351000">
<ele>1875.785</ele>
<time>2024-11-11T15:31:54Z</time>
</trkpt>
<trkpt lat="33.94053300" lon="-111.08334500">
<ele>1876.004</ele>
<time>2024-11-11T15:31:54Z</time>
</trkpt>
<trkpt lat="33.94088800" lon="-111.08325000">
<ele>1872.191</ele>
<time>2024-11-11T15:31:54Z</time>
</trkpt>
<trkpt lat="33.94114000" lon="-111.08322200">
<ele>1870.711</ele>
<time>2024-11-11T15:31:54Z</time>
</trkpt>
<trkpt lat="33.94135800" lon="-111.08303000">
<ele>1870.773</ele>
<time>2024-11-11T15:31:54Z</time>
</trkpt>
<trkpt lat="33.94164400" lon="-111.08285200">
<ele>1866.664</ele>
<time>2024-11-11T15:31:54Z</time>
</trkpt>
<trkpt lat="33.94192000" lon="-111.08263200">
<ele>1863.109</ele>
<time>2024-11-11T15:31:54Z</time>
</trkpt>
<trkpt lat="33.94219400" lon="-111.08259100">
<ele>1862.074</ele>
<time>2024-11-11T15:31:54Z</time>
</trkpt>
<trkpt lat="33.94238900" lon="-111.08248100">
<ele>1861.969</ele>
<time>2024-11-11T15:31:54Z</time>
</trkpt>
<trkpt lat="33.94276700" lon="-111.08253700">
<ele>1861.859</ele>
<time>2024-11-11T15:31:54Z</time>
</trkpt>
<trkpt lat="33.94307600" lon="-111.08257800">
<ele>1861.711</ele>
<time>2024-11-11T15:31:54Z</time>
</trkpt>
<trkpt lat="33.94329400" lon="-111.08245500">
<ele>1861.875</ele>
<time>2024-11-11T15:31:54Z</time>
</trkpt>
<trkpt lat="33.94357900" lon="-111.08227300">
<ele>1858.660</ele>
<time>2024-11-11T15:31:54Z</time>
</trkpt>
<trkpt lat="33.94369500" lon="-111.08209800">
<ele>1857.219</ele>
<time>2024-11-11T15:31:54Z</time>
</trkpt>
<trkpt lat="33.94419900" lon="-111.08175500">
<ele>1853.000</ele>
<time>2024-11-11T15:31:54Z</time>
</trkpt>
<trkpt lat="33.94453200" lon="-111.08161800">
<ele>1852.586</ele>
<time>2024-11-11T15:31:54Z</time>
</trkpt>
<trkpt lat="33.94479500" lon="-111.08149400">
<ele>1850.168</ele>
<time>2024-11-11T15:31:54Z</time>
</trkpt>
<trkpt lat="33.94501300" lon="-111.08146700">
<ele>1848.582</ele>
<time>2024-11-11T15:31:54Z</time>
</trkpt>
<trkpt lat="33.94523900" lon="-111.08139800">
<ele>1848.078</ele>
<time>2024-11-11T15:31:54Z</time>
</trkpt>
<trkpt lat="33.94547400" lon="-111.08135500">
<ele>1846.961</ele>
<time>2024-11-11T15:31:54Z</time>
</trkpt>
<trkpt lat="33.94561200" lon="-111.08138400">
<ele>1846.711</ele>
<time>2024-11-11T15:31:54Z</time>
</trkpt>
<trkpt lat="33.94575500" lon="-111.08126900">
<ele>1845.293</ele>
<time>2024-11-11T15:31:54Z</time>
</trkpt>
<trkpt lat="33.94586100" lon="-111.08110900">
<ele>1843.988</ele>
<time>2024-11-11T15:31:54Z</time>
</trkpt>
<trkpt lat="33.94603300" lon="-111.08099500">
<ele>1842.914</ele>
<time>2024-11-11T15:31:54Z</time>
</trkpt>
<trkpt lat="33.94626200" lon="-111.08098300">
<ele>1842.047</ele>
<time>2024-11-11T15:31:54Z</time>
</trkpt>
<trkpt lat="33.94639500" lon="-111.08104100">
<ele>1842.090</ele>
<time>2024-11-11T15:31:54Z</time>
</trkpt>
<trkpt lat="33.94661500" lon="-111.08128200">
<ele>1839.672</ele>
<time>2024-11-11T15:31:54Z</time>
</trkpt>
<trkpt lat="33.94677700" lon="-111.08129300">
<ele>1838.035</ele>
<time>2024-11-11T15:31:54Z</time>
</trkpt>
<trkpt lat="33.94686300" lon="-111.08135100">
<ele>1837.508</ele>
<time>2024-11-11T15:31:54Z</time>
</trkpt>
<trkpt lat="33.94706300" lon="-111.08143100">
<ele>1837.613</ele>
<time>2024-11-11T15:31:54Z</time>
</trkpt>
<trkpt lat="33.94717800" lon="-111.08135100">
<ele>1836.383</ele>
<time>2024-11-11T15:31:54Z</time>
</trkpt>
<trkpt lat="33.94717800" lon="-111.08113800">
<ele>1833.063</ele>
<time>2024-11-11T15:31:54Z</time>
</trkpt>
<trkpt lat="33.94719300" lon="-111.08093600">
<ele>1830.070</ele>
<time>2024-11-11T15:31:54Z</time>
</trkpt>
<trkpt lat="33.94716300" lon="-111.08064300">
<ele>1827.727</ele>
<time>2024-11-11T15:31:54Z</time>
</trkpt>
<trkpt lat="33.94717800" lon="-111.08032200">
<ele>1824.676</ele>
<time>2024-11-11T15:31:54Z</time>
</trkpt>
<trkpt lat="33.94718600" lon="-111.08009300">
<ele>1822.125</ele>
<time>2024-11-11T15:31:54Z</time>
</trkpt>
<trkpt lat="33.94718600" lon="-111.07995700">
<ele>1820.809</ele>
<time>2024-11-11T15:31:54Z</time>
</trkpt>
<trkpt lat="33.94717700" lon="-111.07980200">
<ele>1819.602</ele>
<time>2024-11-11T15:31:54Z</time>
</trkpt>
<trkpt lat="33.94713300" lon="-111.07955300">
<ele>1817.551</ele>
<time>2024-11-11T15:31:54Z</time>
</trkpt>
<trkpt lat="33.94704900" lon="-111.07943300">
<ele>1816.313</ele>
<time>2024-11-11T15:31:54Z</time>
</trkpt>
<trkpt lat="33.94698800" lon="-111.07930500">
<ele>1815.352</ele>
<time>2024-11-11T15:31:54Z</time>
</trkpt>
<trkpt lat="33.94697300" lon="-111.07915900">
<ele>1814.250</ele>
<time>2024-11-11T15:31:54Z</time>
</trkpt>
<trkpt lat="33.94695000" lon="-111.07896600">
<ele>1813.352</ele>
<time>2024-11-11T15:31:54Z</time>
</trkpt>
<trkpt lat="33.94690400" lon="-111.07870900">
<ele>1811.621</ele>
<time>2024-11-11T15:31:54Z</time>
</trkpt>
<trkpt lat="33.94677500" lon="-111.07847100">
<ele>1809.781</ele>
<time>2024-11-11T15:31:54Z</time>
</trkpt>
<trkpt lat="33.94662200" lon="-111.07829700">
<ele>1805.805</ele>
<time>2024-11-11T15:31:54Z</time>
</trkpt>
<trkpt lat="33.94653800" lon="-111.07812300">
<ele>1804.496</ele>
<time>2024-11-11T15:31:54Z</time>
</trkpt>
<trkpt lat="33.94644700" lon="-111.07799400">
<ele>1801.891</ele>
<time>2024-11-11T15:31:54Z</time>
</trkpt>
<trkpt lat="33.94636300" lon="-111.07782000">
<ele>1799.668</ele>
<time>2024-11-11T15:31:54Z</time>
</trkpt>
<trkpt lat="33.94625600" lon="-111.07752700">
<ele>1798.141</ele>
<time>2024-11-11T15:31:54Z</time>
</trkpt>
<trkpt lat="33.94611100" lon="-111.07728000">
<ele>1795.340</ele>
<time>2024-11-11T15:31:54Z</time>
</trkpt>
<trkpt lat="33.94595500" lon="-111.07696300">
<ele>1792.477</ele>
<time>2024-11-11T15:31:54Z</time>
</trkpt>
<trkpt lat="33.94588700" lon="-111.07664700">
<ele>1791.039</ele>
<time>2024-11-11T15:31:54Z</time>
</trkpt>
<trkpt lat="33.94585200" lon="-111.07649500">
<ele>1789.598</ele>
<time>2024-11-11T15:31:54Z</time>
</trkpt>
<trkpt lat="33.94582900" lon="-111.07633000">
<ele>1788.887</ele>
<time>2024-11-11T15:31:54Z</time>
</trkpt>
<trkpt lat="33.94568000" lon="-111.07612400">
<ele>1783.496</ele>
<time>2024-11-11T15:31:54Z</time>
</trkpt>
<trkpt lat="33.94566900" lon="-111.07549200">
<ele>1781.484</ele>
<time>2024-11-11T15:31:54Z</time>
</trkpt>
<trkpt lat="33.94571600" lon="-111.07492800">
<ele>1775.063</ele>
<time>2024-11-11T15:31:54Z</time>
</trkpt>
<trkpt lat="33.94567000" lon="-111.07464000">
<ele>1772.293</ele>
<time>2024-11-11T15:31:54Z</time>
</trkpt>
<trkpt lat="33.94572700" lon="-111.07429600">
<ele>1773.828</ele>
<time>2024-11-11T15:31:54Z</time>
</trkpt>
<trkpt lat="33.94569300" lon="-111.07391100">
<ele>1769.105</ele>
<time>2024-11-11T15:31:54Z</time>
</trkpt>
<trkpt lat="33.94581300" lon="-111.07327100">
<ele>1767.930</ele>
<time>2024-11-11T15:31:54Z</time>
</trkpt>
<trkpt lat="33.94586600" lon="-111.07282600">
<ele>1767.168</ele>
<time>2024-11-11T15:31:54Z</time>
</trkpt>
<trkpt lat="33.94593500" lon="-111.07244100">
<ele>1764.270</ele>
<time>2024-11-11T15:31:54Z</time>
</trkpt>
<trkpt lat="33.94600400" lon="-111.07205600">
<ele>1762.063</ele>
<time>2024-11-11T15:31:54Z</time>
</trkpt>
<trkpt lat="33.94609600" lon="-111.07171300">
<ele>1758.617</ele>
<time>2024-11-11T15:31:54Z</time>
</trkpt>
<trkpt lat="33.94615300" lon="-111.07138300">
<ele>1752.680</ele>
<time>2024-11-11T15:31:54Z</time>
</trkpt>
<trkpt lat="33.94631300" lon="-111.07113600">
<ele>1751.813</ele>
<time>2024-11-11T15:31:54Z</time>
</trkpt>
<trkpt lat="33.94645100" lon="-111.07105300">
<ele>1752.461</ele>
<time>2024-11-11T15:31:54Z</time>
</trkpt>
<trkpt lat="33.94663400" lon="-111.07098500">
<ele>1752.664</ele>
<time>2024-11-11T15:31:54Z</time>
</trkpt>
<trkpt lat="33.94679500" lon="-111.07097100">
<ele>1753.402</ele>
<time>2024-11-11T15:31:54Z</time>
</trkpt>
<trkpt lat="33.94689800" lon="-111.07094400">
<ele>1753.367</ele>
<time>2024-11-11T15:31:54Z</time>
</trkpt>
<trkpt lat="33.94700100" lon="-111.07079300">
<ele>1750.438</ele>
<time>2024-11-11T15:31:54Z</time>
</trkpt>
<trkpt lat="33.94715000" lon="-111.07062800">
<ele>1747.379</ele>
<time>2024-11-11T15:31:54Z</time>
</trkpt>
<trkpt lat="33.94727600" lon="-111.07055900">
<ele>1747.395</ele>
<time>2024-11-11T15:31:54Z</time>
</trkpt>
<trkpt lat="33.94739100" lon="-111.07050400">
<ele>1748.262</ele>
<time>2024-11-11T15:31:54Z</time>
</trkpt>
<trkpt lat="33.94745900" lon="-111.07036700">
<ele>1746.934</ele>
<time>2024-11-11T15:31:54Z</time>
</trkpt>
<trkpt lat="33.94745600" lon="-111.07018800">
<ele>1743.043</ele>
<time>2024-11-11T15:31:54Z</time>
</trkpt>
<trkpt lat="33.94757400" lon="-111.07003700">
<ele>1741.871</ele>
<time>2024-11-11T15:31:54Z</time>
</trkpt>
<trkpt lat="33.94771200" lon="-111.06991400">
<ele>1741.156</ele>
<time>2024-11-11T15:31:54Z</time>
</trkpt>
<trkpt lat="33.94783800" lon="-111.06981800">
<ele>1740.254</ele>
<time>2024-11-11T15:31:54Z</time>
</trkpt>
<trkpt lat="33.94796400" lon="-111.06976300">
<ele>1739.379</ele>
<time>2024-11-11T15:31:54Z</time>
</trkpt>
<trkpt lat="33.94804300" lon="-111.06966900">
<ele>1738.367</ele>
<time>2024-11-11T15:31:54Z</time>
</trkpt>
<trkpt lat="33.94807800" lon="-111.06954300">
<ele>1737.004</ele>
<time>2024-11-11T15:31:54Z</time>
</trkpt>
<trkpt lat="33.94811300" lon="-111.06939200">
<ele>1735.176</ele>
<time>2024-11-11T15:31:54Z</time>
</trkpt>
<trkpt lat="33.94813600" lon="-111.06924100">
<ele>1733.262</ele>
<time>2024-11-11T15:31:54Z</time>
</trkpt>
<trkpt lat="33.94797600" lon="-111.06900700">
<ele>1733.563</ele>
<time>2024-11-11T15:31:54Z</time>
</trkpt>
<trkpt lat="33.94786100" lon="-111.06884200">
<ele>1733.895</ele>
<time>2024-11-11T15:31:54Z</time>
</trkpt>
<trkpt lat="33.94777000" lon="-111.06859400">
<ele>1733.840</ele>
<time>2024-11-11T15:31:54Z</time>
</trkpt>
<trkpt lat="33.94766700" lon="-111.06831900">
<ele>1732.242</ele>
<time>2024-11-11T15:31:54Z</time>
</trkpt>
<trkpt lat="33.94761000" lon="-111.06799000">
<ele>1732.535</ele>
<time>2024-11-11T15:31:54Z</time>
</trkpt>
<trkpt lat="33.94757500" lon="-111.06775600">
<ele>1733.023</ele>
<time>2024-11-11T15:31:54Z</time>
</trkpt>
<trkpt lat="33.94743800" lon="-111.06741200">
<ele>1733.781</ele>
<time>2024-11-11T15:31:54Z</time>
</trkpt>
<trkpt lat="33.94735800" lon="-111.06694500">
<ele>1733.492</ele>
<time>2024-11-11T15:31:54Z</time>
</trkpt>
<trkpt lat="33.94735800" lon="-111.06668400">
<ele>1733.023</ele>
<time>2024-11-11T15:31:54Z</time>
</trkpt>
<trkpt lat="33.94723300" lon="-111.06627100">
<ele>1733.953</ele>
<time>2024-11-11T15:31:54Z</time>
</trkpt>
<trkpt lat="33.94711800" lon="-111.06585900">
<ele>1734.605</ele>
<time>2024-11-11T15:31:54Z</time>
</trkpt>
<trkpt lat="33.94688900" lon="-111.06546000">
<ele>1731.582</ele>
<time>2024-11-11T15:31:54Z</time>
</trkpt>
<trkpt lat="33.94660300" lon="-111.06521200">
<ele>1730.109</ele>
<time>2024-11-11T15:31:54Z</time>
</trkpt>
<trkpt lat="33.94648900" lon="-111.06506100">
<ele>1730.848</ele>
<time>2024-11-11T15:31:54Z</time>
</trkpt>
<trkpt lat="33.94642000" lon="-111.06488200">
<ele>1731.711</ele>
<time>2024-11-11T15:31:54Z</time>
</trkpt>
<trkpt lat="33.94639700" lon="-111.06458000">
<ele>1731.898</ele>
<time>2024-11-11T15:31:54Z</time>
</trkpt>
<trkpt lat="33.94638600" lon="-111.06425000">
<ele>1731.285</ele>
<time>2024-11-11T15:31:54Z</time>
</trkpt>
<trkpt lat="33.94636300" lon="-111.06389300">
<ele>1730.004</ele>
<time>2024-11-11T15:31:54Z</time>
</trkpt>
<trkpt lat="33.94626000" lon="-111.06353500">
<ele>1728.277</ele>
<time>2024-11-11T15:31:54Z</time>
</trkpt>
<trkpt lat="33.94632900" lon="-111.06321900">
<ele>1727.465</ele>
<time>2024-11-11T15:31:54Z</time>
</trkpt>
<trkpt lat="33.94637500" lon="-111.06295800">
<ele>1727.000</ele>
<time>2024-11-11T15:31:54Z</time>
</trkpt>
<trkpt lat="33.94639800" lon="-111.06261500">
<ele>1726.352</ele>
<time>2024-11-11T15:31:54Z</time>
</trkpt>
<trkpt lat="33.94641000" lon="-111.06225700">
<ele>1724.184</ele>
<time>2024-11-11T15:31:54Z</time>
</trkpt>
<trkpt lat="33.94646700" lon="-111.06191400">
<ele>1721.910</ele>
<time>2024-11-11T15:31:54Z</time>
</trkpt>
<trkpt lat="33.94661600" lon="-111.06143300">
<ele>1720.977</ele>
<time>2024-11-11T15:31:54Z</time>
</trkpt>
<trkpt lat="33.94678900" lon="-111.06091100">
<ele>1717.758</ele>
<time>2024-11-11T15:31:54Z</time>
</trkpt>
<trkpt lat="33.94692600" lon="-111.06036100">
<ele>1717.789</ele>
<time>2024-11-11T15:31:54Z</time>
</trkpt>
<trkpt lat="33.94698400" lon="-111.06000400">
<ele>1718.125</ele>
<time>2024-11-11T15:31:54Z</time>
</trkpt>
<trkpt lat="33.94706400" lon="-111.05977000">
<ele>1719.242</ele>
<time>2024-11-11T15:31:54Z</time>
</trkpt>
<trkpt lat="33.94717300" lon="-111.05949600">
<ele>1721.258</ele>
<time>2024-11-11T15:31:54Z</time>
</trkpt>
<trkpt lat="33.94723600" lon="-111.05934400">
<ele>1722.660</ele>
<time>2024-11-11T15:31:54Z</time>
</trkpt>
<trkpt lat="33.94731700" lon="-111.05912800">
<ele>1723.520</ele>
<time>2024-11-11T15:31:54Z</time>
</trkpt>
<trkpt lat="33.94734000" lon="-111.05886300">
<ele>1725.102</ele>
<time>2024-11-11T15:31:54Z</time>
</trkpt>
<trkpt lat="33.94728200" lon="-111.05843700">
<ele>1726.125</ele>
<time>2024-11-11T15:31:54Z</time>
</trkpt>
<trkpt lat="33.94726000" lon="-111.05810700">
<ele>1726.133</ele>
<time>2024-11-11T15:31:54Z</time>
</trkpt>
<trkpt lat="33.94723700" lon="-111.05783200">
<ele>1725.250</ele>
<time>2024-11-11T15:31:54Z</time>
</trkpt>
<trkpt lat="33.94721000" lon="-111.05761300">
<ele>1724.191</ele>
<time>2024-11-11T15:31:54Z</time>
</trkpt>
<trkpt lat="33.94714500" lon="-111.05736500">
<ele>1723.168</ele>
<time>2024-11-11T15:31:54Z</time>
</trkpt>
<trkpt lat="33.94715700" lon="-111.05706300">
<ele>1725.176</ele>
<time>2024-11-11T15:31:54Z</time>
</trkpt>
<trkpt lat="33.94713400" lon="-111.05680200">
<ele>1726.883</ele>
<time>2024-11-11T15:31:54Z</time>
</trkpt>
<trkpt lat="33.94714600" lon="-111.05651300">
<ele>1728.637</ele>
<time>2024-11-11T15:31:54Z</time>
</trkpt>
<trkpt lat="33.94710000" lon="-111.05626500">
<ele>1728.188</ele>
<time>2024-11-11T15:31:54Z</time>
</trkpt>
<trkpt lat="33.94714600" lon="-111.05607300">
<ele>1728.625</ele>
<time>2024-11-11T15:31:54Z</time>
</trkpt>
<trkpt lat="33.94714600" lon="-111.05582600">
<ele>1729.504</ele>
<time>2024-11-11T15:31:54Z</time>
</trkpt>
<trkpt lat="33.94708900" lon="-111.05545500">
<ele>1731.555</ele>
<time>2024-11-11T15:31:54Z</time>
</trkpt>
<trkpt lat="33.94696300" lon="-111.05529000">
<ele>1731.969</ele>
<time>2024-11-11T15:31:54Z</time>
</trkpt>
<trkpt lat="33.94687200" lon="-111.05513800">
<ele>1733.352</ele>
<time>2024-11-11T15:31:54Z</time>
</trkpt>
<trkpt lat="33.94671500" lon="-111.05499400">
<ele>1735.141</ele>
<time>2024-11-11T15:31:54Z</time>
</trkpt>
<trkpt lat="33.94661600" lon="-111.05484200">
<ele>1737.039</ele>
<time>2024-11-11T15:31:54Z</time>
</trkpt>
<trkpt lat="33.94646900" lon="-111.05468700">
<ele>1737.766</ele>
<time>2024-11-11T15:31:54Z</time>
</trkpt>
<trkpt lat="33.94646300" lon="-111.05468000">
<ele>1737.738</ele>
<time>2024-11-11T15:31:54Z</time>
</trkpt>
<trkpt lat="33.94637900" lon="-111.05449200">
<ele>1737.770</ele>
<time>2024-11-11T15:31:54Z</time>
</trkpt>
<trkpt lat="33.94625300" lon="-111.05424500">
<ele>1738.750</ele>
<time>2024-11-11T15:31:54Z</time>
</trkpt>
<trkpt lat="33.94612700" lon="-111.05397000">
<ele>1740.375</ele>
<time>2024-11-11T15:31:54Z</time>
</trkpt>
<trkpt lat="33.94597900" lon="-111.05375000">
<ele>1741.609</ele>
<time>2024-11-11T15:31:54Z</time>
</trkpt>
<trkpt lat="33.94586400" lon="-111.05353000">
<ele>1743.551</ele>
<time>2024-11-11T15:31:54Z</time>
</trkpt>
<trkpt lat="33.94575200" lon="-111.05330100">
<ele>1744.773</ele>
<time>2024-11-11T15:31:54Z</time>
</trkpt>
<trkpt lat="33.94570700" lon="-111.05287900">
<ele>1748.469</ele>
<time>2024-11-11T15:31:54Z</time>
</trkpt>
<trkpt lat="33.94570400" lon="-111.05273300">
<ele>1750.113</ele>
<time>2024-11-11T15:31:54Z</time>
</trkpt>
<trkpt lat="33.94573900" lon="-111.05259500">
<ele>1752.238</ele>
<time>2024-11-11T15:31:54Z</time>
</trkpt>
<trkpt lat="33.94580700" lon="-111.05248500">
<ele>1754.688</ele>
<time>2024-11-11T15:31:54Z</time>
</trkpt>
<trkpt lat="33.94589000" lon="-111.05252100">
<ele>1756.195</ele>
<time>2024-11-11T15:31:54Z</time>
</trkpt>
<trkpt lat="33.94589000" lon="-111.05252000">
<ele>1756.195</ele>
<time>2024-11-11T15:31:54Z</time>
</trkpt>
<trkpt lat="33.94593300" lon="-111.05254000">
<ele>1756.953</ele>
<time>2024-11-11T15:31:54Z</time>
</trkpt>
<trkpt lat="33.94608200" lon="-111.05259500">
<ele>1759.813</ele>
<time>2024-11-11T15:31:54Z</time>
</trkpt>
<trkpt lat="33.94626600" lon="-111.05277400">
<ele>1758.668</ele>
<time>2024-11-11T15:31:54Z</time>
</trkpt>
<trkpt lat="33.94644900" lon="-111.05295300">
<ele>1757.273</ele>
<time>2024-11-11T15:31:54Z</time>
</trkpt>
<trkpt lat="33.94659800" lon="-111.05309000">
<ele>1756.355</ele>
<time>2024-11-11T15:31:54Z</time>
</trkpt>
<trkpt lat="33.94691800" lon="-111.05344800">
<ele>1756.422</ele>
<time>2024-11-11T15:31:54Z</time>
</trkpt>
<trkpt lat="33.94708600" lon="-111.05349000">
<ele>1758.402</ele>
<time>2024-11-11T15:31:54Z</time>
</trkpt>
<trkpt lat="33.94721200" lon="-111.05352200">
<ele>1759.805</ele>
<time>2024-11-11T15:31:54Z</time>
</trkpt>
<trkpt lat="33.94726200" lon="-111.05351100">
<ele>1759.918</ele>
<time>2024-11-11T15:31:54Z</time>
</trkpt>
<trkpt lat="33.94731100" lon="-111.05350000">
<ele>1759.820</ele>
<time>2024-11-11T15:31:54Z</time>
</trkpt>
<trkpt lat="33.94745700" lon="-111.05342100">
<ele>1760.527</ele>
<time>2024-11-11T15:31:54Z</time>
</trkpt>
<trkpt lat="33.94762800" lon="-111.05335200">
<ele>1760.789</ele>
<time>2024-11-11T15:31:54Z</time>
</trkpt>
<trkpt lat="33.94780000" lon="-111.05327000">
<ele>1760.559</ele>
<time>2024-11-11T15:31:54Z</time>
</trkpt>
<trkpt lat="33.94799500" lon="-111.05309100">
<ele>1762.426</ele>
<time>2024-11-11T15:31:54Z</time>
</trkpt>
<trkpt lat="33.94817700" lon="-111.05292700">
<ele>1763.664</ele>
<time>2024-11-11T15:31:54Z</time>
</trkpt>
<trkpt lat="33.94836200" lon="-111.05281700">
<ele>1764.063</ele>
<time>2024-11-11T15:31:54Z</time>
</trkpt>
<trkpt lat="33.94852200" lon="-111.05266500">
<ele>1764.816</ele>
<time>2024-11-11T15:31:54Z</time>
</trkpt>
<trkpt lat="33.94862500" lon="-111.05245900">
<ele>1766.102</ele>
<time>2024-11-11T15:31:54Z</time>
</trkpt>
<trkpt lat="33.94870500" lon="-111.05228100">
<ele>1767.129</ele>
<time>2024-11-11T15:31:54Z</time>
</trkpt>
<trkpt lat="33.94890000" lon="-111.05211600">
<ele>1767.930</ele>
<time>2024-11-11T15:31:54Z</time>
</trkpt>
<trkpt lat="33.94911800" lon="-111.05199200">
<ele>1766.738</ele>
<time>2024-11-11T15:31:54Z</time>
</trkpt>
<trkpt lat="33.94929000" lon="-111.05184100">
<ele>1765.145</ele>
<time>2024-11-11T15:31:54Z</time>
</trkpt>
<trkpt lat="33.94943100" lon="-111.05168400">
<ele>1764.973</ele>
<time>2024-11-11T15:31:54Z</time>
</trkpt>
<trkpt lat="33.94972500" lon="-111.05148400">
<ele>1763.938</ele>
<time>2024-11-11T15:31:54Z</time>
</trkpt>
<trkpt lat="33.95000000" lon="-111.05131900">
<ele>1762.246</ele>
<time>2024-11-11T15:31:54Z</time>
</trkpt>
<trkpt lat="33.95019500" lon="-111.05112700">
<ele>1758.660</ele>
<time>2024-11-11T15:31:54Z</time>
</trkpt>
<trkpt lat="33.95031000" lon="-111.05096200">
<ele>1756.480</ele>
<time>2024-11-11T15:31:54Z</time>
</trkpt>
<trkpt lat="33.95050400" lon="-111.05063300">
<ele>1754.531</ele>
<time>2024-11-11T15:31:54Z</time>
</trkpt>
<trkpt lat="33.95077600" lon="-111.05003900">
<ele>1754.910</ele>
<time>2024-11-11T15:31:54Z</time>
</trkpt>
<trkpt lat="33.95095600" lon="-111.04965000">
<ele>1754.371</ele>
<time>2024-11-11T15:31:54Z</time>
</trkpt>
<trkpt lat="33.95110100" lon="-111.04939000">
<ele>1751.727</ele>
<time>2024-11-11T15:31:54Z</time>
</trkpt>
<trkpt lat="33.95112800" lon="-111.04928200">
<ele>1750.691</ele>
<time>2024-11-11T15:31:54Z</time>
</trkpt>
<trkpt lat="33.95113700" lon="-111.04901200">
<ele>1748.766</ele>
<time>2024-11-11T15:31:54Z</time>
</trkpt>
<trkpt lat="33.95119100" lon="-111.04882800">
<ele>1747.289</ele>
<time>2024-11-11T15:31:54Z</time>
</trkpt>
<trkpt lat="33.95128200" lon="-111.04856800">
<ele>1745.063</ele>
<time>2024-11-11T15:31:54Z</time>
</trkpt>
<trkpt lat="33.95134500" lon="-111.04831900">
<ele>1742.492</ele>
<time>2024-11-11T15:31:54Z</time>
</trkpt>
<trkpt lat="33.95137800" lon="-111.04798100">
<ele>1744.008</ele>
<time>2024-11-11T15:31:54Z</time>
</trkpt>
<trkpt lat="33.95139000" lon="-111.04786500">
<ele>1743.977</ele>
<time>2024-11-11T15:31:54Z</time>
</trkpt>
<trkpt lat="33.95139900" lon="-111.04731300">
<ele>1736.645</ele>
<time>2024-11-11T15:31:54Z</time>
</trkpt>
<trkpt lat="33.95138700" lon="-111.04710900">
<ele>1733.363</ele>
<time>2024-11-11T15:31:54Z</time>
</trkpt>
<trkpt lat="33.95137200" lon="-111.04688000">
<ele>1730.859</ele>
<time>2024-11-11T15:31:54Z</time>
</trkpt>
<trkpt lat="33.95128200" lon="-111.04657700">
<ele>1729.887</ele>
<time>2024-11-11T15:31:54Z</time>
</trkpt>
<trkpt lat="33.95109300" lon="-111.04602400">
<ele>1725.266</ele>
<time>2024-11-11T15:31:54Z</time>
</trkpt>
<trkpt lat="33.95102400" lon="-111.04583600">
<ele>1724.375</ele>
<time>2024-11-11T15:31:54Z</time>
</trkpt>
<trkpt lat="33.95092200" lon="-111.04555900">
<ele>1724.090</ele>
<time>2024-11-11T15:31:54Z</time>
</trkpt>
<trkpt lat="33.95079600" lon="-111.04521300">
<ele>1723.539</ele>
<time>2024-11-11T15:31:54Z</time>
</trkpt>
<trkpt lat="33.95074200" lon="-111.04495300">
<ele>1722.094</ele>
<time>2024-11-11T15:31:54Z</time>
</trkpt>
<trkpt lat="33.95079600" lon="-111.04459600">
<ele>1719.680</ele>
<time>2024-11-11T15:31:54Z</time>
</trkpt>
<trkpt lat="33.95083200" lon="-111.04446200">
<ele>1718.168</ele>
<time>2024-11-11T15:31:54Z</time>
</trkpt>
<trkpt lat="33.95093100" lon="-111.04409800">
<ele>1714.453</ele>
<time>2024-11-11T15:31:54Z</time>
</trkpt>
<trkpt lat="33.95099700" lon="-111.04395400">
<ele>1714.418</ele>
<time>2024-11-11T15:31:54Z</time>
</trkpt>
<trkpt lat="33.95103100" lon="-111.04388200">
<ele>1714.422</ele>
<time>2024-11-11T15:31:54Z</time>
</trkpt>
<trkpt lat="33.95121100" lon="-111.04367600">
<ele>1715.086</ele>
<time>2024-11-11T15:31:54Z</time>
</trkpt>
<trkpt lat="33.95148200" lon="-111.04352500">
<ele>1715.809</ele>
<time>2024-11-11T15:31:54Z</time>
</trkpt>
<trkpt lat="33.95165300" lon="-111.04337300">
<ele>1718.438</ele>
<time>2024-11-11T15:31:54Z</time>
</trkpt>
<trkpt lat="33.95166200" lon="-111.04335900">
<ele>1718.645</ele>
<time>2024-11-11T15:31:54Z</time>
</trkpt>
<trkpt lat="33.95175300" lon="-111.04322200">
<ele>1721.137</ele>
<time>2024-11-11T15:31:54Z</time>
</trkpt>
<trkpt lat="33.95182500" lon="-111.04297300">
<ele>1724.371</ele>
<time>2024-11-11T15:31:54Z</time>
</trkpt>
<trkpt lat="33.95183400" lon="-111.04268100">
<ele>1725.785</ele>
<time>2024-11-11T15:31:54Z</time>
</trkpt>
<trkpt lat="33.95181100" lon="-111.04214400">
<ele>1728.809</ele>
<time>2024-11-11T15:31:54Z</time>
</trkpt>
<trkpt lat="33.95177100" lon="-111.04185800">
<ele>1729.484</ele>
<time>2024-11-11T15:31:54Z</time>
</trkpt>
<trkpt lat="33.95171700" lon="-111.04156600">
<ele>1729.730</ele>
<time>2024-11-11T15:31:54Z</time>
</trkpt>
<trkpt lat="33.95163600" lon="-111.04126300">
<ele>1731.152</ele>
<time>2024-11-11T15:31:54Z</time>
</trkpt>
<trkpt lat="33.95155500" lon="-111.04100300">
<ele>1732.953</ele>
<time>2024-11-11T15:31:54Z</time>
</trkpt>
<trkpt lat="33.95150100" lon="-111.04080800">
<ele>1734.480</ele>
<time>2024-11-11T15:31:54Z</time>
</trkpt>
<trkpt lat="33.95138400" lon="-111.04060300">
<ele>1734.773</ele>
<time>2024-11-11T15:31:54Z</time>
</trkpt>
<trkpt lat="33.95128500" lon="-111.04038600">
<ele>1735.094</ele>
<time>2024-11-11T15:31:54Z</time>
</trkpt>
<trkpt lat="33.95117600" lon="-111.04012600">
<ele>1735.645</ele>
<time>2024-11-11T15:31:54Z</time>
</trkpt>
<trkpt lat="33.95100500" lon="-111.03959600">
<ele>1735.988</ele>
<time>2024-11-11T15:31:54Z</time>
</trkpt>
<trkpt lat="33.95087900" lon="-111.03895700">
<ele>1735.000</ele>
<time>2024-11-11T15:31:54Z</time>
</trkpt>
<trkpt lat="33.95076200" lon="-111.03816700">
<ele>1734.859</ele>
<time>2024-11-11T15:31:54Z</time>
</trkpt>
<trkpt lat="33.95071100" lon="-111.03770800">
<ele>1731.281</ele>
<time>2024-11-11T15:31:54Z</time>
</trkpt>
<trkpt lat="33.95069100" lon="-111.03759700">
<ele>1730.863</ele>
<time>2024-11-11T15:31:54Z</time>
</trkpt>
<trkpt lat="33.95066500" lon="-111.03742200">
<ele>1730.703</ele>
<time>2024-11-11T15:31:54Z</time>
</trkpt>
<trkpt lat="33.95063000" lon="-111.03723800">
<ele>1730.980</ele>
<time>2024-11-11T15:31:54Z</time>
</trkpt>
<trkpt lat="33.95060300" lon="-111.03708400">
<ele>1731.078</ele>
<time>2024-11-11T15:31:54Z</time>
</trkpt>
<trkpt lat="33.95059900" lon="-111.03705800">
<ele>1731.090</ele>
<time>2024-11-11T15:31:54Z</time>
</trkpt>
<trkpt lat="33.95056400" lon="-111.03686900">
<ele>1730.750</ele>
<time>2024-11-11T15:31:54Z</time>
</trkpt>
<trkpt lat="33.95053700" lon="-111.03675400">
<ele>1730.227</ele>
<time>2024-11-11T15:31:54Z</time>
</trkpt>
<trkpt lat="33.95051000" lon="-111.03661900">
<ele>1729.863</ele>
<time>2024-11-11T15:31:54Z</time>
</trkpt>
<trkpt lat="33.95042900" lon="-111.03628400">
<ele>1730.391</ele>
<time>2024-11-11T15:31:54Z</time>
</trkpt>
<trkpt lat="33.95040400" lon="-111.03619600">
<ele>1730.680</ele>
<time>2024-11-11T15:31:54Z</time>
</trkpt>
<trkpt lat="33.95039400" lon="-111.03614900">
<ele>1730.859</ele>
<time>2024-11-11T15:31:54Z</time>
</trkpt>
<trkpt lat="33.95035000" lon="-111.03597000">
<ele>1732.016</ele>
<time>2024-11-11T15:31:54Z</time>
</trkpt>
<trkpt lat="33.95031700" lon="-111.03580000">
<ele>1733.219</ele>
<time>2024-11-11T15:31:54Z</time>
</trkpt>
<trkpt lat="33.95028500" lon="-111.03563200">
<ele>1734.430</ele>
<time>2024-11-11T15:31:54Z</time>
</trkpt>
<trkpt lat="33.95025600" lon="-111.03546300">
<ele>1735.277</ele>
<time>2024-11-11T15:31:54Z</time>
</trkpt>
<trkpt lat="33.95022700" lon="-111.03529600">
<ele>1735.746</ele>
<time>2024-11-11T15:31:54Z</time>
</trkpt>
<trkpt lat="33.95018600" lon="-111.03512700">
<ele>1734.980</ele>
<time>2024-11-11T15:31:54Z</time>
</trkpt>
<trkpt lat="33.95014400" lon="-111.03496200">
<ele>1733.863</ele>
<time>2024-11-11T15:31:54Z</time>
</trkpt>
<trkpt lat="33.95010100" lon="-111.03480300">
<ele>1733.000</ele>
<time>2024-11-11T15:31:54Z</time>
</trkpt>
<trkpt lat="33.95005500" lon="-111.03464600">
<ele>1732.172</ele>
<time>2024-11-11T15:31:54Z</time>
</trkpt>
<trkpt lat="33.95001000" lon="-111.03449400">
<ele>1731.234</ele>
<time>2024-11-11T15:31:54Z</time>
</trkpt>
<trkpt lat="33.94996500" lon="-111.03434500">
<ele>1731.121</ele>
<time>2024-11-11T15:31:54Z</time>
</trkpt>
<trkpt lat="33.94992300" lon="-111.03419900">
<ele>1731.301</ele>
<time>2024-11-11T15:31:54Z</time>
</trkpt>
<trkpt lat="33.94990800" lon="-111.03414200">
<ele>1731.543</ele>
<time>2024-11-11T15:31:54Z</time>
</trkpt>
<trkpt lat="33.94988700" lon="-111.03405600">
<ele>1731.973</ele>
<time>2024-11-11T15:31:54Z</time>
</trkpt>
<trkpt lat="33.94985700" lon="-111.03391300">
<ele>1732.840</ele>
<time>2024-11-11T15:31:54Z</time>
</trkpt>
<trkpt lat="33.94982500" lon="-111.03376200">
<ele>1733.004</ele>
<time>2024-11-11T15:31:54Z</time>
</trkpt>
<trkpt lat="33.94980200" lon="-111.03361200">
<ele>1733.277</ele>
<time>2024-11-11T15:31:54Z</time>
</trkpt>
<trkpt lat="33.94978200" lon="-111.03346200">
<ele>1733.320</ele>
<time>2024-11-11T15:31:54Z</time>
</trkpt>
<trkpt lat="33.94976500" lon="-111.03331100">
<ele>1733.398</ele>
<time>2024-11-11T15:31:54Z</time>
</trkpt>
<trkpt lat="33.94975600" lon="-111.03316100">
<ele>1733.723</ele>
<time>2024-11-11T15:31:54Z</time>
</trkpt>
<trkpt lat="33.94974500" lon="-111.03301200">
<ele>1734.145</ele>
<time>2024-11-11T15:31:54Z</time>
</trkpt>
<trkpt lat="33.94973900" lon="-111.03285800">
<ele>1734.656</ele>
<time>2024-11-11T15:31:54Z</time>
</trkpt>
<trkpt lat="33.94973400" lon="-111.03270000">
<ele>1735.250</ele>
<time>2024-11-11T15:31:54Z</time>
</trkpt>
<trkpt lat="33.94972900" lon="-111.03254000">
<ele>1735.824</ele>
<time>2024-11-11T15:31:54Z</time>
</trkpt>
<trkpt lat="33.94971800" lon="-111.03237700">
<ele>1735.969</ele>
<time>2024-11-11T15:31:54Z</time>
</trkpt>
<trkpt lat="33.94970700" lon="-111.03221600">
<ele>1735.859</ele>
<time>2024-11-11T15:31:54Z</time>
</trkpt>
<trkpt lat="33.94968900" lon="-111.03205300">
<ele>1735.102</ele>
<time>2024-11-11T15:31:54Z</time>
</trkpt>
<trkpt lat="33.94966600" lon="-111.03189500">
<ele>1734.684</ele>
<time>2024-11-11T15:31:54Z</time>
</trkpt>
<trkpt lat="33.94962500" lon="-111.03173600">
<ele>1734.805</ele>
<time>2024-11-11T15:31:54Z</time>
</trkpt>
<trkpt lat="33.94958400" lon="-111.03158600">
<ele>1735.969</ele>
<time>2024-11-11T15:31:54Z</time>
</trkpt>
<trkpt lat="33.94953900" lon="-111.03144100">
<ele>1737.980</ele>
<time>2024-11-11T15:31:54Z</time>
</trkpt>
<trkpt lat="33.94949100" lon="-111.03129700">
<ele>1739.102</ele>
<time>2024-11-11T15:31:54Z</time>
</trkpt>
<trkpt lat="33.94944400" lon="-111.03115600">
<ele>1739.805</ele>
<time>2024-11-11T15:31:54Z</time>
</trkpt>
<trkpt lat="33.94940100" lon="-111.03101600">
<ele>1740.168</ele>
<time>2024-11-11T15:31:54Z</time>
</trkpt>
<trkpt lat="33.94936300" lon="-111.03087600">
<ele>1740.527</ele>
<time>2024-11-11T15:31:54Z</time>
</trkpt>
<trkpt lat="33.94933200" lon="-111.03073300">
<ele>1740.738</ele>
<time>2024-11-11T15:31:54Z</time>
</trkpt>
<trkpt lat="33.94930300" lon="-111.03058700">
<ele>1740.934</ele>
<time>2024-11-11T15:31:54Z</time>
</trkpt>
<trkpt lat="33.94928900" lon="-111.03044100">
<ele>1741.828</ele>
<time>2024-11-11T15:31:54Z</time>
</trkpt>
<trkpt lat="33.94929400" lon="-111.03029700">
<ele>1742.840</ele>
<time>2024-11-11T15:31:54Z</time>
</trkpt>
<trkpt lat="33.94930900" lon="-111.03015400">
<ele>1743.934</ele>
<time>2024-11-11T15:31:54Z</time>
</trkpt>
<trkpt lat="33.94931600" lon="-111.03001200">
<ele>1745.027</ele>
<time>2024-11-11T15:31:54Z</time>
</trkpt>
<trkpt lat="33.94931100" lon="-111.02986700">
<ele>1745.496</ele>
<time>2024-11-11T15:31:54Z</time>
</trkpt>
<trkpt lat="33.94930000" lon="-111.02972700">
<ele>1745.930</ele>
<time>2024-11-11T15:31:54Z</time>
</trkpt>
<trkpt lat="33.94928400" lon="-111.02959100">
<ele>1746.008</ele>
<time>2024-11-11T15:31:54Z</time>
</trkpt>
<trkpt lat="33.94926600" lon="-111.02945700">
<ele>1746.094</ele>
<time>2024-11-11T15:31:54Z</time>
</trkpt>
<trkpt lat="33.94924600" lon="-111.02932300">
<ele>1746.211</ele>
<time>2024-11-11T15:31:54Z</time>
</trkpt>
<trkpt lat="33.94922800" lon="-111.02918000">
<ele>1746.418</ele>
<time>2024-11-11T15:31:54Z</time>
</trkpt>
<trkpt lat="33.94921200" lon="-111.02902700">
<ele>1746.570</ele>
<time>2024-11-11T15:31:54Z</time>
</trkpt>
<trkpt lat="33.94919000" lon="-111.02886300">
<ele>1747.020</ele>
<time>2024-11-11T15:31:54Z</time>
</trkpt>
<trkpt lat="33.94916100" lon="-111.02869400">
<ele>1747.723</ele>
<time>2024-11-11T15:31:54Z</time>
</trkpt>
<trkpt lat="33.94911500" lon="-111.02853200">
<ele>1748.215</ele>
<time>2024-11-11T15:31:54Z</time>
</trkpt>
<trkpt lat="33.94905300" lon="-111.02837300">
<ele>1748.781</ele>
<time>2024-11-11T15:31:54Z</time>
</trkpt>
<trkpt lat="33.94897300" lon="-111.02822300">
<ele>1749.582</ele>
<time>2024-11-11T15:31:54Z</time>
</trkpt>
<trkpt lat="33.94887800" lon="-111.02808500">
<ele>1750.898</ele>
<time>2024-11-11T15:31:54Z</time>
</trkpt>
<trkpt lat="33.94877000" lon="-111.02795600">
<ele>1751.180</ele>
<time>2024-11-11T15:31:54Z</time>
</trkpt>
<trkpt lat="33.94865800" lon="-111.02783700">
<ele>1752.188</ele>
<time>2024-11-11T15:31:54Z</time>
</trkpt>
<trkpt lat="33.94860200" lon="-111.02778100">
<ele>1752.910</ele>
<time>2024-11-11T15:31:54Z</time>
</trkpt>
<trkpt lat="33.94854400" lon="-111.02772100">
<ele>1752.383</ele>
<time>2024-11-11T15:31:54Z</time>
</trkpt>
<trkpt lat="33.94843000" lon="-111.02760700">
<ele>1751.879</ele>
<time>2024-11-11T15:31:54Z</time>
</trkpt>
<trkpt lat="33.94831800" lon="-111.02749300">
<ele>1751.941</ele>
<time>2024-11-11T15:31:54Z</time>
</trkpt>
<trkpt lat="33.94821100" lon="-111.02737600">
<ele>1752.117</ele>
<time>2024-11-11T15:31:54Z</time>
</trkpt>
<trkpt lat="33.94811300" lon="-111.02725200">
<ele>1753.461</ele>
<time>2024-11-11T15:31:54Z</time>
</trkpt>
<trkpt lat="33.94802300" lon="-111.02711900">
<ele>1754.336</ele>
<time>2024-11-11T15:31:54Z</time>
</trkpt>
<trkpt lat="33.94794400" lon="-111.02698000">
<ele>1754.883</ele>
<time>2024-11-11T15:31:54Z</time>
</trkpt>
<trkpt lat="33.94786600" lon="-111.02683600">
<ele>1755.211</ele>
<time>2024-11-11T15:31:54Z</time>
</trkpt>
<trkpt lat="33.94779200" lon="-111.02669200">
<ele>1755.871</ele>
<time>2024-11-11T15:31:54Z</time>
</trkpt>
<trkpt lat="33.94771600" lon="-111.02655000">
<ele>1756.957</ele>
<time>2024-11-11T15:31:54Z</time>
</trkpt>
<trkpt lat="33.94764600" lon="-111.02640700">
<ele>1757.883</ele>
<time>2024-11-11T15:31:54Z</time>
</trkpt>
<trkpt lat="33.94758500" lon="-111.02626200">
<ele>1757.535</ele>
<time>2024-11-11T15:31:54Z</time>
</trkpt>
<trkpt lat="33.94753400" lon="-111.02611200">
<ele>1756.992</ele>
<time>2024-11-11T15:31:54Z</time>
</trkpt>
<trkpt lat="33.94748700" lon="-111.02596600">
<ele>1756.508</ele>
<time>2024-11-11T15:31:54Z</time>
</trkpt>
<trkpt lat="33.94744400" lon="-111.02582000">
<ele>1756.215</ele>
<time>2024-11-11T15:31:54Z</time>
</trkpt>
<trkpt lat="33.94739900" lon="-111.02567600">
<ele>1756.359</ele>
<time>2024-11-11T15:31:54Z</time>
</trkpt>
<trkpt lat="33.94735600" lon="-111.02553800">
<ele>1756.559</ele>
<time>2024-11-11T15:31:54Z</time>
</trkpt>
<trkpt lat="33.94731500" lon="-111.02540300">
<ele>1757.207</ele>
<time>2024-11-11T15:31:54Z</time>
</trkpt>
<trkpt lat="33.94727200" lon="-111.02527200">
<ele>1757.832</ele>
<time>2024-11-11T15:31:54Z</time>
</trkpt>
<trkpt lat="33.94723200" lon="-111.02514300">
<ele>1757.984</ele>
<time>2024-11-11T15:31:54Z</time>
</trkpt>
<trkpt lat="33.94721100" lon="-111.02501500">
<ele>1757.957</ele>
<time>2024-11-11T15:31:54Z</time>
</trkpt>
<trkpt lat="33.94720700" lon="-111.02487900">
<ele>1758.816</ele>
<time>2024-11-11T15:31:54Z</time>
</trkpt>
<trkpt lat="33.94722800" lon="-111.02474400">
<ele>1759.816</ele>
<time>2024-11-11T15:31:54Z</time>
</trkpt>
<trkpt lat="33.94726400" lon="-111.02461700">
<ele>1760.145</ele>
<time>2024-11-11T15:31:54Z</time>
</trkpt>
<trkpt lat="33.94731600" lon="-111.02449700">
<ele>1760.375</ele>
<time>2024-11-11T15:31:54Z</time>
</trkpt>
<trkpt lat="33.94737400" lon="-111.02438100">
<ele>1760.945</ele>
<time>2024-11-11T15:31:54Z</time>
</trkpt>
<trkpt lat="33.94740700" lon="-111.02431800">
<ele>1761.375</ele>
<time>2024-11-11T15:31:54Z</time>
</trkpt>
<trkpt lat="33.94742900" lon="-111.02425900">
<ele>1761.906</ele>
<time>2024-11-11T15:31:54Z</time>
</trkpt>
<trkpt lat="33.94748500" lon="-111.02415800">
<ele>1763.008</ele>
<time>2024-11-11T15:31:54Z</time>
</trkpt>
<trkpt lat="33.94749000" lon="-111.02414800">
<ele>1763.078</ele>
<time>2024-11-11T15:31:54Z</time>
</trkpt>
<trkpt lat="33.94754000" lon="-111.02402800">
<ele>1763.980</ele>
<time>2024-11-11T15:31:54Z</time>
</trkpt>
<trkpt lat="33.94757500" lon="-111.02390000">
<ele>1764.918</ele>
<time>2024-11-11T15:31:54Z</time>
</trkpt>
<trkpt lat="33.94759500" lon="-111.02376700">
<ele>1764.879</ele>
<time>2024-11-11T15:31:54Z</time>
</trkpt>
<trkpt lat="33.94760100" lon="-111.02363000">
<ele>1764.738</ele>
<time>2024-11-11T15:31:54Z</time>
</trkpt>
<trkpt lat="33.94759500" lon="-111.02348200">
<ele>1764.887</ele>
<time>2024-11-11T15:31:54Z</time>
</trkpt>
<trkpt lat="33.94758400" lon="-111.02333000">
<ele>1764.871</ele>
<time>2024-11-11T15:31:54Z</time>
</trkpt>
<trkpt lat="33.94755600" lon="-111.02317500">
<ele>1765.078</ele>
<time>2024-11-11T15:31:54Z</time>
</trkpt>
<trkpt lat="33.94752300" lon="-111.02301800">
<ele>1765.125</ele>
<time>2024-11-11T15:31:54Z</time>
</trkpt>
<trkpt lat="33.94748700" lon="-111.02286000">
<ele>1764.988</ele>
<time>2024-11-11T15:31:54Z</time>
</trkpt>
<trkpt lat="33.94745600" lon="-111.02270300">
<ele>1764.957</ele>
<time>2024-11-11T15:31:54Z</time>
</trkpt>
<trkpt lat="33.94742400" lon="-111.02254600">
<ele>1764.762</ele>
<time>2024-11-11T15:31:54Z</time>
</trkpt>
<trkpt lat="33.94739000" lon="-111.02239100">
<ele>1764.207</ele>
<time>2024-11-11T15:31:54Z</time>
</trkpt>
<trkpt lat="33.94735900" lon="-111.02223900">
<ele>1763.559</ele>
<time>2024-11-11T15:31:54Z</time>
</trkpt>
<trkpt lat="33.94732500" lon="-111.02209100">
<ele>1763.387</ele>
<time>2024-11-11T15:31:54Z</time>
</trkpt>
<trkpt lat="33.94728500" lon="-111.02194500">
<ele>1763.242</ele>
<time>2024-11-11T15:31:54Z</time>
</trkpt>
<trkpt lat="33.94724500" lon="-111.02180500">
<ele>1764.020</ele>
<time>2024-11-11T15:31:54Z</time>
</trkpt>
<trkpt lat="33.94720500" lon="-111.02166600">
<ele>1764.734</ele>
<time>2024-11-11T15:31:54Z</time>
</trkpt>
<trkpt lat="33.94716600" lon="-111.02152900">
<ele>1764.926</ele>
<time>2024-11-11T15:31:54Z</time>
</trkpt>
<trkpt lat="33.94713200" lon="-111.02139000">
<ele>1765.000</ele>
<time>2024-11-11T15:31:54Z</time>
</trkpt>
<trkpt lat="33.94711700" lon="-111.02125400">
<ele>1764.895</ele>
<time>2024-11-11T15:31:54Z</time>
</trkpt>
<trkpt lat="33.94711300" lon="-111.02110900">
<ele>1764.785</ele>
<time>2024-11-11T15:31:54Z</time>
</trkpt>
<trkpt lat="33.94711500" lon="-111.02096100">
<ele>1764.461</ele>
<time>2024-11-11T15:31:54Z</time>
</trkpt>
<trkpt lat="33.94712100" lon="-111.02080900">
<ele>1764.262</ele>
<time>2024-11-11T15:31:54Z</time>
</trkpt>
<trkpt lat="33.94712800" lon="-111.02065900">
<ele>1764.336</ele>
<time>2024-11-11T15:31:54Z</time>
</trkpt>
<trkpt lat="33.94713200" lon="-111.02051000">
<ele>1764.172</ele>
<time>2024-11-11T15:31:54Z</time>
</trkpt>
<trkpt lat="33.94713400" lon="-111.02036500">
<ele>1763.668</ele>
<time>2024-11-11T15:31:54Z</time>
</trkpt>
<trkpt lat="33.94713000" lon="-111.02021600">
<ele>1763.195</ele>
<time>2024-11-11T15:31:54Z</time>
</trkpt>
<trkpt lat="33.94712600" lon="-111.02007300">
<ele>1762.836</ele>
<time>2024-11-11T15:31:54Z</time>
</trkpt>
<trkpt lat="33.94712500" lon="-111.02005400">
<ele>1762.785</ele>
<time>2024-11-11T15:31:54Z</time>
</trkpt>
<trkpt lat="33.94711800" lon="-111.01992800">
<ele>1762.789</ele>
<time>2024-11-11T15:31:54Z</time>
</trkpt>
<trkpt lat="33.94710700" lon="-111.01978700">
<ele>1763.043</ele>
<time>2024-11-11T15:31:54Z</time>
</trkpt>
<trkpt lat="33.94709400" lon="-111.01965000">
<ele>1763.168</ele>
<time>2024-11-11T15:31:54Z</time>
</trkpt>
<trkpt lat="33.94705500" lon="-111.01938500">
<ele>1763.578</ele>
<time>2024-11-11T15:31:54Z</time>
</trkpt>
<trkpt lat="33.94703500" lon="-111.01925100">
<ele>1763.824</ele>
<time>2024-11-11T15:31:54Z</time>
</trkpt>
<trkpt lat="33.94700200" lon="-111.01900000">
<ele>1764.680</ele>
<time>2024-11-11T15:31:54Z</time>
</trkpt>
<trkpt lat="33.94696300" lon="-111.01875900">
<ele>1765.523</ele>
<time>2024-11-11T15:31:54Z</time>
</trkpt>
<trkpt lat="33.94691200" lon="-111.01854500">
<ele>1766.148</ele>
<time>2024-11-11T15:31:54Z</time>
</trkpt>
<trkpt lat="33.94683700" lon="-111.01833800">
<ele>1767.332</ele>
<time>2024-11-11T15:31:54Z</time>
</trkpt>
<trkpt lat="33.94676200" lon="-111.01814600">
<ele>1768.980</ele>
<time>2024-11-11T15:31:54Z</time>
</trkpt>
<trkpt lat="33.94670900" lon="-111.01801600">
<ele>1770.188</ele>
<time>2024-11-11T15:31:54Z</time>
</trkpt>
<trkpt lat="33.94668800" lon="-111.01796500">
<ele>1770.785</ele>
<time>2024-11-11T15:31:54Z</time>
</trkpt>
<trkpt lat="33.94661400" lon="-111.01780400">
<ele>1772.758</ele>
<time>2024-11-11T15:31:54Z</time>
</trkpt>
<trkpt lat="33.94652300" lon="-111.01767600">
<ele>1773.535</ele>
<time>2024-11-11T15:31:54Z</time>
</trkpt>
<trkpt lat="33.94642800" lon="-111.01756700">
<ele>1774.383</ele>
<time>2024-11-11T15:31:54Z</time>
</trkpt>
<trkpt lat="33.94633800" lon="-111.01745800">
<ele>1775.344</ele>
<time>2024-11-11T15:31:54Z</time>
</trkpt>
<trkpt lat="33.94626200" lon="-111.01734400">
<ele>1776.305</ele>
<time>2024-11-11T15:31:54Z</time>
</trkpt>
<trkpt lat="33.94618800" lon="-111.01722700">
<ele>1777.383</ele>
<time>2024-11-11T15:31:54Z</time>
</trkpt>
<trkpt lat="33.94614900" lon="-111.01709000">
<ele>1778.262</ele>
<time>2024-11-11T15:31:54Z</time>
</trkpt>
<trkpt lat="33.94609600" lon="-111.01694500">
<ele>1779.059</ele>
<time>2024-11-11T15:31:54Z</time>
</trkpt>
<trkpt lat="33.94604300" lon="-111.01680600">
<ele>1780.477</ele>
<time>2024-11-11T15:31:54Z</time>
</trkpt>
<trkpt lat="33.94598900" lon="-111.01669700">
<ele>1781.629</ele>
<time>2024-11-11T15:31:54Z</time>
</trkpt>
<trkpt lat="33.94588700" lon="-111.01656700">
<ele>1782.867</ele>
<time>2024-11-11T15:31:54Z</time>
</trkpt>
<trkpt lat="33.94573600" lon="-111.01641100">
<ele>1784.594</ele>
<time>2024-11-11T15:31:54Z</time>
</trkpt>
<trkpt lat="33.94563200" lon="-111.01631100">
<ele>1785.953</ele>
<time>2024-11-11T15:31:54Z</time>
</trkpt>
<trkpt lat="33.94552500" lon="-111.01619000">
<ele>1787.363</ele>
<time>2024-11-11T15:31:54Z</time>
</trkpt>
<trkpt lat="33.94545300" lon="-111.01608600">
<ele>1787.742</ele>
<time>2024-11-11T15:31:54Z</time>
</trkpt>
<trkpt lat="33.94543500" lon="-111.01599800">
<ele>1788.215</ele>
<time>2024-11-11T15:31:54Z</time>
</trkpt>
<trkpt lat="33.94540200" lon="-111.01583400">
<ele>1788.859</ele>
<time>2024-11-11T15:31:54Z</time>
</trkpt>
<trkpt lat="33.94541900" lon="-111.01564800">
<ele>1788.023</ele>
<time>2024-11-11T15:31:54Z</time>
</trkpt>
<trkpt lat="33.94544600" lon="-111.01552100">
<ele>1787.668</ele>
<time>2024-11-11T15:31:54Z</time>
</trkpt>
<trkpt lat="33.94547600" lon="-111.01539300">
<ele>1787.887</ele>
<time>2024-11-11T15:31:54Z</time>
</trkpt>
<trkpt lat="33.94550000" lon="-111.01526200">
<ele>1788.023</ele>
<time>2024-11-11T15:31:54Z</time>
</trkpt>
<trkpt lat="33.94553600" lon="-111.01500500">
<ele>1788.105</ele>
<time>2024-11-11T15:31:54Z</time>
</trkpt>
<trkpt lat="33.94556100" lon="-111.01475200">
<ele>1788.012</ele>
<time>2024-11-11T15:31:54Z</time>
</trkpt>
<trkpt lat="33.94558600" lon="-111.01451400">
<ele>1789.555</ele>
<time>2024-11-11T15:31:54Z</time>
</trkpt>
<trkpt lat="33.94559900" lon="-111.01428400">
<ele>1792.555</ele>
<time>2024-11-11T15:31:54Z</time>
</trkpt>
<trkpt lat="33.94560900" lon="-111.01407600">
<ele>1795.578</ele>
<time>2024-11-11T15:31:54Z</time>
</trkpt>
<trkpt lat="33.94563600" lon="-111.01361100">
<ele>1799.309</ele>
<time>2024-11-11T15:31:54Z</time>
</trkpt>
<trkpt lat="33.94564900" lon="-111.01346700">
<ele>1800.180</ele>
<time>2024-11-11T15:31:54Z</time>
</trkpt>
<trkpt lat="33.94566100" lon="-111.01330500">
<ele>1801.281</ele>
<time>2024-11-11T15:31:54Z</time>
</trkpt>
<trkpt lat="33.94566900" lon="-111.01315600">
<ele>1803.129</ele>
<time>2024-11-11T15:31:54Z</time>
</trkpt>
<trkpt lat="33.94567800" lon="-111.01300700">
<ele>1805.266</ele>
<time>2024-11-11T15:31:54Z</time>
</trkpt>
<trkpt lat="33.94567100" lon="-111.01284000">
<ele>1808.289</ele>
<time>2024-11-11T15:31:54Z</time>
</trkpt>
<trkpt lat="33.94566900" lon="-111.01269000">
<ele>1810.301</ele>
<time>2024-11-11T15:31:54Z</time>
</trkpt>
<trkpt lat="33.94567800" lon="-111.01251000">
<ele>1812.238</ele>
<time>2024-11-11T15:31:54Z</time>
</trkpt>
<trkpt lat="33.94575100" lon="-111.01234300">
<ele>1813.270</ele>
<time>2024-11-11T15:31:54Z</time>
</trkpt>
<trkpt lat="33.94581000" lon="-111.01223000">
<ele>1813.828</ele>
<time>2024-11-11T15:31:54Z</time>
</trkpt>
<trkpt lat="33.94587900" lon="-111.01211500">
<ele>1815.070</ele>
<time>2024-11-11T15:31:54Z</time>
</trkpt>
<trkpt lat="33.94595400" lon="-111.01200000">
<ele>1816.438</ele>
<time>2024-11-11T15:31:54Z</time>
</trkpt>
<trkpt lat="33.94603900" lon="-111.01185300">
<ele>1818.848</ele>
<time>2024-11-11T15:31:54Z</time>
</trkpt>
<trkpt lat="33.94606200" lon="-111.01179300">
<ele>1819.855</ele>
<time>2024-11-11T15:31:54Z</time>
</trkpt>
<trkpt lat="33.94608900" lon="-111.01172100">
<ele>1821.078</ele>
<time>2024-11-11T15:31:54Z</time>
</trkpt>
<trkpt lat="33.94613500" lon="-111.01155800">
<ele>1823.215</ele>
<time>2024-11-11T15:31:54Z</time>
</trkpt>
<trkpt lat="33.94617200" lon="-111.01141300">
<ele>1824.785</ele>
<time>2024-11-11T15:31:54Z</time>
</trkpt>
<trkpt lat="33.94621200" lon="-111.01127100">
<ele>1825.426</ele>
<time>2024-11-11T15:31:54Z</time>
</trkpt>
<trkpt lat="33.94624500" lon="-111.01111200">
<ele>1826.004</ele>
<time>2024-11-11T15:31:54Z</time>
</trkpt>
<trkpt lat="33.94628400" lon="-111.01097000">
<ele>1826.816</ele>
<time>2024-11-11T15:31:54Z</time>
</trkpt>
<trkpt lat="33.94633000" lon="-111.01084300">
<ele>1827.742</ele>
<time>2024-11-11T15:31:54Z</time>
</trkpt>
<trkpt lat="33.94636800" lon="-111.01069500">
<ele>1828.410</ele>
<time>2024-11-11T15:31:54Z</time>
</trkpt>
<trkpt lat="33.94641100" lon="-111.01052900">
<ele>1829.434</ele>
<time>2024-11-11T15:31:54Z</time>
</trkpt>
<trkpt lat="33.94646000" lon="-111.01034100">
<ele>1832.160</ele>
<time>2024-11-11T15:31:54Z</time>
</trkpt>
<trkpt lat="33.94650300" lon="-111.01015300">
<ele>1834.840</ele>
<time>2024-11-11T15:31:54Z</time>
</trkpt>
<trkpt lat="33.94654300" lon="-111.00999200">
<ele>1837.125</ele>
<time>2024-11-11T15:31:54Z</time>
</trkpt>
<trkpt lat="33.94657700" lon="-111.00985100">
<ele>1838.988</ele>
<time>2024-11-11T15:31:54Z</time>
</trkpt>
<trkpt lat="33.94661000" lon="-111.00971100">
<ele>1840.953</ele>
<time>2024-11-11T15:31:54Z</time>
</trkpt>
<trkpt lat="33.94664200" lon="-111.00958200">
<ele>1842.852</ele>
<time>2024-11-11T15:31:54Z</time>
</trkpt>
<trkpt lat="33.94667200" lon="-111.00939500">
<ele>1845.332</ele>
<time>2024-11-11T15:31:54Z</time>
</trkpt>
<trkpt lat="33.94668800" lon="-111.00920500">
<ele>1846.910</ele>
<time>2024-11-11T15:31:54Z</time>
</trkpt>
<trkpt lat="33.94670500" lon="-111.00900400">
<ele>1848.480</ele>
<time>2024-11-11T15:31:54Z</time>
</trkpt>
<trkpt lat="33.94673600" lon="-111.00872200">
<ele>1850.477</ele>
<time>2024-11-11T15:31:54Z</time>
</trkpt>
<trkpt lat="33.94675400" lon="-111.00850700">
<ele>1852.391</ele>
<time>2024-11-11T15:31:54Z</time>
</trkpt>
<trkpt lat="33.94675400" lon="-111.00836000">
<ele>1854.012</ele>
<time>2024-11-11T15:31:54Z</time>
</trkpt>
<trkpt lat="33.94676800" lon="-111.00819700">
<ele>1855.988</ele>
<time>2024-11-11T15:31:54Z</time>
</trkpt>
<trkpt lat="33.94683100" lon="-111.00775000">
<ele>1861.473</ele>
<time>2024-11-11T15:31:54Z</time>
</trkpt>
<trkpt lat="33.94683400" lon="-111.00759800">
<ele>1863.094</ele>
<time>2024-11-11T15:31:54Z</time>
</trkpt>
<trkpt lat="33.94680500" lon="-111.00738900">
<ele>1865.027</ele>
<time>2024-11-11T15:31:54Z</time>
</trkpt>
<trkpt lat="33.94678600" lon="-111.00725400">
<ele>1866.086</ele>
<time>2024-11-11T15:31:54Z</time>
</trkpt>
<trkpt lat="33.94677200" lon="-111.00718800">
<ele>1866.273</ele>
<time>2024-11-11T15:31:54Z</time>
</trkpt>
<trkpt lat="33.94669500" lon="-111.00696900">
<ele>1866.375</ele>
<time>2024-11-11T15:31:54Z</time>
</trkpt>
<trkpt lat="33.94668200" lon="-111.00693300">
<ele>1866.188</ele>
<time>2024-11-11T15:31:54Z</time>
</trkpt>
<trkpt lat="33.94661700" lon="-111.00662700">
<ele>1865.270</ele>
<time>2024-11-11T15:31:54Z</time>
</trkpt>
<trkpt lat="33.94660600" lon="-111.00657700">
<ele>1865.227</ele>
<time>2024-11-11T15:31:54Z</time>
</trkpt>
<trkpt lat="33.94659900" lon="-111.00651100">
<ele>1865.227</ele>
<time>2024-11-11T15:31:54Z</time>
</trkpt>
<trkpt lat="33.94658500" lon="-111.00625500">
<ele>1866.141</ele>
<time>2024-11-11T15:31:54Z</time>
</trkpt>
<trkpt lat="33.94662900" lon="-111.00612000">
<ele>1868.016</ele>
<time>2024-11-11T15:31:54Z</time>
</trkpt>
<trkpt lat="33.94667400" lon="-111.00598800">
<ele>1869.930</ele>
<time>2024-11-11T15:31:54Z</time>
</trkpt>
<trkpt lat="33.94673000" lon="-111.00585600">
<ele>1871.945</ele>
<time>2024-11-11T15:31:54Z</time>
</trkpt>
<trkpt lat="33.94678100" lon="-111.00571700">
<ele>1873.203</ele>
<time>2024-11-11T15:31:54Z</time>
</trkpt>
<trkpt lat="33.94684100" lon="-111.00558600">
<ele>1874.664</ele>
<time>2024-11-11T15:31:54Z</time>
</trkpt>
<trkpt lat="33.94692000" lon="-111.00545700">
<ele>1876.125</ele>
<time>2024-11-11T15:31:54Z</time>
</trkpt>
<trkpt lat="33.94746400" lon="-111.00480500">
<ele>1881.594</ele>
<time>2024-11-11T15:31:54Z</time>
</trkpt>
<trkpt lat="33.94751800" lon="-111.00474100">
<ele>1882.133</ele>
<time>2024-11-11T15:31:54Z</time>
</trkpt>
<trkpt lat="33.94846900" lon="-111.00418000">
<ele>1889.250</ele>
<time>2024-11-11T15:31:54Z</time>
</trkpt>
<trkpt lat="33.94957200" lon="-111.00353000">
<ele>1880.188</ele>
<time>2024-11-11T15:31:54Z</time>
</trkpt>
<trkpt lat="33.94961400" lon="-111.00351300">
<ele>1879.820</ele>
<time>2024-11-11T15:31:54Z</time>
</trkpt>
<trkpt lat="33.94973100" lon="-111.00347000">
<ele>1877.914</ele>
<time>2024-11-11T15:31:54Z</time>
</trkpt>
<trkpt lat="33.94983900" lon="-111.00340500">
<ele>1876.867</ele>
<time>2024-11-11T15:31:54Z</time>
</trkpt>
<trkpt lat="33.94995500" lon="-111.00327700">
<ele>1876.012</ele>
<time>2024-11-11T15:31:54Z</time>
</trkpt>
<trkpt lat="33.94996200" lon="-111.00312600">
<ele>1877.250</ele>
<time>2024-11-11T15:31:54Z</time>
</trkpt>
<trkpt lat="33.94996700" lon="-111.00311100">
<ele>1877.211</ele>
<time>2024-11-11T15:31:54Z</time>
</trkpt>
<trkpt lat="33.94996600" lon="-111.00291800">
<ele>1877.211</ele>
<time>2024-11-11T15:31:54Z</time>
</trkpt>
<trkpt lat="33.94991500" lon="-111.00271600">
<ele>1877.574</ele>
<time>2024-11-11T15:31:54Z</time>
</trkpt>
<trkpt lat="33.94983500" lon="-111.00252700">
<ele>1876.840</ele>
<time>2024-11-11T15:31:54Z</time>
</trkpt>
<trkpt lat="33.94975700" lon="-111.00233500">
<ele>1878.023</ele>
<time>2024-11-11T15:31:54Z</time>
</trkpt>
<trkpt lat="33.94969200" lon="-111.00214700">
<ele>1879.320</ele>
<time>2024-11-11T15:31:54Z</time>
</trkpt>
<trkpt lat="33.94963300" lon="-111.00193300">
<ele>1879.586</ele>
<time>2024-11-11T15:31:54Z</time>
</trkpt>
<trkpt lat="33.94954800" lon="-111.00171300">
<ele>1880.590</ele>
<time>2024-11-11T15:31:54Z</time>
</trkpt>
<trkpt lat="33.94946000" lon="-111.00151800">
<ele>1881.551</ele>
<time>2024-11-11T15:31:54Z</time>
</trkpt>
<trkpt lat="33.94942600" lon="-111.00131900">
<ele>1881.008</ele>
<time>2024-11-11T15:31:54Z</time>
</trkpt>
<trkpt lat="33.94940000" lon="-111.00102200">
<ele>1880.766</ele>
<time>2024-11-11T15:31:54Z</time>
</trkpt>
<trkpt lat="33.94938800" lon="-111.00082500">
<ele>1881.785</ele>
<time>2024-11-11T15:31:54Z</time>
</trkpt>
<trkpt lat="33.94938300" lon="-111.00053000">
<ele>1883.926</ele>
<time>2024-11-11T15:31:54Z</time>
</trkpt>
<trkpt lat="33.94938000" lon="-111.00035100">
<ele>1884.422</ele>
<time>2024-11-11T15:31:54Z</time>
</trkpt>
<trkpt lat="33.94938200" lon="-111.00015700">
<ele>1884.820</ele>
<time>2024-11-11T15:31:54Z</time>
</trkpt>
<trkpt lat="33.94941300" lon="-110.99995900">
<ele>1884.563</ele>
<time>2024-11-11T15:31:54Z</time>
</trkpt>
<trkpt lat="33.94944200" lon="-110.99987100">
<ele>1884.555</ele>
<time>2024-11-11T15:31:54Z</time>
</trkpt>
<trkpt lat="33.94946600" lon="-110.99966600">
<ele>1886.090</ele>
<time>2024-11-11T15:31:54Z</time>
</trkpt>
<trkpt lat="33.94952100" lon="-110.99948600">
<ele>1887.211</ele>
<time>2024-11-11T15:31:54Z</time>
</trkpt>
<trkpt lat="33.94956300" lon="-110.99930900">
<ele>1888.605</ele>
<time>2024-11-11T15:31:54Z</time>
</trkpt>
<trkpt lat="33.94974600" lon="-110.99904100">
<ele>1886.719</ele>
<time>2024-11-11T15:31:54Z</time>
</trkpt>
<trkpt lat="33.94988300" lon="-110.99895600">
<ele>1886.074</ele>
<time>2024-11-11T15:31:54Z</time>
</trkpt>
<trkpt lat="33.95001500" lon="-110.99884200">
<ele>1885.750</ele>
<time>2024-11-11T15:31:54Z</time>
</trkpt>
<trkpt lat="33.95011800" lon="-110.99869700">
<ele>1887.563</ele>
<time>2024-11-11T15:31:54Z</time>
</trkpt>
<trkpt lat="33.95017400" lon="-110.99856700">
<ele>1888.738</ele>
<time>2024-11-11T15:31:54Z</time>
</trkpt>
<trkpt lat="33.95018600" lon="-110.99853800">
<ele>1888.906</ele>
<time>2024-11-11T15:31:54Z</time>
</trkpt>
<trkpt lat="33.95023700" lon="-110.99837700">
<ele>1889.910</ele>
<time>2024-11-11T15:31:54Z</time>
</trkpt>
<trkpt lat="33.95023700" lon="-110.99819500">
<ele>1889.027</ele>
<time>2024-11-11T15:31:54Z</time>
</trkpt>
<trkpt lat="33.95023300" lon="-110.99802000">
<ele>1887.262</ele>
<time>2024-11-11T15:31:54Z</time>
</trkpt>
<trkpt lat="33.95022000" lon="-110.99785000">
<ele>1884.645</ele>
<time>2024-11-11T15:31:54Z</time>
</trkpt>
<trkpt lat="33.95018300" lon="-110.99767500">
<ele>1883.301</ele>
<time>2024-11-11T15:31:54Z</time>
</trkpt>
<trkpt lat="33.95015100" lon="-110.99751700">
<ele>1882.359</ele>
<time>2024-11-11T15:31:54Z</time>
</trkpt>
<trkpt lat="33.95014600" lon="-110.99748500">
<ele>1882.031</ele>
<time>2024-11-11T15:31:54Z</time>
</trkpt>
<trkpt lat="33.95008800" lon="-110.99730600">
<ele>1882.031</ele>
<time>2024-11-11T15:31:54Z</time>
</trkpt>
<trkpt lat="33.95020200" lon="-110.99665900">
<ele>1886.184</ele>
<time>2024-11-11T15:31:54Z</time>
</trkpt>
<trkpt lat="33.95034100" lon="-110.99655000">
<ele>1886.797</ele>
<time>2024-11-11T15:31:54Z</time>
</trkpt>
<trkpt lat="33.95047100" lon="-110.99641700">
<ele>1887.574</ele>
<time>2024-11-11T15:31:54Z</time>
</trkpt>
<trkpt lat="33.95059000" lon="-110.99615600">
<ele>1889.066</ele>
<time>2024-11-11T15:31:54Z</time>
</trkpt>
<trkpt lat="33.95063100" lon="-110.99596400">
<ele>1889.527</ele>
<time>2024-11-11T15:31:54Z</time>
</trkpt>
<trkpt lat="33.95064900" lon="-110.99575900">
<ele>1890.035</ele>
<time>2024-11-11T15:31:54Z</time>
</trkpt>
<trkpt lat="33.95065400" lon="-110.99568800">
<ele>1890.453</ele>
<time>2024-11-11T15:31:54Z</time>
</trkpt>
<trkpt lat="33.95067800" lon="-110.99555900">
<ele>1890.047</ele>
<time>2024-11-11T15:31:54Z</time>
</trkpt>
<trkpt lat="33.95069300" lon="-110.99536800">
<ele>1888.660</ele>
<time>2024-11-11T15:31:54Z</time>
</trkpt>
<trkpt lat="33.95070500" lon="-110.99521300">
<ele>1887.223</ele>
<time>2024-11-11T15:31:54Z</time>
</trkpt>
<trkpt lat="33.95076800" lon="-110.99494200">
<ele>1884.820</ele>
<time>2024-11-11T15:31:54Z</time>
</trkpt>
<trkpt lat="33.95085800" lon="-110.99460700">
<ele>1884.383</ele>
<time>2024-11-11T15:31:54Z</time>
</trkpt>
<trkpt lat="33.95104800" lon="-110.99431500">
<ele>1883.219</ele>
<time>2024-11-11T15:31:54Z</time>
</trkpt>
<trkpt lat="33.95124500" lon="-110.99413200">
<ele>1881.922</ele>
<time>2024-11-11T15:31:54Z</time>
</trkpt>
<trkpt lat="33.95125400" lon="-110.99412300">
<ele>1882.176</ele>
<time>2024-11-11T15:31:54Z</time>
</trkpt>
<trkpt lat="33.95136400" lon="-110.99402200">
<ele>1882.734</ele>
<time>2024-11-11T15:31:54Z</time>
</trkpt>
<trkpt lat="33.95152600" lon="-110.99396800">
<ele>1882.645</ele>
<time>2024-11-11T15:31:54Z</time>
</trkpt>
<trkpt lat="33.95168800" lon="-110.99401500">
<ele>1880.391</ele>
<time>2024-11-11T15:31:54Z</time>
</trkpt>
<trkpt lat="33.95186000" lon="-110.99415200">
<ele>1877.871</ele>
<time>2024-11-11T15:31:54Z</time>
</trkpt>
<trkpt lat="33.95205800" lon="-110.99427100">
<ele>1877.211</ele>
<time>2024-11-11T15:31:54Z</time>
</trkpt>
<trkpt lat="33.95239200" lon="-110.99441200">
<ele>1878.480</ele>
<time>2024-11-11T15:31:54Z</time>
</trkpt>
<trkpt lat="33.95277000" lon="-110.99448800">
<ele>1881.102</ele>
<time>2024-11-11T15:31:54Z</time>
</trkpt>
<trkpt lat="33.95288800" lon="-110.99448800">
<ele>1880.438</ele>
<time>2024-11-11T15:31:54Z</time>
</trkpt>
<trkpt lat="33.95300500" lon="-110.99446600">
<ele>1880.012</ele>
<time>2024-11-11T15:31:54Z</time>
</trkpt>
<trkpt lat="33.95316700" lon="-110.99440100">
<ele>1880.227</ele>
<time>2024-11-11T15:31:54Z</time>
</trkpt>
<trkpt lat="33.95331200" lon="-110.99424900">
<ele>1882.426</ele>
<time>2024-11-11T15:31:54Z</time>
</trkpt>
<trkpt lat="33.95354600" lon="-110.99407600">
<ele>1883.199</ele>
<time>2024-11-11T15:31:54Z</time>
</trkpt>
<trkpt lat="33.95387100" lon="-110.99374100">
<ele>1880.117</ele>
<time>2024-11-11T15:31:54Z</time>
</trkpt>
<trkpt lat="33.95419500" lon="-110.99332900">
<ele>1881.449</ele>
<time>2024-11-11T15:31:54Z</time>
</trkpt>
<trkpt lat="33.95441200" lon="-110.99302600">
<ele>1883.035</ele>
<time>2024-11-11T15:31:54Z</time>
</trkpt>
<trkpt lat="33.95461000" lon="-110.99289600">
<ele>1881.520</ele>
<time>2024-11-11T15:31:54Z</time>
</trkpt>
<trkpt lat="33.95479100" lon="-110.99278800">
<ele>1881.691</ele>
<time>2024-11-11T15:31:54Z</time>
</trkpt>
<trkpt lat="33.95493500" lon="-110.99272300">
<ele>1883.707</ele>
<time>2024-11-11T15:31:54Z</time>
</trkpt>
<trkpt lat="33.95511500" lon="-110.99264800">
<ele>1886.145</ele>
<time>2024-11-11T15:31:54Z</time>
</trkpt>
<trkpt lat="33.95532300" lon="-110.99260400">
<ele>1887.492</ele>
<time>2024-11-11T15:31:54Z</time>
</trkpt>
<trkpt lat="33.95561100" lon="-110.99257200">
<ele>1885.988</ele>
<time>2024-11-11T15:31:54Z</time>
</trkpt>
<trkpt lat="33.95595300" lon="-110.99262500">
<ele>1884.707</ele>
<time>2024-11-11T15:31:54Z</time>
</trkpt>
<trkpt lat="33.95624300" lon="-110.99242000">
<ele>1886.375</ele>
<time>2024-11-11T15:31:54Z</time>
</trkpt>
<trkpt lat="33.95628400" lon="-110.99238500">
<ele>1886.520</ele>
<time>2024-11-11T15:31:54Z</time>
</trkpt>
<trkpt lat="33.95664900" lon="-110.99207400">
<ele>1887.527</ele>
<time>2024-11-11T15:31:54Z</time>
</trkpt>
<trkpt lat="33.95685700" lon="-110.99192100">
<ele>1886.922</ele>
<time>2024-11-11T15:31:54Z</time>
</trkpt>
<trkpt lat="33.95697300" lon="-110.99183600">
<ele>1885.984</ele>
<time>2024-11-11T15:31:54Z</time>
</trkpt>
<trkpt lat="33.95725300" lon="-110.99157600">
<ele>1885.512</ele>
<time>2024-11-11T15:31:54Z</time>
</trkpt>
<trkpt lat="33.95754100" lon="-110.99141300">
<ele>1883.250</ele>
<time>2024-11-11T15:31:54Z</time>
</trkpt>
<trkpt lat="33.95799200" lon="-110.99118600">
<ele>1878.625</ele>
<time>2024-11-11T15:31:54Z</time>
</trkpt>
<trkpt lat="33.95818200" lon="-110.99105600">
<ele>1878.488</ele>
<time>2024-11-11T15:31:54Z</time>
</trkpt>
<trkpt lat="33.95835300" lon="-110.99088300">
<ele>1877.641</ele>
<time>2024-11-11T15:31:54Z</time>
</trkpt>
<trkpt lat="33.95842500" lon="-110.99072100">
<ele>1877.504</ele>
<time>2024-11-11T15:31:54Z</time>
</trkpt>
<trkpt lat="33.95842500" lon="-110.99072100">
<ele>1877.504</ele>
<time>2024-11-11T15:31:54Z</time>
</trkpt>
<trkpt lat="33.95842700" lon="-110.99069500">
<ele>1877.602</ele>
<time>2024-11-11T15:31:54Z</time>
</trkpt>
<trkpt lat="33.95842900" lon="-110.99067900">
<ele>1877.699</ele>
<time>2024-11-11T15:31:54Z</time>
</trkpt>
<trkpt lat="33.95845200" lon="-110.99037400">
<ele>1878.824</ele>
<time>2024-11-11T15:31:54Z</time>
</trkpt>
<trkpt lat="33.95839800" lon="-110.99003900">
<ele>1880.820</ele>
<time>2024-11-11T15:31:54Z</time>
</trkpt>
<trkpt lat="33.95829000" lon="-110.98979000">
<ele>1879.910</ele>
<time>2024-11-11T15:31:54Z</time>
</trkpt>
<trkpt lat="33.95815500" lon="-110.98948700">
<ele>1877.355</ele>
<time>2024-11-11T15:31:54Z</time>
</trkpt>
<trkpt lat="33.95801900" lon="-110.98927000">
<ele>1877.766</ele>
<time>2024-11-11T15:31:54Z</time>
</trkpt>
<trkpt lat="33.95782100" lon="-110.98901100">
<ele>1882.867</ele>
<time>2024-11-11T15:31:54Z</time>
</trkpt>
<trkpt lat="33.95749600" lon="-110.98874000">
<ele>1883.391</ele>
<time>2024-11-11T15:31:54Z</time>
</trkpt>
<trkpt lat="33.95729800" lon="-110.98859900">
<ele>1884.770</ele>
<time>2024-11-11T15:31:54Z</time>
</trkpt>
<trkpt lat="33.95719000" lon="-110.98849100">
<ele>1885.617</ele>
<time>2024-11-11T15:31:54Z</time>
</trkpt>
<trkpt lat="33.95711500" lon="-110.98836500">
<ele>1886.340</ele>
<time>2024-11-11T15:31:54Z</time>
</trkpt>
<trkpt lat="33.95703600" lon="-110.98823200">
<ele>1887.387</ele>
<time>2024-11-11T15:31:54Z</time>
</trkpt>
<trkpt lat="33.95681800" lon="-110.98804200">
<ele>1890.438</ele>
<time>2024-11-11T15:31:54Z</time>
</trkpt>
<trkpt lat="33.95667500" lon="-110.98791800">
<ele>1891.492</ele>
<time>2024-11-11T15:31:54Z</time>
</trkpt>
<trkpt lat="33.95635100" lon="-110.98773400">
<ele>1895.438</ele>
<time>2024-11-11T15:31:54Z</time>
</trkpt>
<trkpt lat="33.95618800" lon="-110.98766900">
<ele>1898.566</ele>
<time>2024-11-11T15:31:54Z</time>
</trkpt>
<trkpt lat="33.95597700" lon="-110.98759400">
<ele>1901.973</ele>
<time>2024-11-11T15:31:54Z</time>
</trkpt>
<trkpt lat="33.95594500" lon="-110.98758200">
<ele>1902.465</ele>
<time>2024-11-11T15:31:54Z</time>
</trkpt>
<trkpt lat="33.95562900" lon="-110.98755000">
<ele>1907.598</ele>
<time>2024-11-11T15:31:54Z</time>
</trkpt>
<trkpt lat="33.95515100" lon="-110.98751700">
<ele>1911.988</ele>
<time>2024-11-11T15:31:54Z</time>
</trkpt>
<trkpt lat="33.95476300" lon="-110.98746300">
<ele>1915.570</ele>
<time>2024-11-11T15:31:54Z</time>
</trkpt>
<trkpt lat="33.95459200" lon="-110.98740900">
<ele>1918.539</ele>
<time>2024-11-11T15:31:54Z</time>
</trkpt>
<trkpt lat="33.95439300" lon="-110.98719300">
<ele>1919.930</ele>
<time>2024-11-11T15:31:54Z</time>
</trkpt>
<trkpt lat="33.95427600" lon="-110.98686800">
<ele>1919.199</ele>
<time>2024-11-11T15:31:54Z</time>
</trkpt>
<trkpt lat="33.95419500" lon="-110.98639200">
<ele>1918.285</ele>
<time>2024-11-11T15:31:54Z</time>
</trkpt>
<trkpt lat="33.95416800" lon="-110.98588300">
<ele>1923.223</ele>
<time>2024-11-11T15:31:54Z</time>
</trkpt>
<trkpt lat="33.95412300" lon="-110.98562400">
<ele>1923.973</ele>
<time>2024-11-11T15:31:54Z</time>
</trkpt>
<trkpt lat="33.95401500" lon="-110.98535300">
<ele>1924.922</ele>
<time>2024-11-11T15:31:54Z</time>
</trkpt>
<trkpt lat="33.95379800" lon="-110.98512600">
<ele>1930.113</ele>
<time>2024-11-11T15:31:54Z</time>
</trkpt>
<trkpt lat="33.95351800" lon="-110.98485500">
<ele>1933.117</ele>
<time>2024-11-11T15:31:54Z</time>
</trkpt>
<trkpt lat="33.95324800" lon="-110.98467100">
<ele>1934.457</ele>
<time>2024-11-11T15:31:54Z</time>
</trkpt>
<trkpt lat="33.95311200" lon="-110.98453100">
<ele>1934.969</ele>
<time>2024-11-11T15:31:54Z</time>
</trkpt>
<trkpt lat="33.95295000" lon="-110.98429300">
<ele>1931.273</ele>
<time>2024-11-11T15:31:54Z</time>
</trkpt>
<trkpt lat="33.95277900" lon="-110.98406500">
<ele>1929.563</ele>
<time>2024-11-11T15:31:54Z</time>
</trkpt>
<trkpt lat="33.95252600" lon="-110.98377300">
<ele>1935.816</ele>
<time>2024-11-11T15:31:54Z</time>
</trkpt>
<trkpt lat="33.95227400" lon="-110.98350300">
<ele>1945.191</ele>
<time>2024-11-11T15:31:54Z</time>
</trkpt>
<trkpt lat="33.95210200" lon="-110.98323200">
<ele>1943.824</ele>
<time>2024-11-11T15:31:54Z</time>
</trkpt>
<trkpt lat="33.95190400" lon="-110.98285300">
<ele>1937.180</ele>
<time>2024-11-11T15:31:54Z</time>
</trkpt>
<trkpt lat="33.95186600" lon="-110.98279200">
<ele>1935.746</ele>
<time>2024-11-11T15:31:54Z</time>
</trkpt>
<trkpt lat="33.95174100" lon="-110.98259400">
<ele>1932.449</ele>
<time>2024-11-11T15:31:54Z</time>
</trkpt>
<trkpt lat="33.95155200" lon="-110.98243100">
<ele>1932.152</ele>
<time>2024-11-11T15:31:54Z</time>
</trkpt>
<trkpt lat="33.95130800" lon="-110.98228000">
<ele>1933.617</ele>
<time>2024-11-11T15:31:54Z</time>
</trkpt>
<trkpt lat="33.95097500" lon="-110.98216100">
<ele>1933.691</ele>
<time>2024-11-11T15:31:54Z</time>
</trkpt>
<trkpt lat="33.95061400" lon="-110.98206400">
<ele>1930.543</ele>
<time>2024-11-11T15:31:54Z</time>
</trkpt>
<trkpt lat="33.95019000" lon="-110.98195500">
<ele>1933.246</ele>
<time>2024-11-11T15:31:54Z</time>
</trkpt>
<trkpt lat="33.94999100" lon="-110.98189100">
<ele>1933.445</ele>
<time>2024-11-11T15:31:54Z</time>
</trkpt>
<trkpt lat="33.94988300" lon="-110.98180400">
<ele>1931.289</ele>
<time>2024-11-11T15:31:54Z</time>
</trkpt>
<trkpt lat="33.94986700" lon="-110.98177000">
<ele>1930.563</ele>
<time>2024-11-11T15:31:54Z</time>
</trkpt>
<trkpt lat="33.94981100" lon="-110.98165200">
<ele>1928.027</ele>
<time>2024-11-11T15:31:54Z</time>
</trkpt>
<trkpt lat="33.94963100" lon="-110.98136000">
<ele>1925.734</ele>
<time>2024-11-11T15:31:54Z</time>
</trkpt>
<trkpt lat="33.94944100" lon="-110.98094900">
<ele>1922.695</ele>
<time>2024-11-11T15:31:54Z</time>
</trkpt>
<trkpt lat="33.94922500" lon="-110.98047300">
<ele>1921.641</ele>
<time>2024-11-11T15:31:54Z</time>
</trkpt>
<trkpt lat="33.94911600" lon="-110.98028900">
<ele>1922.117</ele>
<time>2024-11-11T15:31:54Z</time>
</trkpt>
<trkpt lat="33.94894500" lon="-110.98012700">
<ele>1923.492</ele>
<time>2024-11-11T15:31:54Z</time>
</trkpt>
<trkpt lat="33.94888300" lon="-110.98008200">
<ele>1924.156</ele>
<time>2024-11-11T15:31:54Z</time>
</trkpt>
<trkpt lat="33.94871900" lon="-110.97996400">
<ele>1925.199</ele>
<time>2024-11-11T15:31:54Z</time>
</trkpt>
<trkpt lat="33.94846700" lon="-110.97984500">
<ele>1925.848</ele>
<time>2024-11-11T15:31:54Z</time>
</trkpt>
<trkpt lat="33.94832300" lon="-110.97979100">
<ele>1924.824</ele>
<time>2024-11-11T15:31:54Z</time>
</trkpt>
<trkpt lat="33.94804300" lon="-110.97979100">
<ele>1927.863</ele>
<time>2024-11-11T15:31:54Z</time>
</trkpt>
<trkpt lat="33.94764600" lon="-110.97979200">
<ele>1931.848</ele>
<time>2024-11-11T15:31:54Z</time>
</trkpt>
<trkpt lat="33.94749300" lon="-110.97974800">
<ele>1931.344</ele>
<time>2024-11-11T15:31:54Z</time>
</trkpt>
<trkpt lat="33.94725800" lon="-110.97959700">
<ele>1927.473</ele>
<time>2024-11-11T15:31:54Z</time>
</trkpt>
<trkpt lat="33.94689800" lon="-110.97937000">
<ele>1926.148</ele>
<time>2024-11-11T15:31:54Z</time>
</trkpt>
<trkpt lat="33.94646500" lon="-110.97909900">
<ele>1923.242</ele>
<time>2024-11-11T15:31:54Z</time>
</trkpt>
<trkpt lat="33.94615800" lon="-110.97899100">
<ele>1926.695</ele>
<time>2024-11-11T15:31:54Z</time>
</trkpt>
<trkpt lat="33.94603600" lon="-110.97894500">
<ele>1929.973</ele>
<time>2024-11-11T15:31:54Z</time>
</trkpt>
<trkpt lat="33.94596000" lon="-110.97891500">
<ele>1932.844</ele>
<time>2024-11-11T15:31:54Z</time>
</trkpt>
<trkpt lat="33.94585100" lon="-110.97882900">
<ele>1935.734</ele>
<time>2024-11-11T15:31:54Z</time>
</trkpt>
<trkpt lat="33.94575200" lon="-110.97861200">
<ele>1932.785</ele>
<time>2024-11-11T15:31:54Z</time>
</trkpt>
<trkpt lat="33.94569700" lon="-110.97841800">
<ele>1931.813</ele>
<time>2024-11-11T15:31:54Z</time>
</trkpt>
<trkpt lat="33.94561700" lon="-110.97813600">
<ele>1932.281</ele>
<time>2024-11-11T15:31:54Z</time>
</trkpt>
<trkpt lat="33.94550800" lon="-110.97784400">
<ele>1934.625</ele>
<time>2024-11-11T15:31:54Z</time>
</trkpt>
<trkpt lat="33.94533700" lon="-110.97750900">
<ele>1939.234</ele>
<time>2024-11-11T15:31:54Z</time>
</trkpt>
<trkpt lat="33.94501200" lon="-110.97718400">
<ele>1946.410</ele>
<time>2024-11-11T15:31:54Z</time>
</trkpt>
<trkpt lat="33.94495400" lon="-110.97709400">
<ele>1947.316</ele>
<time>2024-11-11T15:31:54Z</time>
</trkpt>
<trkpt lat="33.94485000" lon="-110.97693500">
<ele>1948.191</ele>
<time>2024-11-11T15:31:54Z</time>
</trkpt>
<trkpt lat="33.94468700" lon="-110.97652400">
<ele>1946.055</ele>
<time>2024-11-11T15:31:54Z</time>
</trkpt>
<trkpt lat="33.94449800" lon="-110.97590700">
<ele>1941.027</ele>
<time>2024-11-11T15:31:54Z</time>
</trkpt>
<trkpt lat="33.94443500" lon="-110.97564800">
<ele>1938.395</ele>
<time>2024-11-11T15:31:54Z</time>
</trkpt>
<trkpt lat="33.94431700" lon="-110.97542000">
<ele>1936.160</ele>
<time>2024-11-11T15:31:54Z</time>
</trkpt>
<trkpt lat="33.94416400" lon="-110.97522500">
<ele>1935.531</ele>
<time>2024-11-11T15:31:54Z</time>
</trkpt>
<trkpt lat="33.94396600" lon="-110.97512800">
<ele>1935.816</ele>
<time>2024-11-11T15:31:54Z</time>
</trkpt>
<trkpt lat="33.94373100" lon="-110.97500900">
<ele>1936.270</ele>
<time>2024-11-11T15:31:54Z</time>
</trkpt>
<trkpt lat="33.94356900" lon="-110.97482500">
<ele>1934.848</ele>
<time>2024-11-11T15:31:54Z</time>
</trkpt>
<trkpt lat="33.94340600" lon="-110.97465200">
<ele>1933.336</ele>
<time>2024-11-11T15:31:54Z</time>
</trkpt>
<trkpt lat="33.94330700" lon="-110.97455500">
<ele>1932.613</ele>
<time>2024-11-11T15:31:54Z</time>
</trkpt>
<trkpt lat="33.94325100" lon="-110.97449800">
<ele>1931.559</ele>
<time>2024-11-11T15:31:54Z</time>
</trkpt>
<trkpt lat="33.94289200" lon="-110.97413300">
<ele>1923.723</ele>
<time>2024-11-11T15:31:54Z</time>
</trkpt>
<trkpt lat="33.94236900" lon="-110.97366800">
<ele>1919.816</ele>
<time>2024-11-11T15:31:54Z</time>
</trkpt>
<trkpt lat="33.94228600" lon="-110.97359900">
<ele>1919.793</ele>
<time>2024-11-11T15:31:54Z</time>
</trkpt>
<trkpt lat="33.94204400" lon="-110.97339700">
<ele>1918.406</ele>
<time>2024-11-11T15:31:54Z</time>
</trkpt>
<trkpt lat="33.94184600" lon="-110.97325700">
<ele>1918.102</ele>
<time>2024-11-11T15:31:54Z</time>
</trkpt>
<trkpt lat="33.94162000" lon="-110.97299700">
<ele>1916.477</ele>
<time>2024-11-11T15:31:54Z</time>
</trkpt>
<trkpt lat="33.94156900" lon="-110.97289100">
<ele>1915.941</ele>
<time>2024-11-11T15:31:54Z</time>
</trkpt>
<trkpt lat="33.94148500" lon="-110.97271600">
<ele>1914.820</ele>
<time>2024-11-11T15:31:54Z</time>
</trkpt>
<trkpt lat="33.94146700" lon="-110.97248800">
<ele>1910.691</ele>
<time>2024-11-11T15:31:54Z</time>
</trkpt>
<trkpt lat="33.94146700" lon="-110.97221800">
<ele>1908.172</ele>
<time>2024-11-11T15:31:54Z</time>
</trkpt>
<trkpt lat="33.94144000" lon="-110.97204500">
<ele>1907.238</ele>
<time>2024-11-11T15:31:54Z</time>
</trkpt>
<trkpt lat="33.94128600" lon="-110.97179600">
<ele>1906.324</ele>
<time>2024-11-11T15:31:54Z</time>
</trkpt>
<trkpt lat="33.94109700" lon="-110.97167700">
<ele>1907.367</ele>
<time>2024-11-11T15:31:54Z</time>
</trkpt>
<trkpt lat="33.94094300" lon="-110.97167700">
<ele>1908.547</ele>
<time>2024-11-11T15:31:54Z</time>
</trkpt>
<trkpt lat="33.94081700" lon="-110.97169900">
<ele>1910.023</ele>
<time>2024-11-11T15:31:54Z</time>
</trkpt>
<trkpt lat="33.94070000" lon="-110.97173100">
<ele>1912.406</ele>
<time>2024-11-11T15:31:54Z</time>
</trkpt>
<trkpt lat="33.94061000" lon="-110.97165500">
<ele>1912.094</ele>
<time>2024-11-11T15:31:54Z</time>
</trkpt>
<trkpt lat="33.94059200" lon="-110.97155800">
<ele>1910.582</ele>
<time>2024-11-11T15:31:54Z</time>
</trkpt>
<trkpt lat="33.94059200" lon="-110.97129800">
<ele>1906.422</ele>
<time>2024-11-11T15:31:54Z</time>
</trkpt>
<trkpt lat="33.94059200" lon="-110.97100600">
<ele>1903.039</ele>
<time>2024-11-11T15:31:54Z</time>
</trkpt>
<trkpt lat="33.94057800" lon="-110.97096200">
<ele>1902.750</ele>
<time>2024-11-11T15:31:54Z</time>
</trkpt>
<trkpt lat="33.94053700" lon="-110.97083300">
<ele>1902.367</ele>
<time>2024-11-11T15:31:54Z</time>
</trkpt>
<trkpt lat="33.94041100" lon="-110.97061700">
<ele>1903.727</ele>
<time>2024-11-11T15:31:54Z</time>
</trkpt>
<trkpt lat="33.94027600" lon="-110.97041100">
<ele>1904.906</ele>
<time>2024-11-11T15:31:54Z</time>
</trkpt>
<trkpt lat="33.94015800" lon="-110.97015100">
<ele>1903.996</ele>
<time>2024-11-11T15:31:54Z</time>
</trkpt>
<trkpt lat="33.94001400" lon="-110.96977300">
<ele>1898.797</ele>
<time>2024-11-11T15:31:54Z</time>
</trkpt>
<trkpt lat="33.93999700" lon="-110.96960600">
<ele>1895.574</ele>
<time>2024-11-11T15:31:54Z</time>
</trkpt>
<trkpt lat="33.93998000" lon="-110.96935200">
<ele>1890.734</ele>
<time>2024-11-11T15:31:54Z</time>
</trkpt>
<trkpt lat="33.94001100" lon="-110.96874000">
<ele>1890.070</ele>
<time>2024-11-11T15:31:54Z</time>
</trkpt>
<trkpt lat="33.94010200" lon="-110.96849300">
<ele>1892.863</ele>
<time>2024-11-11T15:31:54Z</time>
</trkpt>
<trkpt lat="33.93998400" lon="-110.96799600">
<ele>1899.613</ele>
<time>2024-11-11T15:31:54Z</time>
</trkpt>
<trkpt lat="33.93977100" lon="-110.96794500">
<ele>1900.453</ele>
<time>2024-11-11T15:31:54Z</time>
</trkpt>
<trkpt lat="33.93955000" lon="-110.96765000">
<ele>1904.219</ele>
<time>2024-11-11T15:31:54Z</time>
</trkpt>
<trkpt lat="33.93989100" lon="-110.96716500">
<ele>1911.449</ele>
<time>2024-11-11T15:31:54Z</time>
</trkpt>
<trkpt lat="33.94055200" lon="-110.96675900">
<ele>1917.371</ele>
<time>2024-11-11T15:31:54Z</time>
</trkpt>
<trkpt lat="33.94090700" lon="-110.96656700">
<ele>1917.871</ele>
<time>2024-11-11T15:31:54Z</time>
</trkpt>
<trkpt lat="33.94111100" lon="-110.96644300">
<ele>1918.277</ele>
<time>2024-11-11T15:31:54Z</time>
</trkpt>
<trkpt lat="33.94111600" lon="-110.96640800">
<ele>1918.629</ele>
<time>2024-11-11T15:31:54Z</time>
</trkpt>
<trkpt lat="33.94110400" lon="-110.96621300">
<ele>1923.023</ele>
<time>2024-11-11T15:31:54Z</time>
</trkpt>
<trkpt lat="33.94085600" lon="-110.96608600">
<ele>1928.934</ele>
<time>2024-11-11T15:31:54Z</time>
</trkpt>
<trkpt lat="33.94058800" lon="-110.96600200">
<ele>1931.125</ele>
<time>2024-11-11T15:31:54Z</time>
</trkpt>
<trkpt lat="33.94032100" lon="-110.96581200">
<ele>1933.250</ele>
<time>2024-11-11T15:31:54Z</time>
</trkpt>
<trkpt lat="33.94009700" lon="-110.96562400">
<ele>1935.449</ele>
<time>2024-11-11T15:31:54Z</time>
</trkpt>
<trkpt lat="33.93999700" lon="-110.96551200">
<ele>1936.160</ele>
<time>2024-11-11T15:31:54Z</time>
</trkpt>
<trkpt lat="33.93997200" lon="-110.96540400">
<ele>1936.449</ele>
<time>2024-11-11T15:31:54Z</time>
</trkpt>
<trkpt lat="33.94000300" lon="-110.96532900">
<ele>1936.809</ele>
<time>2024-11-11T15:31:54Z</time>
</trkpt>
<trkpt lat="33.94007700" lon="-110.96529200">
<ele>1937.230</ele>
<time>2024-11-11T15:31:54Z</time>
</trkpt>
<trkpt lat="33.94017000" lon="-110.96529700">
<ele>1937.480</ele>
<time>2024-11-11T15:31:54Z</time>
</trkpt>
<trkpt lat="33.94025900" lon="-110.96534300">
<ele>1937.500</ele>
<time>2024-11-11T15:31:54Z</time>
</trkpt>
<trkpt lat="33.94040100" lon="-110.96535300">
<ele>1937.477</ele>
<time>2024-11-11T15:31:54Z</time>
</trkpt>
<trkpt lat="33.94056600" lon="-110.96533200">
<ele>1937.621</ele>
<time>2024-11-11T15:31:54Z</time>
</trkpt>
<trkpt lat="33.94077300" lon="-110.96525900">
<ele>1938.047</ele>
<time>2024-11-11T15:31:54Z</time>
</trkpt>
<trkpt lat="33.94105100" lon="-110.96519000">
<ele>1937.535</ele>
<time>2024-11-11T15:31:54Z</time>
</trkpt>
<trkpt lat="33.94119600" lon="-110.96509300">
<ele>1937.465</ele>
<time>2024-11-11T15:31:54Z</time>
</trkpt>
<trkpt lat="33.94133400" lon="-110.96496200">
<ele>1938.340</ele>
<time>2024-11-11T15:31:54Z</time>
</trkpt>
<trkpt lat="33.94147600" lon="-110.96480900">
<ele>1939.395</ele>
<time>2024-11-11T15:31:54Z</time>
</trkpt>
<trkpt lat="33.94161200" lon="-110.96466400">
<ele>1939.672</ele>
<time>2024-11-11T15:31:54Z</time>
</trkpt>
<trkpt lat="33.94167200" lon="-110.96456700">
<ele>1940.059</ele>
<time>2024-11-11T15:31:54Z</time>
</trkpt>
<trkpt lat="33.94167934" lon="-110.96454929">
<ele>1940.136</ele>
<time>2024-11-11T15:31:54Z</time>
</trkpt>
</trkseg>
</trk>
</gpx>
