<?xml version="1.0" encoding="UTF-8"?>
<gpx xmlns="http://www.topografix.com/GPX/1/1" version="1.1" creator="Arizona Alpine Trail segment export" xmlns:xsi="http://www.w3.org/2001/XMLSchema-instance" xmlns:wptx1="http://www.garmin.com/xmlschemas/WaypointExtension/v1" xmlns:gpxx="http://www.garmin.com/xmlschemas/GpxExtensions/v3" xmlns:gpxtpx="http://www.garmin.com/xmlschemas/TrackPointExtension/v2" xsi:schemaLocation="http://www.topografix.com/GPX/1/1 https://www.topografix.com/GPX/1/1/gpx.xsd">
<metadata>
<name>AZAT Segment 06 - Legacy Ranch</name>
<desc>Generated from arizona-alpine-trail.gpx.</desc>
<bounds minlat="34.30386100" minlon="-110.77667500" maxlat="34.33768800" maxlon="-110.48617400"/>
</metadata>
<wpt lat="34.32741940" lon="-110.64324903">
<ele>2121.983</ele>
<time>2024-11-16T23:54:07.225Z</time>
<name>AZAT-Legacy Ranch</name>
<sym>Flag, Red</sym>
<type>Trail description</type>
<extensions>
<label xmlns="http://www.topografix.com/GPX/gpx_overlay/0/5">
<label_text>AZAT-06 Legacy Ranch</label_text>
<text xmlns="http://www.topografix.com/GPX/gpx_style/0/2">
<font>
<size>3.704</size>
</font>
</text>
</label>
<time xmlns="http://www.topografix.com/GPX/gpx_modified/0/1">2026-03-19T20:33:21.981Z</time>
</extensions>
</wpt>
<trk>
<name>AZAT06-Legacy Ranch</name>
<type>Forest Service Rd level 2 or higher</type>
<extensions>
<time xmlns="http://www.topografix.com/GPX/gpx_modified/0/1">2026-03-19T20:33:05.573Z</time>
<override_color xmlns="http://www.topografix.com/GPX/Private/TopoGrafix/0/5">0dd5fc</override_color>
<label xmlns="http://www.topografix.com/GPX/gpx_overlay/0/5">
<label_text>AZAT-06 Legacy Ranch</label_text>
<text xmlns="http://www.topografix.com/GPX/gpx_style/0/2">
<font>
<size>3.175</size>
</font>
</text>
</label>
<line xmlns="http://www.topografix.com/GPX/gpx_style/0/2">
<color>ff1c45</color>
<opacity>1.00</opacity>
<width>2.0420</width>
<pattern>Solid</pattern>
<extensions>
<cased xmlns="http://www.topografix.com/GPX/Private/TopoGrafix/0/5">true</cased>
</extensions>
</line>
</extensions>
<trkseg>
<trkpt lat="34.32983800" lon="-110.77667500">
<ele>2305.600</ele>
<time>2024-05-04T15:41:54Z</time>
</trkpt>
<trkpt lat="34.32977500" lon="-110.77662000">
<ele>2305.600</ele>
<time>2024-05-04T15:41:58Z</time>
</trkpt>
<trkpt lat="34.32974800" lon="-110.77652000">
<ele>2305.600</ele>
<time>2024-05-04T15:42:03Z</time>
</trkpt>
<trkpt lat="34.32974100" lon="-110.77649300">
<ele>2305.600</ele>
<time>2024-05-04T15:42:04Z</time>
</trkpt>
<trkpt lat="34.32973600" lon="-110.77644100">
<ele>2305.600</ele>
<time>2024-05-04T15:42:06Z</time>
</trkpt>
<trkpt lat="34.32968100" lon="-110.77623800">
<ele>2305.700</ele>
<time>2024-05-04T15:42:11Z</time>
</trkpt>
<trkpt lat="34.32963600" lon="-110.77611300">
<ele>2305.800</ele>
<time>2024-05-04T15:42:13Z</time>
</trkpt>
<trkpt lat="34.32961500" lon="-110.77605500">
<ele>2305.800</ele>
<time>2024-05-04T15:42:14Z</time>
</trkpt>
<trkpt lat="34.32956000" lon="-110.77586600">
<ele>2306.000</ele>
<time>2024-05-04T15:42:17Z</time>
</trkpt>
<trkpt lat="34.32953900" lon="-110.77567800">
<ele>2306.300</ele>
<time>2024-05-04T15:42:20Z</time>
</trkpt>
<trkpt lat="34.32953900" lon="-110.77553800">
<ele>2306.500</ele>
<time>2024-05-04T15:42:22Z</time>
</trkpt>
<trkpt lat="34.32952100" lon="-110.77545000">
<ele>2306.700</ele>
<time>2024-05-04T15:42:23Z</time>
</trkpt>
<trkpt lat="34.32951600" lon="-110.77537000">
<ele>2306.900</ele>
<time>2024-05-04T15:42:24Z</time>
</trkpt>
<trkpt lat="34.32948000" lon="-110.77514000">
<ele>2307.300</ele>
<time>2024-05-04T15:42:27Z</time>
</trkpt>
<trkpt lat="34.32935600" lon="-110.77469800">
<ele>2307.600</ele>
<time>2024-05-04T15:42:33Z</time>
</trkpt>
<trkpt lat="34.32934600" lon="-110.77462600">
<ele>2307.700</ele>
<time>2024-05-04T15:42:34Z</time>
</trkpt>
<trkpt lat="34.32925100" lon="-110.77402000">
<ele>2308.100</ele>
<time>2024-05-04T15:42:43Z</time>
</trkpt>
<trkpt lat="34.32923600" lon="-110.77395900">
<ele>2308.100</ele>
<time>2024-05-04T15:42:44Z</time>
</trkpt>
<trkpt lat="34.32917600" lon="-110.77365400">
<ele>2307.500</ele>
<time>2024-05-04T15:42:49Z</time>
</trkpt>
<trkpt lat="34.32913600" lon="-110.77354800">
<ele>2307.100</ele>
<time>2024-05-04T15:42:51Z</time>
</trkpt>
<trkpt lat="34.32911500" lon="-110.77344000">
<ele>2306.700</ele>
<time>2024-05-04T15:42:53Z</time>
</trkpt>
<trkpt lat="34.32909800" lon="-110.77339300">
<ele>2306.600</ele>
<time>2024-05-04T15:42:54Z</time>
</trkpt>
<trkpt lat="34.32893000" lon="-110.77305000">
<ele>2305.500</ele>
<time>2024-05-04T15:43:00Z</time>
</trkpt>
<trkpt lat="34.32881500" lon="-110.77287000">
<ele>2304.500</ele>
<time>2024-05-04T15:43:03Z</time>
</trkpt>
<trkpt lat="34.32877600" lon="-110.77280800">
<ele>2304.200</ele>
<time>2024-05-04T15:43:04Z</time>
</trkpt>
<trkpt lat="34.32852100" lon="-110.77252800">
<ele>2302.700</ele>
<time>2024-05-04T15:43:09Z</time>
</trkpt>
<trkpt lat="34.32824100" lon="-110.77228800">
<ele>2302.100</ele>
<time>2024-05-04T15:43:13Z</time>
</trkpt>
<trkpt lat="34.32818500" lon="-110.77223300">
<ele>2301.900</ele>
<time>2024-05-04T15:43:14Z</time>
</trkpt>
<trkpt lat="34.32812500" lon="-110.77218300">
<ele>2302.200</ele>
<time>2024-05-04T15:43:15Z</time>
</trkpt>
<trkpt lat="34.32796500" lon="-110.77208000">
<ele>2302.500</ele>
<time>2024-05-04T15:43:18Z</time>
</trkpt>
<trkpt lat="34.32772900" lon="-110.77190000">
<ele>2303.100</ele>
<time>2024-05-04T15:43:23Z</time>
</trkpt>
<trkpt lat="34.32767800" lon="-110.77185600">
<ele>2303.400</ele>
<time>2024-05-04T15:43:24Z</time>
</trkpt>
<trkpt lat="34.32752300" lon="-110.77169500">
<ele>2305.100</ele>
<time>2024-05-04T15:43:27Z</time>
</trkpt>
<trkpt lat="34.32739100" lon="-110.77153500">
<ele>2306.000</ele>
<time>2024-05-04T15:43:30Z</time>
</trkpt>
<trkpt lat="34.32724800" lon="-110.77141300">
<ele>2305.600</ele>
<time>2024-05-04T15:43:33Z</time>
</trkpt>
<trkpt lat="34.32719400" lon="-110.77137600">
<ele>2305.200</ele>
<time>2024-05-04T15:43:34Z</time>
</trkpt>
<trkpt lat="34.32704500" lon="-110.77125000">
<ele>2304.300</ele>
<time>2024-05-04T15:43:37Z</time>
</trkpt>
<trkpt lat="34.32691100" lon="-110.77109000">
<ele>2302.900</ele>
<time>2024-05-04T15:43:40Z</time>
</trkpt>
<trkpt lat="34.32678300" lon="-110.77090600">
<ele>2301.700</ele>
<time>2024-05-04T15:43:43Z</time>
</trkpt>
<trkpt lat="34.32674300" lon="-110.77085800">
<ele>2302.000</ele>
<time>2024-05-04T15:43:44Z</time>
</trkpt>
<trkpt lat="34.32659000" lon="-110.77065800">
<ele>2302.300</ele>
<time>2024-05-04T15:43:48Z</time>
</trkpt>
<trkpt lat="34.32640300" lon="-110.77037300">
<ele>2302.600</ele>
<time>2024-05-04T15:43:53Z</time>
</trkpt>
<trkpt lat="34.32637500" lon="-110.77032300">
<ele>2302.700</ele>
<time>2024-05-04T15:43:54Z</time>
</trkpt>
<trkpt lat="34.32628100" lon="-110.77011400">
<ele>2302.400</ele>
<time>2024-05-04T15:43:59Z</time>
</trkpt>
<trkpt lat="34.32626600" lon="-110.77003500">
<ele>2302.000</ele>
<time>2024-05-04T15:44:01Z</time>
</trkpt>
<trkpt lat="34.32627300" lon="-110.76998000">
<ele>2301.800</ele>
<time>2024-05-04T15:44:03Z</time>
</trkpt>
<trkpt lat="34.32627500" lon="-110.76995000">
<ele>2301.500</ele>
<time>2024-05-04T15:44:04Z</time>
</trkpt>
<trkpt lat="34.32626800" lon="-110.76988600">
<ele>2301.200</ele>
<time>2024-05-04T15:44:06Z</time>
</trkpt>
<trkpt lat="34.32623600" lon="-110.76982000">
<ele>2300.900</ele>
<time>2024-05-04T15:44:08Z</time>
</trkpt>
<trkpt lat="34.32615100" lon="-110.76975300">
<ele>2300.900</ele>
<time>2024-05-04T15:44:11Z</time>
</trkpt>
<trkpt lat="34.32610500" lon="-110.76970300">
<ele>2300.700</ele>
<time>2024-05-04T15:44:13Z</time>
</trkpt>
<trkpt lat="34.32607800" lon="-110.76968000">
<ele>2300.500</ele>
<time>2024-05-04T15:44:14Z</time>
</trkpt>
<trkpt lat="34.32605300" lon="-110.76965300">
<ele>2300.300</ele>
<time>2024-05-04T15:44:15Z</time>
</trkpt>
<trkpt lat="34.32602900" lon="-110.76960600">
<ele>2300.200</ele>
<time>2024-05-04T15:44:16Z</time>
</trkpt>
<trkpt lat="34.32583100" lon="-110.76913500">
<ele>2300.000</ele>
<time>2024-05-04T15:44:23Z</time>
</trkpt>
<trkpt lat="34.32580100" lon="-110.76905300">
<ele>2300.000</ele>
<time>2024-05-04T15:44:24Z</time>
</trkpt>
<trkpt lat="34.32573800" lon="-110.76892000">
<ele>2300.300</ele>
<time>2024-05-04T15:44:26Z</time>
</trkpt>
<trkpt lat="34.32568500" lon="-110.76877100">
<ele>2300.400</ele>
<time>2024-05-04T15:44:28Z</time>
</trkpt>
<trkpt lat="34.32564100" lon="-110.76861000">
<ele>2300.500</ele>
<time>2024-05-04T15:44:30Z</time>
</trkpt>
<trkpt lat="34.32559000" lon="-110.76835800">
<ele>2300.200</ele>
<time>2024-05-04T15:44:33Z</time>
</trkpt>
<trkpt lat="34.32557100" lon="-110.76829000">
<ele>2300.200</ele>
<time>2024-05-04T15:44:34Z</time>
</trkpt>
<trkpt lat="34.32554800" lon="-110.76816000">
<ele>2300.000</ele>
<time>2024-05-04T15:44:36Z</time>
</trkpt>
<trkpt lat="34.32549500" lon="-110.76797000">
<ele>2299.400</ele>
<time>2024-05-04T15:44:39Z</time>
</trkpt>
<trkpt lat="34.32547500" lon="-110.76783100">
<ele>2299.100</ele>
<time>2024-05-04T15:44:41Z</time>
</trkpt>
<trkpt lat="34.32547000" lon="-110.76770800">
<ele>2299.000</ele>
<time>2024-05-04T15:44:43Z</time>
</trkpt>
<trkpt lat="34.32547500" lon="-110.76765100">
<ele>2298.900</ele>
<time>2024-05-04T15:44:44Z</time>
</trkpt>
<trkpt lat="34.32552000" lon="-110.76743600">
<ele>2298.900</ele>
<time>2024-05-04T15:44:48Z</time>
</trkpt>
<trkpt lat="34.32552100" lon="-110.76736100">
<ele>2299.000</ele>
<time>2024-05-04T15:44:50Z</time>
</trkpt>
<trkpt lat="34.32549800" lon="-110.76726000">
<ele>2299.200</ele>
<time>2024-05-04T15:44:53Z</time>
</trkpt>
<trkpt lat="34.32549100" lon="-110.76722300">
<ele>2299.400</ele>
<time>2024-05-04T15:44:54Z</time>
</trkpt>
<trkpt lat="34.32548600" lon="-110.76700800">
<ele>2300.200</ele>
<time>2024-05-04T15:44:59Z</time>
</trkpt>
<trkpt lat="34.32543600" lon="-110.76682800">
<ele>2301.100</ele>
<time>2024-05-04T15:45:03Z</time>
</trkpt>
<trkpt lat="34.32542300" lon="-110.76678300">
<ele>2301.400</ele>
<time>2024-05-04T15:45:04Z</time>
</trkpt>
<trkpt lat="34.32533600" lon="-110.76658600">
<ele>2302.600</ele>
<time>2024-05-04T15:45:08Z</time>
</trkpt>
<trkpt lat="34.32524600" lon="-110.76647100">
<ele>2303.300</ele>
<time>2024-05-04T15:45:11Z</time>
</trkpt>
<trkpt lat="34.32520600" lon="-110.76637500">
<ele>2303.700</ele>
<time>2024-05-04T15:45:13Z</time>
</trkpt>
<trkpt lat="34.32518300" lon="-110.76631600">
<ele>2303.900</ele>
<time>2024-05-04T15:45:14Z</time>
</trkpt>
<trkpt lat="34.32515800" lon="-110.76625800">
<ele>2304.100</ele>
<time>2024-05-04T15:45:15Z</time>
</trkpt>
<trkpt lat="34.32512000" lon="-110.76610100">
<ele>2304.400</ele>
<time>2024-05-04T15:45:18Z</time>
</trkpt>
<trkpt lat="34.32504600" lon="-110.76587900">
<ele>2304.700</ele>
<time>2024-05-04T15:45:23Z</time>
</trkpt>
<trkpt lat="34.32503300" lon="-110.76583500">
<ele>2304.800</ele>
<time>2024-05-04T15:45:24Z</time>
</trkpt>
<trkpt lat="34.32492600" lon="-110.76557400">
<ele>2305.800</ele>
<time>2024-05-04T15:45:30Z</time>
</trkpt>
<trkpt lat="34.32484300" lon="-110.76543300">
<ele>2306.600</ele>
<time>2024-05-04T15:45:33Z</time>
</trkpt>
<trkpt lat="34.32481600" lon="-110.76538500">
<ele>2306.900</ele>
<time>2024-05-04T15:45:34Z</time>
</trkpt>
<trkpt lat="34.32457400" lon="-110.76504600">
<ele>2309.300</ele>
<time>2024-05-04T15:45:43Z</time>
</trkpt>
<trkpt lat="34.32454000" lon="-110.76500000">
<ele>2309.600</ele>
<time>2024-05-04T15:45:44Z</time>
</trkpt>
<trkpt lat="34.32438500" lon="-110.76480500">
<ele>2311.000</ele>
<time>2024-05-04T15:45:48Z</time>
</trkpt>
<trkpt lat="34.32431600" lon="-110.76470300">
<ele>2312.000</ele>
<time>2024-05-04T15:45:50Z</time>
</trkpt>
<trkpt lat="34.32419500" lon="-110.76458000">
<ele>2313.000</ele>
<time>2024-05-04T15:45:53Z</time>
</trkpt>
<trkpt lat="34.32415600" lon="-110.76454600">
<ele>2313.300</ele>
<time>2024-05-04T15:45:54Z</time>
</trkpt>
<trkpt lat="34.32391600" lon="-110.76423600">
<ele>2315.600</ele>
<time>2024-05-04T15:46:03Z</time>
</trkpt>
<trkpt lat="34.32388800" lon="-110.76421300">
<ele>2315.700</ele>
<time>2024-05-04T15:46:04Z</time>
</trkpt>
<trkpt lat="34.32376800" lon="-110.76402800">
<ele>2316.700</ele>
<time>2024-05-04T15:46:09Z</time>
</trkpt>
<trkpt lat="34.32363600" lon="-110.76386800">
<ele>2317.300</ele>
<time>2024-05-04T15:46:13Z</time>
</trkpt>
<trkpt lat="34.32360500" lon="-110.76381500">
<ele>2317.500</ele>
<time>2024-05-04T15:46:14Z</time>
</trkpt>
<trkpt lat="34.32330100" lon="-110.76326400">
<ele>2318.100</ele>
<time>2024-05-04T15:46:23Z</time>
</trkpt>
<trkpt lat="34.32326800" lon="-110.76322000">
<ele>2318.200</ele>
<time>2024-05-04T15:46:24Z</time>
</trkpt>
<trkpt lat="34.32313800" lon="-110.76302000">
<ele>2318.300</ele>
<time>2024-05-04T15:46:28Z</time>
</trkpt>
<trkpt lat="34.32298500" lon="-110.76272100">
<ele>2318.100</ele>
<time>2024-05-04T15:46:33Z</time>
</trkpt>
<trkpt lat="34.32295500" lon="-110.76266000">
<ele>2318.000</ele>
<time>2024-05-04T15:46:34Z</time>
</trkpt>
<trkpt lat="34.32281500" lon="-110.76234600">
<ele>2317.800</ele>
<time>2024-05-04T15:46:39Z</time>
</trkpt>
<trkpt lat="34.32271300" lon="-110.76208300">
<ele>2317.600</ele>
<time>2024-05-04T15:46:43Z</time>
</trkpt>
<trkpt lat="34.32269600" lon="-110.76201800">
<ele>2317.500</ele>
<time>2024-05-04T15:46:44Z</time>
</trkpt>
<trkpt lat="34.32262500" lon="-110.76180800">
<ele>2317.400</ele>
<time>2024-05-04T15:46:47Z</time>
</trkpt>
<trkpt lat="34.32261300" lon="-110.76174500">
<ele>2317.400</ele>
<time>2024-05-04T15:46:48Z</time>
</trkpt>
<trkpt lat="34.32250100" lon="-110.76145100">
<ele>2317.300</ele>
<time>2024-05-04T15:46:53Z</time>
</trkpt>
<trkpt lat="34.32248500" lon="-110.76138800">
<ele>2317.300</ele>
<time>2024-05-04T15:46:54Z</time>
</trkpt>
<trkpt lat="34.32244500" lon="-110.76114800">
<ele>2317.300</ele>
<time>2024-05-04T15:46:58Z</time>
</trkpt>
<trkpt lat="34.32239000" lon="-110.76093800">
<ele>2317.100</ele>
<time>2024-05-04T15:47:02Z</time>
</trkpt>
<trkpt lat="34.32236800" lon="-110.76088600">
<ele>2317.100</ele>
<time>2024-05-04T15:47:03Z</time>
</trkpt>
<trkpt lat="34.32235800" lon="-110.76083100">
<ele>2317.100</ele>
<time>2024-05-04T15:47:04Z</time>
</trkpt>
<trkpt lat="34.32230500" lon="-110.76040100">
<ele>2317.300</ele>
<time>2024-05-04T15:47:10Z</time>
</trkpt>
<trkpt lat="34.32229100" lon="-110.76017600">
<ele>2317.400</ele>
<time>2024-05-04T15:47:13Z</time>
</trkpt>
<trkpt lat="34.32229300" lon="-110.76010100">
<ele>2317.400</ele>
<time>2024-05-04T15:47:14Z</time>
</trkpt>
<trkpt lat="34.32229300" lon="-110.75976300">
<ele>2317.800</ele>
<time>2024-05-04T15:47:19Z</time>
</trkpt>
<trkpt lat="34.32227600" lon="-110.75963500">
<ele>2318.100</ele>
<time>2024-05-04T15:47:21Z</time>
</trkpt>
<trkpt lat="34.32228100" lon="-110.75948800">
<ele>2318.100</ele>
<time>2024-05-04T15:47:23Z</time>
</trkpt>
<trkpt lat="34.32228000" lon="-110.75942500">
<ele>2318.300</ele>
<time>2024-05-04T15:47:24Z</time>
</trkpt>
<trkpt lat="34.32229600" lon="-110.75897300">
<ele>2319.100</ele>
<time>2024-05-04T15:47:31Z</time>
</trkpt>
<trkpt lat="34.32228600" lon="-110.75884600">
<ele>2319.300</ele>
<time>2024-05-04T15:47:33Z</time>
</trkpt>
<trkpt lat="34.32228600" lon="-110.75878600">
<ele>2319.500</ele>
<time>2024-05-04T15:47:34Z</time>
</trkpt>
<trkpt lat="34.32227500" lon="-110.75864800">
<ele>2319.900</ele>
<time>2024-05-04T15:47:36Z</time>
</trkpt>
<trkpt lat="34.32228100" lon="-110.75816800">
<ele>2320.500</ele>
<time>2024-05-04T15:47:43Z</time>
</trkpt>
<trkpt lat="34.32228300" lon="-110.75809400">
<ele>2320.600</ele>
<time>2024-05-04T15:47:44Z</time>
</trkpt>
<trkpt lat="34.32227800" lon="-110.75794300">
<ele>2321.000</ele>
<time>2024-05-04T15:47:46Z</time>
</trkpt>
<trkpt lat="34.32228900" lon="-110.75756100">
<ele>2320.800</ele>
<time>2024-05-04T15:47:51Z</time>
</trkpt>
<trkpt lat="34.32227600" lon="-110.75740300">
<ele>2321.100</ele>
<time>2024-05-04T15:47:53Z</time>
</trkpt>
<trkpt lat="34.32226500" lon="-110.75733100">
<ele>2321.000</ele>
<time>2024-05-04T15:47:54Z</time>
</trkpt>
<trkpt lat="34.32224300" lon="-110.75720300">
<ele>2321.300</ele>
<time>2024-05-04T15:47:56Z</time>
</trkpt>
<trkpt lat="34.32226000" lon="-110.75677600">
<ele>2321.100</ele>
<time>2024-05-04T15:48:03Z</time>
</trkpt>
<trkpt lat="34.32226500" lon="-110.75672000">
<ele>2321.200</ele>
<time>2024-05-04T15:48:04Z</time>
</trkpt>
<trkpt lat="34.32227500" lon="-110.75660100">
<ele>2321.500</ele>
<time>2024-05-04T15:48:06Z</time>
</trkpt>
<trkpt lat="34.32226800" lon="-110.75631300">
<ele>2322.400</ele>
<time>2024-05-04T15:48:11Z</time>
</trkpt>
<trkpt lat="34.32227800" lon="-110.75621000">
<ele>2322.900</ele>
<time>2024-05-04T15:48:13Z</time>
</trkpt>
<trkpt lat="34.32228100" lon="-110.75616000">
<ele>2323.100</ele>
<time>2024-05-04T15:48:14Z</time>
</trkpt>
<trkpt lat="34.32229300" lon="-110.75588600">
<ele>2323.900</ele>
<time>2024-05-04T15:48:20Z</time>
</trkpt>
<trkpt lat="34.32228600" lon="-110.75575500">
<ele>2324.100</ele>
<time>2024-05-04T15:48:23Z</time>
</trkpt>
<trkpt lat="34.32228600" lon="-110.75571300">
<ele>2324.100</ele>
<time>2024-05-04T15:48:24Z</time>
</trkpt>
<trkpt lat="34.32228300" lon="-110.75541500">
<ele>2325.100</ele>
<time>2024-05-04T15:48:31Z</time>
</trkpt>
<trkpt lat="34.32227300" lon="-110.75532300">
<ele>2325.700</ele>
<time>2024-05-04T15:48:33Z</time>
</trkpt>
<trkpt lat="34.32227500" lon="-110.75528000">
<ele>2325.900</ele>
<time>2024-05-04T15:48:34Z</time>
</trkpt>
<trkpt lat="34.32226100" lon="-110.75483000">
<ele>2328.200</ele>
<time>2024-05-04T15:48:43Z</time>
</trkpt>
<trkpt lat="34.32226300" lon="-110.75478600">
<ele>2328.400</ele>
<time>2024-05-04T15:48:44Z</time>
</trkpt>
<trkpt lat="34.32226100" lon="-110.75438300">
<ele>2329.900</ele>
<time>2024-05-04T15:48:53Z</time>
</trkpt>
<trkpt lat="34.32226100" lon="-110.75432300">
<ele>2330.300</ele>
<time>2024-05-04T15:48:54Z</time>
</trkpt>
<trkpt lat="34.32226300" lon="-110.75399600">
<ele>2331.400</ele>
<time>2024-05-04T15:48:59Z</time>
</trkpt>
<trkpt lat="34.32227600" lon="-110.75377500">
<ele>2332.300</ele>
<time>2024-05-04T15:49:03Z</time>
</trkpt>
<trkpt lat="34.32227100" lon="-110.75372500">
<ele>2332.500</ele>
<time>2024-05-04T15:49:04Z</time>
</trkpt>
<trkpt lat="34.32223100" lon="-110.75319400">
<ele>2334.200</ele>
<time>2024-05-04T15:49:13Z</time>
</trkpt>
<trkpt lat="34.32223100" lon="-110.75314800">
<ele>2334.400</ele>
<time>2024-05-04T15:49:14Z</time>
</trkpt>
<trkpt lat="34.32223800" lon="-110.75300100">
<ele>2334.800</ele>
<time>2024-05-04T15:49:17Z</time>
</trkpt>
<trkpt lat="34.32226500" lon="-110.75285000">
<ele>2335.100</ele>
<time>2024-05-04T15:49:20Z</time>
</trkpt>
<trkpt lat="34.32226600" lon="-110.75268400">
<ele>2335.300</ele>
<time>2024-05-04T15:49:23Z</time>
</trkpt>
<trkpt lat="34.32226600" lon="-110.75263300">
<ele>2335.400</ele>
<time>2024-05-04T15:49:24Z</time>
</trkpt>
<trkpt lat="34.32226500" lon="-110.75210800">
<ele>2335.700</ele>
<time>2024-05-04T15:49:33Z</time>
</trkpt>
<trkpt lat="34.32227300" lon="-110.75205100">
<ele>2335.700</ele>
<time>2024-05-04T15:49:34Z</time>
</trkpt>
<trkpt lat="34.32233400" lon="-110.75180800">
<ele>2335.500</ele>
<time>2024-05-04T15:49:39Z</time>
</trkpt>
<trkpt lat="34.32235500" lon="-110.75161100">
<ele>2335.400</ele>
<time>2024-05-04T15:49:43Z</time>
</trkpt>
<trkpt lat="34.32236300" lon="-110.75155800">
<ele>2335.300</ele>
<time>2024-05-04T15:49:44Z</time>
</trkpt>
<trkpt lat="34.32237800" lon="-110.75134800">
<ele>2335.100</ele>
<time>2024-05-04T15:49:48Z</time>
</trkpt>
<trkpt lat="34.32242100" lon="-110.75107100">
<ele>2334.800</ele>
<time>2024-05-04T15:49:53Z</time>
</trkpt>
<trkpt lat="34.32243500" lon="-110.75101600">
<ele>2334.800</ele>
<time>2024-05-04T15:49:54Z</time>
</trkpt>
<trkpt lat="34.32247300" lon="-110.75083800">
<ele>2334.800</ele>
<time>2024-05-04T15:49:59Z</time>
</trkpt>
<trkpt lat="34.32248800" lon="-110.75071100">
<ele>2334.800</ele>
<time>2024-05-04T15:50:03Z</time>
</trkpt>
<trkpt lat="34.32248500" lon="-110.75069000">
<ele>2334.800</ele>
<time>2024-05-04T15:50:04Z</time>
</trkpt>
<trkpt lat="34.32248100" lon="-110.75067100">
<ele>2334.800</ele>
<time>2024-05-04T15:50:05Z</time>
</trkpt>
<trkpt lat="34.32244600" lon="-110.75063600">
<ele>2334.600</ele>
<time>2024-05-04T15:50:07Z</time>
</trkpt>
<trkpt lat="34.32222000" lon="-110.75054600">
<ele>2333.900</ele>
<time>2024-05-04T15:50:13Z</time>
</trkpt>
<trkpt lat="34.32218000" lon="-110.75053300">
<ele>2333.700</ele>
<time>2024-05-04T15:50:14Z</time>
</trkpt>
<trkpt lat="34.32166100" lon="-110.75036900">
<ele>2331.300</ele>
<time>2024-05-04T15:50:23Z</time>
</trkpt>
<trkpt lat="34.32160000" lon="-110.75035500">
<ele>2331.300</ele>
<time>2024-05-04T15:50:24Z</time>
</trkpt>
<trkpt lat="34.32130300" lon="-110.75026600">
<ele>2331.400</ele>
<time>2024-05-04T15:50:29Z</time>
</trkpt>
<trkpt lat="34.32111500" lon="-110.75023100">
<ele>2332.200</ele>
<time>2024-05-04T15:50:33Z</time>
</trkpt>
<trkpt lat="34.32106500" lon="-110.75022400">
<ele>2332.600</ele>
<time>2024-05-04T15:50:34Z</time>
</trkpt>
<trkpt lat="34.32093100" lon="-110.75023500">
<ele>2333.200</ele>
<time>2024-05-04T15:50:37Z</time>
</trkpt>
<trkpt lat="34.32060000" lon="-110.75037800">
<ele>2334.000</ele>
<time>2024-05-04T15:50:43Z</time>
</trkpt>
<trkpt lat="34.32053300" lon="-110.75040400">
<ele>2334.100</ele>
<time>2024-05-04T15:50:44Z</time>
</trkpt>
<trkpt lat="34.31985300" lon="-110.75071000">
<ele>2334.600</ele>
<time>2024-05-04T15:50:53Z</time>
</trkpt>
<trkpt lat="34.31977300" lon="-110.75075000">
<ele>2334.600</ele>
<time>2024-05-04T15:50:54Z</time>
</trkpt>
<trkpt lat="34.31945800" lon="-110.75090100">
<ele>2334.600</ele>
<time>2024-05-04T15:50:58Z</time>
</trkpt>
<trkpt lat="34.31909600" lon="-110.75105800">
<ele>2334.500</ele>
<time>2024-05-04T15:51:03Z</time>
</trkpt>
<trkpt lat="34.31903100" lon="-110.75108900">
<ele>2334.500</ele>
<time>2024-05-04T15:51:04Z</time>
</trkpt>
<trkpt lat="34.31841000" lon="-110.75136800">
<ele>2334.500</ele>
<time>2024-05-04T15:51:13Z</time>
</trkpt>
<trkpt lat="34.31833100" lon="-110.75140300">
<ele>2334.600</ele>
<time>2024-05-04T15:51:14Z</time>
</trkpt>
<trkpt lat="34.31760000" lon="-110.75173800">
<ele>2335.400</ele>
<time>2024-05-04T15:51:23Z</time>
</trkpt>
<trkpt lat="34.31751800" lon="-110.75177500">
<ele>2335.400</ele>
<time>2024-05-04T15:51:24Z</time>
</trkpt>
<trkpt lat="34.31676800" lon="-110.75211600">
<ele>2335.700</ele>
<time>2024-05-04T15:51:33Z</time>
</trkpt>
<trkpt lat="34.31668800" lon="-110.75215800">
<ele>2335.700</ele>
<time>2024-05-04T15:51:34Z</time>
</trkpt>
<trkpt lat="34.31627600" lon="-110.75236300">
<ele>2335.700</ele>
<time>2024-05-04T15:51:39Z</time>
</trkpt>
<trkpt lat="34.31594300" lon="-110.75250600">
<ele>2335.700</ele>
<time>2024-05-04T15:51:43Z</time>
</trkpt>
<trkpt lat="34.31585500" lon="-110.75254100">
<ele>2335.700</ele>
<time>2024-05-04T15:51:44Z</time>
</trkpt>
<trkpt lat="34.31508500" lon="-110.75287600">
<ele>2334.800</ele>
<time>2024-05-04T15:51:53Z</time>
</trkpt>
<trkpt lat="34.31500300" lon="-110.75290800">
<ele>2334.800</ele>
<time>2024-05-04T15:51:54Z</time>
</trkpt>
<trkpt lat="34.31461600" lon="-110.75307500">
<ele>2334.100</ele>
<time>2024-05-04T15:51:59Z</time>
</trkpt>
<trkpt lat="34.31430000" lon="-110.75322900">
<ele>2333.000</ele>
<time>2024-05-04T15:52:03Z</time>
</trkpt>
<trkpt lat="34.31421500" lon="-110.75326100">
<ele>2332.700</ele>
<time>2024-05-04T15:52:04Z</time>
</trkpt>
<trkpt lat="34.31348000" lon="-110.75358300">
<ele>2330.300</ele>
<time>2024-05-04T15:52:13Z</time>
</trkpt>
<trkpt lat="34.31339300" lon="-110.75361800">
<ele>2330.100</ele>
<time>2024-05-04T15:52:14Z</time>
</trkpt>
<trkpt lat="34.31296500" lon="-110.75379900">
<ele>2329.400</ele>
<time>2024-05-04T15:52:19Z</time>
</trkpt>
<trkpt lat="34.31278600" lon="-110.75386100">
<ele>2328.900</ele>
<time>2024-05-04T15:52:21Z</time>
</trkpt>
<trkpt lat="34.31260800" lon="-110.75390800">
<ele>2328.900</ele>
<time>2024-05-04T15:52:23Z</time>
</trkpt>
<trkpt lat="34.31252000" lon="-110.75393500">
<ele>2329.200</ele>
<time>2024-05-04T15:52:24Z</time>
</trkpt>
<trkpt lat="34.31219400" lon="-110.75403800">
<ele>2330.700</ele>
<time>2024-05-04T15:52:28Z</time>
</trkpt>
<trkpt lat="34.31189300" lon="-110.75410300">
<ele>2332.200</ele>
<time>2024-05-04T15:52:32Z</time>
</trkpt>
<trkpt lat="34.31181800" lon="-110.75412900">
<ele>2332.600</ele>
<time>2024-05-04T15:52:33Z</time>
</trkpt>
<trkpt lat="34.31174100" lon="-110.75415600">
<ele>2332.700</ele>
<time>2024-05-04T15:52:34Z</time>
</trkpt>
<trkpt lat="34.31158800" lon="-110.75420600">
<ele>2333.100</ele>
<time>2024-05-04T15:52:36Z</time>
</trkpt>
<trkpt lat="34.31102100" lon="-110.75435900">
<ele>2333.600</ele>
<time>2024-05-04T15:52:43Z</time>
</trkpt>
<trkpt lat="34.31093600" lon="-110.75438500">
<ele>2333.800</ele>
<time>2024-05-04T15:52:44Z</time>
</trkpt>
<trkpt lat="34.31068600" lon="-110.75447000">
<ele>2334.500</ele>
<time>2024-05-04T15:52:47Z</time>
</trkpt>
<trkpt lat="34.31012500" lon="-110.75462100">
<ele>2335.000</ele>
<time>2024-05-04T15:52:53Z</time>
</trkpt>
<trkpt lat="34.31002800" lon="-110.75464500">
<ele>2335.200</ele>
<time>2024-05-04T15:52:54Z</time>
</trkpt>
<trkpt lat="34.30935000" lon="-110.75483000">
<ele>2334.500</ele>
<time>2024-05-04T15:53:01Z</time>
</trkpt>
<trkpt lat="34.30915500" lon="-110.75487300">
<ele>2334.300</ele>
<time>2024-05-04T15:53:03Z</time>
</trkpt>
<trkpt lat="34.30905800" lon="-110.75489800">
<ele>2333.900</ele>
<time>2024-05-04T15:53:04Z</time>
</trkpt>
<trkpt lat="34.30877500" lon="-110.75498500">
<ele>2332.900</ele>
<time>2024-05-04T15:53:07Z</time>
</trkpt>
<trkpt lat="34.30867300" lon="-110.75500600">
<ele>2332.400</ele>
<time>2024-05-04T15:53:08Z</time>
</trkpt>
<trkpt lat="34.30839500" lon="-110.75510000">
<ele>2332.400</ele>
<time>2024-05-04T15:53:11Z</time>
</trkpt>
<trkpt lat="34.30822600" lon="-110.75513800">
<ele>2333.100</ele>
<time>2024-05-04T15:53:13Z</time>
</trkpt>
<trkpt lat="34.30813800" lon="-110.75516500">
<ele>2333.700</ele>
<time>2024-05-04T15:53:14Z</time>
</trkpt>
<trkpt lat="34.30788500" lon="-110.75523300">
<ele>2335.500</ele>
<time>2024-05-04T15:53:17Z</time>
</trkpt>
<trkpt lat="34.30771500" lon="-110.75526500">
<ele>2336.500</ele>
<time>2024-05-04T15:53:19Z</time>
</trkpt>
<trkpt lat="34.30756300" lon="-110.75525800">
<ele>2338.000</ele>
<time>2024-05-04T15:53:21Z</time>
</trkpt>
<trkpt lat="34.30741000" lon="-110.75521100">
<ele>2339.500</ele>
<time>2024-05-04T15:53:23Z</time>
</trkpt>
<trkpt lat="34.30734100" lon="-110.75518300">
<ele>2340.200</ele>
<time>2024-05-04T15:53:24Z</time>
</trkpt>
<trkpt lat="34.30727100" lon="-110.75514500">
<ele>2340.800</ele>
<time>2024-05-04T15:53:25Z</time>
</trkpt>
<trkpt lat="34.30716300" lon="-110.75506600">
<ele>2341.700</ele>
<time>2024-05-04T15:53:27Z</time>
</trkpt>
<trkpt lat="34.30705300" lon="-110.75497100">
<ele>2342.500</ele>
<time>2024-05-04T15:53:29Z</time>
</trkpt>
<trkpt lat="34.30696000" lon="-110.75486600">
<ele>2342.700</ele>
<time>2024-05-04T15:53:31Z</time>
</trkpt>
<trkpt lat="34.30688300" lon="-110.75473800">
<ele>2342.800</ele>
<time>2024-05-04T15:53:33Z</time>
</trkpt>
<trkpt lat="34.30684100" lon="-110.75466600">
<ele>2342.900</ele>
<time>2024-05-04T15:53:34Z</time>
</trkpt>
<trkpt lat="34.30667300" lon="-110.75434300">
<ele>2343.300</ele>
<time>2024-05-04T15:53:38Z</time>
</trkpt>
<trkpt lat="34.30644100" lon="-110.75399300">
<ele>2343.900</ele>
<time>2024-05-04T15:53:42Z</time>
</trkpt>
<trkpt lat="34.30638600" lon="-110.75389500">
<ele>2344.300</ele>
<time>2024-05-04T15:53:43Z</time>
</trkpt>
<trkpt lat="34.30633100" lon="-110.75379800">
<ele>2344.300</ele>
<time>2024-05-04T15:53:44Z</time>
</trkpt>
<trkpt lat="34.30627000" lon="-110.75371600">
<ele>2344.500</ele>
<time>2024-05-04T15:53:45Z</time>
</trkpt>
<trkpt lat="34.30583100" lon="-110.75297000">
<ele>2344.400</ele>
<time>2024-05-04T15:53:53Z</time>
</trkpt>
<trkpt lat="34.30578500" lon="-110.75288600">
<ele>2344.300</ele>
<time>2024-05-04T15:53:54Z</time>
</trkpt>
<trkpt lat="34.30565000" lon="-110.75262300">
<ele>2343.600</ele>
<time>2024-05-04T15:53:57Z</time>
</trkpt>
<trkpt lat="34.30535000" lon="-110.75211800">
<ele>2341.900</ele>
<time>2024-05-04T15:54:03Z</time>
</trkpt>
<trkpt lat="34.30529800" lon="-110.75203300">
<ele>2341.700</ele>
<time>2024-05-04T15:54:04Z</time>
</trkpt>
<trkpt lat="34.30514800" lon="-110.75177100">
<ele>2340.700</ele>
<time>2024-05-04T15:54:07Z</time>
</trkpt>
<trkpt lat="34.30509000" lon="-110.75169000">
<ele>2340.300</ele>
<time>2024-05-04T15:54:08Z</time>
</trkpt>
<trkpt lat="34.30483100" lon="-110.75125800">
<ele>2337.500</ele>
<time>2024-05-04T15:54:13Z</time>
</trkpt>
<trkpt lat="34.30478100" lon="-110.75117000">
<ele>2336.900</ele>
<time>2024-05-04T15:54:14Z</time>
</trkpt>
<trkpt lat="34.30452800" lon="-110.75073400">
<ele>2335.400</ele>
<time>2024-05-04T15:54:19Z</time>
</trkpt>
<trkpt lat="34.30443500" lon="-110.75054500">
<ele>2335.000</ele>
<time>2024-05-04T15:54:21Z</time>
</trkpt>
<trkpt lat="34.30435800" lon="-110.75035100">
<ele>2334.700</ele>
<time>2024-05-04T15:54:23Z</time>
</trkpt>
<trkpt lat="34.30433000" lon="-110.75025300">
<ele>2334.200</ele>
<time>2024-05-04T15:54:24Z</time>
</trkpt>
<trkpt lat="34.30428300" lon="-110.75004300">
<ele>2333.600</ele>
<time>2024-05-04T15:54:26Z</time>
</trkpt>
<trkpt lat="34.30417900" lon="-110.74928000">
<ele>2332.400</ele>
<time>2024-05-04T15:54:33Z</time>
</trkpt>
<trkpt lat="34.30416100" lon="-110.74915800">
<ele>2332.500</ele>
<time>2024-05-04T15:54:34Z</time>
</trkpt>
<trkpt lat="34.30402800" lon="-110.74808400">
<ele>2331.300</ele>
<time>2024-05-04T15:54:43Z</time>
</trkpt>
<trkpt lat="34.30401300" lon="-110.74796500">
<ele>2331.200</ele>
<time>2024-05-04T15:54:44Z</time>
</trkpt>
<trkpt lat="34.30392100" lon="-110.74730100">
<ele>2328.500</ele>
<time>2024-05-04T15:54:50Z</time>
</trkpt>
<trkpt lat="34.30389100" lon="-110.74701600">
<ele>2327.000</ele>
<time>2024-05-04T15:54:53Z</time>
</trkpt>
<trkpt lat="34.30388300" lon="-110.74692600">
<ele>2326.600</ele>
<time>2024-05-04T15:54:54Z</time>
</trkpt>
<trkpt lat="34.30386100" lon="-110.74665600">
<ele>2325.600</ele>
<time>2024-05-04T15:54:57Z</time>
</trkpt>
<trkpt lat="34.30388100" lon="-110.74647600">
<ele>2325.000</ele>
<time>2024-05-04T15:54:59Z</time>
</trkpt>
<trkpt lat="34.30390900" lon="-110.74638300">
<ele>2324.700</ele>
<time>2024-05-04T15:55:00Z</time>
</trkpt>
<trkpt lat="34.30395000" lon="-110.74630100">
<ele>2324.400</ele>
<time>2024-05-04T15:55:01Z</time>
</trkpt>
<trkpt lat="34.30406000" lon="-110.74613600">
<ele>2324.300</ele>
<time>2024-05-04T15:55:03Z</time>
</trkpt>
<trkpt lat="34.30411300" lon="-110.74607300">
<ele>2324.100</ele>
<time>2024-05-04T15:55:04Z</time>
</trkpt>
<trkpt lat="34.30453100" lon="-110.74566300">
<ele>2323.900</ele>
<time>2024-05-04T15:55:11Z</time>
</trkpt>
<trkpt lat="34.30465300" lon="-110.74552900">
<ele>2323.700</ele>
<time>2024-05-04T15:55:13Z</time>
</trkpt>
<trkpt lat="34.30472600" lon="-110.74546600">
<ele>2323.600</ele>
<time>2024-05-04T15:55:14Z</time>
</trkpt>
<trkpt lat="34.30515600" lon="-110.74505300">
<ele>2320.400</ele>
<time>2024-05-04T15:55:20Z</time>
</trkpt>
<trkpt lat="34.30540000" lon="-110.74485500">
<ele>2318.200</ele>
<time>2024-05-04T15:55:23Z</time>
</trkpt>
<trkpt lat="34.30547900" lon="-110.74478500">
<ele>2317.200</ele>
<time>2024-05-04T15:55:24Z</time>
</trkpt>
<trkpt lat="34.30605300" lon="-110.74429600">
<ele>2311.000</ele>
<time>2024-05-04T15:55:31Z</time>
</trkpt>
<trkpt lat="34.30621400" lon="-110.74414800">
<ele>2309.400</ele>
<time>2024-05-04T15:55:33Z</time>
</trkpt>
<trkpt lat="34.30630000" lon="-110.74407500">
<ele>2308.600</ele>
<time>2024-05-04T15:55:34Z</time>
</trkpt>
<trkpt lat="34.30646100" lon="-110.74392500">
<ele>2308.100</ele>
<time>2024-05-04T15:55:36Z</time>
</trkpt>
<trkpt lat="34.30652800" lon="-110.74383800">
<ele>2308.000</ele>
<time>2024-05-04T15:55:37Z</time>
</trkpt>
<trkpt lat="34.30658500" lon="-110.74373800">
<ele>2308.100</ele>
<time>2024-05-04T15:55:38Z</time>
</trkpt>
<trkpt lat="34.30666800" lon="-110.74352800">
<ele>2308.200</ele>
<time>2024-05-04T15:55:40Z</time>
</trkpt>
<trkpt lat="34.30677100" lon="-110.74321400">
<ele>2308.600</ele>
<time>2024-05-04T15:55:43Z</time>
</trkpt>
<trkpt lat="34.30680100" lon="-110.74311800">
<ele>2308.700</ele>
<time>2024-05-04T15:55:44Z</time>
</trkpt>
<trkpt lat="34.30695500" lon="-110.74267300">
<ele>2308.900</ele>
<time>2024-05-04T15:55:49Z</time>
</trkpt>
<trkpt lat="34.30705300" lon="-110.74228900">
<ele>2308.800</ele>
<time>2024-05-04T15:55:53Z</time>
</trkpt>
<trkpt lat="34.30708500" lon="-110.74219500">
<ele>2308.700</ele>
<time>2024-05-04T15:55:54Z</time>
</trkpt>
<trkpt lat="34.30722100" lon="-110.74172100">
<ele>2308.600</ele>
<time>2024-05-04T15:55:59Z</time>
</trkpt>
<trkpt lat="34.30736300" lon="-110.74134800">
<ele>2309.000</ele>
<time>2024-05-04T15:56:03Z</time>
</trkpt>
<trkpt lat="34.30740100" lon="-110.74125100">
<ele>2309.200</ele>
<time>2024-05-04T15:56:04Z</time>
</trkpt>
<trkpt lat="34.30767800" lon="-110.74063600">
<ele>2309.200</ele>
<time>2024-05-04T15:56:10Z</time>
</trkpt>
<trkpt lat="34.30783500" lon="-110.74032600">
<ele>2308.900</ele>
<time>2024-05-04T15:56:13Z</time>
</trkpt>
<trkpt lat="34.30788500" lon="-110.74022600">
<ele>2308.800</ele>
<time>2024-05-04T15:56:14Z</time>
</trkpt>
<trkpt lat="34.30814600" lon="-110.73972100">
<ele>2308.700</ele>
<time>2024-05-04T15:56:19Z</time>
</trkpt>
<trkpt lat="34.30833800" lon="-110.73931100">
<ele>2309.700</ele>
<time>2024-05-04T15:56:23Z</time>
</trkpt>
<trkpt lat="34.30838600" lon="-110.73921000">
<ele>2309.900</ele>
<time>2024-05-04T15:56:24Z</time>
</trkpt>
<trkpt lat="34.30861800" lon="-110.73870300">
<ele>2310.300</ele>
<time>2024-05-04T15:56:29Z</time>
</trkpt>
<trkpt lat="34.30872300" lon="-110.73850600">
<ele>2310.000</ele>
<time>2024-05-04T15:56:31Z</time>
</trkpt>
<trkpt lat="34.30881400" lon="-110.73828800">
<ele>2309.600</ele>
<time>2024-05-04T15:56:33Z</time>
</trkpt>
<trkpt lat="34.30885900" lon="-110.73818600">
<ele>2309.400</ele>
<time>2024-05-04T15:56:34Z</time>
</trkpt>
<trkpt lat="34.30893100" lon="-110.73797100">
<ele>2308.800</ele>
<time>2024-05-04T15:56:36Z</time>
</trkpt>
<trkpt lat="34.30898300" lon="-110.73775400">
<ele>2308.600</ele>
<time>2024-05-04T15:56:38Z</time>
</trkpt>
<trkpt lat="34.30901300" lon="-110.73753500">
<ele>2308.700</ele>
<time>2024-05-04T15:56:40Z</time>
</trkpt>
<trkpt lat="34.30902600" lon="-110.73717800">
<ele>2308.900</ele>
<time>2024-05-04T15:56:43Z</time>
</trkpt>
<trkpt lat="34.30903500" lon="-110.73706300">
<ele>2309.000</ele>
<time>2024-05-04T15:56:44Z</time>
</trkpt>
<trkpt lat="34.30907000" lon="-110.73672500">
<ele>2309.200</ele>
<time>2024-05-04T15:56:47Z</time>
</trkpt>
<trkpt lat="34.30912100" lon="-110.73651500">
<ele>2309.000</ele>
<time>2024-05-04T15:56:49Z</time>
</trkpt>
<trkpt lat="34.30920500" lon="-110.73630600">
<ele>2308.200</ele>
<time>2024-05-04T15:56:51Z</time>
</trkpt>
<trkpt lat="34.30932100" lon="-110.73611600">
<ele>2306.600</ele>
<time>2024-05-04T15:56:53Z</time>
</trkpt>
<trkpt lat="34.30939000" lon="-110.73603300">
<ele>2305.800</ele>
<time>2024-05-04T15:56:54Z</time>
</trkpt>
<trkpt lat="34.30945600" lon="-110.73595600">
<ele>2305.200</ele>
<time>2024-05-04T15:56:55Z</time>
</trkpt>
<trkpt lat="34.30968800" lon="-110.73574000">
<ele>2304.300</ele>
<time>2024-05-04T15:56:58Z</time>
</trkpt>
<trkpt lat="34.30983500" lon="-110.73558800">
<ele>2303.500</ele>
<time>2024-05-04T15:57:00Z</time>
</trkpt>
<trkpt lat="34.31007000" lon="-110.73537800">
<ele>2300.900</ele>
<time>2024-05-04T15:57:03Z</time>
</trkpt>
<trkpt lat="34.31014300" lon="-110.73531900">
<ele>2299.500</ele>
<time>2024-05-04T15:57:04Z</time>
</trkpt>
<trkpt lat="34.31047500" lon="-110.73512000">
<ele>2294.500</ele>
<time>2024-05-04T15:57:08Z</time>
</trkpt>
<trkpt lat="34.31055300" lon="-110.73506300">
<ele>2293.200</ele>
<time>2024-05-04T15:57:09Z</time>
</trkpt>
<trkpt lat="34.31063300" lon="-110.73499500">
<ele>2292.500</ele>
<time>2024-05-04T15:57:10Z</time>
</trkpt>
<trkpt lat="34.31076800" lon="-110.73484800">
<ele>2289.300</ele>
<time>2024-05-04T15:57:12Z</time>
</trkpt>
<trkpt lat="34.31081500" lon="-110.73476300">
<ele>2287.700</ele>
<time>2024-05-04T15:57:13Z</time>
</trkpt>
<trkpt lat="34.31085800" lon="-110.73466500">
<ele>2286.300</ele>
<time>2024-05-04T15:57:14Z</time>
</trkpt>
<trkpt lat="34.31113800" lon="-110.73397300">
<ele>2277.700</ele>
<time>2024-05-04T15:57:21Z</time>
</trkpt>
<trkpt lat="34.31120300" lon="-110.73376000">
<ele>2275.900</ele>
<time>2024-05-04T15:57:23Z</time>
</trkpt>
<trkpt lat="34.31121800" lon="-110.73365800">
<ele>2276.100</ele>
<time>2024-05-04T15:57:24Z</time>
</trkpt>
<trkpt lat="34.31122000" lon="-110.73355100">
<ele>2276.800</ele>
<time>2024-05-04T15:57:25Z</time>
</trkpt>
<trkpt lat="34.31119800" lon="-110.73334300">
<ele>2278.200</ele>
<time>2024-05-04T15:57:27Z</time>
</trkpt>
<trkpt lat="34.31115100" lon="-110.73315100">
<ele>2279.500</ele>
<time>2024-05-04T15:57:29Z</time>
</trkpt>
<trkpt lat="34.31109100" lon="-110.73298300">
<ele>2279.600</ele>
<time>2024-05-04T15:57:31Z</time>
</trkpt>
<trkpt lat="34.31104600" lon="-110.73280800">
<ele>2279.800</ele>
<time>2024-05-04T15:57:33Z</time>
</trkpt>
<trkpt lat="34.31102000" lon="-110.73272500">
<ele>2279.500</ele>
<time>2024-05-04T15:57:34Z</time>
</trkpt>
<trkpt lat="34.31076600" lon="-110.73188800">
<ele>2279.100</ele>
<time>2024-05-04T15:57:43Z</time>
</trkpt>
<trkpt lat="34.31074000" lon="-110.73179600">
<ele>2278.900</ele>
<time>2024-05-04T15:57:44Z</time>
</trkpt>
<trkpt lat="34.31065300" lon="-110.73154000">
<ele>2277.800</ele>
<time>2024-05-04T15:57:47Z</time>
</trkpt>
<trkpt lat="34.31062400" lon="-110.73138100">
<ele>2278.500</ele>
<time>2024-05-04T15:57:49Z</time>
</trkpt>
<trkpt lat="34.31063300" lon="-110.73121600">
<ele>2279.000</ele>
<time>2024-05-04T15:57:51Z</time>
</trkpt>
<trkpt lat="34.31066900" lon="-110.73103100">
<ele>2279.400</ele>
<time>2024-05-04T15:57:53Z</time>
</trkpt>
<trkpt lat="34.31069000" lon="-110.73093500">
<ele>2278.900</ele>
<time>2024-05-04T15:57:54Z</time>
</trkpt>
<trkpt lat="34.31073300" lon="-110.73074300">
<ele>2275.400</ele>
<time>2024-05-04T15:57:56Z</time>
</trkpt>
<trkpt lat="34.31083600" lon="-110.73044900">
<ele>2269.600</ele>
<time>2024-05-04T15:57:59Z</time>
</trkpt>
<trkpt lat="34.31092000" lon="-110.73026100">
<ele>2268.300</ele>
<time>2024-05-04T15:58:01Z</time>
</trkpt>
<trkpt lat="34.31097000" lon="-110.73016800">
<ele>2266.900</ele>
<time>2024-05-04T15:58:02Z</time>
</trkpt>
<trkpt lat="34.31102900" lon="-110.73008400">
<ele>2266.900</ele>
<time>2024-05-04T15:58:03Z</time>
</trkpt>
<trkpt lat="34.31110300" lon="-110.73000800">
<ele>2267.400</ele>
<time>2024-05-04T15:58:04Z</time>
</trkpt>
<trkpt lat="34.31125800" lon="-110.72986000">
<ele>2266.700</ele>
<time>2024-05-04T15:58:06Z</time>
</trkpt>
<trkpt lat="34.31146500" lon="-110.72963100">
<ele>2263.600</ele>
<time>2024-05-04T15:58:09Z</time>
</trkpt>
<trkpt lat="34.31171800" lon="-110.72928100">
<ele>2257.700</ele>
<time>2024-05-04T15:58:13Z</time>
</trkpt>
<trkpt lat="34.31177600" lon="-110.72918900">
<ele>2256.100</ele>
<time>2024-05-04T15:58:14Z</time>
</trkpt>
<trkpt lat="34.31211500" lon="-110.72861400">
<ele>2246.800</ele>
<time>2024-05-04T15:58:20Z</time>
</trkpt>
<trkpt lat="34.31217100" lon="-110.72853500">
<ele>2247.100</ele>
<time>2024-05-04T15:58:21Z</time>
</trkpt>
<trkpt lat="34.31230500" lon="-110.72839500">
<ele>2245.700</ele>
<time>2024-05-04T15:58:23Z</time>
</trkpt>
<trkpt lat="34.31238000" lon="-110.72832100">
<ele>2246.000</ele>
<time>2024-05-04T15:58:24Z</time>
</trkpt>
<trkpt lat="34.31253300" lon="-110.72816800">
<ele>2244.600</ele>
<time>2024-05-04T15:58:26Z</time>
</trkpt>
<trkpt lat="34.31276500" lon="-110.72796300">
<ele>2244.300</ele>
<time>2024-05-04T15:58:29Z</time>
</trkpt>
<trkpt lat="34.31313500" lon="-110.72774600">
<ele>2234.900</ele>
<time>2024-05-04T15:58:33Z</time>
</trkpt>
<trkpt lat="34.31323000" lon="-110.72769500">
<ele>2234.400</ele>
<time>2024-05-04T15:58:34Z</time>
</trkpt>
<trkpt lat="34.31341100" lon="-110.72758600">
<ele>2234.700</ele>
<time>2024-05-04T15:58:36Z</time>
</trkpt>
<trkpt lat="34.31350500" lon="-110.72754300">
<ele>2234.100</ele>
<time>2024-05-04T15:58:37Z</time>
</trkpt>
<trkpt lat="34.31388600" lon="-110.72740600">
<ele>2231.600</ele>
<time>2024-05-04T15:58:41Z</time>
</trkpt>
<trkpt lat="34.31408300" lon="-110.72731900">
<ele>2231.300</ele>
<time>2024-05-04T15:58:43Z</time>
</trkpt>
<trkpt lat="34.31417600" lon="-110.72727300">
<ele>2230.200</ele>
<time>2024-05-04T15:58:44Z</time>
</trkpt>
<trkpt lat="34.31436100" lon="-110.72715500">
<ele>2226.800</ele>
<time>2024-05-04T15:58:46Z</time>
</trkpt>
<trkpt lat="34.31454400" lon="-110.72702100">
<ele>2223.700</ele>
<time>2024-05-04T15:58:48Z</time>
</trkpt>
<trkpt lat="34.31480800" lon="-110.72680900">
<ele>2222.200</ele>
<time>2024-05-04T15:58:51Z</time>
</trkpt>
<trkpt lat="34.31499800" lon="-110.72667600">
<ele>2222.000</ele>
<time>2024-05-04T15:58:53Z</time>
</trkpt>
<trkpt lat="34.31508800" lon="-110.72661300">
<ele>2221.500</ele>
<time>2024-05-04T15:58:54Z</time>
</trkpt>
<trkpt lat="34.31529600" lon="-110.72651800">
<ele>2221.300</ele>
<time>2024-05-04T15:58:56Z</time>
</trkpt>
<trkpt lat="34.31580800" lon="-110.72633800">
<ele>2213.700</ele>
<time>2024-05-04T15:59:01Z</time>
</trkpt>
<trkpt lat="34.31589600" lon="-110.72630000">
<ele>2212.700</ele>
<time>2024-05-04T15:59:02Z</time>
</trkpt>
<trkpt lat="34.31597100" lon="-110.72625100">
<ele>2211.300</ele>
<time>2024-05-04T15:59:03Z</time>
</trkpt>
<trkpt lat="34.31603600" lon="-110.72619000">
<ele>2211.000</ele>
<time>2024-05-04T15:59:04Z</time>
</trkpt>
<trkpt lat="34.31615000" lon="-110.72605600">
<ele>2210.100</ele>
<time>2024-05-04T15:59:06Z</time>
</trkpt>
<trkpt lat="34.31624300" lon="-110.72590600">
<ele>2210.200</ele>
<time>2024-05-04T15:59:08Z</time>
</trkpt>
<trkpt lat="34.31631100" lon="-110.72572100">
<ele>2210.100</ele>
<time>2024-05-04T15:59:10Z</time>
</trkpt>
<trkpt lat="34.31640600" lon="-110.72537800">
<ele>2209.400</ele>
<time>2024-05-04T15:59:13Z</time>
</trkpt>
<trkpt lat="34.31643900" lon="-110.72526500">
<ele>2208.900</ele>
<time>2024-05-04T15:59:14Z</time>
</trkpt>
<trkpt lat="34.31649300" lon="-110.72503800">
<ele>2208.500</ele>
<time>2024-05-04T15:59:16Z</time>
</trkpt>
<trkpt lat="34.31654800" lon="-110.72468100">
<ele>2207.900</ele>
<time>2024-05-04T15:59:19Z</time>
</trkpt>
<trkpt lat="34.31656100" lon="-110.72445300">
<ele>2207.000</ele>
<time>2024-05-04T15:59:21Z</time>
</trkpt>
<trkpt lat="34.31655600" lon="-110.72422300">
<ele>2204.700</ele>
<time>2024-05-04T15:59:23Z</time>
</trkpt>
<trkpt lat="34.31655300" lon="-110.72410500">
<ele>2203.300</ele>
<time>2024-05-04T15:59:24Z</time>
</trkpt>
<trkpt lat="34.31651100" lon="-110.72310600">
<ele>2197.600</ele>
<time>2024-05-04T15:59:32Z</time>
</trkpt>
<trkpt lat="34.31649500" lon="-110.72297800">
<ele>2197.500</ele>
<time>2024-05-04T15:59:33Z</time>
</trkpt>
<trkpt lat="34.31647600" lon="-110.72284900">
<ele>2196.800</ele>
<time>2024-05-04T15:59:34Z</time>
</trkpt>
<trkpt lat="34.31637000" lon="-110.72211500">
<ele>2194.900</ele>
<time>2024-05-04T15:59:40Z</time>
</trkpt>
<trkpt lat="34.31636800" lon="-110.72199500">
<ele>2194.700</ele>
<time>2024-05-04T15:59:41Z</time>
</trkpt>
<trkpt lat="34.31638600" lon="-110.72175500">
<ele>2195.000</ele>
<time>2024-05-04T15:59:43Z</time>
</trkpt>
<trkpt lat="34.31640000" lon="-110.72163100">
<ele>2195.400</ele>
<time>2024-05-04T15:59:44Z</time>
</trkpt>
<trkpt lat="34.31644600" lon="-110.72140800">
<ele>2195.900</ele>
<time>2024-05-04T15:59:46Z</time>
</trkpt>
<trkpt lat="34.31651000" lon="-110.72118000">
<ele>2196.400</ele>
<time>2024-05-04T15:59:48Z</time>
</trkpt>
<trkpt lat="34.31659100" lon="-110.72094100">
<ele>2196.900</ele>
<time>2024-05-04T15:59:50Z</time>
</trkpt>
<trkpt lat="34.31672500" lon="-110.72060100">
<ele>2196.600</ele>
<time>2024-05-04T15:59:53Z</time>
</trkpt>
<trkpt lat="34.31677800" lon="-110.72049600">
<ele>2196.300</ele>
<time>2024-05-04T15:59:54Z</time>
</trkpt>
<trkpt lat="34.31682900" lon="-110.72038300">
<ele>2195.700</ele>
<time>2024-05-04T15:59:55Z</time>
</trkpt>
<trkpt lat="34.31706100" lon="-110.71997600">
<ele>2196.400</ele>
<time>2024-05-04T15:59:59Z</time>
</trkpt>
<trkpt lat="34.31712800" lon="-110.71988500">
<ele>2196.400</ele>
<time>2024-05-04T16:00:00Z</time>
</trkpt>
<trkpt lat="34.31735300" lon="-110.71962000">
<ele>2195.700</ele>
<time>2024-05-04T16:00:03Z</time>
</trkpt>
<trkpt lat="34.31742800" lon="-110.71953000">
<ele>2195.800</ele>
<time>2024-05-04T16:00:04Z</time>
</trkpt>
<trkpt lat="34.31750100" lon="-110.71944100">
<ele>2195.600</ele>
<time>2024-05-04T16:00:05Z</time>
</trkpt>
<trkpt lat="34.31775100" lon="-110.71918800">
<ele>2193.600</ele>
<time>2024-05-04T16:00:08Z</time>
</trkpt>
<trkpt lat="34.31802000" lon="-110.71895300">
<ele>2192.200</ele>
<time>2024-05-04T16:00:11Z</time>
</trkpt>
<trkpt lat="34.31819400" lon="-110.71883100">
<ele>2191.800</ele>
<time>2024-05-04T16:00:13Z</time>
</trkpt>
<trkpt lat="34.31828600" lon="-110.71876600">
<ele>2191.300</ele>
<time>2024-05-04T16:00:14Z</time>
</trkpt>
<trkpt lat="34.31906000" lon="-110.71836100">
<ele>2184.700</ele>
<time>2024-05-04T16:00:22Z</time>
</trkpt>
<trkpt lat="34.31915000" lon="-110.71830600">
<ele>2184.100</ele>
<time>2024-05-04T16:00:23Z</time>
</trkpt>
<trkpt lat="34.31924600" lon="-110.71824900">
<ele>2183.600</ele>
<time>2024-05-04T16:00:24Z</time>
</trkpt>
<trkpt lat="34.31961800" lon="-110.71799100">
<ele>2183.600</ele>
<time>2024-05-04T16:00:28Z</time>
</trkpt>
<trkpt lat="34.31988300" lon="-110.71776900">
<ele>2183.500</ele>
<time>2024-05-04T16:00:31Z</time>
</trkpt>
<trkpt lat="34.32006800" lon="-110.71763000">
<ele>2183.900</ele>
<time>2024-05-04T16:00:33Z</time>
</trkpt>
<trkpt lat="34.32016400" lon="-110.71756100">
<ele>2184.000</ele>
<time>2024-05-04T16:00:34Z</time>
</trkpt>
<trkpt lat="34.32043400" lon="-110.71736600">
<ele>2184.600</ele>
<time>2024-05-04T16:00:37Z</time>
</trkpt>
<trkpt lat="34.32069500" lon="-110.71713900">
<ele>2184.700</ele>
<time>2024-05-04T16:00:40Z</time>
</trkpt>
<trkpt lat="34.32083600" lon="-110.71697100">
<ele>2184.400</ele>
<time>2024-05-04T16:00:42Z</time>
</trkpt>
<trkpt lat="34.32090000" lon="-110.71687600">
<ele>2184.200</ele>
<time>2024-05-04T16:00:43Z</time>
</trkpt>
<trkpt lat="34.32095600" lon="-110.71677300">
<ele>2184.300</ele>
<time>2024-05-04T16:00:44Z</time>
</trkpt>
<trkpt lat="34.32111100" lon="-110.71644800">
<ele>2184.000</ele>
<time>2024-05-04T16:00:47Z</time>
</trkpt>
<trkpt lat="34.32118600" lon="-110.71621300">
<ele>2184.500</ele>
<time>2024-05-04T16:00:49Z</time>
</trkpt>
<trkpt lat="34.32123900" lon="-110.71597500">
<ele>2185.200</ele>
<time>2024-05-04T16:00:51Z</time>
</trkpt>
<trkpt lat="34.32127500" lon="-110.71572300">
<ele>2185.300</ele>
<time>2024-05-04T16:00:53Z</time>
</trkpt>
<trkpt lat="34.32129500" lon="-110.71558800">
<ele>2184.900</ele>
<time>2024-05-04T16:00:54Z</time>
</trkpt>
<trkpt lat="34.32136300" lon="-110.71506000">
<ele>2183.800</ele>
<time>2024-05-04T16:00:58Z</time>
</trkpt>
<trkpt lat="34.32148600" lon="-110.71438100">
<ele>2179.900</ele>
<time>2024-05-04T16:01:03Z</time>
</trkpt>
<trkpt lat="34.32150800" lon="-110.71424100">
<ele>2178.400</ele>
<time>2024-05-04T16:01:04Z</time>
</trkpt>
<trkpt lat="34.32172300" lon="-110.71297300">
<ele>2173.400</ele>
<time>2024-05-04T16:01:13Z</time>
</trkpt>
<trkpt lat="34.32174800" lon="-110.71283600">
<ele>2173.200</ele>
<time>2024-05-04T16:01:14Z</time>
</trkpt>
<trkpt lat="34.32180000" lon="-110.71259100">
<ele>2173.000</ele>
<time>2024-05-04T16:01:16Z</time>
</trkpt>
<trkpt lat="34.32187100" lon="-110.71234100">
<ele>2172.200</ele>
<time>2024-05-04T16:01:18Z</time>
</trkpt>
<trkpt lat="34.32200300" lon="-110.71197600">
<ele>2172.800</ele>
<time>2024-05-04T16:01:21Z</time>
</trkpt>
<trkpt lat="34.32211100" lon="-110.71174100">
<ele>2172.800</ele>
<time>2024-05-04T16:01:23Z</time>
</trkpt>
<trkpt lat="34.32216800" lon="-110.71162100">
<ele>2172.900</ele>
<time>2024-05-04T16:01:24Z</time>
</trkpt>
<trkpt lat="34.32267600" lon="-110.71055600">
<ele>2171.600</ele>
<time>2024-05-04T16:01:33Z</time>
</trkpt>
<trkpt lat="34.32273600" lon="-110.71043800">
<ele>2171.600</ele>
<time>2024-05-04T16:01:34Z</time>
</trkpt>
<trkpt lat="34.32284000" lon="-110.71019600">
<ele>2171.500</ele>
<time>2024-05-04T16:01:36Z</time>
</trkpt>
<trkpt lat="34.32297600" lon="-110.70981600">
<ele>2171.500</ele>
<time>2024-05-04T16:01:39Z</time>
</trkpt>
<trkpt lat="34.32300600" lon="-110.70968900">
<ele>2171.400</ele>
<time>2024-05-04T16:01:40Z</time>
</trkpt>
<trkpt lat="34.32302100" lon="-110.70956400">
<ele>2171.400</ele>
<time>2024-05-04T16:01:41Z</time>
</trkpt>
<trkpt lat="34.32302100" lon="-110.70932100">
<ele>2171.300</ele>
<time>2024-05-04T16:01:43Z</time>
</trkpt>
<trkpt lat="34.32301500" lon="-110.70919600">
<ele>2171.100</ele>
<time>2024-05-04T16:01:44Z</time>
</trkpt>
<trkpt lat="34.32296500" lon="-110.70870600">
<ele>2170.600</ele>
<time>2024-05-04T16:01:48Z</time>
</trkpt>
<trkpt lat="34.32294100" lon="-110.70838800">
<ele>2171.400</ele>
<time>2024-05-04T16:01:51Z</time>
</trkpt>
<trkpt lat="34.32293800" lon="-110.70818400">
<ele>2171.900</ele>
<time>2024-05-04T16:01:53Z</time>
</trkpt>
<trkpt lat="34.32293300" lon="-110.70807800">
<ele>2172.200</ele>
<time>2024-05-04T16:01:54Z</time>
</trkpt>
<trkpt lat="34.32287600" lon="-110.70708600">
<ele>2173.000</ele>
<time>2024-05-04T16:02:03Z</time>
</trkpt>
<trkpt lat="34.32288300" lon="-110.70697600">
<ele>2172.300</ele>
<time>2024-05-04T16:02:04Z</time>
</trkpt>
<trkpt lat="34.32289800" lon="-110.70679100">
<ele>2172.800</ele>
<time>2024-05-04T16:02:06Z</time>
</trkpt>
<trkpt lat="34.32291400" lon="-110.70670900">
<ele>2173.000</ele>
<time>2024-05-04T16:02:07Z</time>
</trkpt>
<trkpt lat="34.32295800" lon="-110.70656300">
<ele>2172.800</ele>
<time>2024-05-04T16:02:09Z</time>
</trkpt>
<trkpt lat="34.32305500" lon="-110.70634500">
<ele>2172.600</ele>
<time>2024-05-04T16:02:13Z</time>
</trkpt>
<trkpt lat="34.32307600" lon="-110.70628300">
<ele>2172.100</ele>
<time>2024-05-04T16:02:14Z</time>
</trkpt>
<trkpt lat="34.32309100" lon="-110.70616500">
<ele>2172.400</ele>
<time>2024-05-04T16:02:16Z</time>
</trkpt>
<trkpt lat="34.32311800" lon="-110.70604900">
<ele>2172.000</ele>
<time>2024-05-04T16:02:18Z</time>
</trkpt>
<trkpt lat="34.32314500" lon="-110.70574300">
<ele>2171.800</ele>
<time>2024-05-04T16:02:23Z</time>
</trkpt>
<trkpt lat="34.32315000" lon="-110.70570600">
<ele>2171.900</ele>
<time>2024-05-04T16:02:24Z</time>
</trkpt>
<trkpt lat="34.32316000" lon="-110.70564300">
<ele>2172.000</ele>
<time>2024-05-04T16:02:26Z</time>
</trkpt>
<trkpt lat="34.32314300" lon="-110.70553800">
<ele>2172.100</ele>
<time>2024-05-04T16:03:21Z</time>
</trkpt>
<trkpt lat="34.32314800" lon="-110.70546500">
<ele>2172.100</ele>
<time>2024-05-04T16:03:23Z</time>
</trkpt>
<trkpt lat="34.32315000" lon="-110.70542100">
<ele>2172.200</ele>
<time>2024-05-04T16:03:24Z</time>
</trkpt>
<trkpt lat="34.32315800" lon="-110.70516800">
<ele>2172.200</ele>
<time>2024-05-04T16:03:29Z</time>
</trkpt>
<trkpt lat="34.32315000" lon="-110.70496900">
<ele>2171.700</ele>
<time>2024-05-04T16:03:33Z</time>
</trkpt>
<trkpt lat="34.32314600" lon="-110.70494300">
<ele>2171.700</ele>
<time>2024-05-04T16:03:34Z</time>
</trkpt>
<trkpt lat="34.32311100" lon="-110.70472300">
<ele>2171.400</ele>
<time>2024-05-04T16:03:55Z</time>
</trkpt>
<trkpt lat="34.32311000" lon="-110.70470800">
<ele>2171.200</ele>
<time>2024-05-04T16:03:56Z</time>
</trkpt>
<trkpt lat="34.32311100" lon="-110.70468100">
<ele>2171.200</ele>
<time>2024-05-04T16:04:02Z</time>
</trkpt>
<trkpt lat="34.32311500" lon="-110.70464100">
<ele>2171.000</ele>
<time>2024-05-04T16:21:58Z</time>
</trkpt>
<trkpt lat="34.32302000" lon="-110.70460100">
<ele>2172.100</ele>
<time>2024-05-04T16:22:01Z</time>
</trkpt>
<trkpt lat="34.32286100" lon="-110.70444100">
<ele>2172.600</ele>
<time>2024-05-04T16:22:05Z</time>
</trkpt>
<trkpt lat="34.32267800" lon="-110.70431100">
<ele>2172.800</ele>
<time>2024-05-04T16:22:08Z</time>
</trkpt>
<trkpt lat="34.32260800" lon="-110.70428800">
<ele>2172.900</ele>
<time>2024-05-04T16:22:09Z</time>
</trkpt>
<trkpt lat="34.32246600" lon="-110.70425800">
<ele>2173.400</ele>
<time>2024-05-04T16:22:11Z</time>
</trkpt>
<trkpt lat="34.32232800" lon="-110.70424900">
<ele>2173.600</ele>
<time>2024-05-04T16:22:13Z</time>
</trkpt>
<trkpt lat="34.32207100" lon="-110.70426800">
<ele>2174.700</ele>
<time>2024-05-04T16:22:17Z</time>
</trkpt>
<trkpt lat="34.32200100" lon="-110.70428600">
<ele>2174.600</ele>
<time>2024-05-04T16:22:18Z</time>
</trkpt>
<trkpt lat="34.32194000" lon="-110.70430800">
<ele>2175.200</ele>
<time>2024-05-04T16:22:19Z</time>
</trkpt>
<trkpt lat="34.32152100" lon="-110.70444600">
<ele>2176.000</ele>
<time>2024-05-04T16:22:25Z</time>
</trkpt>
<trkpt lat="34.32131000" lon="-110.70456300">
<ele>2177.600</ele>
<time>2024-05-04T16:22:28Z</time>
</trkpt>
<trkpt lat="34.32124300" lon="-110.70460600">
<ele>2178.100</ele>
<time>2024-05-04T16:22:29Z</time>
</trkpt>
<trkpt lat="34.32089000" lon="-110.70483600">
<ele>2179.400</ele>
<time>2024-05-04T16:22:34Z</time>
</trkpt>
<trkpt lat="34.32059300" lon="-110.70499500">
<ele>2179.300</ele>
<time>2024-05-04T16:22:38Z</time>
</trkpt>
<trkpt lat="34.32053100" lon="-110.70504100">
<ele>2179.000</ele>
<time>2024-05-04T16:22:39Z</time>
</trkpt>
<trkpt lat="34.32041500" lon="-110.70513500">
<ele>2179.400</ele>
<time>2024-05-04T16:22:41Z</time>
</trkpt>
<trkpt lat="34.32001300" lon="-110.70540000">
<ele>2177.300</ele>
<time>2024-05-04T16:22:48Z</time>
</trkpt>
<trkpt lat="34.31994800" lon="-110.70542800">
<ele>2177.100</ele>
<time>2024-05-04T16:22:49Z</time>
</trkpt>
<trkpt lat="34.31982000" lon="-110.70545100">
<ele>2175.900</ele>
<time>2024-05-04T16:22:51Z</time>
</trkpt>
<trkpt lat="34.31974500" lon="-110.70544800">
<ele>2176.400</ele>
<time>2024-05-04T16:22:52Z</time>
</trkpt>
<trkpt lat="34.31960000" lon="-110.70542300">
<ele>2178.300</ele>
<time>2024-05-04T16:22:54Z</time>
</trkpt>
<trkpt lat="34.31938300" lon="-110.70533500">
<ele>2179.300</ele>
<time>2024-05-04T16:22:57Z</time>
</trkpt>
<trkpt lat="34.31931400" lon="-110.70529100">
<ele>2179.600</ele>
<time>2024-05-04T16:22:58Z</time>
</trkpt>
<trkpt lat="34.31924500" lon="-110.70526300">
<ele>2179.600</ele>
<time>2024-05-04T16:22:59Z</time>
</trkpt>
<trkpt lat="34.31903100" lon="-110.70524300">
<ele>2180.100</ele>
<time>2024-05-04T16:23:02Z</time>
</trkpt>
<trkpt lat="34.31859600" lon="-110.70534800">
<ele>2180.800</ele>
<time>2024-05-04T16:23:08Z</time>
</trkpt>
<trkpt lat="34.31852800" lon="-110.70535300">
<ele>2181.100</ele>
<time>2024-05-04T16:23:09Z</time>
</trkpt>
<trkpt lat="34.31831600" lon="-110.70539800">
<ele>2182.300</ele>
<time>2024-05-04T16:23:12Z</time>
</trkpt>
<trkpt lat="34.31809000" lon="-110.70541400">
<ele>2183.500</ele>
<time>2024-05-04T16:23:15Z</time>
</trkpt>
<trkpt lat="34.31786800" lon="-110.70541800">
<ele>2184.000</ele>
<time>2024-05-04T16:23:18Z</time>
</trkpt>
<trkpt lat="34.31779500" lon="-110.70541800">
<ele>2184.400</ele>
<time>2024-05-04T16:23:19Z</time>
</trkpt>
<trkpt lat="34.31729300" lon="-110.70543500">
<ele>2186.200</ele>
<time>2024-05-04T16:23:25Z</time>
</trkpt>
<trkpt lat="34.31704800" lon="-110.70541800">
<ele>2187.500</ele>
<time>2024-05-04T16:23:28Z</time>
</trkpt>
<trkpt lat="34.31696800" lon="-110.70540300">
<ele>2188.500</ele>
<time>2024-05-04T16:23:29Z</time>
</trkpt>
<trkpt lat="34.31679800" lon="-110.70535100">
<ele>2189.800</ele>
<time>2024-05-04T16:23:31Z</time>
</trkpt>
<trkpt lat="34.31659300" lon="-110.70527500">
<ele>2191.900</ele>
<time>2024-05-04T16:23:34Z</time>
</trkpt>
<trkpt lat="34.31647300" lon="-110.70528600">
<ele>2193.200</ele>
<time>2024-05-04T16:23:36Z</time>
</trkpt>
<trkpt lat="34.31642100" lon="-110.70531600">
<ele>2194.100</ele>
<time>2024-05-04T16:23:37Z</time>
</trkpt>
<trkpt lat="34.31638800" lon="-110.70535800">
<ele>2194.700</ele>
<time>2024-05-04T16:23:38Z</time>
</trkpt>
<trkpt lat="34.31637100" lon="-110.70542300">
<ele>2195.000</ele>
<time>2024-05-04T16:23:39Z</time>
</trkpt>
<trkpt lat="34.31632500" lon="-110.70564000">
<ele>2195.400</ele>
<time>2024-05-04T16:23:42Z</time>
</trkpt>
<trkpt lat="34.31630100" lon="-110.70571000">
<ele>2195.400</ele>
<time>2024-05-04T16:23:43Z</time>
</trkpt>
<trkpt lat="34.31626100" lon="-110.70576800">
<ele>2195.500</ele>
<time>2024-05-04T16:23:44Z</time>
</trkpt>
<trkpt lat="34.31620800" lon="-110.70581600">
<ele>2195.900</ele>
<time>2024-05-04T16:23:45Z</time>
</trkpt>
<trkpt lat="34.31614500" lon="-110.70585500">
<ele>2196.200</ele>
<time>2024-05-04T16:23:46Z</time>
</trkpt>
<trkpt lat="34.31599800" lon="-110.70590500">
<ele>2196.800</ele>
<time>2024-05-04T16:23:48Z</time>
</trkpt>
<trkpt lat="34.31592600" lon="-110.70592500">
<ele>2196.700</ele>
<time>2024-05-04T16:23:49Z</time>
</trkpt>
<trkpt lat="34.31561900" lon="-110.70597300">
<ele>2198.000</ele>
<time>2024-05-04T16:23:53Z</time>
</trkpt>
<trkpt lat="34.31522800" lon="-110.70598100">
<ele>2203.500</ele>
<time>2024-05-04T16:23:58Z</time>
</trkpt>
<trkpt lat="34.31515000" lon="-110.70598600">
<ele>2206.100</ele>
<time>2024-05-04T16:23:59Z</time>
</trkpt>
<trkpt lat="34.31481100" lon="-110.70599500">
<ele>2210.000</ele>
<time>2024-05-04T16:24:03Z</time>
</trkpt>
<trkpt lat="34.31454800" lon="-110.70598300">
<ele>2210.600</ele>
<time>2024-05-04T16:24:06Z</time>
</trkpt>
<trkpt lat="34.31437500" lon="-110.70595400">
<ele>2211.800</ele>
<time>2024-05-04T16:24:08Z</time>
</trkpt>
<trkpt lat="34.31428800" lon="-110.70594100">
<ele>2212.000</ele>
<time>2024-05-04T16:24:09Z</time>
</trkpt>
<trkpt lat="34.31393100" lon="-110.70586800">
<ele>2215.800</ele>
<time>2024-05-04T16:24:13Z</time>
</trkpt>
<trkpt lat="34.31368900" lon="-110.70584100">
<ele>2218.300</ele>
<time>2024-05-04T16:24:16Z</time>
</trkpt>
<trkpt lat="34.31353800" lon="-110.70583500">
<ele>2220.400</ele>
<time>2024-05-04T16:24:18Z</time>
</trkpt>
<trkpt lat="34.31346100" lon="-110.70583000">
<ele>2220.800</ele>
<time>2024-05-04T16:24:19Z</time>
</trkpt>
<trkpt lat="34.31325000" lon="-110.70580300">
<ele>2221.600</ele>
<time>2024-05-04T16:24:22Z</time>
</trkpt>
<trkpt lat="34.31313100" lon="-110.70575300">
<ele>2222.700</ele>
<time>2024-05-04T16:24:24Z</time>
</trkpt>
<trkpt lat="34.31308500" lon="-110.70571600">
<ele>2223.300</ele>
<time>2024-05-04T16:24:25Z</time>
</trkpt>
<trkpt lat="34.31304500" lon="-110.70566500">
<ele>2223.900</ele>
<time>2024-05-04T16:24:26Z</time>
</trkpt>
<trkpt lat="34.31301300" lon="-110.70559800">
<ele>2224.000</ele>
<time>2024-05-04T16:24:27Z</time>
</trkpt>
<trkpt lat="34.31299300" lon="-110.70551800">
<ele>2224.000</ele>
<time>2024-05-04T16:24:28Z</time>
</trkpt>
<trkpt lat="34.31297500" lon="-110.70543800">
<ele>2223.700</ele>
<time>2024-05-04T16:24:29Z</time>
</trkpt>
<trkpt lat="34.31294600" lon="-110.70526000">
<ele>2222.500</ele>
<time>2024-05-04T16:24:31Z</time>
</trkpt>
<trkpt lat="34.31288500" lon="-110.70509500">
<ele>2221.400</ele>
<time>2024-05-04T16:24:33Z</time>
</trkpt>
<trkpt lat="34.31284000" lon="-110.70501800">
<ele>2221.100</ele>
<time>2024-05-04T16:24:34Z</time>
</trkpt>
<trkpt lat="34.31274500" lon="-110.70490600">
<ele>2220.900</ele>
<time>2024-05-04T16:24:36Z</time>
</trkpt>
<trkpt lat="34.31264300" lon="-110.70482600">
<ele>2221.300</ele>
<time>2024-05-04T16:24:38Z</time>
</trkpt>
<trkpt lat="34.31259600" lon="-110.70479600">
<ele>2222.000</ele>
<time>2024-05-04T16:24:39Z</time>
</trkpt>
<trkpt lat="34.31255100" lon="-110.70476600">
<ele>2222.300</ele>
<time>2024-05-04T16:24:40Z</time>
</trkpt>
<trkpt lat="34.31247800" lon="-110.70467600">
<ele>2223.700</ele>
<time>2024-05-04T16:24:42Z</time>
</trkpt>
<trkpt lat="34.31246100" lon="-110.70461600">
<ele>2224.400</ele>
<time>2024-05-04T16:24:43Z</time>
</trkpt>
<trkpt lat="34.31246000" lon="-110.70454500">
<ele>2225.000</ele>
<time>2024-05-04T16:24:44Z</time>
</trkpt>
<trkpt lat="34.31247800" lon="-110.70448000">
<ele>2224.900</ele>
<time>2024-05-04T16:24:45Z</time>
</trkpt>
<trkpt lat="34.31252000" lon="-110.70442000">
<ele>2225.000</ele>
<time>2024-05-04T16:24:46Z</time>
</trkpt>
<trkpt lat="34.31257000" lon="-110.70437600">
<ele>2224.200</ele>
<time>2024-05-04T16:24:47Z</time>
</trkpt>
<trkpt lat="34.31262600" lon="-110.70435800">
<ele>2223.600</ele>
<time>2024-05-04T16:24:48Z</time>
</trkpt>
<trkpt lat="34.31269500" lon="-110.70435300">
<ele>2222.200</ele>
<time>2024-05-04T16:24:49Z</time>
</trkpt>
<trkpt lat="34.31276600" lon="-110.70435000">
<ele>2221.100</ele>
<time>2024-05-04T16:24:50Z</time>
</trkpt>
<trkpt lat="34.31297600" lon="-110.70431500">
<ele>2219.700</ele>
<time>2024-05-04T16:24:53Z</time>
</trkpt>
<trkpt lat="34.31326800" lon="-110.70424600">
<ele>2217.800</ele>
<time>2024-05-04T16:24:57Z</time>
</trkpt>
<trkpt lat="34.31334000" lon="-110.70421900">
<ele>2217.600</ele>
<time>2024-05-04T16:24:58Z</time>
</trkpt>
<trkpt lat="34.31340100" lon="-110.70420000">
<ele>2217.300</ele>
<time>2024-05-04T16:24:59Z</time>
</trkpt>
<trkpt lat="34.31351500" lon="-110.70413600">
<ele>2216.900</ele>
<time>2024-05-04T16:25:01Z</time>
</trkpt>
<trkpt lat="34.31367800" lon="-110.70401100">
<ele>2216.400</ele>
<time>2024-05-04T16:25:04Z</time>
</trkpt>
<trkpt lat="34.31379600" lon="-110.70393600">
<ele>2216.000</ele>
<time>2024-05-04T16:25:06Z</time>
</trkpt>
<trkpt lat="34.31392600" lon="-110.70388400">
<ele>2215.300</ele>
<time>2024-05-04T16:25:08Z</time>
</trkpt>
<trkpt lat="34.31400000" lon="-110.70386600">
<ele>2214.800</ele>
<time>2024-05-04T16:25:09Z</time>
</trkpt>
<trkpt lat="34.31433500" lon="-110.70384000">
<ele>2211.900</ele>
<time>2024-05-04T16:25:13Z</time>
</trkpt>
<trkpt lat="34.31472100" lon="-110.70391100">
<ele>2210.300</ele>
<time>2024-05-04T16:25:18Z</time>
</trkpt>
<trkpt lat="34.31479100" lon="-110.70390600">
<ele>2210.400</ele>
<time>2024-05-04T16:25:19Z</time>
</trkpt>
<trkpt lat="34.31485600" lon="-110.70390100">
<ele>2211.200</ele>
<time>2024-05-04T16:25:20Z</time>
</trkpt>
<trkpt lat="34.31493300" lon="-110.70387300">
<ele>2212.100</ele>
<time>2024-05-04T16:25:21Z</time>
</trkpt>
<trkpt lat="34.31500600" lon="-110.70382300">
<ele>2212.600</ele>
<time>2024-05-04T16:25:22Z</time>
</trkpt>
<trkpt lat="34.31505800" lon="-110.70376800">
<ele>2212.200</ele>
<time>2024-05-04T16:25:23Z</time>
</trkpt>
<trkpt lat="34.31521000" lon="-110.70355900">
<ele>2208.800</ele>
<time>2024-05-04T16:25:26Z</time>
</trkpt>
<trkpt lat="34.31533500" lon="-110.70340900">
<ele>2208.100</ele>
<time>2024-05-04T16:25:28Z</time>
</trkpt>
<trkpt lat="34.31540000" lon="-110.70333800">
<ele>2207.300</ele>
<time>2024-05-04T16:25:29Z</time>
</trkpt>
<trkpt lat="34.31578500" lon="-110.70289100">
<ele>2206.900</ele>
<time>2024-05-04T16:25:35Z</time>
</trkpt>
<trkpt lat="34.31596500" lon="-110.70266300">
<ele>2206.300</ele>
<time>2024-05-04T16:25:38Z</time>
</trkpt>
<trkpt lat="34.31602100" lon="-110.70258000">
<ele>2205.800</ele>
<time>2024-05-04T16:25:39Z</time>
</trkpt>
<trkpt lat="34.31614300" lon="-110.70240500">
<ele>2204.300</ele>
<time>2024-05-04T16:25:41Z</time>
</trkpt>
<trkpt lat="34.31641100" lon="-110.70208000">
<ele>2201.700</ele>
<time>2024-05-04T16:25:45Z</time>
</trkpt>
<trkpt lat="34.31648600" lon="-110.70200300">
<ele>2200.900</ele>
<time>2024-05-04T16:25:46Z</time>
</trkpt>
<trkpt lat="34.31664900" lon="-110.70187000">
<ele>2199.400</ele>
<time>2024-05-04T16:25:48Z</time>
</trkpt>
<trkpt lat="34.31673600" lon="-110.70181100">
<ele>2198.700</ele>
<time>2024-05-04T16:25:49Z</time>
</trkpt>
<trkpt lat="34.31708000" lon="-110.70154600">
<ele>2195.600</ele>
<time>2024-05-04T16:25:53Z</time>
</trkpt>
<trkpt lat="34.31751900" lon="-110.70124100">
<ele>2193.800</ele>
<time>2024-05-04T16:25:58Z</time>
</trkpt>
<trkpt lat="34.31760100" lon="-110.70117300">
<ele>2193.600</ele>
<time>2024-05-04T16:25:59Z</time>
</trkpt>
<trkpt lat="34.31793500" lon="-110.70086600">
<ele>2192.000</ele>
<time>2024-05-04T16:26:03Z</time>
</trkpt>
<trkpt lat="34.31812500" lon="-110.70071100">
<ele>2193.700</ele>
<time>2024-05-04T16:26:05Z</time>
</trkpt>
<trkpt lat="34.31829300" lon="-110.70055100">
<ele>2194.600</ele>
<time>2024-05-04T16:26:07Z</time>
</trkpt>
<trkpt lat="34.31837300" lon="-110.70045900">
<ele>2194.400</ele>
<time>2024-05-04T16:26:08Z</time>
</trkpt>
<trkpt lat="34.31845600" lon="-110.70037800">
<ele>2194.300</ele>
<time>2024-05-04T16:26:09Z</time>
</trkpt>
<trkpt lat="34.31905100" lon="-110.69982800">
<ele>2187.100</ele>
<time>2024-05-04T16:26:16Z</time>
</trkpt>
<trkpt lat="34.31921500" lon="-110.69966600">
<ele>2187.500</ele>
<time>2024-05-04T16:26:18Z</time>
</trkpt>
<trkpt lat="34.31929300" lon="-110.69958300">
<ele>2187.500</ele>
<time>2024-05-04T16:26:19Z</time>
</trkpt>
<trkpt lat="34.31969000" lon="-110.69916500">
<ele>2189.000</ele>
<time>2024-05-04T16:26:24Z</time>
</trkpt>
<trkpt lat="34.31977800" lon="-110.69908300">
<ele>2189.400</ele>
<time>2024-05-04T16:26:25Z</time>
</trkpt>
<trkpt lat="34.32003600" lon="-110.69888100">
<ele>2188.900</ele>
<time>2024-05-04T16:26:28Z</time>
</trkpt>
<trkpt lat="34.32012800" lon="-110.69881800">
<ele>2189.800</ele>
<time>2024-05-04T16:26:29Z</time>
</trkpt>
<trkpt lat="34.32065100" lon="-110.69834900">
<ele>2183.300</ele>
<time>2024-05-04T16:26:35Z</time>
</trkpt>
<trkpt lat="34.32072800" lon="-110.69826600">
<ele>2183.300</ele>
<time>2024-05-04T16:26:36Z</time>
</trkpt>
<trkpt lat="34.32080100" lon="-110.69816800">
<ele>2182.700</ele>
<time>2024-05-04T16:26:37Z</time>
</trkpt>
<trkpt lat="34.32087100" lon="-110.69805300">
<ele>2180.600</ele>
<time>2024-05-04T16:26:38Z</time>
</trkpt>
<trkpt lat="34.32093800" lon="-110.69794800">
<ele>2180.400</ele>
<time>2024-05-04T16:26:39Z</time>
</trkpt>
<trkpt lat="34.32126600" lon="-110.69743600">
<ele>2178.800</ele>
<time>2024-05-04T16:26:44Z</time>
</trkpt>
<trkpt lat="34.32143600" lon="-110.69709900">
<ele>2178.200</ele>
<time>2024-05-04T16:26:47Z</time>
</trkpt>
<trkpt lat="34.32148500" lon="-110.69697800">
<ele>2177.600</ele>
<time>2024-05-04T16:26:48Z</time>
</trkpt>
<trkpt lat="34.32151600" lon="-110.69686300">
<ele>2177.000</ele>
<time>2024-05-04T16:26:49Z</time>
</trkpt>
<trkpt lat="34.32157800" lon="-110.69654500">
<ele>2173.600</ele>
<time>2024-05-04T16:26:52Z</time>
</trkpt>
<trkpt lat="34.32161800" lon="-110.69621000">
<ele>2170.000</ele>
<time>2024-05-04T16:26:55Z</time>
</trkpt>
<trkpt lat="34.32162800" lon="-110.69599000">
<ele>2169.100</ele>
<time>2024-05-04T16:26:57Z</time>
</trkpt>
<trkpt lat="34.32161600" lon="-110.69588500">
<ele>2169.000</ele>
<time>2024-05-04T16:26:58Z</time>
</trkpt>
<trkpt lat="34.32159500" lon="-110.69578100">
<ele>2168.700</ele>
<time>2024-05-04T16:26:59Z</time>
</trkpt>
<trkpt lat="34.32147600" lon="-110.69537800">
<ele>2167.900</ele>
<time>2024-05-04T16:27:03Z</time>
</trkpt>
<trkpt lat="34.32141300" lon="-110.69507300">
<ele>2167.200</ele>
<time>2024-05-04T16:27:06Z</time>
</trkpt>
<trkpt lat="34.32138600" lon="-110.69485800">
<ele>2167.200</ele>
<time>2024-05-04T16:27:08Z</time>
</trkpt>
<trkpt lat="34.32138100" lon="-110.69475100">
<ele>2167.500</ele>
<time>2024-05-04T16:27:09Z</time>
</trkpt>
<trkpt lat="34.32137600" lon="-110.69453900">
<ele>2167.900</ele>
<time>2024-05-04T16:27:11Z</time>
</trkpt>
<trkpt lat="34.32141000" lon="-110.69407500">
<ele>2168.700</ele>
<time>2024-05-04T16:27:15Z</time>
</trkpt>
<trkpt lat="34.32142300" lon="-110.69396000">
<ele>2168.500</ele>
<time>2024-05-04T16:27:16Z</time>
</trkpt>
<trkpt lat="34.32147300" lon="-110.69374800">
<ele>2168.900</ele>
<time>2024-05-04T16:27:18Z</time>
</trkpt>
<trkpt lat="34.32150100" lon="-110.69364500">
<ele>2168.400</ele>
<time>2024-05-04T16:27:19Z</time>
</trkpt>
<trkpt lat="34.32158000" lon="-110.69345800">
<ele>2168.100</ele>
<time>2024-05-04T16:27:21Z</time>
</trkpt>
<trkpt lat="34.32175600" lon="-110.69308500">
<ele>2167.700</ele>
<time>2024-05-04T16:27:25Z</time>
</trkpt>
<trkpt lat="34.32190600" lon="-110.69280600">
<ele>2167.100</ele>
<time>2024-05-04T16:27:28Z</time>
</trkpt>
<trkpt lat="34.32196100" lon="-110.69271100">
<ele>2167.200</ele>
<time>2024-05-04T16:27:29Z</time>
</trkpt>
<trkpt lat="34.32231000" lon="-110.69213500">
<ele>2162.800</ele>
<time>2024-05-04T16:27:35Z</time>
</trkpt>
<trkpt lat="34.32243100" lon="-110.69195500">
<ele>2162.900</ele>
<time>2024-05-04T16:27:37Z</time>
</trkpt>
<trkpt lat="34.32249800" lon="-110.69187300">
<ele>2162.900</ele>
<time>2024-05-04T16:27:38Z</time>
</trkpt>
<trkpt lat="34.32256600" lon="-110.69179000">
<ele>2162.700</ele>
<time>2024-05-04T16:27:39Z</time>
</trkpt>
<trkpt lat="34.32290500" lon="-110.69137600">
<ele>2162.500</ele>
<time>2024-05-04T16:27:44Z</time>
</trkpt>
<trkpt lat="34.32302600" lon="-110.69119600">
<ele>2160.500</ele>
<time>2024-05-04T16:27:46Z</time>
</trkpt>
<trkpt lat="34.32313100" lon="-110.69101000">
<ele>2158.400</ele>
<time>2024-05-04T16:27:48Z</time>
</trkpt>
<trkpt lat="34.32317300" lon="-110.69091600">
<ele>2158.000</ele>
<time>2024-05-04T16:27:49Z</time>
</trkpt>
<trkpt lat="34.32328600" lon="-110.69063000">
<ele>2157.900</ele>
<time>2024-05-04T16:27:52Z</time>
</trkpt>
<trkpt lat="34.32338000" lon="-110.69033800">
<ele>2158.100</ele>
<time>2024-05-04T16:27:55Z</time>
</trkpt>
<trkpt lat="34.32343600" lon="-110.69003100">
<ele>2157.500</ele>
<time>2024-05-04T16:27:58Z</time>
</trkpt>
<trkpt lat="34.32344600" lon="-110.68993100">
<ele>2157.300</ele>
<time>2024-05-04T16:27:59Z</time>
</trkpt>
<trkpt lat="34.32345000" lon="-110.68983100">
<ele>2157.200</ele>
<time>2024-05-04T16:28:00Z</time>
</trkpt>
<trkpt lat="34.32340300" lon="-110.68932100">
<ele>2156.500</ele>
<time>2024-05-04T16:28:05Z</time>
</trkpt>
<trkpt lat="34.32338600" lon="-110.68900600">
<ele>2157.000</ele>
<time>2024-05-04T16:28:08Z</time>
</trkpt>
<trkpt lat="34.32338100" lon="-110.68889800">
<ele>2157.000</ele>
<time>2024-05-04T16:28:09Z</time>
</trkpt>
<trkpt lat="34.32337000" lon="-110.68878600">
<ele>2156.700</ele>
<time>2024-05-04T16:28:10Z</time>
</trkpt>
<trkpt lat="34.32331000" lon="-110.68845300">
<ele>2153.900</ele>
<time>2024-05-04T16:28:13Z</time>
</trkpt>
<trkpt lat="34.32317500" lon="-110.68794000">
<ele>2149.000</ele>
<time>2024-05-04T16:28:18Z</time>
</trkpt>
<trkpt lat="34.32315100" lon="-110.68784100">
<ele>2148.400</ele>
<time>2024-05-04T16:28:19Z</time>
</trkpt>
<trkpt lat="34.32309800" lon="-110.68764500">
<ele>2147.600</ele>
<time>2024-05-04T16:28:21Z</time>
</trkpt>
<trkpt lat="34.32300000" lon="-110.68737500">
<ele>2146.100</ele>
<time>2024-05-04T16:28:24Z</time>
</trkpt>
<trkpt lat="34.32291300" lon="-110.68700800">
<ele>2145.500</ele>
<time>2024-05-04T16:28:28Z</time>
</trkpt>
<trkpt lat="34.32288800" lon="-110.68690900">
<ele>2145.500</ele>
<time>2024-05-04T16:28:29Z</time>
</trkpt>
<trkpt lat="34.32280300" lon="-110.68648000">
<ele>2145.600</ele>
<time>2024-05-04T16:28:33Z</time>
</trkpt>
<trkpt lat="34.32277300" lon="-110.68627900">
<ele>2145.800</ele>
<time>2024-05-04T16:28:35Z</time>
</trkpt>
<trkpt lat="34.32271100" lon="-110.68599500">
<ele>2145.300</ele>
<time>2024-05-04T16:28:38Z</time>
</trkpt>
<trkpt lat="34.32269300" lon="-110.68590500">
<ele>2144.800</ele>
<time>2024-05-04T16:28:39Z</time>
</trkpt>
<trkpt lat="34.32264000" lon="-110.68561000">
<ele>2143.900</ele>
<time>2024-05-04T16:28:42Z</time>
</trkpt>
<trkpt lat="34.32260100" lon="-110.68499300">
<ele>2142.700</ele>
<time>2024-05-04T16:28:48Z</time>
</trkpt>
<trkpt lat="34.32259800" lon="-110.68489300">
<ele>2141.200</ele>
<time>2024-05-04T16:28:49Z</time>
</trkpt>
<trkpt lat="34.32261800" lon="-110.68467100">
<ele>2140.300</ele>
<time>2024-05-04T16:28:51Z</time>
</trkpt>
<trkpt lat="34.32268300" lon="-110.68447300">
<ele>2139.900</ele>
<time>2024-05-04T16:28:53Z</time>
</trkpt>
<trkpt lat="34.32276800" lon="-110.68431800">
<ele>2137.800</ele>
<time>2024-05-04T16:28:55Z</time>
</trkpt>
<trkpt lat="34.32289100" lon="-110.68415500">
<ele>2134.500</ele>
<time>2024-05-04T16:28:58Z</time>
</trkpt>
<trkpt lat="34.32292000" lon="-110.68411100">
<ele>2134.100</ele>
<time>2024-05-04T16:28:59Z</time>
</trkpt>
<trkpt lat="34.32300100" lon="-110.68397500">
<ele>2134.200</ele>
<time>2024-05-04T16:29:04Z</time>
</trkpt>
<trkpt lat="34.32306300" lon="-110.68381100">
<ele>2134.200</ele>
<time>2024-05-04T16:29:08Z</time>
</trkpt>
<trkpt lat="34.32308600" lon="-110.68375600">
<ele>2134.200</ele>
<time>2024-05-04T16:29:09Z</time>
</trkpt>
<trkpt lat="34.32323500" lon="-110.68345000">
<ele>2134.200</ele>
<time>2024-05-04T16:29:14Z</time>
</trkpt>
<trkpt lat="34.32333600" lon="-110.68321100">
<ele>2134.900</ele>
<time>2024-05-04T16:29:18Z</time>
</trkpt>
<trkpt lat="34.32336800" lon="-110.68314600">
<ele>2135.000</ele>
<time>2024-05-04T16:29:19Z</time>
</trkpt>
<trkpt lat="34.32342600" lon="-110.68303100">
<ele>2134.900</ele>
<time>2024-05-04T16:29:21Z</time>
</trkpt>
<trkpt lat="34.32347300" lon="-110.68289500">
<ele>2135.100</ele>
<time>2024-05-04T16:29:23Z</time>
</trkpt>
<trkpt lat="34.32358000" lon="-110.68270600">
<ele>2135.100</ele>
<time>2024-05-04T16:29:26Z</time>
</trkpt>
<trkpt lat="34.32364800" lon="-110.68255800">
<ele>2135.000</ele>
<time>2024-05-04T16:29:28Z</time>
</trkpt>
<trkpt lat="34.32368300" lon="-110.68248900">
<ele>2135.000</ele>
<time>2024-05-04T16:29:29Z</time>
</trkpt>
<trkpt lat="34.32400100" lon="-110.68173000">
<ele>2133.200</ele>
<time>2024-05-04T16:29:38Z</time>
</trkpt>
<trkpt lat="34.32403600" lon="-110.68162800">
<ele>2132.800</ele>
<time>2024-05-04T16:29:39Z</time>
</trkpt>
<trkpt lat="34.32421600" lon="-110.68105300">
<ele>2130.900</ele>
<time>2024-05-04T16:29:45Z</time>
</trkpt>
<trkpt lat="34.32431500" lon="-110.68078300">
<ele>2130.200</ele>
<time>2024-05-04T16:29:48Z</time>
</trkpt>
<trkpt lat="34.32435600" lon="-110.68069300">
<ele>2130.000</ele>
<time>2024-05-04T16:29:49Z</time>
</trkpt>
<trkpt lat="34.32451500" lon="-110.68043000">
<ele>2129.000</ele>
<time>2024-05-04T16:29:52Z</time>
</trkpt>
<trkpt lat="34.32487100" lon="-110.67990400">
<ele>2127.600</ele>
<time>2024-05-04T16:29:58Z</time>
</trkpt>
<trkpt lat="34.32493100" lon="-110.67982100">
<ele>2127.800</ele>
<time>2024-05-04T16:29:59Z</time>
</trkpt>
<trkpt lat="34.32511500" lon="-110.67956300">
<ele>2126.800</ele>
<time>2024-05-04T16:30:02Z</time>
</trkpt>
<trkpt lat="34.32532500" lon="-110.67930100">
<ele>2126.100</ele>
<time>2024-05-04T16:30:05Z</time>
</trkpt>
<trkpt lat="34.32550800" lon="-110.67904100">
<ele>2124.900</ele>
<time>2024-05-04T16:30:08Z</time>
</trkpt>
<trkpt lat="34.32556300" lon="-110.67895600">
<ele>2125.000</ele>
<time>2024-05-04T16:30:09Z</time>
</trkpt>
<trkpt lat="34.32585500" lon="-110.67851800">
<ele>2124.300</ele>
<time>2024-05-04T16:30:14Z</time>
</trkpt>
<trkpt lat="34.32606100" lon="-110.67825900">
<ele>2123.700</ele>
<time>2024-05-04T16:30:17Z</time>
</trkpt>
<trkpt lat="34.32614300" lon="-110.67817800">
<ele>2123.400</ele>
<time>2024-05-04T16:30:18Z</time>
</trkpt>
<trkpt lat="34.32622100" lon="-110.67809500">
<ele>2123.400</ele>
<time>2024-05-04T16:30:19Z</time>
</trkpt>
<trkpt lat="34.32644000" lon="-110.67782600">
<ele>2123.400</ele>
<time>2024-05-04T16:30:22Z</time>
</trkpt>
<trkpt lat="34.32664500" lon="-110.67753800">
<ele>2123.500</ele>
<time>2024-05-04T16:30:25Z</time>
</trkpt>
<trkpt lat="34.32686500" lon="-110.67730600">
<ele>2123.100</ele>
<time>2024-05-04T16:30:28Z</time>
</trkpt>
<trkpt lat="34.32693600" lon="-110.67722800">
<ele>2123.200</ele>
<time>2024-05-04T16:30:29Z</time>
</trkpt>
<trkpt lat="34.32701100" lon="-110.67716100">
<ele>2123.600</ele>
<time>2024-05-04T16:30:30Z</time>
</trkpt>
<trkpt lat="34.32725000" lon="-110.67700100">
<ele>2124.300</ele>
<time>2024-05-04T16:30:33Z</time>
</trkpt>
<trkpt lat="34.32743800" lon="-110.67694300">
<ele>2124.900</ele>
<time>2024-05-04T16:30:35Z</time>
</trkpt>
<trkpt lat="34.32772100" lon="-110.67689900">
<ele>2124.400</ele>
<time>2024-05-04T16:30:38Z</time>
</trkpt>
<trkpt lat="34.32781500" lon="-110.67688000">
<ele>2124.100</ele>
<time>2024-05-04T16:30:39Z</time>
</trkpt>
<trkpt lat="34.32790900" lon="-110.67685800">
<ele>2124.300</ele>
<time>2024-05-04T16:30:40Z</time>
</trkpt>
<trkpt lat="34.32809500" lon="-110.67679100">
<ele>2124.000</ele>
<time>2024-05-04T16:30:42Z</time>
</trkpt>
<trkpt lat="34.32828300" lon="-110.67669400">
<ele>2124.500</ele>
<time>2024-05-04T16:30:44Z</time>
</trkpt>
<trkpt lat="34.32846300" lon="-110.67658500">
<ele>2124.700</ele>
<time>2024-05-04T16:30:46Z</time>
</trkpt>
<trkpt lat="34.32863800" lon="-110.67650800">
<ele>2124.900</ele>
<time>2024-05-04T16:30:48Z</time>
</trkpt>
<trkpt lat="34.32873100" lon="-110.67646300">
<ele>2124.900</ele>
<time>2024-05-04T16:30:49Z</time>
</trkpt>
<trkpt lat="34.32907300" lon="-110.67628600">
<ele>2124.700</ele>
<time>2024-05-04T16:30:53Z</time>
</trkpt>
<trkpt lat="34.32931300" lon="-110.67614400">
<ele>2124.700</ele>
<time>2024-05-04T16:30:56Z</time>
</trkpt>
<trkpt lat="34.32948800" lon="-110.67606400">
<ele>2124.700</ele>
<time>2024-05-04T16:30:58Z</time>
</trkpt>
<trkpt lat="34.32957300" lon="-110.67603000">
<ele>2124.800</ele>
<time>2024-05-04T16:30:59Z</time>
</trkpt>
<trkpt lat="34.32983300" lon="-110.67589100">
<ele>2125.100</ele>
<time>2024-05-04T16:31:02Z</time>
</trkpt>
<trkpt lat="34.33036800" lon="-110.67557600">
<ele>2124.100</ele>
<time>2024-05-04T16:31:08Z</time>
</trkpt>
<trkpt lat="34.33045300" lon="-110.67552100">
<ele>2123.300</ele>
<time>2024-05-04T16:31:09Z</time>
</trkpt>
<trkpt lat="34.33060500" lon="-110.67540000">
<ele>2121.000</ele>
<time>2024-05-04T16:31:11Z</time>
</trkpt>
<trkpt lat="34.33074300" lon="-110.67525400">
<ele>2118.400</ele>
<time>2024-05-04T16:31:13Z</time>
</trkpt>
<trkpt lat="34.33104600" lon="-110.67481100">
<ele>2116.000</ele>
<time>2024-05-04T16:31:18Z</time>
</trkpt>
<trkpt lat="34.33111600" lon="-110.67471500">
<ele>2115.800</ele>
<time>2024-05-04T16:31:19Z</time>
</trkpt>
<trkpt lat="34.33125800" lon="-110.67453800">
<ele>2114.100</ele>
<time>2024-05-04T16:31:21Z</time>
</trkpt>
<trkpt lat="34.33136800" lon="-110.67435300">
<ele>2113.500</ele>
<time>2024-05-04T16:31:23Z</time>
</trkpt>
<trkpt lat="34.33157600" lon="-110.67394300">
<ele>2112.400</ele>
<time>2024-05-04T16:31:27Z</time>
</trkpt>
<trkpt lat="34.33161500" lon="-110.67383100">
<ele>2112.400</ele>
<time>2024-05-04T16:31:28Z</time>
</trkpt>
<trkpt lat="34.33165100" lon="-110.67371400">
<ele>2112.600</ele>
<time>2024-05-04T16:31:29Z</time>
</trkpt>
<trkpt lat="34.33174800" lon="-110.67327600">
<ele>2112.600</ele>
<time>2024-05-04T16:31:33Z</time>
</trkpt>
<trkpt lat="34.33179800" lon="-110.67296100">
<ele>2112.600</ele>
<time>2024-05-04T16:31:36Z</time>
</trkpt>
<trkpt lat="34.33185300" lon="-110.67276300">
<ele>2111.600</ele>
<time>2024-05-04T16:31:38Z</time>
</trkpt>
<trkpt lat="34.33188600" lon="-110.67266500">
<ele>2111.200</ele>
<time>2024-05-04T16:31:39Z</time>
</trkpt>
<trkpt lat="34.33196100" lon="-110.67247000">
<ele>2110.200</ele>
<time>2024-05-04T16:31:41Z</time>
</trkpt>
<trkpt lat="34.33202100" lon="-110.67237100">
<ele>2109.500</ele>
<time>2024-05-04T16:31:42Z</time>
</trkpt>
<trkpt lat="34.33208800" lon="-110.67227000">
<ele>2108.600</ele>
<time>2024-05-04T16:31:43Z</time>
</trkpt>
<trkpt lat="34.33243300" lon="-110.67181500">
<ele>2107.700</ele>
<time>2024-05-04T16:31:48Z</time>
</trkpt>
<trkpt lat="34.33250500" lon="-110.67172300">
<ele>2108.600</ele>
<time>2024-05-04T16:31:49Z</time>
</trkpt>
<trkpt lat="34.33274100" lon="-110.67147500">
<ele>2112.000</ele>
<time>2024-05-04T16:31:52Z</time>
</trkpt>
<trkpt lat="34.33289600" lon="-110.67132600">
<ele>2113.500</ele>
<time>2024-05-04T16:31:54Z</time>
</trkpt>
<trkpt lat="34.33298500" lon="-110.67125300">
<ele>2112.800</ele>
<time>2024-05-04T16:31:55Z</time>
</trkpt>
<trkpt lat="34.33307600" lon="-110.67119000">
<ele>2113.300</ele>
<time>2024-05-04T16:31:56Z</time>
</trkpt>
<trkpt lat="34.33317000" lon="-110.67114100">
<ele>2112.500</ele>
<time>2024-05-04T16:31:57Z</time>
</trkpt>
<trkpt lat="34.33326100" lon="-110.67107100">
<ele>2112.700</ele>
<time>2024-05-04T16:31:58Z</time>
</trkpt>
<trkpt lat="34.33335600" lon="-110.67100500">
<ele>2112.000</ele>
<time>2024-05-04T16:31:59Z</time>
</trkpt>
<trkpt lat="34.33345600" lon="-110.67093500">
<ele>2111.800</ele>
<time>2024-05-04T16:32:00Z</time>
</trkpt>
<trkpt lat="34.33363600" lon="-110.67077100">
<ele>2112.000</ele>
<time>2024-05-04T16:32:02Z</time>
</trkpt>
<trkpt lat="34.33371600" lon="-110.67067900">
<ele>2112.100</ele>
<time>2024-05-04T16:32:03Z</time>
</trkpt>
<trkpt lat="34.33380100" lon="-110.67060100">
<ele>2111.600</ele>
<time>2024-05-04T16:32:04Z</time>
</trkpt>
<trkpt lat="34.33387500" lon="-110.67051600">
<ele>2111.400</ele>
<time>2024-05-04T16:32:05Z</time>
</trkpt>
<trkpt lat="34.33405100" lon="-110.67024100">
<ele>2111.000</ele>
<time>2024-05-04T16:32:08Z</time>
</trkpt>
<trkpt lat="34.33410300" lon="-110.67013800">
<ele>2111.000</ele>
<time>2024-05-04T16:32:09Z</time>
</trkpt>
<trkpt lat="34.33420300" lon="-110.66991800">
<ele>2110.600</ele>
<time>2024-05-04T16:32:11Z</time>
</trkpt>
<trkpt lat="34.33428100" lon="-110.66969100">
<ele>2108.600</ele>
<time>2024-05-04T16:32:13Z</time>
</trkpt>
<trkpt lat="34.33435600" lon="-110.66934500">
<ele>2105.300</ele>
<time>2024-05-04T16:32:16Z</time>
</trkpt>
<trkpt lat="34.33438100" lon="-110.66911000">
<ele>2104.200</ele>
<time>2024-05-04T16:32:18Z</time>
</trkpt>
<trkpt lat="34.33438000" lon="-110.66899500">
<ele>2104.000</ele>
<time>2024-05-04T16:32:19Z</time>
</trkpt>
<trkpt lat="34.33437000" lon="-110.66888100">
<ele>2103.800</ele>
<time>2024-05-04T16:32:20Z</time>
</trkpt>
<trkpt lat="34.33434600" lon="-110.66876600">
<ele>2104.400</ele>
<time>2024-05-04T16:32:21Z</time>
</trkpt>
<trkpt lat="34.33419600" lon="-110.66821800">
<ele>2104.900</ele>
<time>2024-05-04T16:32:26Z</time>
</trkpt>
<trkpt lat="34.33416100" lon="-110.66799000">
<ele>2104.800</ele>
<time>2024-05-04T16:32:28Z</time>
</trkpt>
<trkpt lat="34.33416000" lon="-110.66786300">
<ele>2104.500</ele>
<time>2024-05-04T16:32:29Z</time>
</trkpt>
<trkpt lat="34.33415600" lon="-110.66774500">
<ele>2104.400</ele>
<time>2024-05-04T16:32:30Z</time>
</trkpt>
<trkpt lat="34.33418000" lon="-110.66735600">
<ele>2104.800</ele>
<time>2024-05-04T16:32:33Z</time>
</trkpt>
<trkpt lat="34.33423000" lon="-110.66698100">
<ele>2105.100</ele>
<time>2024-05-04T16:32:36Z</time>
</trkpt>
<trkpt lat="34.33427800" lon="-110.66672800">
<ele>2105.500</ele>
<time>2024-05-04T16:32:38Z</time>
</trkpt>
<trkpt lat="34.33430300" lon="-110.66660600">
<ele>2105.500</ele>
<time>2024-05-04T16:32:39Z</time>
</trkpt>
<trkpt lat="34.33450300" lon="-110.66545500">
<ele>2105.500</ele>
<time>2024-05-04T16:32:48Z</time>
</trkpt>
<trkpt lat="34.33453000" lon="-110.66531800">
<ele>2105.100</ele>
<time>2024-05-04T16:32:49Z</time>
</trkpt>
<trkpt lat="34.33458800" lon="-110.66490900">
<ele>2104.100</ele>
<time>2024-05-04T16:32:52Z</time>
</trkpt>
<trkpt lat="34.33463100" lon="-110.66414800">
<ele>2102.200</ele>
<time>2024-05-04T16:32:58Z</time>
</trkpt>
<trkpt lat="34.33464300" lon="-110.66402500">
<ele>2101.800</ele>
<time>2024-05-04T16:32:59Z</time>
</trkpt>
<trkpt lat="34.33466800" lon="-110.66378300">
<ele>2101.100</ele>
<time>2024-05-04T16:33:01Z</time>
</trkpt>
<trkpt lat="34.33469000" lon="-110.66367000">
<ele>2100.600</ele>
<time>2024-05-04T16:33:02Z</time>
</trkpt>
<trkpt lat="34.33478000" lon="-110.66331500">
<ele>2100.400</ele>
<time>2024-05-04T16:33:05Z</time>
</trkpt>
<trkpt lat="34.33482600" lon="-110.66320300">
<ele>2100.300</ele>
<time>2024-05-04T16:33:06Z</time>
</trkpt>
<trkpt lat="34.33495800" lon="-110.66299600">
<ele>2100.800</ele>
<time>2024-05-04T16:33:08Z</time>
</trkpt>
<trkpt lat="34.33502900" lon="-110.66290100">
<ele>2101.000</ele>
<time>2024-05-04T16:33:09Z</time>
</trkpt>
<trkpt lat="34.33517600" lon="-110.66272800">
<ele>2101.600</ele>
<time>2024-05-04T16:33:11Z</time>
</trkpt>
<trkpt lat="34.33575600" lon="-110.66223600">
<ele>2101.700</ele>
<time>2024-05-04T16:33:18Z</time>
</trkpt>
<trkpt lat="34.33584100" lon="-110.66217300">
<ele>2101.400</ele>
<time>2024-05-04T16:33:19Z</time>
</trkpt>
<trkpt lat="34.33627600" lon="-110.66182500">
<ele>2100.800</ele>
<time>2024-05-04T16:33:24Z</time>
</trkpt>
<trkpt lat="34.33644800" lon="-110.66167100">
<ele>2100.500</ele>
<time>2024-05-04T16:33:26Z</time>
</trkpt>
<trkpt lat="34.33661600" lon="-110.66149600">
<ele>2100.000</ele>
<time>2024-05-04T16:33:28Z</time>
</trkpt>
<trkpt lat="34.33670500" lon="-110.66140300">
<ele>2099.800</ele>
<time>2024-05-04T16:33:29Z</time>
</trkpt>
<trkpt lat="34.33687300" lon="-110.66121500">
<ele>2099.500</ele>
<time>2024-05-04T16:33:31Z</time>
</trkpt>
<trkpt lat="34.33714000" lon="-110.66082400">
<ele>2099.100</ele>
<time>2024-05-04T16:33:35Z</time>
</trkpt>
<trkpt lat="34.33733800" lon="-110.66055900">
<ele>2098.800</ele>
<time>2024-05-04T16:33:38Z</time>
</trkpt>
<trkpt lat="34.33738800" lon="-110.66048100">
<ele>2098.500</ele>
<time>2024-05-04T16:33:39Z</time>
</trkpt>
<trkpt lat="34.33751500" lon="-110.66026800">
<ele>2098.600</ele>
<time>2024-05-04T16:33:42Z</time>
</trkpt>
<trkpt lat="34.33759000" lon="-110.66009300">
<ele>2098.400</ele>
<time>2024-05-04T16:33:44Z</time>
</trkpt>
<trkpt lat="34.33767000" lon="-110.65982000">
<ele>2098.400</ele>
<time>2024-05-04T16:33:47Z</time>
</trkpt>
<trkpt lat="34.33768000" lon="-110.65972100">
<ele>2098.400</ele>
<time>2024-05-04T16:33:48Z</time>
</trkpt>
<trkpt lat="34.33768600" lon="-110.65962900">
<ele>2098.300</ele>
<time>2024-05-04T16:33:49Z</time>
</trkpt>
<trkpt lat="34.33768800" lon="-110.65952800">
<ele>2097.900</ele>
<time>2024-05-04T16:33:50Z</time>
</trkpt>
<trkpt lat="34.33766100" lon="-110.65925600">
<ele>2096.500</ele>
<time>2024-05-04T16:33:53Z</time>
</trkpt>
<trkpt lat="34.33759600" lon="-110.65903800">
<ele>2095.700</ele>
<time>2024-05-04T16:33:56Z</time>
</trkpt>
<trkpt lat="34.33754600" lon="-110.65891500">
<ele>2095.400</ele>
<time>2024-05-04T16:33:58Z</time>
</trkpt>
<trkpt lat="34.33752800" lon="-110.65885500">
<ele>2095.200</ele>
<time>2024-05-04T16:33:59Z</time>
</trkpt>
<trkpt lat="34.33742800" lon="-110.65853600">
<ele>2094.000</ele>
<time>2024-05-04T16:34:04Z</time>
</trkpt>
<trkpt lat="34.33737800" lon="-110.65841500">
<ele>2093.400</ele>
<time>2024-05-04T16:34:06Z</time>
</trkpt>
<trkpt lat="34.33731100" lon="-110.65830100">
<ele>2093.300</ele>
<time>2024-05-04T16:34:08Z</time>
</trkpt>
<trkpt lat="34.33727800" lon="-110.65824800">
<ele>2093.300</ele>
<time>2024-05-04T16:34:09Z</time>
</trkpt>
<trkpt lat="34.33715600" lon="-110.65811000">
<ele>2093.400</ele>
<time>2024-05-04T16:34:12Z</time>
</trkpt>
<trkpt lat="34.33700800" lon="-110.65799100">
<ele>2094.300</ele>
<time>2024-05-04T16:34:15Z</time>
</trkpt>
<trkpt lat="34.33686800" lon="-110.65784800">
<ele>2094.600</ele>
<time>2024-05-04T16:34:18Z</time>
</trkpt>
<trkpt lat="34.33682100" lon="-110.65779600">
<ele>2094.700</ele>
<time>2024-05-04T16:34:19Z</time>
</trkpt>
<trkpt lat="34.33656000" lon="-110.65751000">
<ele>2096.700</ele>
<time>2024-05-04T16:34:24Z</time>
</trkpt>
<trkpt lat="34.33629800" lon="-110.65728100">
<ele>2098.900</ele>
<time>2024-05-04T16:34:28Z</time>
</trkpt>
<trkpt lat="34.33624000" lon="-110.65722300">
<ele>2099.400</ele>
<time>2024-05-04T16:34:29Z</time>
</trkpt>
<trkpt lat="34.33618300" lon="-110.65716100">
<ele>2099.000</ele>
<time>2024-05-04T16:34:30Z</time>
</trkpt>
<trkpt lat="34.33605600" lon="-110.65706500">
<ele>2099.700</ele>
<time>2024-05-04T16:34:32Z</time>
</trkpt>
<trkpt lat="34.33570800" lon="-110.65676100">
<ele>2100.500</ele>
<time>2024-05-04T16:34:38Z</time>
</trkpt>
<trkpt lat="34.33564500" lon="-110.65670500">
<ele>2100.400</ele>
<time>2024-05-04T16:34:39Z</time>
</trkpt>
<trkpt lat="34.33536000" lon="-110.65644600">
<ele>2100.400</ele>
<time>2024-05-04T16:34:44Z</time>
</trkpt>
<trkpt lat="34.33518300" lon="-110.65630600">
<ele>2100.400</ele>
<time>2024-05-04T16:34:47Z</time>
</trkpt>
<trkpt lat="34.33512100" lon="-110.65626800">
<ele>2100.600</ele>
<time>2024-05-04T16:34:48Z</time>
</trkpt>
<trkpt lat="34.33506000" lon="-110.65623600">
<ele>2101.200</ele>
<time>2024-05-04T16:34:49Z</time>
</trkpt>
<trkpt lat="34.33492500" lon="-110.65616300">
<ele>2101.200</ele>
<time>2024-05-04T16:34:51Z</time>
</trkpt>
<trkpt lat="34.33472800" lon="-110.65609000">
<ele>2101.000</ele>
<time>2024-05-04T16:34:54Z</time>
</trkpt>
<trkpt lat="34.33459800" lon="-110.65607800">
<ele>2101.400</ele>
<time>2024-05-04T16:34:56Z</time>
</trkpt>
<trkpt lat="34.33452800" lon="-110.65608100">
<ele>2101.500</ele>
<time>2024-05-04T16:34:57Z</time>
</trkpt>
<trkpt lat="34.33446500" lon="-110.65609600">
<ele>2101.500</ele>
<time>2024-05-04T16:34:58Z</time>
</trkpt>
<trkpt lat="34.33439600" lon="-110.65611600">
<ele>2101.800</ele>
<time>2024-05-04T16:34:59Z</time>
</trkpt>
<trkpt lat="34.33423800" lon="-110.65619000">
<ele>2102.600</ele>
<time>2024-05-04T16:35:02Z</time>
</trkpt>
<trkpt lat="34.33402800" lon="-110.65642000">
<ele>2104.300</ele>
<time>2024-05-04T16:35:08Z</time>
</trkpt>
<trkpt lat="34.33398600" lon="-110.65645600">
<ele>2104.600</ele>
<time>2024-05-04T16:35:09Z</time>
</trkpt>
<trkpt lat="34.33383800" lon="-110.65656600">
<ele>2105.200</ele>
<time>2024-05-04T16:35:12Z</time>
</trkpt>
<trkpt lat="34.33372100" lon="-110.65668100">
<ele>2106.300</ele>
<time>2024-05-04T16:35:15Z</time>
</trkpt>
<trkpt lat="34.33359100" lon="-110.65678000">
<ele>2107.000</ele>
<time>2024-05-04T16:35:18Z</time>
</trkpt>
<trkpt lat="34.33354300" lon="-110.65681800">
<ele>2107.500</ele>
<time>2024-05-04T16:35:19Z</time>
</trkpt>
<trkpt lat="34.33310600" lon="-110.65713800">
<ele>2109.800</ele>
<time>2024-05-04T16:35:28Z</time>
</trkpt>
<trkpt lat="34.33306000" lon="-110.65716300">
<ele>2109.700</ele>
<time>2024-05-04T16:35:29Z</time>
</trkpt>
<trkpt lat="34.33284100" lon="-110.65727300">
<ele>2109.900</ele>
<time>2024-05-04T16:35:33Z</time>
</trkpt>
<trkpt lat="34.33254100" lon="-110.65737100">
<ele>2109.900</ele>
<time>2024-05-04T16:35:38Z</time>
</trkpt>
<trkpt lat="34.33247800" lon="-110.65739100">
<ele>2110.100</ele>
<time>2024-05-04T16:35:39Z</time>
</trkpt>
<trkpt lat="34.33214800" lon="-110.65748600">
<ele>2109.900</ele>
<time>2024-05-04T16:35:44Z</time>
</trkpt>
<trkpt lat="34.33195000" lon="-110.65751500">
<ele>2109.600</ele>
<time>2024-05-04T16:35:47Z</time>
</trkpt>
<trkpt lat="34.33187800" lon="-110.65750800">
<ele>2109.700</ele>
<time>2024-05-04T16:35:48Z</time>
</trkpt>
<trkpt lat="34.33180500" lon="-110.65750300">
<ele>2109.700</ele>
<time>2024-05-04T16:35:49Z</time>
</trkpt>
<trkpt lat="34.33172600" lon="-110.65749300">
<ele>2109.700</ele>
<time>2024-05-04T16:35:50Z</time>
</trkpt>
<trkpt lat="34.33150800" lon="-110.65744000">
<ele>2109.800</ele>
<time>2024-05-04T16:35:53Z</time>
</trkpt>
<trkpt lat="34.33129100" lon="-110.65737300">
<ele>2109.900</ele>
<time>2024-05-04T16:35:56Z</time>
</trkpt>
<trkpt lat="34.33114500" lon="-110.65734100">
<ele>2109.900</ele>
<time>2024-05-04T16:35:58Z</time>
</trkpt>
<trkpt lat="34.33107300" lon="-110.65732100">
<ele>2109.900</ele>
<time>2024-05-04T16:35:59Z</time>
</trkpt>
<trkpt lat="34.33099100" lon="-110.65729800">
<ele>2109.900</ele>
<time>2024-05-04T16:36:00Z</time>
</trkpt>
<trkpt lat="34.33091800" lon="-110.65726300">
<ele>2109.900</ele>
<time>2024-05-04T16:36:01Z</time>
</trkpt>
<trkpt lat="34.33078500" lon="-110.65716600">
<ele>2109.100</ele>
<time>2024-05-04T16:36:03Z</time>
</trkpt>
<trkpt lat="34.33067600" lon="-110.65701400">
<ele>2108.300</ele>
<time>2024-05-04T16:36:05Z</time>
</trkpt>
<trkpt lat="34.33056800" lon="-110.65673300">
<ele>2108.000</ele>
<time>2024-05-04T16:36:08Z</time>
</trkpt>
<trkpt lat="34.33055000" lon="-110.65662400">
<ele>2108.000</ele>
<time>2024-05-04T16:36:09Z</time>
</trkpt>
<trkpt lat="34.33053800" lon="-110.65652300">
<ele>2108.000</ele>
<time>2024-05-04T16:36:10Z</time>
</trkpt>
<trkpt lat="34.33054600" lon="-110.65631000">
<ele>2108.000</ele>
<time>2024-05-04T16:36:12Z</time>
</trkpt>
<trkpt lat="34.33058300" lon="-110.65599800">
<ele>2108.000</ele>
<time>2024-05-04T16:36:15Z</time>
</trkpt>
<trkpt lat="34.33060300" lon="-110.65571100">
<ele>2108.000</ele>
<time>2024-05-04T16:36:18Z</time>
</trkpt>
<trkpt lat="34.33062600" lon="-110.65561600">
<ele>2108.000</ele>
<time>2024-05-04T16:36:19Z</time>
</trkpt>
<trkpt lat="34.33068300" lon="-110.65541400">
<ele>2108.400</ele>
<time>2024-05-04T16:36:21Z</time>
</trkpt>
<trkpt lat="34.33076500" lon="-110.65526100">
<ele>2109.600</ele>
<time>2024-05-04T16:36:23Z</time>
</trkpt>
<trkpt lat="34.33082300" lon="-110.65519000">
<ele>2110.200</ele>
<time>2024-05-04T16:36:24Z</time>
</trkpt>
<trkpt lat="34.33108300" lon="-110.65501800">
<ele>2110.800</ele>
<time>2024-05-04T16:36:28Z</time>
</trkpt>
<trkpt lat="34.33113500" lon="-110.65497100">
<ele>2111.000</ele>
<time>2024-05-04T16:36:29Z</time>
</trkpt>
<trkpt lat="34.33123300" lon="-110.65484000">
<ele>2111.200</ele>
<time>2024-05-04T16:36:31Z</time>
</trkpt>
<trkpt lat="34.33127100" lon="-110.65476600">
<ele>2111.500</ele>
<time>2024-05-04T16:36:32Z</time>
</trkpt>
<trkpt lat="34.33131100" lon="-110.65461600">
<ele>2111.900</ele>
<time>2024-05-04T16:36:34Z</time>
</trkpt>
<trkpt lat="34.33132100" lon="-110.65453500">
<ele>2112.100</ele>
<time>2024-05-04T16:36:35Z</time>
</trkpt>
<trkpt lat="34.33131500" lon="-110.65444800">
<ele>2112.500</ele>
<time>2024-05-04T16:36:36Z</time>
</trkpt>
<trkpt lat="34.33128000" lon="-110.65426300">
<ele>2112.600</ele>
<time>2024-05-04T16:36:38Z</time>
</trkpt>
<trkpt lat="34.33125800" lon="-110.65417300">
<ele>2112.500</ele>
<time>2024-05-04T16:36:39Z</time>
</trkpt>
<trkpt lat="34.33120600" lon="-110.65400000">
<ele>2112.300</ele>
<time>2024-05-04T16:36:41Z</time>
</trkpt>
<trkpt lat="34.33095800" lon="-110.65329500">
<ele>2110.500</ele>
<time>2024-05-04T16:36:48Z</time>
</trkpt>
<trkpt lat="34.33092300" lon="-110.65317100">
<ele>2110.200</ele>
<time>2024-05-04T16:36:49Z</time>
</trkpt>
<trkpt lat="34.33061900" lon="-110.65221300">
<ele>2108.400</ele>
<time>2024-05-04T16:36:58Z</time>
</trkpt>
<trkpt lat="34.33058600" lon="-110.65211800">
<ele>2108.300</ele>
<time>2024-05-04T16:36:59Z</time>
</trkpt>
<trkpt lat="34.33032100" lon="-110.65127400">
<ele>2107.400</ele>
<time>2024-05-04T16:37:08Z</time>
</trkpt>
<trkpt lat="34.33028800" lon="-110.65117500">
<ele>2107.400</ele>
<time>2024-05-04T16:37:09Z</time>
</trkpt>
<trkpt lat="34.32997500" lon="-110.65019800">
<ele>2108.300</ele>
<time>2024-05-04T16:37:18Z</time>
</trkpt>
<trkpt lat="34.32993300" lon="-110.65009000">
<ele>2108.600</ele>
<time>2024-05-04T16:37:19Z</time>
</trkpt>
<trkpt lat="34.32983000" lon="-110.64987100">
<ele>2108.500</ele>
<time>2024-05-04T16:37:21Z</time>
</trkpt>
<trkpt lat="34.32971000" lon="-110.64967000">
<ele>2109.000</ele>
<time>2024-05-04T16:37:23Z</time>
</trkpt>
<trkpt lat="34.32956600" lon="-110.64949400">
<ele>2109.500</ele>
<time>2024-05-04T16:37:25Z</time>
</trkpt>
<trkpt lat="34.32932800" lon="-110.64924600">
<ele>2110.400</ele>
<time>2024-05-04T16:37:28Z</time>
</trkpt>
<trkpt lat="34.32924300" lon="-110.64916900">
<ele>2110.900</ele>
<time>2024-05-04T16:37:29Z</time>
</trkpt>
<trkpt lat="34.32907300" lon="-110.64903300">
<ele>2112.000</ele>
<time>2024-05-04T16:37:31Z</time>
</trkpt>
<trkpt lat="34.32888800" lon="-110.64892000">
<ele>2113.300</ele>
<time>2024-05-04T16:37:33Z</time>
</trkpt>
<trkpt lat="34.32871500" lon="-110.64885300">
<ele>2115.300</ele>
<time>2024-05-04T16:37:35Z</time>
</trkpt>
<trkpt lat="34.32845600" lon="-110.64880800">
<ele>2118.400</ele>
<time>2024-05-04T16:37:38Z</time>
</trkpt>
<trkpt lat="34.32836800" lon="-110.64881500">
<ele>2119.400</ele>
<time>2024-05-04T16:37:39Z</time>
</trkpt>
<trkpt lat="34.32799500" lon="-110.64883000">
<ele>2120.400</ele>
<time>2024-05-04T16:37:43Z</time>
</trkpt>
<trkpt lat="34.32769800" lon="-110.64880600">
<ele>2120.000</ele>
<time>2024-05-04T16:37:46Z</time>
</trkpt>
<trkpt lat="34.32750600" lon="-110.64877900">
<ele>2120.000</ele>
<time>2024-05-04T16:37:48Z</time>
</trkpt>
<trkpt lat="34.32741300" lon="-110.64875600">
<ele>2120.000</ele>
<time>2024-05-04T16:37:49Z</time>
</trkpt>
<trkpt lat="34.32731800" lon="-110.64872500">
<ele>2120.000</ele>
<time>2024-05-04T16:37:50Z</time>
</trkpt>
<trkpt lat="34.32712600" lon="-110.64862900">
<ele>2119.900</ele>
<time>2024-05-04T16:37:52Z</time>
</trkpt>
<trkpt lat="34.32695300" lon="-110.64852100">
<ele>2119.900</ele>
<time>2024-05-04T16:37:54Z</time>
</trkpt>
<trkpt lat="34.32665000" lon="-110.64830600">
<ele>2120.300</ele>
<time>2024-05-04T16:37:58Z</time>
</trkpt>
<trkpt lat="34.32659100" lon="-110.64825800">
<ele>2120.500</ele>
<time>2024-05-04T16:37:59Z</time>
</trkpt>
<trkpt lat="34.32620900" lon="-110.64800100">
<ele>2121.400</ele>
<time>2024-05-04T16:38:08Z</time>
</trkpt>
<trkpt lat="34.32618600" lon="-110.64798500">
<ele>2121.400</ele>
<time>2024-05-04T16:38:09Z</time>
</trkpt>
<trkpt lat="34.32598600" lon="-110.64781500">
<ele>2121.800</ele>
<time>2024-05-04T16:40:40Z</time>
</trkpt>
<trkpt lat="34.32576500" lon="-110.64759000">
<ele>2122.100</ele>
<time>2024-05-04T16:40:44Z</time>
</trkpt>
<trkpt lat="34.32570100" lon="-110.64753600">
<ele>2122.100</ele>
<time>2024-05-04T16:40:45Z</time>
</trkpt>
<trkpt lat="34.32551000" lon="-110.64738600">
<ele>2122.100</ele>
<time>2024-05-04T16:40:48Z</time>
</trkpt>
<trkpt lat="34.32536300" lon="-110.64729300">
<ele>2122.200</ele>
<time>2024-05-04T16:40:50Z</time>
</trkpt>
<trkpt lat="34.32520100" lon="-110.64720600">
<ele>2122.400</ele>
<time>2024-05-04T16:40:52Z</time>
</trkpt>
<trkpt lat="34.32503000" lon="-110.64713800">
<ele>2122.400</ele>
<time>2024-05-04T16:40:54Z</time>
</trkpt>
<trkpt lat="34.32494100" lon="-110.64711800">
<ele>2122.400</ele>
<time>2024-05-04T16:40:55Z</time>
</trkpt>
<trkpt lat="34.32476500" lon="-110.64708000">
<ele>2122.400</ele>
<time>2024-05-04T16:40:57Z</time>
</trkpt>
<trkpt lat="34.32450500" lon="-110.64706000">
<ele>2122.400</ele>
<time>2024-05-04T16:41:00Z</time>
</trkpt>
<trkpt lat="34.32442300" lon="-110.64703400">
<ele>2122.400</ele>
<time>2024-05-04T16:41:01Z</time>
</trkpt>
<trkpt lat="34.32415300" lon="-110.64698800">
<ele>2122.400</ele>
<time>2024-05-04T16:41:04Z</time>
</trkpt>
<trkpt lat="34.32406500" lon="-110.64696600">
<ele>2122.400</ele>
<time>2024-05-04T16:41:05Z</time>
</trkpt>
<trkpt lat="34.32345000" lon="-110.64681500">
<ele>2123.400</ele>
<time>2024-05-04T16:41:12Z</time>
</trkpt>
<trkpt lat="34.32327400" lon="-110.64674100">
<ele>2124.600</ele>
<time>2024-05-04T16:41:14Z</time>
</trkpt>
<trkpt lat="34.32319100" lon="-110.64670400">
<ele>2125.300</ele>
<time>2024-05-04T16:41:15Z</time>
</trkpt>
<trkpt lat="34.32285100" lon="-110.64653600">
<ele>2128.300</ele>
<time>2024-05-04T16:41:19Z</time>
</trkpt>
<trkpt lat="34.32243600" lon="-110.64630600">
<ele>2132.000</ele>
<time>2024-05-04T16:41:24Z</time>
</trkpt>
<trkpt lat="34.32234600" lon="-110.64627000">
<ele>2132.700</ele>
<time>2024-05-04T16:41:25Z</time>
</trkpt>
<trkpt lat="34.32210300" lon="-110.64615300">
<ele>2133.700</ele>
<time>2024-05-04T16:41:28Z</time>
</trkpt>
<trkpt lat="34.32168300" lon="-110.64591900">
<ele>2134.700</ele>
<time>2024-05-04T16:41:33Z</time>
</trkpt>
<trkpt lat="34.32159800" lon="-110.64588500">
<ele>2134.700</ele>
<time>2024-05-04T16:41:34Z</time>
</trkpt>
<trkpt lat="34.32151000" lon="-110.64585800">
<ele>2134.900</ele>
<time>2024-05-04T16:41:35Z</time>
</trkpt>
<trkpt lat="34.32142500" lon="-110.64583400">
<ele>2135.200</ele>
<time>2024-05-04T16:41:36Z</time>
</trkpt>
<trkpt lat="34.32100300" lon="-110.64575600">
<ele>2136.700</ele>
<time>2024-05-04T16:41:41Z</time>
</trkpt>
<trkpt lat="34.32074000" lon="-110.64571600">
<ele>2137.900</ele>
<time>2024-05-04T16:41:44Z</time>
</trkpt>
<trkpt lat="34.32065000" lon="-110.64570000">
<ele>2138.000</ele>
<time>2024-05-04T16:41:45Z</time>
</trkpt>
<trkpt lat="34.32018300" lon="-110.64567000">
<ele>2141.400</ele>
<time>2024-05-04T16:41:50Z</time>
</trkpt>
<trkpt lat="34.31989300" lon="-110.64569500">
<ele>2143.300</ele>
<time>2024-05-04T16:41:53Z</time>
</trkpt>
<trkpt lat="34.31979100" lon="-110.64571600">
<ele>2143.800</ele>
<time>2024-05-04T16:41:54Z</time>
</trkpt>
<trkpt lat="34.31969600" lon="-110.64573600">
<ele>2144.000</ele>
<time>2024-05-04T16:41:55Z</time>
</trkpt>
<trkpt lat="34.31950000" lon="-110.64575800">
<ele>2144.300</ele>
<time>2024-05-04T16:41:57Z</time>
</trkpt>
<trkpt lat="34.31909300" lon="-110.64589300">
<ele>2144.300</ele>
<time>2024-05-04T16:42:02Z</time>
</trkpt>
<trkpt lat="34.31899100" lon="-110.64594100">
<ele>2144.300</ele>
<time>2024-05-04T16:42:04Z</time>
</trkpt>
<trkpt lat="34.31896500" lon="-110.64595800">
<ele>2144.300</ele>
<time>2024-05-04T16:42:05Z</time>
</trkpt>
<trkpt lat="34.31884300" lon="-110.64602100">
<ele>2144.600</ele>
<time>2024-05-04T16:42:09Z</time>
</trkpt>
<trkpt lat="34.31863500" lon="-110.64608000">
<ele>2144.400</ele>
<time>2024-05-04T16:42:13Z</time>
</trkpt>
<trkpt lat="34.31856500" lon="-110.64610800">
<ele>2144.400</ele>
<time>2024-05-04T16:42:14Z</time>
</trkpt>
<trkpt lat="34.31849600" lon="-110.64614000">
<ele>2144.300</ele>
<time>2024-05-04T16:42:15Z</time>
</trkpt>
<trkpt lat="34.31813800" lon="-110.64629500">
<ele>2148.200</ele>
<time>2024-05-04T16:42:20Z</time>
</trkpt>
<trkpt lat="34.31797100" lon="-110.64634600">
<ele>2152.100</ele>
<time>2024-05-04T16:42:22Z</time>
</trkpt>
<trkpt lat="34.31780500" lon="-110.64637600">
<ele>2154.000</ele>
<time>2024-05-04T16:42:24Z</time>
</trkpt>
<trkpt lat="34.31772500" lon="-110.64639000">
<ele>2153.900</ele>
<time>2024-05-04T16:42:25Z</time>
</trkpt>
<trkpt lat="34.31740000" lon="-110.64644800">
<ele>2155.100</ele>
<time>2024-05-04T16:42:29Z</time>
</trkpt>
<trkpt lat="34.31697900" lon="-110.64650500">
<ele>2157.800</ele>
<time>2024-05-04T16:42:34Z</time>
</trkpt>
<trkpt lat="34.31689600" lon="-110.64651500">
<ele>2158.000</ele>
<time>2024-05-04T16:42:35Z</time>
</trkpt>
<trkpt lat="34.31672100" lon="-110.64652400">
<ele>2158.200</ele>
<time>2024-05-04T16:42:37Z</time>
</trkpt>
<trkpt lat="34.31646300" lon="-110.64649300">
<ele>2158.500</ele>
<time>2024-05-04T16:42:40Z</time>
</trkpt>
<trkpt lat="34.31629000" lon="-110.64644000">
<ele>2158.600</ele>
<time>2024-05-04T16:42:42Z</time>
</trkpt>
<trkpt lat="34.31612000" lon="-110.64635800">
<ele>2158.800</ele>
<time>2024-05-04T16:42:44Z</time>
</trkpt>
<trkpt lat="34.31604100" lon="-110.64631400">
<ele>2159.000</ele>
<time>2024-05-04T16:42:45Z</time>
</trkpt>
<trkpt lat="34.31563800" lon="-110.64607400">
<ele>2159.500</ele>
<time>2024-05-04T16:42:50Z</time>
</trkpt>
<trkpt lat="34.31531100" lon="-110.64584100">
<ele>2160.500</ele>
<time>2024-05-04T16:42:54Z</time>
</trkpt>
<trkpt lat="34.31523500" lon="-110.64577100">
<ele>2160.800</ele>
<time>2024-05-04T16:42:55Z</time>
</trkpt>
<trkpt lat="34.31476300" lon="-110.64534400">
<ele>2162.200</ele>
<time>2024-05-04T16:43:01Z</time>
</trkpt>
<trkpt lat="34.31452800" lon="-110.64514400">
<ele>2162.200</ele>
<time>2024-05-04T16:43:04Z</time>
</trkpt>
<trkpt lat="34.31445000" lon="-110.64508600">
<ele>2162.400</ele>
<time>2024-05-04T16:43:05Z</time>
</trkpt>
<trkpt lat="34.31437000" lon="-110.64502300">
<ele>2162.700</ele>
<time>2024-05-04T16:43:06Z</time>
</trkpt>
<trkpt lat="34.31430000" lon="-110.64495100">
<ele>2163.100</ele>
<time>2024-05-04T16:43:07Z</time>
</trkpt>
<trkpt lat="34.31423800" lon="-110.64486500">
<ele>2162.700</ele>
<time>2024-05-04T16:43:08Z</time>
</trkpt>
<trkpt lat="34.31417800" lon="-110.64477600">
<ele>2163.100</ele>
<time>2024-05-04T16:43:09Z</time>
</trkpt>
<trkpt lat="34.31402600" lon="-110.64447500">
<ele>2164.600</ele>
<time>2024-05-04T16:43:12Z</time>
</trkpt>
<trkpt lat="34.31390800" lon="-110.64429900">
<ele>2166.700</ele>
<time>2024-05-04T16:43:14Z</time>
</trkpt>
<trkpt lat="34.31384800" lon="-110.64420500">
<ele>2167.200</ele>
<time>2024-05-04T16:43:15Z</time>
</trkpt>
<trkpt lat="34.31317100" lon="-110.64347600">
<ele>2172.000</ele>
<time>2024-05-04T16:43:24Z</time>
</trkpt>
<trkpt lat="34.31309600" lon="-110.64338600">
<ele>2172.900</ele>
<time>2024-05-04T16:43:25Z</time>
</trkpt>
<trkpt lat="34.31294100" lon="-110.64321100">
<ele>2173.300</ele>
<time>2024-05-04T16:43:27Z</time>
</trkpt>
<trkpt lat="34.31286500" lon="-110.64314000">
<ele>2173.800</ele>
<time>2024-05-04T16:43:28Z</time>
</trkpt>
<trkpt lat="34.31278500" lon="-110.64308800">
<ele>2173.900</ele>
<time>2024-05-04T16:43:29Z</time>
</trkpt>
<trkpt lat="34.31260800" lon="-110.64299000">
<ele>2175.400</ele>
<time>2024-05-04T16:43:31Z</time>
</trkpt>
<trkpt lat="34.31243600" lon="-110.64293300">
<ele>2178.000</ele>
<time>2024-05-04T16:43:33Z</time>
</trkpt>
<trkpt lat="34.31233600" lon="-110.64291100">
<ele>2179.400</ele>
<time>2024-05-04T16:43:34Z</time>
</trkpt>
<trkpt lat="34.31224300" lon="-110.64289100">
<ele>2180.700</ele>
<time>2024-05-04T16:43:35Z</time>
</trkpt>
<trkpt lat="34.31197600" lon="-110.64287600">
<ele>2182.500</ele>
<time>2024-05-04T16:43:38Z</time>
</trkpt>
<trkpt lat="34.31189300" lon="-110.64289300">
<ele>2182.900</ele>
<time>2024-05-04T16:43:39Z</time>
</trkpt>
<trkpt lat="34.31149500" lon="-110.64304100">
<ele>2184.400</ele>
<time>2024-05-04T16:43:44Z</time>
</trkpt>
<trkpt lat="34.31141300" lon="-110.64306000">
<ele>2185.000</ele>
<time>2024-05-04T16:43:45Z</time>
</trkpt>
<trkpt lat="34.31133300" lon="-110.64307800">
<ele>2185.700</ele>
<time>2024-05-04T16:43:46Z</time>
</trkpt>
<trkpt lat="34.31101100" lon="-110.64319100">
<ele>2189.800</ele>
<time>2024-05-04T16:43:50Z</time>
</trkpt>
<trkpt lat="34.31072100" lon="-110.64338500">
<ele>2193.900</ele>
<time>2024-05-04T16:43:54Z</time>
</trkpt>
<trkpt lat="34.31065300" lon="-110.64344000">
<ele>2194.800</ele>
<time>2024-05-04T16:43:55Z</time>
</trkpt>
<trkpt lat="34.31033100" lon="-110.64379800">
<ele>2196.700</ele>
<time>2024-05-04T16:44:00Z</time>
</trkpt>
<trkpt lat="34.31020800" lon="-110.64396100">
<ele>2198.700</ele>
<time>2024-05-04T16:44:02Z</time>
</trkpt>
<trkpt lat="34.31008600" lon="-110.64409400">
<ele>2200.800</ele>
<time>2024-05-04T16:44:04Z</time>
</trkpt>
<trkpt lat="34.31002500" lon="-110.64414100">
<ele>2201.200</ele>
<time>2024-05-04T16:44:05Z</time>
</trkpt>
<trkpt lat="34.30997100" lon="-110.64417300">
<ele>2201.500</ele>
<time>2024-05-04T16:44:06Z</time>
</trkpt>
<trkpt lat="34.30990800" lon="-110.64418300">
<ele>2201.900</ele>
<time>2024-05-04T16:44:07Z</time>
</trkpt>
<trkpt lat="34.30982600" lon="-110.64417400">
<ele>2202.500</ele>
<time>2024-05-04T16:44:08Z</time>
</trkpt>
<trkpt lat="34.30973500" lon="-110.64416000">
<ele>2203.100</ele>
<time>2024-05-04T16:44:09Z</time>
</trkpt>
<trkpt lat="34.30923600" lon="-110.64402100">
<ele>2207.600</ele>
<time>2024-05-04T16:44:14Z</time>
</trkpt>
<trkpt lat="34.30914000" lon="-110.64400100">
<ele>2207.900</ele>
<time>2024-05-04T16:44:15Z</time>
</trkpt>
<trkpt lat="34.30897000" lon="-110.64398100">
<ele>2208.700</ele>
<time>2024-05-04T16:44:17Z</time>
</trkpt>
<trkpt lat="34.30879100" lon="-110.64399300">
<ele>2209.800</ele>
<time>2024-05-04T16:44:19Z</time>
</trkpt>
<trkpt lat="34.30861000" lon="-110.64402100">
<ele>2212.000</ele>
<time>2024-05-04T16:44:21Z</time>
</trkpt>
<trkpt lat="34.30835100" lon="-110.64408100">
<ele>2216.400</ele>
<time>2024-05-04T16:44:24Z</time>
</trkpt>
<trkpt lat="34.30826600" lon="-110.64410500">
<ele>2218.200</ele>
<time>2024-05-04T16:44:25Z</time>
</trkpt>
<trkpt lat="34.30754500" lon="-110.64422100">
<ele>2220.800</ele>
<time>2024-05-04T16:44:34Z</time>
</trkpt>
<trkpt lat="34.30748000" lon="-110.64422800">
<ele>2220.800</ele>
<time>2024-05-04T16:44:35Z</time>
</trkpt>
<trkpt lat="34.30695800" lon="-110.64429600">
<ele>2220.900</ele>
<time>2024-05-04T16:44:44Z</time>
</trkpt>
<trkpt lat="34.30691300" lon="-110.64430300">
<ele>2221.000</ele>
<time>2024-05-04T16:44:45Z</time>
</trkpt>
<trkpt lat="34.30687500" lon="-110.64430400">
<ele>2221.100</ele>
<time>2024-05-04T16:44:46Z</time>
</trkpt>
<trkpt lat="34.30681600" lon="-110.64428800">
<ele>2221.400</ele>
<time>2024-05-04T16:44:48Z</time>
</trkpt>
<trkpt lat="34.30669800" lon="-110.64421100">
<ele>2221.900</ele>
<time>2024-05-04T16:44:54Z</time>
</trkpt>
<trkpt lat="34.30668800" lon="-110.64419500">
<ele>2221.900</ele>
<time>2024-05-04T16:44:55Z</time>
</trkpt>
<trkpt lat="34.30644300" lon="-110.64394400">
<ele>2223.200</ele>
<time>2024-05-04T16:45:04Z</time>
</trkpt>
<trkpt lat="34.30641300" lon="-110.64391800">
<ele>2223.400</ele>
<time>2024-05-04T16:45:05Z</time>
</trkpt>
<trkpt lat="34.30623000" lon="-110.64374500">
<ele>2223.900</ele>
<time>2024-05-04T16:45:14Z</time>
</trkpt>
<trkpt lat="34.30621300" lon="-110.64373600">
<ele>2223.900</ele>
<time>2024-05-04T16:45:15Z</time>
</trkpt>
<trkpt lat="34.30615300" lon="-110.64365600">
<ele>2223.800</ele>
<time>2024-05-04T16:45:19Z</time>
</trkpt>
<trkpt lat="34.30608800" lon="-110.64351000">
<ele>2222.800</ele>
<time>2024-05-04T16:45:24Z</time>
</trkpt>
<trkpt lat="34.30607600" lon="-110.64348800">
<ele>2222.800</ele>
<time>2024-05-04T16:45:25Z</time>
</trkpt>
<trkpt lat="34.30601300" lon="-110.64339800">
<ele>2222.400</ele>
<time>2024-05-04T16:45:29Z</time>
</trkpt>
<trkpt lat="34.30595500" lon="-110.64326600">
<ele>2221.000</ele>
<time>2024-05-04T16:45:34Z</time>
</trkpt>
<trkpt lat="34.30594100" lon="-110.64324100">
<ele>2221.000</ele>
<time>2024-05-04T16:45:35Z</time>
</trkpt>
<trkpt lat="34.30584500" lon="-110.64301300">
<ele>2219.000</ele>
<time>2024-05-04T16:45:44Z</time>
</trkpt>
<trkpt lat="34.30583500" lon="-110.64299000">
<ele>2218.700</ele>
<time>2024-05-04T16:45:45Z</time>
</trkpt>
<trkpt lat="34.30580000" lon="-110.64286800">
<ele>2217.800</ele>
<time>2024-05-04T16:45:50Z</time>
</trkpt>
<trkpt lat="34.30582000" lon="-110.64275000">
<ele>2216.500</ele>
<time>2024-05-04T16:45:54Z</time>
</trkpt>
<trkpt lat="34.30582300" lon="-110.64271300">
<ele>2216.500</ele>
<time>2024-05-04T16:45:55Z</time>
</trkpt>
<trkpt lat="34.30584800" lon="-110.64261400">
<ele>2215.100</ele>
<time>2024-05-04T16:45:59Z</time>
</trkpt>
<trkpt lat="34.30586100" lon="-110.64243100">
<ele>2213.100</ele>
<time>2024-05-04T16:46:04Z</time>
</trkpt>
<trkpt lat="34.30586300" lon="-110.64239500">
<ele>2212.600</ele>
<time>2024-05-04T16:46:05Z</time>
</trkpt>
<trkpt lat="34.30587300" lon="-110.64218000">
<ele>2210.000</ele>
<time>2024-05-04T16:46:12Z</time>
</trkpt>
<trkpt lat="34.30586300" lon="-110.64210800">
<ele>2209.200</ele>
<time>2024-05-04T16:46:14Z</time>
</trkpt>
<trkpt lat="34.30585800" lon="-110.64207600">
<ele>2209.200</ele>
<time>2024-05-04T16:46:15Z</time>
</trkpt>
<trkpt lat="34.30581100" lon="-110.64186900">
<ele>2207.800</ele>
<time>2024-05-04T16:46:24Z</time>
</trkpt>
<trkpt lat="34.30580900" lon="-110.64185500">
<ele>2207.800</ele>
<time>2024-05-04T16:46:25Z</time>
</trkpt>
<trkpt lat="34.30576800" lon="-110.64173000">
<ele>2207.200</ele>
<time>2024-05-04T16:46:39Z</time>
</trkpt>
<trkpt lat="34.30580800" lon="-110.64160500">
<ele>2206.700</ele>
<time>2024-05-04T16:46:42Z</time>
</trkpt>
<trkpt lat="34.30582600" lon="-110.64154800">
<ele>2206.600</ele>
<time>2024-05-04T16:46:43Z</time>
</trkpt>
<trkpt lat="34.30588800" lon="-110.64144100">
<ele>2206.500</ele>
<time>2024-05-04T16:46:45Z</time>
</trkpt>
<trkpt lat="34.30592600" lon="-110.64139600">
<ele>2206.600</ele>
<time>2024-05-04T16:46:46Z</time>
</trkpt>
<trkpt lat="34.30604800" lon="-110.64132100">
<ele>2206.600</ele>
<time>2024-05-04T16:46:49Z</time>
</trkpt>
<trkpt lat="34.30616800" lon="-110.64128600">
<ele>2206.600</ele>
<time>2024-05-04T16:46:52Z</time>
</trkpt>
<trkpt lat="34.30621000" lon="-110.64127100">
<ele>2206.600</ele>
<time>2024-05-04T16:46:53Z</time>
</trkpt>
<trkpt lat="34.30625300" lon="-110.64125600">
<ele>2206.600</ele>
<time>2024-05-04T16:46:54Z</time>
</trkpt>
<trkpt lat="34.30629300" lon="-110.64122800">
<ele>2206.500</ele>
<time>2024-05-04T16:46:55Z</time>
</trkpt>
<trkpt lat="34.30638000" lon="-110.64111800">
<ele>2206.600</ele>
<time>2024-05-04T16:46:58Z</time>
</trkpt>
<trkpt lat="34.30643300" lon="-110.64091800">
<ele>2206.900</ele>
<time>2024-05-04T16:47:02Z</time>
</trkpt>
<trkpt lat="34.30645500" lon="-110.64087300">
<ele>2206.900</ele>
<time>2024-05-04T16:47:03Z</time>
</trkpt>
<trkpt lat="34.30654800" lon="-110.64072000">
<ele>2207.700</ele>
<time>2024-05-04T16:47:06Z</time>
</trkpt>
<trkpt lat="34.30659600" lon="-110.64058500">
<ele>2209.900</ele>
<time>2024-05-04T16:47:08Z</time>
</trkpt>
<trkpt lat="34.30661800" lon="-110.64046500">
<ele>2213.000</ele>
<time>2024-05-04T16:47:10Z</time>
</trkpt>
<trkpt lat="34.30661500" lon="-110.64035100">
<ele>2214.700</ele>
<time>2024-05-04T16:47:12Z</time>
</trkpt>
<trkpt lat="34.30660600" lon="-110.64028600">
<ele>2215.900</ele>
<time>2024-05-04T16:47:13Z</time>
</trkpt>
<trkpt lat="34.30661100" lon="-110.64022600">
<ele>2216.800</ele>
<time>2024-05-04T16:47:14Z</time>
</trkpt>
<trkpt lat="34.30663000" lon="-110.64017500">
<ele>2218.800</ele>
<time>2024-05-04T16:47:15Z</time>
</trkpt>
<trkpt lat="34.30668100" lon="-110.64008500">
<ele>2220.500</ele>
<time>2024-05-04T16:47:17Z</time>
</trkpt>
<trkpt lat="34.30688900" lon="-110.63990500">
<ele>2224.500</ele>
<time>2024-05-04T16:47:22Z</time>
</trkpt>
<trkpt lat="34.30693000" lon="-110.63988100">
<ele>2224.700</ele>
<time>2024-05-04T16:47:23Z</time>
</trkpt>
<trkpt lat="34.30697000" lon="-110.63984800">
<ele>2225.400</ele>
<time>2024-05-04T16:47:24Z</time>
</trkpt>
<trkpt lat="34.30714600" lon="-110.63977300">
<ele>2226.000</ele>
<time>2024-05-04T16:47:27Z</time>
</trkpt>
<trkpt lat="34.30738800" lon="-110.63974500">
<ele>2225.800</ele>
<time>2024-05-04T16:47:30Z</time>
</trkpt>
<trkpt lat="34.30755300" lon="-110.63973800">
<ele>2225.300</ele>
<time>2024-05-04T16:47:32Z</time>
</trkpt>
<trkpt lat="34.30762600" lon="-110.63973000">
<ele>2225.000</ele>
<time>2024-05-04T16:47:33Z</time>
</trkpt>
<trkpt lat="34.30777000" lon="-110.63966500">
<ele>2224.600</ele>
<time>2024-05-04T16:47:35Z</time>
</trkpt>
<trkpt lat="34.30802100" lon="-110.63952100">
<ele>2223.000</ele>
<time>2024-05-04T16:47:39Z</time>
</trkpt>
<trkpt lat="34.30815600" lon="-110.63947000">
<ele>2222.100</ele>
<time>2024-05-04T16:47:41Z</time>
</trkpt>
<trkpt lat="34.30822600" lon="-110.63945300">
<ele>2221.800</ele>
<time>2024-05-04T16:47:42Z</time>
</trkpt>
<trkpt lat="34.30830500" lon="-110.63944600">
<ele>2221.500</ele>
<time>2024-05-04T16:47:43Z</time>
</trkpt>
<trkpt lat="34.30845100" lon="-110.63945500">
<ele>2220.900</ele>
<time>2024-05-04T16:47:45Z</time>
</trkpt>
<trkpt lat="34.30894300" lon="-110.63945300">
<ele>2218.200</ele>
<time>2024-05-04T16:47:52Z</time>
</trkpt>
<trkpt lat="34.30900600" lon="-110.63945800">
<ele>2217.600</ele>
<time>2024-05-04T16:47:53Z</time>
</trkpt>
<trkpt lat="34.30929000" lon="-110.63948600">
<ele>2215.600</ele>
<time>2024-05-04T16:47:57Z</time>
</trkpt>
<trkpt lat="34.30941300" lon="-110.63948500">
<ele>2214.800</ele>
<time>2024-05-04T16:47:59Z</time>
</trkpt>
<trkpt lat="34.30947500" lon="-110.63947500">
<ele>2214.600</ele>
<time>2024-05-04T16:48:00Z</time>
</trkpt>
<trkpt lat="34.30959000" lon="-110.63940300">
<ele>2214.100</ele>
<time>2024-05-04T16:48:02Z</time>
</trkpt>
<trkpt lat="34.30963800" lon="-110.63935000">
<ele>2213.900</ele>
<time>2024-05-04T16:48:03Z</time>
</trkpt>
<trkpt lat="34.30968300" lon="-110.63929300">
<ele>2213.800</ele>
<time>2024-05-04T16:48:04Z</time>
</trkpt>
<trkpt lat="34.30971600" lon="-110.63923000">
<ele>2213.600</ele>
<time>2024-05-04T16:48:05Z</time>
</trkpt>
<trkpt lat="34.30984500" lon="-110.63888000">
<ele>2212.100</ele>
<time>2024-05-04T16:48:10Z</time>
</trkpt>
<trkpt lat="34.30985000" lon="-110.63874100">
<ele>2211.800</ele>
<time>2024-05-04T16:48:12Z</time>
</trkpt>
<trkpt lat="34.30983500" lon="-110.63866500">
<ele>2211.700</ele>
<time>2024-05-04T16:48:13Z</time>
</trkpt>
<trkpt lat="34.30975000" lon="-110.63836500">
<ele>2211.100</ele>
<time>2024-05-04T16:48:17Z</time>
</trkpt>
<trkpt lat="34.30973500" lon="-110.63823000">
<ele>2210.500</ele>
<time>2024-05-04T16:48:19Z</time>
</trkpt>
<trkpt lat="34.30974000" lon="-110.63808600">
<ele>2210.100</ele>
<time>2024-05-04T16:48:21Z</time>
</trkpt>
<trkpt lat="34.30973100" lon="-110.63801600">
<ele>2209.900</ele>
<time>2024-05-04T16:48:22Z</time>
</trkpt>
<trkpt lat="34.30972000" lon="-110.63793800">
<ele>2209.700</ele>
<time>2024-05-04T16:48:23Z</time>
</trkpt>
<trkpt lat="34.30970300" lon="-110.63776300">
<ele>2209.200</ele>
<time>2024-05-04T16:48:25Z</time>
</trkpt>
<trkpt lat="34.30970600" lon="-110.63767000">
<ele>2209.000</ele>
<time>2024-05-04T16:48:26Z</time>
</trkpt>
<trkpt lat="34.30977300" lon="-110.63729600">
<ele>2208.200</ele>
<time>2024-05-04T16:48:30Z</time>
</trkpt>
<trkpt lat="34.30979600" lon="-110.63711300">
<ele>2208.100</ele>
<time>2024-05-04T16:48:32Z</time>
</trkpt>
<trkpt lat="34.30980300" lon="-110.63702100">
<ele>2208.000</ele>
<time>2024-05-04T16:48:33Z</time>
</trkpt>
<trkpt lat="34.30981500" lon="-110.63685500">
<ele>2208.000</ele>
<time>2024-05-04T16:48:35Z</time>
</trkpt>
<trkpt lat="34.30984000" lon="-110.63678100">
<ele>2208.000</ele>
<time>2024-05-04T16:48:36Z</time>
</trkpt>
<trkpt lat="34.30992500" lon="-110.63663000">
<ele>2208.000</ele>
<time>2024-05-04T16:48:38Z</time>
</trkpt>
<trkpt lat="34.31011600" lon="-110.63634800">
<ele>2208.300</ele>
<time>2024-05-04T16:48:42Z</time>
</trkpt>
<trkpt lat="34.31016500" lon="-110.63627500">
<ele>2208.400</ele>
<time>2024-05-04T16:48:43Z</time>
</trkpt>
<trkpt lat="34.31026300" lon="-110.63613800">
<ele>2208.500</ele>
<time>2024-05-04T16:48:45Z</time>
</trkpt>
<trkpt lat="34.31042100" lon="-110.63595300">
<ele>2208.500</ele>
<time>2024-05-04T16:48:48Z</time>
</trkpt>
<trkpt lat="34.31067100" lon="-110.63576800">
<ele>2208.400</ele>
<time>2024-05-04T16:48:52Z</time>
</trkpt>
<trkpt lat="34.31073500" lon="-110.63572100">
<ele>2208.100</ele>
<time>2024-05-04T16:48:53Z</time>
</trkpt>
<trkpt lat="34.31093300" lon="-110.63557900">
<ele>2206.000</ele>
<time>2024-05-04T16:48:56Z</time>
</trkpt>
<trkpt lat="34.31127300" lon="-110.63528000">
<ele>2200.100</ele>
<time>2024-05-04T16:49:02Z</time>
</trkpt>
<trkpt lat="34.31131600" lon="-110.63522300">
<ele>2199.300</ele>
<time>2024-05-04T16:49:03Z</time>
</trkpt>
<trkpt lat="34.31144600" lon="-110.63507300">
<ele>2196.900</ele>
<time>2024-05-04T16:49:06Z</time>
</trkpt>
<trkpt lat="34.31160100" lon="-110.63494900">
<ele>2195.400</ele>
<time>2024-05-04T16:49:09Z</time>
</trkpt>
<trkpt lat="34.31177600" lon="-110.63479100">
<ele>2194.900</ele>
<time>2024-05-04T16:49:12Z</time>
</trkpt>
<trkpt lat="34.31183000" lon="-110.63473300">
<ele>2194.900</ele>
<time>2024-05-04T16:49:13Z</time>
</trkpt>
<trkpt lat="34.31188100" lon="-110.63467500">
<ele>2194.900</ele>
<time>2024-05-04T16:49:14Z</time>
</trkpt>
<trkpt lat="34.31207100" lon="-110.63440100">
<ele>2195.000</ele>
<time>2024-05-04T16:49:18Z</time>
</trkpt>
<trkpt lat="34.31221600" lon="-110.63412000">
<ele>2194.200</ele>
<time>2024-05-04T16:49:22Z</time>
</trkpt>
<trkpt lat="34.31224800" lon="-110.63404900">
<ele>2194.200</ele>
<time>2024-05-04T16:49:23Z</time>
</trkpt>
<trkpt lat="34.31231600" lon="-110.63384800">
<ele>2193.200</ele>
<time>2024-05-04T16:49:26Z</time>
</trkpt>
<trkpt lat="34.31235600" lon="-110.63368600">
<ele>2192.400</ele>
<time>2024-05-04T16:49:28Z</time>
</trkpt>
<trkpt lat="34.31239100" lon="-110.63350800">
<ele>2192.000</ele>
<time>2024-05-04T16:49:30Z</time>
</trkpt>
<trkpt lat="34.31240500" lon="-110.63332300">
<ele>2192.700</ele>
<time>2024-05-04T16:49:32Z</time>
</trkpt>
<trkpt lat="34.31241300" lon="-110.63322300">
<ele>2193.200</ele>
<time>2024-05-04T16:49:33Z</time>
</trkpt>
<trkpt lat="34.31241600" lon="-110.63302900">
<ele>2194.000</ele>
<time>2024-05-04T16:49:35Z</time>
</trkpt>
<trkpt lat="34.31240500" lon="-110.63279300">
<ele>2195.400</ele>
<time>2024-05-04T16:49:38Z</time>
</trkpt>
<trkpt lat="34.31243100" lon="-110.63264400">
<ele>2195.800</ele>
<time>2024-05-04T16:49:40Z</time>
</trkpt>
<trkpt lat="34.31247500" lon="-110.63250300">
<ele>2196.100</ele>
<time>2024-05-04T16:49:42Z</time>
</trkpt>
<trkpt lat="34.31251100" lon="-110.63243100">
<ele>2196.200</ele>
<time>2024-05-04T16:49:43Z</time>
</trkpt>
<trkpt lat="34.31258600" lon="-110.63232500">
<ele>2196.000</ele>
<time>2024-05-04T16:49:45Z</time>
</trkpt>
<trkpt lat="34.31263100" lon="-110.63228800">
<ele>2195.900</ele>
<time>2024-05-04T16:49:46Z</time>
</trkpt>
<trkpt lat="34.31299100" lon="-110.63204100">
<ele>2191.800</ele>
<time>2024-05-04T16:49:52Z</time>
</trkpt>
<trkpt lat="34.31304800" lon="-110.63200100">
<ele>2190.700</ele>
<time>2024-05-04T16:49:53Z</time>
</trkpt>
<trkpt lat="34.31323300" lon="-110.63187500">
<ele>2188.200</ele>
<time>2024-05-04T16:49:56Z</time>
</trkpt>
<trkpt lat="34.31329300" lon="-110.63182300">
<ele>2187.400</ele>
<time>2024-05-04T16:49:57Z</time>
</trkpt>
<trkpt lat="34.31357300" lon="-110.63154300">
<ele>2185.600</ele>
<time>2024-05-04T16:50:02Z</time>
</trkpt>
<trkpt lat="34.31362300" lon="-110.63148500">
<ele>2185.400</ele>
<time>2024-05-04T16:50:03Z</time>
</trkpt>
<trkpt lat="34.31372300" lon="-110.63135400">
<ele>2185.200</ele>
<time>2024-05-04T16:50:05Z</time>
</trkpt>
<trkpt lat="34.31377900" lon="-110.63129600">
<ele>2184.900</ele>
<time>2024-05-04T16:50:06Z</time>
</trkpt>
<trkpt lat="34.31396300" lon="-110.63102100">
<ele>2184.900</ele>
<time>2024-05-04T16:50:10Z</time>
</trkpt>
<trkpt lat="34.31400000" lon="-110.63088600">
<ele>2185.200</ele>
<time>2024-05-04T16:50:12Z</time>
</trkpt>
<trkpt lat="34.31401600" lon="-110.63082600">
<ele>2185.300</ele>
<time>2024-05-04T16:50:13Z</time>
</trkpt>
<trkpt lat="34.31402600" lon="-110.63076300">
<ele>2185.200</ele>
<time>2024-05-04T16:50:14Z</time>
</trkpt>
<trkpt lat="34.31417500" lon="-110.63044500">
<ele>2185.100</ele>
<time>2024-05-04T16:50:19Z</time>
</trkpt>
<trkpt lat="34.31426100" lon="-110.63021800">
<ele>2185.300</ele>
<time>2024-05-04T16:50:22Z</time>
</trkpt>
<trkpt lat="34.31428600" lon="-110.63015800">
<ele>2185.400</ele>
<time>2024-05-04T16:50:23Z</time>
</trkpt>
<trkpt lat="34.31431600" lon="-110.63002600">
<ele>2185.600</ele>
<time>2024-05-04T16:50:25Z</time>
</trkpt>
<trkpt lat="34.31434100" lon="-110.62973500">
<ele>2186.000</ele>
<time>2024-05-04T16:50:29Z</time>
</trkpt>
<trkpt lat="34.31437000" lon="-110.62955100">
<ele>2186.100</ele>
<time>2024-05-04T16:50:32Z</time>
</trkpt>
<trkpt lat="34.31436400" lon="-110.62950500">
<ele>2186.100</ele>
<time>2024-05-04T16:50:33Z</time>
</trkpt>
<trkpt lat="34.31434800" lon="-110.62939000">
<ele>2186.100</ele>
<time>2024-05-04T16:50:35Z</time>
</trkpt>
<trkpt lat="34.31435000" lon="-110.62919500">
<ele>2186.000</ele>
<time>2024-05-04T16:50:38Z</time>
</trkpt>
<trkpt lat="34.31436800" lon="-110.62906300">
<ele>2185.700</ele>
<time>2024-05-04T16:50:40Z</time>
</trkpt>
<trkpt lat="34.31440500" lon="-110.62893100">
<ele>2184.900</ele>
<time>2024-05-04T16:50:42Z</time>
</trkpt>
<trkpt lat="34.31442500" lon="-110.62886800">
<ele>2184.500</ele>
<time>2024-05-04T16:50:43Z</time>
</trkpt>
<trkpt lat="34.31444600" lon="-110.62880500">
<ele>2184.200</ele>
<time>2024-05-04T16:50:44Z</time>
</trkpt>
<trkpt lat="34.31449500" lon="-110.62850600">
<ele>2182.100</ele>
<time>2024-05-04T16:50:48Z</time>
</trkpt>
<trkpt lat="34.31457600" lon="-110.62820100">
<ele>2180.600</ele>
<time>2024-05-04T16:50:52Z</time>
</trkpt>
<trkpt lat="34.31460600" lon="-110.62813100">
<ele>2180.100</ele>
<time>2024-05-04T16:50:53Z</time>
</trkpt>
<trkpt lat="34.31465300" lon="-110.62800600">
<ele>2179.900</ele>
<time>2024-05-04T16:50:55Z</time>
</trkpt>
<trkpt lat="34.31469600" lon="-110.62780800">
<ele>2180.100</ele>
<time>2024-05-04T16:50:58Z</time>
</trkpt>
<trkpt lat="34.31469300" lon="-110.62758600">
<ele>2182.000</ele>
<time>2024-05-04T16:51:02Z</time>
</trkpt>
<trkpt lat="34.31468300" lon="-110.62753100">
<ele>2182.200</ele>
<time>2024-05-04T16:51:03Z</time>
</trkpt>
<trkpt lat="34.31465800" lon="-110.62741800">
<ele>2183.000</ele>
<time>2024-05-04T16:51:05Z</time>
</trkpt>
<trkpt lat="34.31464600" lon="-110.62728300">
<ele>2183.500</ele>
<time>2024-05-04T16:51:07Z</time>
</trkpt>
<trkpt lat="34.31464100" lon="-110.62713500">
<ele>2183.900</ele>
<time>2024-05-04T16:51:09Z</time>
</trkpt>
<trkpt lat="34.31465000" lon="-110.62691600">
<ele>2184.300</ele>
<time>2024-05-04T16:51:12Z</time>
</trkpt>
<trkpt lat="34.31464800" lon="-110.62685000">
<ele>2184.400</ele>
<time>2024-05-04T16:51:13Z</time>
</trkpt>
<trkpt lat="34.31464300" lon="-110.62674300">
<ele>2184.700</ele>
<time>2024-05-04T16:51:15Z</time>
</trkpt>
<trkpt lat="34.31456600" lon="-110.62646300">
<ele>2185.000</ele>
<time>2024-05-04T16:51:22Z</time>
</trkpt>
<trkpt lat="34.31455300" lon="-110.62643500">
<ele>2185.000</ele>
<time>2024-05-04T16:51:23Z</time>
</trkpt>
<trkpt lat="34.31451600" lon="-110.62623100">
<ele>2185.000</ele>
<time>2024-05-04T16:51:27Z</time>
</trkpt>
<trkpt lat="34.31449800" lon="-110.62594800">
<ele>2185.000</ele>
<time>2024-05-04T16:51:32Z</time>
</trkpt>
<trkpt lat="34.31449800" lon="-110.62588000">
<ele>2185.000</ele>
<time>2024-05-04T16:51:33Z</time>
</trkpt>
<trkpt lat="34.31450500" lon="-110.62581000">
<ele>2185.000</ele>
<time>2024-05-04T16:51:34Z</time>
</trkpt>
<trkpt lat="34.31455600" lon="-110.62561400">
<ele>2184.800</ele>
<time>2024-05-04T16:51:37Z</time>
</trkpt>
<trkpt lat="34.31466500" lon="-110.62538500">
<ele>2184.600</ele>
<time>2024-05-04T16:51:41Z</time>
</trkpt>
<trkpt lat="34.31468100" lon="-110.62532000">
<ele>2184.600</ele>
<time>2024-05-04T16:51:42Z</time>
</trkpt>
<trkpt lat="34.31468800" lon="-110.62526000">
<ele>2184.500</ele>
<time>2024-05-04T16:51:43Z</time>
</trkpt>
<trkpt lat="34.31470100" lon="-110.62467800">
<ele>2184.300</ele>
<time>2024-05-04T16:51:52Z</time>
</trkpt>
<trkpt lat="34.31470300" lon="-110.62460000">
<ele>2184.200</ele>
<time>2024-05-04T16:51:53Z</time>
</trkpt>
<trkpt lat="34.31469000" lon="-110.62434800">
<ele>2184.200</ele>
<time>2024-05-04T16:51:56Z</time>
</trkpt>
<trkpt lat="34.31464300" lon="-110.62408500">
<ele>2184.200</ele>
<time>2024-05-04T16:51:59Z</time>
</trkpt>
<trkpt lat="34.31460600" lon="-110.62380600">
<ele>2184.500</ele>
<time>2024-05-04T16:52:02Z</time>
</trkpt>
<trkpt lat="34.31460300" lon="-110.62371300">
<ele>2184.500</ele>
<time>2024-05-04T16:52:03Z</time>
</trkpt>
<trkpt lat="34.31460800" lon="-110.62345100">
<ele>2184.500</ele>
<time>2024-05-04T16:52:06Z</time>
</trkpt>
<trkpt lat="34.31463800" lon="-110.62328500">
<ele>2184.500</ele>
<time>2024-05-04T16:52:08Z</time>
</trkpt>
<trkpt lat="34.31465300" lon="-110.62313100">
<ele>2184.500</ele>
<time>2024-05-04T16:52:10Z</time>
</trkpt>
<trkpt lat="34.31464000" lon="-110.62296100">
<ele>2184.500</ele>
<time>2024-05-04T16:52:12Z</time>
</trkpt>
<trkpt lat="34.31464300" lon="-110.62287600">
<ele>2184.400</ele>
<time>2024-05-04T16:52:13Z</time>
</trkpt>
<trkpt lat="34.31465600" lon="-110.62271100">
<ele>2184.000</ele>
<time>2024-05-04T16:52:15Z</time>
</trkpt>
<trkpt lat="34.31470800" lon="-110.62250000">
<ele>2183.400</ele>
<time>2024-05-04T16:52:18Z</time>
</trkpt>
<trkpt lat="34.31474300" lon="-110.62224900">
<ele>2182.300</ele>
<time>2024-05-04T16:52:22Z</time>
</trkpt>
<trkpt lat="34.31474800" lon="-110.62219300">
<ele>2181.800</ele>
<time>2024-05-04T16:52:23Z</time>
</trkpt>
<trkpt lat="34.31476800" lon="-110.62186500">
<ele>2179.700</ele>
<time>2024-05-04T16:52:29Z</time>
</trkpt>
<trkpt lat="34.31475800" lon="-110.62169100">
<ele>2178.300</ele>
<time>2024-05-04T16:52:32Z</time>
</trkpt>
<trkpt lat="34.31475000" lon="-110.62162600">
<ele>2177.700</ele>
<time>2024-05-04T16:52:33Z</time>
</trkpt>
<trkpt lat="34.31470600" lon="-110.62127300">
<ele>2175.300</ele>
<time>2024-05-04T16:52:39Z</time>
</trkpt>
<trkpt lat="34.31467000" lon="-110.62112800">
<ele>2174.500</ele>
<time>2024-05-04T16:52:42Z</time>
</trkpt>
<trkpt lat="34.31465800" lon="-110.62108600">
<ele>2174.000</ele>
<time>2024-05-04T16:52:43Z</time>
</trkpt>
<trkpt lat="34.31464100" lon="-110.62094400">
<ele>2172.600</ele>
<time>2024-05-04T16:52:46Z</time>
</trkpt>
<trkpt lat="34.31464300" lon="-110.62064600">
<ele>2169.900</ele>
<time>2024-05-04T16:52:52Z</time>
</trkpt>
<trkpt lat="34.31464500" lon="-110.62060300">
<ele>2169.400</ele>
<time>2024-05-04T16:52:53Z</time>
</trkpt>
<trkpt lat="34.31466800" lon="-110.62048100">
<ele>2168.500</ele>
<time>2024-05-04T16:52:56Z</time>
</trkpt>
<trkpt lat="34.31470000" lon="-110.62040400">
<ele>2167.200</ele>
<time>2024-05-04T16:52:58Z</time>
</trkpt>
<trkpt lat="34.31475600" lon="-110.62031800">
<ele>2165.900</ele>
<time>2024-05-04T16:53:00Z</time>
</trkpt>
<trkpt lat="34.31483100" lon="-110.62024000">
<ele>2164.400</ele>
<time>2024-05-04T16:53:02Z</time>
</trkpt>
<trkpt lat="34.31487300" lon="-110.62019500">
<ele>2163.400</ele>
<time>2024-05-04T16:53:03Z</time>
</trkpt>
<trkpt lat="34.31529100" lon="-110.61972600">
<ele>2158.900</ele>
<time>2024-05-04T16:53:12Z</time>
</trkpt>
<trkpt lat="34.31533300" lon="-110.61966100">
<ele>2158.700</ele>
<time>2024-05-04T16:53:13Z</time>
</trkpt>
<trkpt lat="34.31536500" lon="-110.61959900">
<ele>2158.600</ele>
<time>2024-05-04T16:53:14Z</time>
</trkpt>
<trkpt lat="34.31539400" lon="-110.61946300">
<ele>2158.600</ele>
<time>2024-05-04T16:53:16Z</time>
</trkpt>
<trkpt lat="34.31540100" lon="-110.61932800">
<ele>2158.800</ele>
<time>2024-05-04T16:53:18Z</time>
</trkpt>
<trkpt lat="34.31538500" lon="-110.61913300">
<ele>2159.200</ele>
<time>2024-05-04T16:53:21Z</time>
</trkpt>
<trkpt lat="34.31537000" lon="-110.61907000">
<ele>2159.300</ele>
<time>2024-05-04T16:53:22Z</time>
</trkpt>
<trkpt lat="34.31534800" lon="-110.61900600">
<ele>2159.500</ele>
<time>2024-05-04T16:53:23Z</time>
</trkpt>
<trkpt lat="34.31527600" lon="-110.61881800">
<ele>2160.400</ele>
<time>2024-05-04T16:53:26Z</time>
</trkpt>
<trkpt lat="34.31522300" lon="-110.61860100">
<ele>2161.600</ele>
<time>2024-05-04T16:53:29Z</time>
</trkpt>
<trkpt lat="34.31521100" lon="-110.61852800">
<ele>2161.900</ele>
<time>2024-05-04T16:53:30Z</time>
</trkpt>
<trkpt lat="34.31520500" lon="-110.61835600">
<ele>2162.500</ele>
<time>2024-05-04T16:53:32Z</time>
</trkpt>
<trkpt lat="34.31520300" lon="-110.61827100">
<ele>2162.800</ele>
<time>2024-05-04T16:53:33Z</time>
</trkpt>
<trkpt lat="34.31516900" lon="-110.61756800">
<ele>2165.200</ele>
<time>2024-05-04T16:53:41Z</time>
</trkpt>
<trkpt lat="34.31517800" lon="-110.61747600">
<ele>2165.300</ele>
<time>2024-05-04T16:53:42Z</time>
</trkpt>
<trkpt lat="34.31518600" lon="-110.61739100">
<ele>2165.500</ele>
<time>2024-05-04T16:53:43Z</time>
</trkpt>
<trkpt lat="34.31520300" lon="-110.61707000">
<ele>2165.800</ele>
<time>2024-05-04T16:53:47Z</time>
</trkpt>
<trkpt lat="34.31523000" lon="-110.61691300">
<ele>2165.300</ele>
<time>2024-05-04T16:53:49Z</time>
</trkpt>
<trkpt lat="34.31528600" lon="-110.61670100">
<ele>2164.200</ele>
<time>2024-05-04T16:53:52Z</time>
</trkpt>
<trkpt lat="34.31531300" lon="-110.61664000">
<ele>2163.800</ele>
<time>2024-05-04T16:53:53Z</time>
</trkpt>
<trkpt lat="34.31539600" lon="-110.61653400">
<ele>2162.600</ele>
<time>2024-05-04T16:53:55Z</time>
</trkpt>
<trkpt lat="34.31551100" lon="-110.61644300">
<ele>2160.200</ele>
<time>2024-05-04T16:53:57Z</time>
</trkpt>
<trkpt lat="34.31565500" lon="-110.61630300">
<ele>2157.300</ele>
<time>2024-05-04T16:54:00Z</time>
</trkpt>
<trkpt lat="34.31573300" lon="-110.61620300">
<ele>2155.500</ele>
<time>2024-05-04T16:54:02Z</time>
</trkpt>
<trkpt lat="34.31575600" lon="-110.61614900">
<ele>2154.800</ele>
<time>2024-05-04T16:54:03Z</time>
</trkpt>
<trkpt lat="34.31582300" lon="-110.61595300">
<ele>2150.900</ele>
<time>2024-05-04T16:54:07Z</time>
</trkpt>
<trkpt lat="34.31586800" lon="-110.61585800">
<ele>2149.400</ele>
<time>2024-05-04T16:54:09Z</time>
</trkpt>
<trkpt lat="34.31593800" lon="-110.61576300">
<ele>2148.100</ele>
<time>2024-05-04T16:54:11Z</time>
</trkpt>
<trkpt lat="34.31597900" lon="-110.61572300">
<ele>2147.600</ele>
<time>2024-05-04T16:54:12Z</time>
</trkpt>
<trkpt lat="34.31601800" lon="-110.61568000">
<ele>2147.200</ele>
<time>2024-05-04T16:54:13Z</time>
</trkpt>
<trkpt lat="34.31606300" lon="-110.61564100">
<ele>2146.800</ele>
<time>2024-05-04T16:54:14Z</time>
</trkpt>
<trkpt lat="34.31616300" lon="-110.61558800">
<ele>2146.400</ele>
<time>2024-05-04T16:54:16Z</time>
</trkpt>
<trkpt lat="34.31621300" lon="-110.61556800">
<ele>2146.200</ele>
<time>2024-05-04T16:54:17Z</time>
</trkpt>
<trkpt lat="34.31637000" lon="-110.61553600">
<ele>2145.900</ele>
<time>2024-05-04T16:54:20Z</time>
</trkpt>
<trkpt lat="34.31646000" lon="-110.61549100">
<ele>2145.800</ele>
<time>2024-05-04T16:54:22Z</time>
</trkpt>
<trkpt lat="34.31649500" lon="-110.61545600">
<ele>2145.700</ele>
<time>2024-05-04T16:54:23Z</time>
</trkpt>
<trkpt lat="34.31673000" lon="-110.61510800">
<ele>2145.100</ele>
<time>2024-05-04T16:54:29Z</time>
</trkpt>
<trkpt lat="34.31681600" lon="-110.61497000">
<ele>2144.900</ele>
<time>2024-05-04T16:54:31Z</time>
</trkpt>
<trkpt lat="34.31685000" lon="-110.61489600">
<ele>2144.800</ele>
<time>2024-05-04T16:54:32Z</time>
</trkpt>
<trkpt lat="34.31687800" lon="-110.61482100">
<ele>2144.600</ele>
<time>2024-05-04T16:54:33Z</time>
</trkpt>
<trkpt lat="34.31691000" lon="-110.61474600">
<ele>2144.500</ele>
<time>2024-05-04T16:54:34Z</time>
</trkpt>
<trkpt lat="34.31694800" lon="-110.61468600">
<ele>2144.500</ele>
<time>2024-05-04T16:54:35Z</time>
</trkpt>
<trkpt lat="34.31699500" lon="-110.61464600">
<ele>2144.500</ele>
<time>2024-05-04T16:54:36Z</time>
</trkpt>
<trkpt lat="34.31705800" lon="-110.61461400">
<ele>2144.400</ele>
<time>2024-05-04T16:54:37Z</time>
</trkpt>
<trkpt lat="34.31719100" lon="-110.61457000">
<ele>2144.300</ele>
<time>2024-05-04T16:54:39Z</time>
</trkpt>
<trkpt lat="34.31724600" lon="-110.61453800">
<ele>2144.500</ele>
<time>2024-05-04T16:54:40Z</time>
</trkpt>
<trkpt lat="34.31730100" lon="-110.61448600">
<ele>2144.700</ele>
<time>2024-05-04T16:54:41Z</time>
</trkpt>
<trkpt lat="34.31735000" lon="-110.61442100">
<ele>2145.400</ele>
<time>2024-05-04T16:54:42Z</time>
</trkpt>
<trkpt lat="34.31738800" lon="-110.61435800">
<ele>2145.700</ele>
<time>2024-05-04T16:54:43Z</time>
</trkpt>
<trkpt lat="34.31751800" lon="-110.61410100">
<ele>2148.600</ele>
<time>2024-05-04T16:54:47Z</time>
</trkpt>
<trkpt lat="34.31773600" lon="-110.61383400">
<ele>2152.200</ele>
<time>2024-05-04T16:54:52Z</time>
</trkpt>
<trkpt lat="34.31778600" lon="-110.61379000">
<ele>2152.600</ele>
<time>2024-05-04T16:54:53Z</time>
</trkpt>
<trkpt lat="34.31790300" lon="-110.61371300">
<ele>2153.500</ele>
<time>2024-05-04T16:54:55Z</time>
</trkpt>
<trkpt lat="34.31795500" lon="-110.61365800">
<ele>2153.800</ele>
<time>2024-05-04T16:54:56Z</time>
</trkpt>
<trkpt lat="34.31799100" lon="-110.61359300">
<ele>2154.700</ele>
<time>2024-05-04T16:54:57Z</time>
</trkpt>
<trkpt lat="34.31803000" lon="-110.61337800">
<ele>2157.000</ele>
<time>2024-05-04T16:55:00Z</time>
</trkpt>
<trkpt lat="34.31807800" lon="-110.61323800">
<ele>2158.000</ele>
<time>2024-05-04T16:55:02Z</time>
</trkpt>
<trkpt lat="34.31810400" lon="-110.61316100">
<ele>2158.400</ele>
<time>2024-05-04T16:55:03Z</time>
</trkpt>
<trkpt lat="34.31811800" lon="-110.61307600">
<ele>2158.800</ele>
<time>2024-05-04T16:55:04Z</time>
</trkpt>
<trkpt lat="34.31813300" lon="-110.61273100">
<ele>2159.600</ele>
<time>2024-05-04T16:55:08Z</time>
</trkpt>
<trkpt lat="34.31812800" lon="-110.61254800">
<ele>2159.800</ele>
<time>2024-05-04T16:55:10Z</time>
</trkpt>
<trkpt lat="34.31810100" lon="-110.61235800">
<ele>2159.600</ele>
<time>2024-05-04T16:55:12Z</time>
</trkpt>
<trkpt lat="34.31808500" lon="-110.61226100">
<ele>2159.700</ele>
<time>2024-05-04T16:55:13Z</time>
</trkpt>
<trkpt lat="34.31802100" lon="-110.61187900">
<ele>2159.600</ele>
<time>2024-05-04T16:55:17Z</time>
</trkpt>
<trkpt lat="34.31790000" lon="-110.61143800">
<ele>2159.400</ele>
<time>2024-05-04T16:55:22Z</time>
</trkpt>
<trkpt lat="34.31787900" lon="-110.61135000">
<ele>2159.500</ele>
<time>2024-05-04T16:55:23Z</time>
</trkpt>
<trkpt lat="34.31785100" lon="-110.61118400">
<ele>2159.500</ele>
<time>2024-05-04T16:55:25Z</time>
</trkpt>
<trkpt lat="34.31781600" lon="-110.61084800">
<ele>2159.300</ele>
<time>2024-05-04T16:55:29Z</time>
</trkpt>
<trkpt lat="34.31777300" lon="-110.61060300">
<ele>2159.100</ele>
<time>2024-05-04T16:55:32Z</time>
</trkpt>
<trkpt lat="34.31775100" lon="-110.61052100">
<ele>2158.900</ele>
<time>2024-05-04T16:55:33Z</time>
</trkpt>
<trkpt lat="34.31764800" lon="-110.61016300">
<ele>2158.200</ele>
<time>2024-05-04T16:55:38Z</time>
</trkpt>
<trkpt lat="34.31767500" lon="-110.61001800">
<ele>2157.700</ele>
<time>2024-05-04T16:55:40Z</time>
</trkpt>
<trkpt lat="34.31772600" lon="-110.60988500">
<ele>2157.200</ele>
<time>2024-05-04T16:55:42Z</time>
</trkpt>
<trkpt lat="34.31776000" lon="-110.60981600">
<ele>2156.800</ele>
<time>2024-05-04T16:55:43Z</time>
</trkpt>
<trkpt lat="34.31788100" lon="-110.60952000">
<ele>2155.400</ele>
<time>2024-05-04T16:55:47Z</time>
</trkpt>
<trkpt lat="34.31810100" lon="-110.60917100">
<ele>2153.300</ele>
<time>2024-05-04T16:55:52Z</time>
</trkpt>
<trkpt lat="34.31813800" lon="-110.60909600">
<ele>2152.800</ele>
<time>2024-05-04T16:55:53Z</time>
</trkpt>
<trkpt lat="34.31829300" lon="-110.60877800">
<ele>2151.100</ele>
<time>2024-05-04T16:55:57Z</time>
</trkpt>
<trkpt lat="34.31839600" lon="-110.60852600">
<ele>2149.800</ele>
<time>2024-05-04T16:56:00Z</time>
</trkpt>
<trkpt lat="34.31843800" lon="-110.60844300">
<ele>2149.400</ele>
<time>2024-05-04T16:56:01Z</time>
</trkpt>
<trkpt lat="34.31848600" lon="-110.60837300">
<ele>2149.100</ele>
<time>2024-05-04T16:56:02Z</time>
</trkpt>
<trkpt lat="34.31852800" lon="-110.60831300">
<ele>2148.900</ele>
<time>2024-05-04T16:56:03Z</time>
</trkpt>
<trkpt lat="34.31861000" lon="-110.60821300">
<ele>2148.500</ele>
<time>2024-05-04T16:56:05Z</time>
</trkpt>
<trkpt lat="34.31872800" lon="-110.60803100">
<ele>2148.000</ele>
<time>2024-05-04T16:56:09Z</time>
</trkpt>
<trkpt lat="34.31876600" lon="-110.60793500">
<ele>2147.800</ele>
<time>2024-05-04T16:56:12Z</time>
</trkpt>
<trkpt lat="34.31877300" lon="-110.60790800">
<ele>2147.800</ele>
<time>2024-05-04T16:56:13Z</time>
</trkpt>
<trkpt lat="34.31878500" lon="-110.60783500">
<ele>2147.600</ele>
<time>2024-05-04T16:56:19Z</time>
</trkpt>
<trkpt lat="34.31877800" lon="-110.60778600">
<ele>2147.500</ele>
<time>2024-05-04T16:56:36Z</time>
</trkpt>
<trkpt lat="34.31879100" lon="-110.60770800">
<ele>2147.300</ele>
<time>2024-05-04T16:56:39Z</time>
</trkpt>
<trkpt lat="34.31879100" lon="-110.60767000">
<ele>2147.200</ele>
<time>2024-05-04T16:56:40Z</time>
</trkpt>
<trkpt lat="34.31881900" lon="-110.60743600">
<ele>2146.600</ele>
<time>2024-05-04T16:56:44Z</time>
</trkpt>
<trkpt lat="34.31889800" lon="-110.60709100">
<ele>2144.700</ele>
<time>2024-05-04T16:56:49Z</time>
</trkpt>
<trkpt lat="34.31891600" lon="-110.60701600">
<ele>2144.000</ele>
<time>2024-05-04T16:56:50Z</time>
</trkpt>
<trkpt lat="34.31893100" lon="-110.60693600">
<ele>2143.300</ele>
<time>2024-05-04T16:56:51Z</time>
</trkpt>
<trkpt lat="34.31905600" lon="-110.60650400">
<ele>2139.900</ele>
<time>2024-05-04T16:56:57Z</time>
</trkpt>
<trkpt lat="34.31910800" lon="-110.60636500">
<ele>2138.900</ele>
<time>2024-05-04T16:56:59Z</time>
</trkpt>
<trkpt lat="34.31914000" lon="-110.60629600">
<ele>2138.100</ele>
<time>2024-05-04T16:57:00Z</time>
</trkpt>
<trkpt lat="34.31937300" lon="-110.60574900">
<ele>2134.400</ele>
<time>2024-05-04T16:57:07Z</time>
</trkpt>
<trkpt lat="34.31942000" lon="-110.60558500">
<ele>2133.600</ele>
<time>2024-05-04T16:57:09Z</time>
</trkpt>
<trkpt lat="34.31943600" lon="-110.60551000">
<ele>2133.300</ele>
<time>2024-05-04T16:57:10Z</time>
</trkpt>
<trkpt lat="34.31949800" lon="-110.60526300">
<ele>2131.700</ele>
<time>2024-05-04T16:57:13Z</time>
</trkpt>
<trkpt lat="34.31954600" lon="-110.60493600">
<ele>2128.500</ele>
<time>2024-05-04T16:57:17Z</time>
</trkpt>
<trkpt lat="34.31957800" lon="-110.60478500">
<ele>2127.400</ele>
<time>2024-05-04T16:57:19Z</time>
</trkpt>
<trkpt lat="34.31959600" lon="-110.60471600">
<ele>2126.700</ele>
<time>2024-05-04T16:57:20Z</time>
</trkpt>
<trkpt lat="34.31962100" lon="-110.60465300">
<ele>2126.200</ele>
<time>2024-05-04T16:57:21Z</time>
</trkpt>
<trkpt lat="34.31968600" lon="-110.60454000">
<ele>2125.100</ele>
<time>2024-05-04T16:57:23Z</time>
</trkpt>
<trkpt lat="34.31990300" lon="-110.60432300">
<ele>2124.300</ele>
<time>2024-05-04T16:57:28Z</time>
</trkpt>
<trkpt lat="34.31993000" lon="-110.60427400">
<ele>2124.100</ele>
<time>2024-05-04T16:57:29Z</time>
</trkpt>
<trkpt lat="34.31994600" lon="-110.60421800">
<ele>2124.000</ele>
<time>2024-05-04T16:57:30Z</time>
</trkpt>
<trkpt lat="34.31994500" lon="-110.60411100">
<ele>2123.100</ele>
<time>2024-05-04T16:57:32Z</time>
</trkpt>
<trkpt lat="34.31992000" lon="-110.60401300">
<ele>2122.500</ele>
<time>2024-05-04T16:57:34Z</time>
</trkpt>
<trkpt lat="34.31989800" lon="-110.60396900">
<ele>2122.100</ele>
<time>2024-05-04T16:57:35Z</time>
</trkpt>
<trkpt lat="34.31979500" lon="-110.60386300">
<ele>2121.200</ele>
<time>2024-05-04T16:57:39Z</time>
</trkpt>
<trkpt lat="34.31977100" lon="-110.60383800">
<ele>2121.200</ele>
<time>2024-05-04T16:57:40Z</time>
</trkpt>
<trkpt lat="34.31969300" lon="-110.60377500">
<ele>2120.800</ele>
<time>2024-05-04T16:57:44Z</time>
</trkpt>
<trkpt lat="34.31969300" lon="-110.60373000">
<ele>2120.700</ele>
<time>2024-05-04T16:57:46Z</time>
</trkpt>
<trkpt lat="34.31972500" lon="-110.60358600">
<ele>2120.400</ele>
<time>2024-05-04T16:57:49Z</time>
</trkpt>
<trkpt lat="34.31973800" lon="-110.60353800">
<ele>2120.300</ele>
<time>2024-05-04T16:57:50Z</time>
</trkpt>
<trkpt lat="34.31974600" lon="-110.60336600">
<ele>2119.800</ele>
<time>2024-05-04T16:57:53Z</time>
</trkpt>
<trkpt lat="34.31971400" lon="-110.60311000">
<ele>2118.700</ele>
<time>2024-05-04T16:57:58Z</time>
</trkpt>
<trkpt lat="34.31969500" lon="-110.60305000">
<ele>2118.400</ele>
<time>2024-05-04T16:57:59Z</time>
</trkpt>
<trkpt lat="34.31967100" lon="-110.60299000">
<ele>2118.300</ele>
<time>2024-05-04T16:58:00Z</time>
</trkpt>
<trkpt lat="34.31956800" lon="-110.60271800">
<ele>2117.400</ele>
<time>2024-05-04T16:58:04Z</time>
</trkpt>
<trkpt lat="34.31953000" lon="-110.60255000">
<ele>2117.000</ele>
<time>2024-05-04T16:58:06Z</time>
</trkpt>
<trkpt lat="34.31952500" lon="-110.60246000">
<ele>2116.700</ele>
<time>2024-05-04T16:58:07Z</time>
</trkpt>
<trkpt lat="34.31954600" lon="-110.60228600">
<ele>2116.200</ele>
<time>2024-05-04T16:58:09Z</time>
</trkpt>
<trkpt lat="34.31955300" lon="-110.60222100">
<ele>2115.800</ele>
<time>2024-05-04T16:58:10Z</time>
</trkpt>
<trkpt lat="34.31952500" lon="-110.60185300">
<ele>2114.900</ele>
<time>2024-05-04T16:58:15Z</time>
</trkpt>
<trkpt lat="34.31953400" lon="-110.60161100">
<ele>2114.600</ele>
<time>2024-05-04T16:58:18Z</time>
</trkpt>
<trkpt lat="34.31954600" lon="-110.60153300">
<ele>2114.500</ele>
<time>2024-05-04T16:58:19Z</time>
</trkpt>
<trkpt lat="34.31956100" lon="-110.60145100">
<ele>2114.200</ele>
<time>2024-05-04T16:58:20Z</time>
</trkpt>
<trkpt lat="34.31956600" lon="-110.60128500">
<ele>2114.000</ele>
<time>2024-05-04T16:58:22Z</time>
</trkpt>
<trkpt lat="34.31956000" lon="-110.60122100">
<ele>2114.000</ele>
<time>2024-05-04T16:58:23Z</time>
</trkpt>
<trkpt lat="34.31949300" lon="-110.60094800">
<ele>2114.400</ele>
<time>2024-05-04T16:58:29Z</time>
</trkpt>
<trkpt lat="34.31947800" lon="-110.60090300">
<ele>2114.700</ele>
<time>2024-05-04T16:58:30Z</time>
</trkpt>
<trkpt lat="34.31943600" lon="-110.60072900">
<ele>2114.900</ele>
<time>2024-05-04T16:58:33Z</time>
</trkpt>
<trkpt lat="34.31944500" lon="-110.60059100">
<ele>2114.600</ele>
<time>2024-05-04T16:58:35Z</time>
</trkpt>
<trkpt lat="34.31943600" lon="-110.60046100">
<ele>2114.900</ele>
<time>2024-05-04T16:58:37Z</time>
</trkpt>
<trkpt lat="34.31939000" lon="-110.60036300">
<ele>2115.400</ele>
<time>2024-05-04T16:58:39Z</time>
</trkpt>
<trkpt lat="34.31935800" lon="-110.60032500">
<ele>2115.700</ele>
<time>2024-05-04T16:58:40Z</time>
</trkpt>
<trkpt lat="34.31928800" lon="-110.60023300">
<ele>2116.300</ele>
<time>2024-05-04T16:58:42Z</time>
</trkpt>
<trkpt lat="34.31924300" lon="-110.60012000">
<ele>2116.800</ele>
<time>2024-05-04T16:58:44Z</time>
</trkpt>
<trkpt lat="34.31923500" lon="-110.59976300">
<ele>2117.400</ele>
<time>2024-05-04T16:58:49Z</time>
</trkpt>
<trkpt lat="34.31923800" lon="-110.59967800">
<ele>2117.500</ele>
<time>2024-05-04T16:58:50Z</time>
</trkpt>
<trkpt lat="34.31923600" lon="-110.59940000">
<ele>2118.000</ele>
<time>2024-05-04T16:58:53Z</time>
</trkpt>
<trkpt lat="34.31919500" lon="-110.59877400">
<ele>2119.500</ele>
<time>2024-05-04T16:58:59Z</time>
</trkpt>
<trkpt lat="34.31918600" lon="-110.59867600">
<ele>2119.600</ele>
<time>2024-05-04T16:59:00Z</time>
</trkpt>
<trkpt lat="34.31915300" lon="-110.59838500">
<ele>2120.100</ele>
<time>2024-05-04T16:59:03Z</time>
</trkpt>
<trkpt lat="34.31897300" lon="-110.59786500">
<ele>2121.200</ele>
<time>2024-05-04T16:59:09Z</time>
</trkpt>
<trkpt lat="34.31895100" lon="-110.59776500">
<ele>2121.200</ele>
<time>2024-05-04T16:59:10Z</time>
</trkpt>
<trkpt lat="34.31892300" lon="-110.59767300">
<ele>2121.300</ele>
<time>2024-05-04T16:59:11Z</time>
</trkpt>
<trkpt lat="34.31884100" lon="-110.59749100">
<ele>2121.700</ele>
<time>2024-05-04T16:59:13Z</time>
</trkpt>
<trkpt lat="34.31878600" lon="-110.59730400">
<ele>2121.600</ele>
<time>2024-05-04T16:59:15Z</time>
</trkpt>
<trkpt lat="34.31873600" lon="-110.59690500">
<ele>2121.300</ele>
<time>2024-05-04T16:59:19Z</time>
</trkpt>
<trkpt lat="34.31872300" lon="-110.59681500">
<ele>2121.400</ele>
<time>2024-05-04T16:59:20Z</time>
</trkpt>
<trkpt lat="34.31864500" lon="-110.59635300">
<ele>2120.700</ele>
<time>2024-05-04T16:59:25Z</time>
</trkpt>
<trkpt lat="34.31860100" lon="-110.59616400">
<ele>2120.300</ele>
<time>2024-05-04T16:59:27Z</time>
</trkpt>
<trkpt lat="34.31854300" lon="-110.59599300">
<ele>2120.100</ele>
<time>2024-05-04T16:59:29Z</time>
</trkpt>
<trkpt lat="34.31851600" lon="-110.59590500">
<ele>2120.000</ele>
<time>2024-05-04T16:59:30Z</time>
</trkpt>
<trkpt lat="34.31847100" lon="-110.59574500">
<ele>2119.400</ele>
<time>2024-05-04T16:59:32Z</time>
</trkpt>
<trkpt lat="34.31843800" lon="-110.59557800">
<ele>2118.800</ele>
<time>2024-05-04T16:59:34Z</time>
</trkpt>
<trkpt lat="34.31839300" lon="-110.59523800">
<ele>2117.400</ele>
<time>2024-05-04T16:59:38Z</time>
</trkpt>
<trkpt lat="34.31837100" lon="-110.59515100">
<ele>2117.000</ele>
<time>2024-05-04T16:59:39Z</time>
</trkpt>
<trkpt lat="34.31836000" lon="-110.59506600">
<ele>2116.600</ele>
<time>2024-05-04T16:59:40Z</time>
</trkpt>
<trkpt lat="34.31832900" lon="-110.59489600">
<ele>2115.900</ele>
<time>2024-05-04T16:59:42Z</time>
</trkpt>
<trkpt lat="34.31831500" lon="-110.59468100">
<ele>2114.600</ele>
<time>2024-05-04T16:59:45Z</time>
</trkpt>
<trkpt lat="34.31831300" lon="-110.59454000">
<ele>2114.100</ele>
<time>2024-05-04T16:59:47Z</time>
</trkpt>
<trkpt lat="34.31833500" lon="-110.59439100">
<ele>2113.500</ele>
<time>2024-05-04T16:59:49Z</time>
</trkpt>
<trkpt lat="34.31834300" lon="-110.59432300">
<ele>2113.100</ele>
<time>2024-05-04T16:59:50Z</time>
</trkpt>
<trkpt lat="34.31834500" lon="-110.59411100">
<ele>2112.300</ele>
<time>2024-05-04T16:59:53Z</time>
</trkpt>
<trkpt lat="34.31837600" lon="-110.59371500">
<ele>2111.000</ele>
<time>2024-05-04T16:59:58Z</time>
</trkpt>
<trkpt lat="34.31837100" lon="-110.59363300">
<ele>2110.800</ele>
<time>2024-05-04T16:59:59Z</time>
</trkpt>
<trkpt lat="34.31835300" lon="-110.59356100">
<ele>2110.600</ele>
<time>2024-05-04T17:00:00Z</time>
</trkpt>
<trkpt lat="34.31828600" lon="-110.59343600">
<ele>2110.300</ele>
<time>2024-05-04T17:00:02Z</time>
</trkpt>
<trkpt lat="34.31820000" lon="-110.59333900">
<ele>2110.200</ele>
<time>2024-05-04T17:00:04Z</time>
</trkpt>
<trkpt lat="34.31812300" lon="-110.59323500">
<ele>2110.100</ele>
<time>2024-05-04T17:00:06Z</time>
</trkpt>
<trkpt lat="34.31803600" lon="-110.59306900">
<ele>2109.900</ele>
<time>2024-05-04T17:00:09Z</time>
</trkpt>
<trkpt lat="34.31803100" lon="-110.59300800">
<ele>2109.900</ele>
<time>2024-05-04T17:00:10Z</time>
</trkpt>
<trkpt lat="34.31803600" lon="-110.59281000">
<ele>2109.900</ele>
<time>2024-05-04T17:00:13Z</time>
</trkpt>
<trkpt lat="34.31800500" lon="-110.59257100">
<ele>2110.200</ele>
<time>2024-05-04T17:00:16Z</time>
</trkpt>
<trkpt lat="34.31800300" lon="-110.59249600">
<ele>2110.200</ele>
<time>2024-05-04T17:00:17Z</time>
</trkpt>
<trkpt lat="34.31802000" lon="-110.59233800">
<ele>2110.200</ele>
<time>2024-05-04T17:00:19Z</time>
</trkpt>
<trkpt lat="34.31803600" lon="-110.59226100">
<ele>2110.200</ele>
<time>2024-05-04T17:00:20Z</time>
</trkpt>
<trkpt lat="34.31815800" lon="-110.59183000">
<ele>2110.300</ele>
<time>2024-05-04T17:00:25Z</time>
</trkpt>
<trkpt lat="34.31818000" lon="-110.59164500">
<ele>2110.000</ele>
<time>2024-05-04T17:00:27Z</time>
</trkpt>
<trkpt lat="34.31817800" lon="-110.59155500">
<ele>2109.900</ele>
<time>2024-05-04T17:00:28Z</time>
</trkpt>
<trkpt lat="34.31816500" lon="-110.59147000">
<ele>2109.900</ele>
<time>2024-05-04T17:00:29Z</time>
</trkpt>
<trkpt lat="34.31815300" lon="-110.59138100">
<ele>2109.400</ele>
<time>2024-05-04T17:00:30Z</time>
</trkpt>
<trkpt lat="34.31815500" lon="-110.59121500">
<ele>2108.900</ele>
<time>2024-05-04T17:00:32Z</time>
</trkpt>
<trkpt lat="34.31821300" lon="-110.59109100">
<ele>2107.700</ele>
<time>2024-05-04T17:00:34Z</time>
</trkpt>
<trkpt lat="34.31825300" lon="-110.59102900">
<ele>2106.900</ele>
<time>2024-05-04T17:00:35Z</time>
</trkpt>
<trkpt lat="34.31843600" lon="-110.59081800">
<ele>2104.000</ele>
<time>2024-05-04T17:00:39Z</time>
</trkpt>
<trkpt lat="34.31848100" lon="-110.59076100">
<ele>2103.500</ele>
<time>2024-05-04T17:00:40Z</time>
</trkpt>
<trkpt lat="34.31853000" lon="-110.59070500">
<ele>2102.700</ele>
<time>2024-05-04T17:00:41Z</time>
</trkpt>
<trkpt lat="34.31856300" lon="-110.59064800">
<ele>2101.800</ele>
<time>2024-05-04T17:00:42Z</time>
</trkpt>
<trkpt lat="34.31858600" lon="-110.59058100">
<ele>2101.500</ele>
<time>2024-05-04T17:00:43Z</time>
</trkpt>
<trkpt lat="34.31859600" lon="-110.59051800">
<ele>2100.800</ele>
<time>2024-05-04T17:00:44Z</time>
</trkpt>
<trkpt lat="34.31859400" lon="-110.59045100">
<ele>2100.500</ele>
<time>2024-05-04T17:00:45Z</time>
</trkpt>
<trkpt lat="34.31853300" lon="-110.59025800">
<ele>2099.700</ele>
<time>2024-05-04T17:00:48Z</time>
</trkpt>
<trkpt lat="34.31852800" lon="-110.59019800">
<ele>2099.500</ele>
<time>2024-05-04T17:00:49Z</time>
</trkpt>
<trkpt lat="34.31852100" lon="-110.59013800">
<ele>2099.300</ele>
<time>2024-05-04T17:00:50Z</time>
</trkpt>
<trkpt lat="34.31851600" lon="-110.58995100">
<ele>2098.800</ele>
<time>2024-05-04T17:00:53Z</time>
</trkpt>
<trkpt lat="34.31845500" lon="-110.58970800">
<ele>2099.900</ele>
<time>2024-05-04T17:00:57Z</time>
</trkpt>
<trkpt lat="34.31843800" lon="-110.58956500">
<ele>2101.100</ele>
<time>2024-05-04T17:00:59Z</time>
</trkpt>
<trkpt lat="34.31844000" lon="-110.58949800">
<ele>2101.400</ele>
<time>2024-05-04T17:01:00Z</time>
</trkpt>
<trkpt lat="34.31846100" lon="-110.58929800">
<ele>2102.900</ele>
<time>2024-05-04T17:01:03Z</time>
</trkpt>
<trkpt lat="34.31843600" lon="-110.58905100">
<ele>2105.700</ele>
<time>2024-05-04T17:01:07Z</time>
</trkpt>
<trkpt lat="34.31840000" lon="-110.58895100">
<ele>2106.800</ele>
<time>2024-05-04T17:01:09Z</time>
</trkpt>
<trkpt lat="34.31837600" lon="-110.58890300">
<ele>2107.500</ele>
<time>2024-05-04T17:01:10Z</time>
</trkpt>
<trkpt lat="34.31832900" lon="-110.58879900">
<ele>2109.100</ele>
<time>2024-05-04T17:01:12Z</time>
</trkpt>
<trkpt lat="34.31832000" lon="-110.58853100">
<ele>2111.900</ele>
<time>2024-05-04T17:01:16Z</time>
</trkpt>
<trkpt lat="34.31830100" lon="-110.58847600">
<ele>2112.800</ele>
<time>2024-05-04T17:01:17Z</time>
</trkpt>
<trkpt lat="34.31822800" lon="-110.58838300">
<ele>2114.800</ele>
<time>2024-05-04T17:01:19Z</time>
</trkpt>
<trkpt lat="34.31818000" lon="-110.58834400">
<ele>2115.800</ele>
<time>2024-05-04T17:01:20Z</time>
</trkpt>
<trkpt lat="34.31809000" lon="-110.58827800">
<ele>2117.900</ele>
<time>2024-05-04T17:01:22Z</time>
</trkpt>
<trkpt lat="34.31804100" lon="-110.58823100">
<ele>2118.800</ele>
<time>2024-05-04T17:01:23Z</time>
</trkpt>
<trkpt lat="34.31800000" lon="-110.58817300">
<ele>2119.600</ele>
<time>2024-05-04T17:01:24Z</time>
</trkpt>
<trkpt lat="34.31792600" lon="-110.58805000">
<ele>2121.400</ele>
<time>2024-05-04T17:01:26Z</time>
</trkpt>
<trkpt lat="34.31785500" lon="-110.58785100">
<ele>2123.400</ele>
<time>2024-05-04T17:01:29Z</time>
</trkpt>
<trkpt lat="34.31783000" lon="-110.58777800">
<ele>2124.000</ele>
<time>2024-05-04T17:01:30Z</time>
</trkpt>
<trkpt lat="34.31779300" lon="-110.58762800">
<ele>2124.700</ele>
<time>2024-05-04T17:01:32Z</time>
</trkpt>
<trkpt lat="34.31776000" lon="-110.58738900">
<ele>2125.700</ele>
<time>2024-05-04T17:01:35Z</time>
</trkpt>
<trkpt lat="34.31765600" lon="-110.58707600">
<ele>2126.900</ele>
<time>2024-05-04T17:01:39Z</time>
</trkpt>
<trkpt lat="34.31763500" lon="-110.58698300">
<ele>2127.300</ele>
<time>2024-05-04T17:01:40Z</time>
</trkpt>
<trkpt lat="34.31758100" lon="-110.58677300">
<ele>2127.700</ele>
<time>2024-05-04T17:01:42Z</time>
</trkpt>
<trkpt lat="34.31745300" lon="-110.58636400">
<ele>2128.400</ele>
<time>2024-05-04T17:01:46Z</time>
</trkpt>
<trkpt lat="34.31737300" lon="-110.58606100">
<ele>2128.300</ele>
<time>2024-05-04T17:01:49Z</time>
</trkpt>
<trkpt lat="34.31735000" lon="-110.58596100">
<ele>2128.200</ele>
<time>2024-05-04T17:01:50Z</time>
</trkpt>
<trkpt lat="34.31733800" lon="-110.58575800">
<ele>2127.700</ele>
<time>2024-05-04T17:01:52Z</time>
</trkpt>
<trkpt lat="34.31733300" lon="-110.58519100">
<ele>2126.000</ele>
<time>2024-05-04T17:01:59Z</time>
</trkpt>
<trkpt lat="34.31733600" lon="-110.58511600">
<ele>2125.600</ele>
<time>2024-05-04T17:02:00Z</time>
</trkpt>
<trkpt lat="34.31735800" lon="-110.58488100">
<ele>2124.600</ele>
<time>2024-05-04T17:02:03Z</time>
</trkpt>
<trkpt lat="34.31738400" lon="-110.58473500">
<ele>2124.100</ele>
<time>2024-05-04T17:02:05Z</time>
</trkpt>
<trkpt lat="34.31742800" lon="-110.58457500">
<ele>2123.400</ele>
<time>2024-05-04T17:02:07Z</time>
</trkpt>
<trkpt lat="34.31748600" lon="-110.58442800">
<ele>2122.400</ele>
<time>2024-05-04T17:02:09Z</time>
</trkpt>
<trkpt lat="34.31751600" lon="-110.58434800">
<ele>2122.300</ele>
<time>2024-05-04T17:02:10Z</time>
</trkpt>
<trkpt lat="34.31769100" lon="-110.58396600">
<ele>2119.900</ele>
<time>2024-05-04T17:02:15Z</time>
</trkpt>
<trkpt lat="34.31784500" lon="-110.58367000">
<ele>2117.300</ele>
<time>2024-05-04T17:02:19Z</time>
</trkpt>
<trkpt lat="34.31788600" lon="-110.58359100">
<ele>2116.800</ele>
<time>2024-05-04T17:02:20Z</time>
</trkpt>
<trkpt lat="34.31800000" lon="-110.58328800">
<ele>2113.900</ele>
<time>2024-05-04T17:02:24Z</time>
</trkpt>
<trkpt lat="34.31803000" lon="-110.58313800">
<ele>2112.400</ele>
<time>2024-05-04T17:02:26Z</time>
</trkpt>
<trkpt lat="34.31805100" lon="-110.58293100">
<ele>2111.000</ele>
<time>2024-05-04T17:02:29Z</time>
</trkpt>
<trkpt lat="34.31805300" lon="-110.58286600">
<ele>2110.300</ele>
<time>2024-05-04T17:02:30Z</time>
</trkpt>
<trkpt lat="34.31807500" lon="-110.58230000">
<ele>2106.000</ele>
<time>2024-05-04T17:02:39Z</time>
</trkpt>
<trkpt lat="34.31808000" lon="-110.58225400">
<ele>2105.700</ele>
<time>2024-05-04T17:02:40Z</time>
</trkpt>
<trkpt lat="34.31810800" lon="-110.58196600">
<ele>2102.800</ele>
<time>2024-05-04T17:02:46Z</time>
</trkpt>
<trkpt lat="34.31809000" lon="-110.58182100">
<ele>2101.600</ele>
<time>2024-05-04T17:02:49Z</time>
</trkpt>
<trkpt lat="34.31808100" lon="-110.58178500">
<ele>2101.200</ele>
<time>2024-05-04T17:02:50Z</time>
</trkpt>
<trkpt lat="34.31799400" lon="-110.58139800">
<ele>2099.000</ele>
<time>2024-05-04T17:02:59Z</time>
</trkpt>
<trkpt lat="34.31798500" lon="-110.58135300">
<ele>2099.100</ele>
<time>2024-05-04T17:03:00Z</time>
</trkpt>
<trkpt lat="34.31794100" lon="-110.58116000">
<ele>2099.600</ele>
<time>2024-05-04T17:03:05Z</time>
</trkpt>
<trkpt lat="34.31795000" lon="-110.58109500">
<ele>2099.800</ele>
<time>2024-05-04T17:03:07Z</time>
</trkpt>
<trkpt lat="34.31797600" lon="-110.58105600">
<ele>2099.600</ele>
<time>2024-05-04T17:03:09Z</time>
</trkpt>
<trkpt lat="34.31798500" lon="-110.58104100">
<ele>2099.600</ele>
<time>2024-05-04T17:03:10Z</time>
</trkpt>
<trkpt lat="34.31799000" lon="-110.58103100">
<ele>2099.900</ele>
<time>2024-05-04T17:03:16Z</time>
</trkpt>
<trkpt lat="34.31799000" lon="-110.58103100">
<ele>2099.900</ele>
<time>2024-05-04T17:20:54Z</time>
</trkpt>
<trkpt lat="34.31825300" lon="-110.58076600">
<ele>2099.300</ele>
<time>2024-05-04T17:21:10Z</time>
</trkpt>
<trkpt lat="34.31829300" lon="-110.58071800">
<ele>2099.300</ele>
<time>2024-05-04T17:21:11Z</time>
</trkpt>
<trkpt lat="34.31838000" lon="-110.58059900">
<ele>2099.500</ele>
<time>2024-05-04T17:21:13Z</time>
</trkpt>
<trkpt lat="34.31850600" lon="-110.58035600">
<ele>2099.800</ele>
<time>2024-05-04T17:21:16Z</time>
</trkpt>
<trkpt lat="34.31868300" lon="-110.58005600">
<ele>2100.400</ele>
<time>2024-05-04T17:21:20Z</time>
</trkpt>
<trkpt lat="34.31872500" lon="-110.57998300">
<ele>2100.700</ele>
<time>2024-05-04T17:21:21Z</time>
</trkpt>
<trkpt lat="34.31877100" lon="-110.57984800">
<ele>2100.900</ele>
<time>2024-05-04T17:21:23Z</time>
</trkpt>
<trkpt lat="34.31878600" lon="-110.57977500">
<ele>2101.300</ele>
<time>2024-05-04T17:21:24Z</time>
</trkpt>
<trkpt lat="34.31880300" lon="-110.57953800">
<ele>2102.800</ele>
<time>2024-05-04T17:21:27Z</time>
</trkpt>
<trkpt lat="34.31879600" lon="-110.57927900">
<ele>2103.900</ele>
<time>2024-05-04T17:21:30Z</time>
</trkpt>
<trkpt lat="34.31878300" lon="-110.57918900">
<ele>2104.100</ele>
<time>2024-05-04T17:21:31Z</time>
</trkpt>
<trkpt lat="34.31871600" lon="-110.57873100">
<ele>2105.300</ele>
<time>2024-05-04T17:21:36Z</time>
</trkpt>
<trkpt lat="34.31869300" lon="-110.57836300">
<ele>2105.000</ele>
<time>2024-05-04T17:21:40Z</time>
</trkpt>
<trkpt lat="34.31869600" lon="-110.57827000">
<ele>2104.700</ele>
<time>2024-05-04T17:21:41Z</time>
</trkpt>
<trkpt lat="34.31871600" lon="-110.57801500">
<ele>2103.700</ele>
<time>2024-05-04T17:21:44Z</time>
</trkpt>
<trkpt lat="34.31873300" lon="-110.57758800">
<ele>2101.700</ele>
<time>2024-05-04T17:21:50Z</time>
</trkpt>
<trkpt lat="34.31874300" lon="-110.57751300">
<ele>2101.300</ele>
<time>2024-05-04T17:21:51Z</time>
</trkpt>
<trkpt lat="34.31877400" lon="-110.57735100">
<ele>2100.500</ele>
<time>2024-05-04T17:21:53Z</time>
</trkpt>
<trkpt lat="34.31880300" lon="-110.57727100">
<ele>2100.200</ele>
<time>2024-05-04T17:21:54Z</time>
</trkpt>
<trkpt lat="34.31883600" lon="-110.57719500">
<ele>2099.800</ele>
<time>2024-05-04T17:21:55Z</time>
</trkpt>
<trkpt lat="34.31896300" lon="-110.57698000">
<ele>2099.000</ele>
<time>2024-05-04T17:21:58Z</time>
</trkpt>
<trkpt lat="34.31902100" lon="-110.57683900">
<ele>2098.400</ele>
<time>2024-05-04T17:22:00Z</time>
</trkpt>
<trkpt lat="34.31904800" lon="-110.57676000">
<ele>2098.300</ele>
<time>2024-05-04T17:22:01Z</time>
</trkpt>
<trkpt lat="34.31907000" lon="-110.57667500">
<ele>2098.200</ele>
<time>2024-05-04T17:22:02Z</time>
</trkpt>
<trkpt lat="34.31915100" lon="-110.57645000">
<ele>2098.000</ele>
<time>2024-05-04T17:22:05Z</time>
</trkpt>
<trkpt lat="34.31925800" lon="-110.57618400">
<ele>2098.000</ele>
<time>2024-05-04T17:22:08Z</time>
</trkpt>
<trkpt lat="34.31933500" lon="-110.57602500">
<ele>2098.000</ele>
<time>2024-05-04T17:22:10Z</time>
</trkpt>
<trkpt lat="34.31937000" lon="-110.57594300">
<ele>2098.000</ele>
<time>2024-05-04T17:22:11Z</time>
</trkpt>
<trkpt lat="34.31944600" lon="-110.57578300">
<ele>2098.000</ele>
<time>2024-05-04T17:22:13Z</time>
</trkpt>
<trkpt lat="34.31955000" lon="-110.57563800">
<ele>2098.000</ele>
<time>2024-05-04T17:22:15Z</time>
</trkpt>
<trkpt lat="34.31985500" lon="-110.57534800">
<ele>2098.000</ele>
<time>2024-05-04T17:22:20Z</time>
</trkpt>
<trkpt lat="34.31992000" lon="-110.57530300">
<ele>2098.000</ele>
<time>2024-05-04T17:22:21Z</time>
</trkpt>
<trkpt lat="34.32063100" lon="-110.57495600">
<ele>2097.800</ele>
<time>2024-05-04T17:22:30Z</time>
</trkpt>
<trkpt lat="34.32071300" lon="-110.57491400">
<ele>2097.700</ele>
<time>2024-05-04T17:22:31Z</time>
</trkpt>
<trkpt lat="34.32129600" lon="-110.57466800">
<ele>2097.400</ele>
<time>2024-05-04T17:22:38Z</time>
</trkpt>
<trkpt lat="34.32137300" lon="-110.57463000">
<ele>2097.400</ele>
<time>2024-05-04T17:22:39Z</time>
</trkpt>
<trkpt lat="34.32144500" lon="-110.57458000">
<ele>2097.300</ele>
<time>2024-05-04T17:22:40Z</time>
</trkpt>
<trkpt lat="34.32151500" lon="-110.57452500">
<ele>2097.200</ele>
<time>2024-05-04T17:22:41Z</time>
</trkpt>
<trkpt lat="34.32172600" lon="-110.57435300">
<ele>2096.700</ele>
<time>2024-05-04T17:22:44Z</time>
</trkpt>
<trkpt lat="34.32209500" lon="-110.57398500">
<ele>2095.200</ele>
<time>2024-05-04T17:22:50Z</time>
</trkpt>
<trkpt lat="34.32215300" lon="-110.57392600">
<ele>2094.900</ele>
<time>2024-05-04T17:22:51Z</time>
</trkpt>
<trkpt lat="34.32225800" lon="-110.57381600">
<ele>2094.100</ele>
<time>2024-05-04T17:22:53Z</time>
</trkpt>
<trkpt lat="34.32267300" lon="-110.57342500">
<ele>2089.800</ele>
<time>2024-05-04T17:23:00Z</time>
</trkpt>
<trkpt lat="34.32273300" lon="-110.57336800">
<ele>2089.300</ele>
<time>2024-05-04T17:23:01Z</time>
</trkpt>
<trkpt lat="34.32294300" lon="-110.57314100">
<ele>2086.400</ele>
<time>2024-05-04T17:23:05Z</time>
</trkpt>
<trkpt lat="34.32305100" lon="-110.57298300">
<ele>2085.800</ele>
<time>2024-05-04T17:23:08Z</time>
</trkpt>
<trkpt lat="34.32309800" lon="-110.57289300">
<ele>2085.700</ele>
<time>2024-05-04T17:23:10Z</time>
</trkpt>
<trkpt lat="34.32311600" lon="-110.57284800">
<ele>2085.800</ele>
<time>2024-05-04T17:23:11Z</time>
</trkpt>
<trkpt lat="34.32317100" lon="-110.57264600">
<ele>2085.800</ele>
<time>2024-05-04T17:23:16Z</time>
</trkpt>
<trkpt lat="34.32318400" lon="-110.57247500">
<ele>2085.800</ele>
<time>2024-05-04T17:23:20Z</time>
</trkpt>
<trkpt lat="34.32318600" lon="-110.57242100">
<ele>2085.800</ele>
<time>2024-05-04T17:23:21Z</time>
</trkpt>
<trkpt lat="34.32318800" lon="-110.57232800">
<ele>2085.800</ele>
<time>2024-05-04T17:23:23Z</time>
</trkpt>
<trkpt lat="34.32322100" lon="-110.57222600">
<ele>2085.800</ele>
<time>2024-05-04T17:23:25Z</time>
</trkpt>
<trkpt lat="34.32334800" lon="-110.57205500">
<ele>2085.700</ele>
<time>2024-05-04T17:23:30Z</time>
</trkpt>
<trkpt lat="34.32336600" lon="-110.57202300">
<ele>2085.700</ele>
<time>2024-05-04T17:23:31Z</time>
</trkpt>
<trkpt lat="34.32341800" lon="-110.57191600">
<ele>2085.600</ele>
<time>2024-05-04T17:23:35Z</time>
</trkpt>
<trkpt lat="34.32345800" lon="-110.57185800">
<ele>2085.500</ele>
<time>2024-05-04T17:23:38Z</time>
</trkpt>
<trkpt lat="34.32347500" lon="-110.57180800">
<ele>2085.600</ele>
<time>2024-05-04T17:23:41Z</time>
</trkpt>
<trkpt lat="34.32347600" lon="-110.57178800">
<ele>2085.600</ele>
<time>2024-05-04T17:23:42Z</time>
</trkpt>
<trkpt lat="34.32345800" lon="-110.57160100">
<ele>2085.600</ele>
<time>2024-05-04T17:23:51Z</time>
</trkpt>
<trkpt lat="34.32345600" lon="-110.57157300">
<ele>2085.600</ele>
<time>2024-05-04T17:23:52Z</time>
</trkpt>
<trkpt lat="34.32345000" lon="-110.57136600">
<ele>2085.800</ele>
<time>2024-05-04T17:23:58Z</time>
</trkpt>
<trkpt lat="34.32343300" lon="-110.57122800">
<ele>2085.800</ele>
<time>2024-05-04T17:24:01Z</time>
</trkpt>
<trkpt lat="34.32342500" lon="-110.57117600">
<ele>2085.800</ele>
<time>2024-05-04T17:24:02Z</time>
</trkpt>
<trkpt lat="34.32341600" lon="-110.57106900">
<ele>2085.800</ele>
<time>2024-05-04T17:24:04Z</time>
</trkpt>
<trkpt lat="34.32340000" lon="-110.57101600">
<ele>2085.800</ele>
<time>2024-05-04T17:24:05Z</time>
</trkpt>
<trkpt lat="34.32325000" lon="-110.57072000">
<ele>2085.800</ele>
<time>2024-05-04T17:24:11Z</time>
</trkpt>
<trkpt lat="34.32322000" lon="-110.57067100">
<ele>2085.900</ele>
<time>2024-05-04T17:24:12Z</time>
</trkpt>
<trkpt lat="34.32315600" lon="-110.57056100">
<ele>2086.100</ele>
<time>2024-05-04T17:24:14Z</time>
</trkpt>
<trkpt lat="34.32313600" lon="-110.57049500">
<ele>2086.100</ele>
<time>2024-05-04T17:24:15Z</time>
</trkpt>
<trkpt lat="34.32307300" lon="-110.57016300">
<ele>2086.300</ele>
<time>2024-05-04T17:24:19Z</time>
</trkpt>
<trkpt lat="34.32302000" lon="-110.56999100">
<ele>2086.900</ele>
<time>2024-05-04T17:24:21Z</time>
</trkpt>
<trkpt lat="34.32298800" lon="-110.56991500">
<ele>2087.000</ele>
<time>2024-05-04T17:24:22Z</time>
</trkpt>
<trkpt lat="34.32294600" lon="-110.56983500">
<ele>2087.200</ele>
<time>2024-05-04T17:24:23Z</time>
</trkpt>
<trkpt lat="34.32280800" lon="-110.56967000">
<ele>2088.200</ele>
<time>2024-05-04T17:24:26Z</time>
</trkpt>
<trkpt lat="34.32263800" lon="-110.56953000">
<ele>2089.500</ele>
<time>2024-05-04T17:24:29Z</time>
</trkpt>
<trkpt lat="34.32251600" lon="-110.56947300">
<ele>2090.400</ele>
<time>2024-05-04T17:24:31Z</time>
</trkpt>
<trkpt lat="34.32245800" lon="-110.56945800">
<ele>2090.700</ele>
<time>2024-05-04T17:24:32Z</time>
</trkpt>
<trkpt lat="34.32214300" lon="-110.56943000">
<ele>2092.600</ele>
<time>2024-05-04T17:24:38Z</time>
</trkpt>
<trkpt lat="34.32200800" lon="-110.56940300">
<ele>2093.400</ele>
<time>2024-05-04T17:24:41Z</time>
</trkpt>
<trkpt lat="34.32195500" lon="-110.56939300">
<ele>2093.700</ele>
<time>2024-05-04T17:24:42Z</time>
</trkpt>
<trkpt lat="34.32178000" lon="-110.56938300">
<ele>2094.300</ele>
<time>2024-05-04T17:24:45Z</time>
</trkpt>
<trkpt lat="34.32152000" lon="-110.56943500">
<ele>2094.800</ele>
<time>2024-05-04T17:24:49Z</time>
</trkpt>
<trkpt lat="34.32140100" lon="-110.56944600">
<ele>2094.900</ele>
<time>2024-05-04T17:24:51Z</time>
</trkpt>
<trkpt lat="34.32134000" lon="-110.56944000">
<ele>2095.100</ele>
<time>2024-05-04T17:24:52Z</time>
</trkpt>
<trkpt lat="34.32097800" lon="-110.56936100">
<ele>2095.800</ele>
<time>2024-05-04T17:24:58Z</time>
</trkpt>
<trkpt lat="34.32080500" lon="-110.56928800">
<ele>2096.200</ele>
<time>2024-05-04T17:25:01Z</time>
</trkpt>
<trkpt lat="34.32073800" lon="-110.56926800">
<ele>2096.300</ele>
<time>2024-05-04T17:25:02Z</time>
</trkpt>
<trkpt lat="34.32054500" lon="-110.56921300">
<ele>2096.800</ele>
<time>2024-05-04T17:25:05Z</time>
</trkpt>
<trkpt lat="34.32042100" lon="-110.56916100">
<ele>2097.100</ele>
<time>2024-05-04T17:25:07Z</time>
</trkpt>
<trkpt lat="34.32031000" lon="-110.56909800">
<ele>2097.200</ele>
<time>2024-05-04T17:25:09Z</time>
</trkpt>
<trkpt lat="34.32019800" lon="-110.56899900">
<ele>2097.300</ele>
<time>2024-05-04T17:25:11Z</time>
</trkpt>
<trkpt lat="34.32015100" lon="-110.56895100">
<ele>2097.500</ele>
<time>2024-05-04T17:25:12Z</time>
</trkpt>
<trkpt lat="34.32007000" lon="-110.56883100">
<ele>2097.400</ele>
<time>2024-05-04T17:25:14Z</time>
</trkpt>
<trkpt lat="34.32003800" lon="-110.56875900">
<ele>2097.400</ele>
<time>2024-05-04T17:25:15Z</time>
</trkpt>
<trkpt lat="34.32001000" lon="-110.56862100">
<ele>2097.400</ele>
<time>2024-05-04T17:25:17Z</time>
</trkpt>
<trkpt lat="34.32000000" lon="-110.56839300">
<ele>2097.200</ele>
<time>2024-05-04T17:25:20Z</time>
</trkpt>
<trkpt lat="34.31998100" lon="-110.56832100">
<ele>2097.100</ele>
<time>2024-05-04T17:25:21Z</time>
</trkpt>
<trkpt lat="34.31997100" lon="-110.56824300">
<ele>2097.100</ele>
<time>2024-05-04T17:25:22Z</time>
</trkpt>
<trkpt lat="34.31994600" lon="-110.56769300">
<ele>2097.500</ele>
<time>2024-05-04T17:25:31Z</time>
</trkpt>
<trkpt lat="34.31994500" lon="-110.56763500">
<ele>2097.500</ele>
<time>2024-05-04T17:25:32Z</time>
</trkpt>
<trkpt lat="34.31993100" lon="-110.56721800">
<ele>2098.000</ele>
<time>2024-05-04T17:25:38Z</time>
</trkpt>
<trkpt lat="34.31995600" lon="-110.56697100">
<ele>2098.000</ele>
<time>2024-05-04T17:25:41Z</time>
</trkpt>
<trkpt lat="34.31996500" lon="-110.56688500">
<ele>2098.000</ele>
<time>2024-05-04T17:25:42Z</time>
</trkpt>
<trkpt lat="34.31998300" lon="-110.56679600">
<ele>2098.000</ele>
<time>2024-05-04T17:25:43Z</time>
</trkpt>
<trkpt lat="34.32001100" lon="-110.56672100">
<ele>2098.500</ele>
<time>2024-05-04T17:25:44Z</time>
</trkpt>
<trkpt lat="34.32010100" lon="-110.56652600">
<ele>2100.900</ele>
<time>2024-05-04T17:25:47Z</time>
</trkpt>
<trkpt lat="34.32016800" lon="-110.56626300">
<ele>2103.900</ele>
<time>2024-05-04T17:25:51Z</time>
</trkpt>
<trkpt lat="34.32019000" lon="-110.56620000">
<ele>2104.600</ele>
<time>2024-05-04T17:25:52Z</time>
</trkpt>
<trkpt lat="34.32023000" lon="-110.56614100">
<ele>2105.600</ele>
<time>2024-05-04T17:25:53Z</time>
</trkpt>
<trkpt lat="34.32037300" lon="-110.56598800">
<ele>2107.400</ele>
<time>2024-05-04T17:25:56Z</time>
</trkpt>
<trkpt lat="34.32042300" lon="-110.56594300">
<ele>2107.900</ele>
<time>2024-05-04T17:25:57Z</time>
</trkpt>
<trkpt lat="34.32064800" lon="-110.56578600">
<ele>2109.400</ele>
<time>2024-05-04T17:26:01Z</time>
</trkpt>
<trkpt lat="34.32070100" lon="-110.56574100">
<ele>2109.600</ele>
<time>2024-05-04T17:26:02Z</time>
</trkpt>
<trkpt lat="34.32075000" lon="-110.56568300">
<ele>2109.600</ele>
<time>2024-05-04T17:26:03Z</time>
</trkpt>
<trkpt lat="34.32081600" lon="-110.56554600">
<ele>2109.700</ele>
<time>2024-05-04T17:26:05Z</time>
</trkpt>
<trkpt lat="34.32084300" lon="-110.56537000">
<ele>2109.600</ele>
<time>2024-05-04T17:26:08Z</time>
</trkpt>
<trkpt lat="34.32087300" lon="-110.56526000">
<ele>2109.600</ele>
<time>2024-05-04T17:26:11Z</time>
</trkpt>
<trkpt lat="34.32088800" lon="-110.56522500">
<ele>2109.600</ele>
<time>2024-05-04T17:26:12Z</time>
</trkpt>
<trkpt lat="34.32093600" lon="-110.56511000">
<ele>2109.600</ele>
<time>2024-05-04T17:26:15Z</time>
</trkpt>
<trkpt lat="34.32106800" lon="-110.56488400">
<ele>2109.600</ele>
<time>2024-05-04T17:26:21Z</time>
</trkpt>
<trkpt lat="34.32110100" lon="-110.56483800">
<ele>2109.600</ele>
<time>2024-05-04T17:26:22Z</time>
</trkpt>
<trkpt lat="34.32120800" lon="-110.56469900">
<ele>2109.600</ele>
<time>2024-05-04T17:26:25Z</time>
</trkpt>
<trkpt lat="34.32126000" lon="-110.56459100">
<ele>2109.900</ele>
<time>2024-05-04T17:26:27Z</time>
</trkpt>
<trkpt lat="34.32126800" lon="-110.56453300">
<ele>2110.000</ele>
<time>2024-05-04T17:26:28Z</time>
</trkpt>
<trkpt lat="34.32126300" lon="-110.56435300">
<ele>2110.300</ele>
<time>2024-05-04T17:26:31Z</time>
</trkpt>
<trkpt lat="34.32126500" lon="-110.56428400">
<ele>2110.500</ele>
<time>2024-05-04T17:26:32Z</time>
</trkpt>
<trkpt lat="34.32129900" lon="-110.56408500">
<ele>2111.300</ele>
<time>2024-05-04T17:26:35Z</time>
</trkpt>
<trkpt lat="34.32138600" lon="-110.56381000">
<ele>2112.900</ele>
<time>2024-05-04T17:26:39Z</time>
</trkpt>
<trkpt lat="34.32144800" lon="-110.56367600">
<ele>2114.400</ele>
<time>2024-05-04T17:26:41Z</time>
</trkpt>
<trkpt lat="34.32146600" lon="-110.56361500">
<ele>2115.400</ele>
<time>2024-05-04T17:26:42Z</time>
</trkpt>
<trkpt lat="34.32147900" lon="-110.56349000">
<ele>2115.800</ele>
<time>2024-05-04T17:26:44Z</time>
</trkpt>
<trkpt lat="34.32146800" lon="-110.56342300">
<ele>2116.200</ele>
<time>2024-05-04T17:26:45Z</time>
</trkpt>
<trkpt lat="34.32144800" lon="-110.56335600">
<ele>2116.200</ele>
<time>2024-05-04T17:26:46Z</time>
</trkpt>
<trkpt lat="34.32138900" lon="-110.56325000">
<ele>2116.000</ele>
<time>2024-05-04T17:26:48Z</time>
</trkpt>
<trkpt lat="34.32136800" lon="-110.56318800">
<ele>2116.300</ele>
<time>2024-05-04T17:26:49Z</time>
</trkpt>
<trkpt lat="34.32134800" lon="-110.56306000">
<ele>2117.000</ele>
<time>2024-05-04T17:26:51Z</time>
</trkpt>
<trkpt lat="34.32134100" lon="-110.56300000">
<ele>2117.800</ele>
<time>2024-05-04T17:26:52Z</time>
</trkpt>
<trkpt lat="34.32132100" lon="-110.56282500">
<ele>2119.100</ele>
<time>2024-05-04T17:26:55Z</time>
</trkpt>
<trkpt lat="34.32132900" lon="-110.56271000">
<ele>2120.200</ele>
<time>2024-05-04T17:26:57Z</time>
</trkpt>
<trkpt lat="34.32141600" lon="-110.56247800">
<ele>2121.500</ele>
<time>2024-05-04T17:27:01Z</time>
</trkpt>
<trkpt lat="34.32144500" lon="-110.56243000">
<ele>2121.700</ele>
<time>2024-05-04T17:27:02Z</time>
</trkpt>
<trkpt lat="34.32160300" lon="-110.56215300">
<ele>2122.600</ele>
<time>2024-05-04T17:27:08Z</time>
</trkpt>
<trkpt lat="34.32169300" lon="-110.56203800">
<ele>2122.600</ele>
<time>2024-05-04T17:27:11Z</time>
</trkpt>
<trkpt lat="34.32172100" lon="-110.56200500">
<ele>2122.700</ele>
<time>2024-05-04T17:27:12Z</time>
</trkpt>
<trkpt lat="34.32180000" lon="-110.56183300">
<ele>2122.900</ele>
<time>2024-05-04T17:27:18Z</time>
</trkpt>
<trkpt lat="34.32182000" lon="-110.56172600">
<ele>2123.000</ele>
<time>2024-05-04T17:27:21Z</time>
</trkpt>
<trkpt lat="34.32183000" lon="-110.56169600">
<ele>2123.000</ele>
<time>2024-05-04T17:27:22Z</time>
</trkpt>
<trkpt lat="34.32194500" lon="-110.56144500">
<ele>2121.600</ele>
<time>2024-05-04T17:27:28Z</time>
</trkpt>
<trkpt lat="34.32197300" lon="-110.56132800">
<ele>2120.400</ele>
<time>2024-05-04T17:27:31Z</time>
</trkpt>
<trkpt lat="34.32198100" lon="-110.56130000">
<ele>2120.400</ele>
<time>2024-05-04T17:27:32Z</time>
</trkpt>
<trkpt lat="34.32198800" lon="-110.56121000">
<ele>2119.000</ele>
<time>2024-05-04T17:27:35Z</time>
</trkpt>
<trkpt lat="34.32194300" lon="-110.56106800">
<ele>2117.600</ele>
<time>2024-05-04T17:27:41Z</time>
</trkpt>
<trkpt lat="34.32194100" lon="-110.56104500">
<ele>2117.600</ele>
<time>2024-05-04T17:27:42Z</time>
</trkpt>
<trkpt lat="34.32191300" lon="-110.56071500">
<ele>2113.600</ele>
<time>2024-05-04T17:27:51Z</time>
</trkpt>
<trkpt lat="34.32191100" lon="-110.56067800">
<ele>2113.200</ele>
<time>2024-05-04T17:27:52Z</time>
</trkpt>
<trkpt lat="34.32192800" lon="-110.56047800">
<ele>2110.900</ele>
<time>2024-05-04T17:27:57Z</time>
</trkpt>
<trkpt lat="34.32197600" lon="-110.56031300">
<ele>2109.400</ele>
<time>2024-05-04T17:28:01Z</time>
</trkpt>
<trkpt lat="34.32199000" lon="-110.56027300">
<ele>2108.800</ele>
<time>2024-05-04T17:28:02Z</time>
</trkpt>
<trkpt lat="34.32206400" lon="-110.56003500">
<ele>2105.600</ele>
<time>2024-05-04T17:28:08Z</time>
</trkpt>
<trkpt lat="34.32211500" lon="-110.55996800">
<ele>2104.600</ele>
<time>2024-05-04T17:28:11Z</time>
</trkpt>
<trkpt lat="34.32213000" lon="-110.55994300">
<ele>2104.600</ele>
<time>2024-05-04T17:28:12Z</time>
</trkpt>
<trkpt lat="34.32218500" lon="-110.55986100">
<ele>2103.500</ele>
<time>2024-05-04T17:28:15Z</time>
</trkpt>
<trkpt lat="34.32245100" lon="-110.55958300">
<ele>2100.300</ele>
<time>2024-05-04T17:28:21Z</time>
</trkpt>
<trkpt lat="34.32250600" lon="-110.55952500">
<ele>2099.500</ele>
<time>2024-05-04T17:28:22Z</time>
</trkpt>
<trkpt lat="34.32265500" lon="-110.55935000">
<ele>2098.500</ele>
<time>2024-05-04T17:28:25Z</time>
</trkpt>
<trkpt lat="34.32275500" lon="-110.55927000">
<ele>2098.200</ele>
<time>2024-05-04T17:28:27Z</time>
</trkpt>
<trkpt lat="34.32290000" lon="-110.55918000">
<ele>2098.000</ele>
<time>2024-05-04T17:28:30Z</time>
</trkpt>
<trkpt lat="34.32294500" lon="-110.55914000">
<ele>2098.000</ele>
<time>2024-05-04T17:28:31Z</time>
</trkpt>
<trkpt lat="34.32299800" lon="-110.55910100">
<ele>2097.800</ele>
<time>2024-05-04T17:28:32Z</time>
</trkpt>
<trkpt lat="34.32307500" lon="-110.55901500">
<ele>2097.700</ele>
<time>2024-05-04T17:28:34Z</time>
</trkpt>
<trkpt lat="34.32312300" lon="-110.55892300">
<ele>2097.700</ele>
<time>2024-05-04T17:28:36Z</time>
</trkpt>
<trkpt lat="34.32320600" lon="-110.55872300">
<ele>2097.400</ele>
<time>2024-05-04T17:28:41Z</time>
</trkpt>
<trkpt lat="34.32322100" lon="-110.55867800">
<ele>2097.400</ele>
<time>2024-05-04T17:28:42Z</time>
</trkpt>
<trkpt lat="34.32351300" lon="-110.55810100">
<ele>2097.200</ele>
<time>2024-05-04T17:28:51Z</time>
</trkpt>
<trkpt lat="34.32356000" lon="-110.55802100">
<ele>2097.100</ele>
<time>2024-05-04T17:28:52Z</time>
</trkpt>
<trkpt lat="34.32386800" lon="-110.55759500">
<ele>2096.700</ele>
<time>2024-05-04T17:28:58Z</time>
</trkpt>
<trkpt lat="34.32401100" lon="-110.55741800">
<ele>2095.800</ele>
<time>2024-05-04T17:29:01Z</time>
</trkpt>
<trkpt lat="34.32404500" lon="-110.55735100">
<ele>2095.500</ele>
<time>2024-05-04T17:29:02Z</time>
</trkpt>
<trkpt lat="34.32408600" lon="-110.55718600">
<ele>2095.200</ele>
<time>2024-05-04T17:29:04Z</time>
</trkpt>
<trkpt lat="34.32409500" lon="-110.55700800">
<ele>2095.000</ele>
<time>2024-05-04T17:29:06Z</time>
</trkpt>
<trkpt lat="34.32407800" lon="-110.55683100">
<ele>2095.000</ele>
<time>2024-05-04T17:29:08Z</time>
</trkpt>
<trkpt lat="34.32404100" lon="-110.55659400">
<ele>2095.100</ele>
<time>2024-05-04T17:29:11Z</time>
</trkpt>
<trkpt lat="34.32404000" lon="-110.55651300">
<ele>2094.900</ele>
<time>2024-05-04T17:29:12Z</time>
</trkpt>
<trkpt lat="34.32403500" lon="-110.55643000">
<ele>2094.900</ele>
<time>2024-05-04T17:29:13Z</time>
</trkpt>
<trkpt lat="34.32397000" lon="-110.55598600">
<ele>2094.700</ele>
<time>2024-05-04T17:29:18Z</time>
</trkpt>
<trkpt lat="34.32391000" lon="-110.55570300">
<ele>2094.900</ele>
<time>2024-05-04T17:29:21Z</time>
</trkpt>
<trkpt lat="34.32388600" lon="-110.55561100">
<ele>2095.100</ele>
<time>2024-05-04T17:29:22Z</time>
</trkpt>
<trkpt lat="34.32385800" lon="-110.55552300">
<ele>2095.200</ele>
<time>2024-05-04T17:29:23Z</time>
</trkpt>
<trkpt lat="34.32377800" lon="-110.55536600">
<ele>2095.500</ele>
<time>2024-05-04T17:29:25Z</time>
</trkpt>
<trkpt lat="34.32357500" lon="-110.55507100">
<ele>2096.100</ele>
<time>2024-05-04T17:29:31Z</time>
</trkpt>
<trkpt lat="34.32355800" lon="-110.55502600">
<ele>2096.200</ele>
<time>2024-05-04T17:29:32Z</time>
</trkpt>
<trkpt lat="34.32339300" lon="-110.55460300">
<ele>2097.100</ele>
<time>2024-05-04T17:29:41Z</time>
</trkpt>
<trkpt lat="34.32337300" lon="-110.55455300">
<ele>2097.200</ele>
<time>2024-05-04T17:29:42Z</time>
</trkpt>
<trkpt lat="34.32331900" lon="-110.55444500">
<ele>2097.400</ele>
<time>2024-05-04T17:29:44Z</time>
</trkpt>
<trkpt lat="34.32323600" lon="-110.55423600">
<ele>2097.700</ele>
<time>2024-05-04T17:29:48Z</time>
</trkpt>
<trkpt lat="34.32316300" lon="-110.55409000">
<ele>2097.700</ele>
<time>2024-05-04T17:29:51Z</time>
</trkpt>
<trkpt lat="34.32313800" lon="-110.55404800">
<ele>2097.700</ele>
<time>2024-05-04T17:29:52Z</time>
</trkpt>
<trkpt lat="34.32309300" lon="-110.55397500">
<ele>2097.900</ele>
<time>2024-05-04T17:29:54Z</time>
</trkpt>
<trkpt lat="34.32300800" lon="-110.55387000">
<ele>2098.000</ele>
<time>2024-05-04T17:29:57Z</time>
</trkpt>
<trkpt lat="34.32286100" lon="-110.55377800">
<ele>2098.000</ele>
<time>2024-05-04T17:30:01Z</time>
</trkpt>
<trkpt lat="34.32282000" lon="-110.55375100">
<ele>2098.000</ele>
<time>2024-05-04T17:30:02Z</time>
</trkpt>
<trkpt lat="34.32278400" lon="-110.55371800">
<ele>2098.000</ele>
<time>2024-05-04T17:30:03Z</time>
</trkpt>
<trkpt lat="34.32276500" lon="-110.55368100">
<ele>2098.000</ele>
<time>2024-05-04T17:30:04Z</time>
</trkpt>
<trkpt lat="34.32274500" lon="-110.55360500">
<ele>2098.000</ele>
<time>2024-05-04T17:30:06Z</time>
</trkpt>
<trkpt lat="34.32271100" lon="-110.55353500">
<ele>2098.000</ele>
<time>2024-05-04T17:30:08Z</time>
</trkpt>
<trkpt lat="34.32268800" lon="-110.55342600">
<ele>2098.000</ele>
<time>2024-05-04T17:30:11Z</time>
</trkpt>
<trkpt lat="34.32268100" lon="-110.55339000">
<ele>2098.000</ele>
<time>2024-05-04T17:30:12Z</time>
</trkpt>
<trkpt lat="34.32261600" lon="-110.55316800">
<ele>2098.000</ele>
<time>2024-05-04T17:30:17Z</time>
</trkpt>
<trkpt lat="34.32255900" lon="-110.55302600">
<ele>2098.300</ele>
<time>2024-05-04T17:30:21Z</time>
</trkpt>
<trkpt lat="34.32254500" lon="-110.55299300">
<ele>2098.300</ele>
<time>2024-05-04T17:30:22Z</time>
</trkpt>
<trkpt lat="34.32252000" lon="-110.55289600">
<ele>2098.400</ele>
<time>2024-05-04T17:30:25Z</time>
</trkpt>
<trkpt lat="34.32251300" lon="-110.55281500">
<ele>2098.400</ele>
<time>2024-05-04T17:30:27Z</time>
</trkpt>
<trkpt lat="34.32255500" lon="-110.55264600">
<ele>2098.300</ele>
<time>2024-05-04T17:30:30Z</time>
</trkpt>
<trkpt lat="34.32255300" lon="-110.55260100">
<ele>2098.300</ele>
<time>2024-05-04T17:30:31Z</time>
</trkpt>
<trkpt lat="34.32253300" lon="-110.55256800">
<ele>2098.300</ele>
<time>2024-05-04T17:30:32Z</time>
</trkpt>
<trkpt lat="34.32240600" lon="-110.55250800">
<ele>2098.400</ele>
<time>2024-05-04T17:30:35Z</time>
</trkpt>
<trkpt lat="34.32233400" lon="-110.55244800">
<ele>2098.700</ele>
<time>2024-05-04T17:30:37Z</time>
</trkpt>
<trkpt lat="34.32231600" lon="-110.55239500">
<ele>2098.600</ele>
<time>2024-05-04T17:30:38Z</time>
</trkpt>
<trkpt lat="34.32230100" lon="-110.55216600">
<ele>2098.200</ele>
<time>2024-05-04T17:30:41Z</time>
</trkpt>
<trkpt lat="34.32230500" lon="-110.55207800">
<ele>2098.000</ele>
<time>2024-05-04T17:30:42Z</time>
</trkpt>
<trkpt lat="34.32232300" lon="-110.55189600">
<ele>2098.000</ele>
<time>2024-05-04T17:30:44Z</time>
</trkpt>
<trkpt lat="34.32233100" lon="-110.55163800">
<ele>2097.700</ele>
<time>2024-05-04T17:30:47Z</time>
</trkpt>
<trkpt lat="34.32232000" lon="-110.55149600">
<ele>2097.500</ele>
<time>2024-05-04T17:30:49Z</time>
</trkpt>
<trkpt lat="34.32227800" lon="-110.55137800">
<ele>2097.400</ele>
<time>2024-05-04T17:30:51Z</time>
</trkpt>
<trkpt lat="34.32223300" lon="-110.55133300">
<ele>2097.400</ele>
<time>2024-05-04T17:30:52Z</time>
</trkpt>
<trkpt lat="34.32214100" lon="-110.55124800">
<ele>2097.400</ele>
<time>2024-05-04T17:30:54Z</time>
</trkpt>
<trkpt lat="34.32207000" lon="-110.55113600">
<ele>2097.400</ele>
<time>2024-05-04T17:30:56Z</time>
</trkpt>
<trkpt lat="34.32204500" lon="-110.55106000">
<ele>2097.400</ele>
<time>2024-05-04T17:30:57Z</time>
</trkpt>
<trkpt lat="34.32199500" lon="-110.55075300">
<ele>2097.400</ele>
<time>2024-05-04T17:31:01Z</time>
</trkpt>
<trkpt lat="34.32197600" lon="-110.55068000">
<ele>2097.400</ele>
<time>2024-05-04T17:31:02Z</time>
</trkpt>
<trkpt lat="34.32197300" lon="-110.55056500">
<ele>2097.400</ele>
<time>2024-05-04T17:31:04Z</time>
</trkpt>
<trkpt lat="34.32199800" lon="-110.55045100">
<ele>2097.400</ele>
<time>2024-05-04T17:31:06Z</time>
</trkpt>
<trkpt lat="34.32204100" lon="-110.55032100">
<ele>2097.400</ele>
<time>2024-05-04T17:31:08Z</time>
</trkpt>
<trkpt lat="34.32214000" lon="-110.55010100">
<ele>2097.400</ele>
<time>2024-05-04T17:31:11Z</time>
</trkpt>
<trkpt lat="34.32218000" lon="-110.55003100">
<ele>2097.400</ele>
<time>2024-05-04T17:31:12Z</time>
</trkpt>
<trkpt lat="34.32232800" lon="-110.54975800">
<ele>2098.100</ele>
<time>2024-05-04T17:31:16Z</time>
</trkpt>
<trkpt lat="34.32235500" lon="-110.54968800">
<ele>2098.500</ele>
<time>2024-05-04T17:31:17Z</time>
</trkpt>
<trkpt lat="34.32243100" lon="-110.54939500">
<ele>2100.100</ele>
<time>2024-05-04T17:31:21Z</time>
</trkpt>
<trkpt lat="34.32244100" lon="-110.54933100">
<ele>2100.400</ele>
<time>2024-05-04T17:31:22Z</time>
</trkpt>
<trkpt lat="34.32242100" lon="-110.54920800">
<ele>2101.600</ele>
<time>2024-05-04T17:31:24Z</time>
</trkpt>
<trkpt lat="34.32239300" lon="-110.54914800">
<ele>2102.600</ele>
<time>2024-05-04T17:31:25Z</time>
</trkpt>
<trkpt lat="34.32236100" lon="-110.54910600">
<ele>2103.000</ele>
<time>2024-05-04T17:31:26Z</time>
</trkpt>
<trkpt lat="34.32217300" lon="-110.54895300">
<ele>2103.800</ele>
<time>2024-05-04T17:31:30Z</time>
</trkpt>
<trkpt lat="34.32214300" lon="-110.54890500">
<ele>2104.400</ele>
<time>2024-05-04T17:31:31Z</time>
</trkpt>
<trkpt lat="34.32212000" lon="-110.54884100">
<ele>2105.200</ele>
<time>2024-05-04T17:31:32Z</time>
</trkpt>
<trkpt lat="34.32209500" lon="-110.54878500">
<ele>2105.600</ele>
<time>2024-05-04T17:31:33Z</time>
</trkpt>
<trkpt lat="34.32205600" lon="-110.54873100">
<ele>2106.000</ele>
<time>2024-05-04T17:31:34Z</time>
</trkpt>
<trkpt lat="34.32196500" lon="-110.54865000">
<ele>2106.700</ele>
<time>2024-05-04T17:31:36Z</time>
</trkpt>
<trkpt lat="34.32188600" lon="-110.54855600">
<ele>2107.500</ele>
<time>2024-05-04T17:31:38Z</time>
</trkpt>
<trkpt lat="34.32185500" lon="-110.54850800">
<ele>2108.200</ele>
<time>2024-05-04T17:31:39Z</time>
</trkpt>
<trkpt lat="34.32180500" lon="-110.54837500">
<ele>2109.000</ele>
<time>2024-05-04T17:31:41Z</time>
</trkpt>
<trkpt lat="34.32178800" lon="-110.54829500">
<ele>2109.400</ele>
<time>2024-05-04T17:31:42Z</time>
</trkpt>
<trkpt lat="34.32175600" lon="-110.54780300">
<ele>2110.200</ele>
<time>2024-05-04T17:31:48Z</time>
</trkpt>
<trkpt lat="34.32173000" lon="-110.54754900">
<ele>2110.200</ele>
<time>2024-05-04T17:31:51Z</time>
</trkpt>
<trkpt lat="34.32172100" lon="-110.54746600">
<ele>2110.200</ele>
<time>2024-05-04T17:31:52Z</time>
</trkpt>
<trkpt lat="34.32171500" lon="-110.54737500">
<ele>2110.200</ele>
<time>2024-05-04T17:31:53Z</time>
</trkpt>
<trkpt lat="34.32168100" lon="-110.54719800">
<ele>2110.200</ele>
<time>2024-05-04T17:31:55Z</time>
</trkpt>
<trkpt lat="34.32165900" lon="-110.54711800">
<ele>2110.200</ele>
<time>2024-05-04T17:31:56Z</time>
</trkpt>
<trkpt lat="34.32157100" lon="-110.54688600">
<ele>2110.200</ele>
<time>2024-05-04T17:31:59Z</time>
</trkpt>
<trkpt lat="34.32154800" lon="-110.54673100">
<ele>2110.000</ele>
<time>2024-05-04T17:32:01Z</time>
</trkpt>
<trkpt lat="34.32154500" lon="-110.54665300">
<ele>2109.900</ele>
<time>2024-05-04T17:32:02Z</time>
</trkpt>
<trkpt lat="34.32154500" lon="-110.54637800">
<ele>2109.700</ele>
<time>2024-05-04T17:32:05Z</time>
</trkpt>
<trkpt lat="34.32157100" lon="-110.54603300">
<ele>2109.000</ele>
<time>2024-05-04T17:32:09Z</time>
</trkpt>
<trkpt lat="34.32159800" lon="-110.54587600">
<ele>2108.200</ele>
<time>2024-05-04T17:32:11Z</time>
</trkpt>
<trkpt lat="34.32161800" lon="-110.54580600">
<ele>2107.900</ele>
<time>2024-05-04T17:32:12Z</time>
</trkpt>
<trkpt lat="34.32167600" lon="-110.54567000">
<ele>2107.100</ele>
<time>2024-05-04T17:32:14Z</time>
</trkpt>
<trkpt lat="34.32174100" lon="-110.54556100">
<ele>2106.400</ele>
<time>2024-05-04T17:32:16Z</time>
</trkpt>
<trkpt lat="34.32193300" lon="-110.54529400">
<ele>2103.600</ele>
<time>2024-05-04T17:32:21Z</time>
</trkpt>
<trkpt lat="34.32197000" lon="-110.54524100">
<ele>2102.500</ele>
<time>2024-05-04T17:32:22Z</time>
</trkpt>
<trkpt lat="34.32218100" lon="-110.54491000">
<ele>2099.400</ele>
<time>2024-05-04T17:32:27Z</time>
</trkpt>
<trkpt lat="34.32221600" lon="-110.54482800">
<ele>2099.000</ele>
<time>2024-05-04T17:32:28Z</time>
</trkpt>
<trkpt lat="34.32235000" lon="-110.54464500">
<ele>2098.200</ele>
<time>2024-05-04T17:32:31Z</time>
</trkpt>
<trkpt lat="34.32239800" lon="-110.54459000">
<ele>2098.200</ele>
<time>2024-05-04T17:32:32Z</time>
</trkpt>
<trkpt lat="34.32249000" lon="-110.54447400">
<ele>2098.100</ele>
<time>2024-05-04T17:32:34Z</time>
</trkpt>
<trkpt lat="34.32256800" lon="-110.54434800">
<ele>2098.000</ele>
<time>2024-05-04T17:32:36Z</time>
</trkpt>
<trkpt lat="34.32281000" lon="-110.54405300">
<ele>2097.500</ele>
<time>2024-05-04T17:32:41Z</time>
</trkpt>
<trkpt lat="34.32285500" lon="-110.54400400">
<ele>2097.500</ele>
<time>2024-05-04T17:32:42Z</time>
</trkpt>
<trkpt lat="34.32290100" lon="-110.54394600">
<ele>2097.400</ele>
<time>2024-05-04T17:32:43Z</time>
</trkpt>
<trkpt lat="34.32302000" lon="-110.54375800">
<ele>2097.400</ele>
<time>2024-05-04T17:32:46Z</time>
</trkpt>
<trkpt lat="34.32328600" lon="-110.54351000">
<ele>2097.400</ele>
<time>2024-05-04T17:32:51Z</time>
</trkpt>
<trkpt lat="34.32333800" lon="-110.54346100">
<ele>2097.400</ele>
<time>2024-05-04T17:32:52Z</time>
</trkpt>
<trkpt lat="34.32350800" lon="-110.54327100">
<ele>2097.400</ele>
<time>2024-05-04T17:32:55Z</time>
</trkpt>
<trkpt lat="34.32360300" lon="-110.54313300">
<ele>2097.400</ele>
<time>2024-05-04T17:32:57Z</time>
</trkpt>
<trkpt lat="34.32367500" lon="-110.54298500">
<ele>2097.400</ele>
<time>2024-05-04T17:32:59Z</time>
</trkpt>
<trkpt lat="34.32373000" lon="-110.54282600">
<ele>2097.400</ele>
<time>2024-05-04T17:33:01Z</time>
</trkpt>
<trkpt lat="34.32376300" lon="-110.54274500">
<ele>2097.400</ele>
<time>2024-05-04T17:33:02Z</time>
</trkpt>
<trkpt lat="34.32379500" lon="-110.54268100">
<ele>2097.400</ele>
<time>2024-05-04T17:33:03Z</time>
</trkpt>
<trkpt lat="34.32388300" lon="-110.54254900">
<ele>2097.400</ele>
<time>2024-05-04T17:33:05Z</time>
</trkpt>
<trkpt lat="34.32397800" lon="-110.54243000">
<ele>2097.400</ele>
<time>2024-05-04T17:33:07Z</time>
</trkpt>
<trkpt lat="34.32416300" lon="-110.54215600">
<ele>2097.300</ele>
<time>2024-05-04T17:33:11Z</time>
</trkpt>
<trkpt lat="34.32420600" lon="-110.54208500">
<ele>2097.200</ele>
<time>2024-05-04T17:33:12Z</time>
</trkpt>
<trkpt lat="34.32429000" lon="-110.54195600">
<ele>2097.100</ele>
<time>2024-05-04T17:33:14Z</time>
</trkpt>
<trkpt lat="34.32430800" lon="-110.54188600">
<ele>2097.100</ele>
<time>2024-05-04T17:33:15Z</time>
</trkpt>
<trkpt lat="34.32431100" lon="-110.54182300">
<ele>2097.100</ele>
<time>2024-05-04T17:33:16Z</time>
</trkpt>
<trkpt lat="34.32429600" lon="-110.54175100">
<ele>2097.100</ele>
<time>2024-05-04T17:33:17Z</time>
</trkpt>
<trkpt lat="34.32414500" lon="-110.54151500">
<ele>2097.300</ele>
<time>2024-05-04T17:33:21Z</time>
</trkpt>
<trkpt lat="34.32410500" lon="-110.54146100">
<ele>2097.400</ele>
<time>2024-05-04T17:33:22Z</time>
</trkpt>
<trkpt lat="34.32401100" lon="-110.54127600">
<ele>2097.600</ele>
<time>2024-05-04T17:33:25Z</time>
</trkpt>
<trkpt lat="34.32380600" lon="-110.54094500">
<ele>2098.000</ele>
<time>2024-05-04T17:33:31Z</time>
</trkpt>
<trkpt lat="34.32377100" lon="-110.54089500">
<ele>2098.000</ele>
<time>2024-05-04T17:33:32Z</time>
</trkpt>
<trkpt lat="34.32369600" lon="-110.54080000">
<ele>2098.000</ele>
<time>2024-05-04T17:33:34Z</time>
</trkpt>
<trkpt lat="34.32360100" lon="-110.54058300">
<ele>2098.300</ele>
<time>2024-05-04T17:33:37Z</time>
</trkpt>
<trkpt lat="34.32357500" lon="-110.54035600">
<ele>2098.300</ele>
<time>2024-05-04T17:33:40Z</time>
</trkpt>
<trkpt lat="34.32357500" lon="-110.54026600">
<ele>2098.300</ele>
<time>2024-05-04T17:33:41Z</time>
</trkpt>
<trkpt lat="34.32356800" lon="-110.54017900">
<ele>2098.300</ele>
<time>2024-05-04T17:33:42Z</time>
</trkpt>
<trkpt lat="34.32356300" lon="-110.54002900">
<ele>2098.300</ele>
<time>2024-05-04T17:33:44Z</time>
</trkpt>
<trkpt lat="34.32357300" lon="-110.53995800">
<ele>2098.300</ele>
<time>2024-05-04T17:33:45Z</time>
</trkpt>
<trkpt lat="34.32366100" lon="-110.53962300">
<ele>2098.500</ele>
<time>2024-05-04T17:33:51Z</time>
</trkpt>
<trkpt lat="34.32367500" lon="-110.53957500">
<ele>2098.600</ele>
<time>2024-05-04T17:33:52Z</time>
</trkpt>
<trkpt lat="34.32372300" lon="-110.53942600">
<ele>2098.700</ele>
<time>2024-05-04T17:33:55Z</time>
</trkpt>
<trkpt lat="34.32373500" lon="-110.53933500">
<ele>2098.900</ele>
<time>2024-05-04T17:33:57Z</time>
</trkpt>
<trkpt lat="34.32372100" lon="-110.53930600">
<ele>2098.900</ele>
<time>2024-05-04T17:33:58Z</time>
</trkpt>
<trkpt lat="34.32370100" lon="-110.53929000">
<ele>2098.900</ele>
<time>2024-05-04T17:33:59Z</time>
</trkpt>
<trkpt lat="34.32365000" lon="-110.53929500">
<ele>2098.800</ele>
<time>2024-05-04T17:34:01Z</time>
</trkpt>
<trkpt lat="34.32362100" lon="-110.53931400">
<ele>2098.800</ele>
<time>2024-05-04T17:34:02Z</time>
</trkpt>
<trkpt lat="34.32327600" lon="-110.53949300">
<ele>2098.300</ele>
<time>2024-05-04T17:34:08Z</time>
</trkpt>
<trkpt lat="34.32305300" lon="-110.53957500">
<ele>2098.000</ele>
<time>2024-05-04T17:34:11Z</time>
</trkpt>
<trkpt lat="34.32298100" lon="-110.53959300">
<ele>2098.000</ele>
<time>2024-05-04T17:34:12Z</time>
</trkpt>
<trkpt lat="34.32282600" lon="-110.53957100">
<ele>2097.900</ele>
<time>2024-05-04T17:34:14Z</time>
</trkpt>
<trkpt lat="34.32275100" lon="-110.53954000">
<ele>2097.800</ele>
<time>2024-05-04T17:34:15Z</time>
</trkpt>
<trkpt lat="34.32268600" lon="-110.53949800">
<ele>2097.700</ele>
<time>2024-05-04T17:34:16Z</time>
</trkpt>
<trkpt lat="34.32262100" lon="-110.53944000">
<ele>2097.700</ele>
<time>2024-05-04T17:34:17Z</time>
</trkpt>
<trkpt lat="34.32256600" lon="-110.53936900">
<ele>2097.600</ele>
<time>2024-05-04T17:34:18Z</time>
</trkpt>
<trkpt lat="34.32249800" lon="-110.53918900">
<ele>2097.400</ele>
<time>2024-05-04T17:34:20Z</time>
</trkpt>
<trkpt lat="34.32247300" lon="-110.53909500">
<ele>2097.300</ele>
<time>2024-05-04T17:34:21Z</time>
</trkpt>
<trkpt lat="34.32244500" lon="-110.53899500">
<ele>2097.200</ele>
<time>2024-05-04T17:34:22Z</time>
</trkpt>
<trkpt lat="34.32215400" lon="-110.53812000">
<ele>2093.800</ele>
<time>2024-05-04T17:34:31Z</time>
</trkpt>
<trkpt lat="34.32212300" lon="-110.53802100">
<ele>2093.200</ele>
<time>2024-05-04T17:34:32Z</time>
</trkpt>
<trkpt lat="34.32208800" lon="-110.53792500">
<ele>2092.600</ele>
<time>2024-05-04T17:34:33Z</time>
</trkpt>
<trkpt lat="34.32200500" lon="-110.53762000">
<ele>2090.900</ele>
<time>2024-05-04T17:34:36Z</time>
</trkpt>
<trkpt lat="34.32194000" lon="-110.53732000">
<ele>2089.500</ele>
<time>2024-05-04T17:34:39Z</time>
</trkpt>
<trkpt lat="34.32188600" lon="-110.53715600">
<ele>2089.400</ele>
<time>2024-05-04T17:34:41Z</time>
</trkpt>
<trkpt lat="34.32186300" lon="-110.53707000">
<ele>2089.100</ele>
<time>2024-05-04T17:34:42Z</time>
</trkpt>
<trkpt lat="34.32179000" lon="-110.53676800">
<ele>2089.200</ele>
<time>2024-05-04T17:34:46Z</time>
</trkpt>
<trkpt lat="34.32177000" lon="-110.53657100">
<ele>2089.300</ele>
<time>2024-05-04T17:34:49Z</time>
</trkpt>
<trkpt lat="34.32173600" lon="-110.53645600">
<ele>2089.600</ele>
<time>2024-05-04T17:34:51Z</time>
</trkpt>
<trkpt lat="34.32170800" lon="-110.53641100">
<ele>2089.900</ele>
<time>2024-05-04T17:34:52Z</time>
</trkpt>
<trkpt lat="34.32156000" lon="-110.53605300">
<ele>2091.300</ele>
<time>2024-05-04T17:34:58Z</time>
</trkpt>
<trkpt lat="34.32151300" lon="-110.53582600">
<ele>2091.900</ele>
<time>2024-05-04T17:35:01Z</time>
</trkpt>
<trkpt lat="34.32150000" lon="-110.53576800">
<ele>2092.000</ele>
<time>2024-05-04T17:35:02Z</time>
</trkpt>
<trkpt lat="34.32149000" lon="-110.53572800">
<ele>2092.200</ele>
<time>2024-05-04T17:35:03Z</time>
</trkpt>
<trkpt lat="34.32145300" lon="-110.53568100">
<ele>2092.500</ele>
<time>2024-05-04T17:35:05Z</time>
</trkpt>
<trkpt lat="34.32137800" lon="-110.53553800">
<ele>2093.200</ele>
<time>2024-05-04T17:35:09Z</time>
</trkpt>
<trkpt lat="34.32129900" lon="-110.53545300">
<ele>2093.700</ele>
<time>2024-05-04T17:35:11Z</time>
</trkpt>
<trkpt lat="34.32125300" lon="-110.53540600">
<ele>2093.900</ele>
<time>2024-05-04T17:35:12Z</time>
</trkpt>
<trkpt lat="34.32110400" lon="-110.53529600">
<ele>2094.800</ele>
<time>2024-05-04T17:35:15Z</time>
</trkpt>
<trkpt lat="34.32107000" lon="-110.53526100">
<ele>2095.100</ele>
<time>2024-05-04T17:35:16Z</time>
</trkpt>
<trkpt lat="34.32104500" lon="-110.53521100">
<ele>2095.100</ele>
<time>2024-05-04T17:35:17Z</time>
</trkpt>
<trkpt lat="34.32104800" lon="-110.53515600">
<ele>2095.200</ele>
<time>2024-05-04T17:35:18Z</time>
</trkpt>
<trkpt lat="34.32107300" lon="-110.53510400">
<ele>2095.200</ele>
<time>2024-05-04T17:35:19Z</time>
</trkpt>
<trkpt lat="34.32114100" lon="-110.53500800">
<ele>2095.300</ele>
<time>2024-05-04T17:35:21Z</time>
</trkpt>
<trkpt lat="34.32118600" lon="-110.53495600">
<ele>2095.100</ele>
<time>2024-05-04T17:35:22Z</time>
</trkpt>
<trkpt lat="34.32126000" lon="-110.53485100">
<ele>2095.300</ele>
<time>2024-05-04T17:35:24Z</time>
</trkpt>
<trkpt lat="34.32128300" lon="-110.53479600">
<ele>2095.400</ele>
<time>2024-05-04T17:35:25Z</time>
</trkpt>
<trkpt lat="34.32130500" lon="-110.53458800">
<ele>2095.900</ele>
<time>2024-05-04T17:35:30Z</time>
</trkpt>
<trkpt lat="34.32130100" lon="-110.53454600">
<ele>2095.900</ele>
<time>2024-05-04T17:35:31Z</time>
</trkpt>
<trkpt lat="34.32130500" lon="-110.53450000">
<ele>2096.100</ele>
<time>2024-05-04T17:35:32Z</time>
</trkpt>
<trkpt lat="34.32135000" lon="-110.53431600">
<ele>2096.500</ele>
<time>2024-05-04T17:35:36Z</time>
</trkpt>
<trkpt lat="34.32139300" lon="-110.53404500">
<ele>2097.200</ele>
<time>2024-05-04T17:35:41Z</time>
</trkpt>
<trkpt lat="34.32140800" lon="-110.53398000">
<ele>2097.400</ele>
<time>2024-05-04T17:35:42Z</time>
</trkpt>
<trkpt lat="34.32145100" lon="-110.53380300">
<ele>2097.800</ele>
<time>2024-05-04T17:35:45Z</time>
</trkpt>
<trkpt lat="34.32149600" lon="-110.53369000">
<ele>2098.000</ele>
<time>2024-05-04T17:35:47Z</time>
</trkpt>
<trkpt lat="34.32160500" lon="-110.53356300">
<ele>2098.200</ele>
<time>2024-05-04T17:35:50Z</time>
</trkpt>
<trkpt lat="34.32163600" lon="-110.53351000">
<ele>2098.300</ele>
<time>2024-05-04T17:35:51Z</time>
</trkpt>
<trkpt lat="34.32167300" lon="-110.53346000">
<ele>2098.400</ele>
<time>2024-05-04T17:35:52Z</time>
</trkpt>
<trkpt lat="34.32183500" lon="-110.53329100">
<ele>2098.600</ele>
<time>2024-05-04T17:35:56Z</time>
</trkpt>
<trkpt lat="34.32200500" lon="-110.53308000">
<ele>2098.700</ele>
<time>2024-05-04T17:36:00Z</time>
</trkpt>
<trkpt lat="34.32205600" lon="-110.53304000">
<ele>2098.700</ele>
<time>2024-05-04T17:36:01Z</time>
</trkpt>
<trkpt lat="34.32211100" lon="-110.53299300">
<ele>2098.600</ele>
<time>2024-05-04T17:36:02Z</time>
</trkpt>
<trkpt lat="34.32222300" lon="-110.53291300">
<ele>2098.600</ele>
<time>2024-05-04T17:36:04Z</time>
</trkpt>
<trkpt lat="34.32244000" lon="-110.53278100">
<ele>2098.300</ele>
<time>2024-05-04T17:36:08Z</time>
</trkpt>
<trkpt lat="34.32261100" lon="-110.53272100">
<ele>2098.000</ele>
<time>2024-05-04T17:36:11Z</time>
</trkpt>
<trkpt lat="34.32267300" lon="-110.53270500">
<ele>2097.900</ele>
<time>2024-05-04T17:36:12Z</time>
</trkpt>
<trkpt lat="34.32279500" lon="-110.53266600">
<ele>2097.700</ele>
<time>2024-05-04T17:36:14Z</time>
</trkpt>
<trkpt lat="34.32285000" lon="-110.53266100">
<ele>2097.600</ele>
<time>2024-05-04T17:36:15Z</time>
</trkpt>
<trkpt lat="34.32301500" lon="-110.53260100">
<ele>2097.200</ele>
<time>2024-05-04T17:36:18Z</time>
</trkpt>
<trkpt lat="34.32317800" lon="-110.53250500">
<ele>2096.800</ele>
<time>2024-05-04T17:36:21Z</time>
</trkpt>
<trkpt lat="34.32322800" lon="-110.53248600">
<ele>2096.800</ele>
<time>2024-05-04T17:36:22Z</time>
</trkpt>
<trkpt lat="34.32359100" lon="-110.53232300">
<ele>2096.100</ele>
<time>2024-05-04T17:36:28Z</time>
</trkpt>
<trkpt lat="34.32369300" lon="-110.53229000">
<ele>2095.900</ele>
<time>2024-05-04T17:36:30Z</time>
</trkpt>
<trkpt lat="34.32374300" lon="-110.53228400">
<ele>2095.900</ele>
<time>2024-05-04T17:36:31Z</time>
</trkpt>
<trkpt lat="34.32378500" lon="-110.53228400">
<ele>2095.800</ele>
<time>2024-05-04T17:36:32Z</time>
</trkpt>
<trkpt lat="34.32388000" lon="-110.53229500">
<ele>2095.300</ele>
<time>2024-05-04T17:36:34Z</time>
</trkpt>
<trkpt lat="34.32399300" lon="-110.53226600">
<ele>2095.300</ele>
<time>2024-05-04T17:36:36Z</time>
</trkpt>
<trkpt lat="34.32410600" lon="-110.53223500">
<ele>2095.300</ele>
<time>2024-05-04T17:36:38Z</time>
</trkpt>
<trkpt lat="34.32426100" lon="-110.53215500">
<ele>2095.500</ele>
<time>2024-05-04T17:36:41Z</time>
</trkpt>
<trkpt lat="34.32431100" lon="-110.53214600">
<ele>2095.400</ele>
<time>2024-05-04T17:36:42Z</time>
</trkpt>
<trkpt lat="34.32436100" lon="-110.53215300">
<ele>2095.300</ele>
<time>2024-05-04T17:36:43Z</time>
</trkpt>
<trkpt lat="34.32440900" lon="-110.53213800">
<ele>2095.100</ele>
<time>2024-05-04T17:36:44Z</time>
</trkpt>
<trkpt lat="34.32449600" lon="-110.53207400">
<ele>2095.200</ele>
<time>2024-05-04T17:36:46Z</time>
</trkpt>
<trkpt lat="34.32454300" lon="-110.53205600">
<ele>2095.400</ele>
<time>2024-05-04T17:36:47Z</time>
</trkpt>
<trkpt lat="34.32460600" lon="-110.53201300">
<ele>2095.400</ele>
<time>2024-05-04T17:36:48Z</time>
</trkpt>
<trkpt lat="34.32472100" lon="-110.53196100">
<ele>2095.300</ele>
<time>2024-05-04T17:36:50Z</time>
</trkpt>
<trkpt lat="34.32478000" lon="-110.53195000">
<ele>2095.300</ele>
<time>2024-05-04T17:36:51Z</time>
</trkpt>
<trkpt lat="34.32483600" lon="-110.53193300">
<ele>2095.400</ele>
<time>2024-05-04T17:36:52Z</time>
</trkpt>
<trkpt lat="34.32520300" lon="-110.53180400">
<ele>2095.100</ele>
<time>2024-05-04T17:36:59Z</time>
</trkpt>
<trkpt lat="34.32532300" lon="-110.53174800">
<ele>2095.100</ele>
<time>2024-05-04T17:37:01Z</time>
</trkpt>
<trkpt lat="34.32538500" lon="-110.53172600">
<ele>2095.000</ele>
<time>2024-05-04T17:37:02Z</time>
</trkpt>
<trkpt lat="34.32566600" lon="-110.53159100">
<ele>2094.700</ele>
<time>2024-05-04T17:37:07Z</time>
</trkpt>
<trkpt lat="34.32584300" lon="-110.53151800">
<ele>2094.500</ele>
<time>2024-05-04T17:37:11Z</time>
</trkpt>
<trkpt lat="34.32589100" lon="-110.53150800">
<ele>2094.600</ele>
<time>2024-05-04T17:37:12Z</time>
</trkpt>
<trkpt lat="34.32601500" lon="-110.53146500">
<ele>2094.500</ele>
<time>2024-05-04T17:37:15Z</time>
</trkpt>
<trkpt lat="34.32609800" lon="-110.53141400">
<ele>2094.600</ele>
<time>2024-05-04T17:37:17Z</time>
</trkpt>
<trkpt lat="34.32619100" lon="-110.53137600">
<ele>2094.700</ele>
<time>2024-05-04T17:37:19Z</time>
</trkpt>
<trkpt lat="34.32628800" lon="-110.53132300">
<ele>2094.900</ele>
<time>2024-05-04T17:37:21Z</time>
</trkpt>
<trkpt lat="34.32633800" lon="-110.53130600">
<ele>2094.900</ele>
<time>2024-05-04T17:37:22Z</time>
</trkpt>
<trkpt lat="34.32657500" lon="-110.53122800">
<ele>2095.600</ele>
<time>2024-05-04T17:37:26Z</time>
</trkpt>
<trkpt lat="34.32668500" lon="-110.53116600">
<ele>2096.200</ele>
<time>2024-05-04T17:37:28Z</time>
</trkpt>
<trkpt lat="34.32684300" lon="-110.53105300">
<ele>2097.100</ele>
<time>2024-05-04T17:37:31Z</time>
</trkpt>
<trkpt lat="34.32690600" lon="-110.53103000">
<ele>2097.500</ele>
<time>2024-05-04T17:37:32Z</time>
</trkpt>
<trkpt lat="34.32703500" lon="-110.53098900">
<ele>2098.300</ele>
<time>2024-05-04T17:37:34Z</time>
</trkpt>
<trkpt lat="34.32730000" lon="-110.53096100">
<ele>2099.100</ele>
<time>2024-05-04T17:37:38Z</time>
</trkpt>
<trkpt lat="34.32743600" lon="-110.53092100">
<ele>2099.400</ele>
<time>2024-05-04T17:37:40Z</time>
</trkpt>
<trkpt lat="34.32749300" lon="-110.53089300">
<ele>2099.500</ele>
<time>2024-05-04T17:37:41Z</time>
</trkpt>
<trkpt lat="34.32754900" lon="-110.53087300">
<ele>2099.500</ele>
<time>2024-05-04T17:37:42Z</time>
</trkpt>
<trkpt lat="34.32760800" lon="-110.53085100">
<ele>2099.500</ele>
<time>2024-05-04T17:37:43Z</time>
</trkpt>
<trkpt lat="34.32770500" lon="-110.53075500">
<ele>2099.400</ele>
<time>2024-05-04T17:37:45Z</time>
</trkpt>
<trkpt lat="34.32779300" lon="-110.53057800">
<ele>2099.700</ele>
<time>2024-05-04T17:37:48Z</time>
</trkpt>
<trkpt lat="34.32781800" lon="-110.53051300">
<ele>2099.800</ele>
<time>2024-05-04T17:37:49Z</time>
</trkpt>
<trkpt lat="34.32784300" lon="-110.53040500">
<ele>2100.200</ele>
<time>2024-05-04T17:37:51Z</time>
</trkpt>
<trkpt lat="34.32784800" lon="-110.53035600">
<ele>2100.400</ele>
<time>2024-05-04T17:37:52Z</time>
</trkpt>
<trkpt lat="34.32785000" lon="-110.53020000">
<ele>2100.800</ele>
<time>2024-05-04T17:37:55Z</time>
</trkpt>
<trkpt lat="34.32779100" lon="-110.52987400">
<ele>2103.900</ele>
<time>2024-05-04T17:38:01Z</time>
</trkpt>
<trkpt lat="34.32778100" lon="-110.52981800">
<ele>2104.200</ele>
<time>2024-05-04T17:38:02Z</time>
</trkpt>
<trkpt lat="34.32781100" lon="-110.52969900">
<ele>2104.900</ele>
<time>2024-05-04T17:38:04Z</time>
</trkpt>
<trkpt lat="34.32785600" lon="-110.52958800">
<ele>2105.100</ele>
<time>2024-05-04T17:38:06Z</time>
</trkpt>
<trkpt lat="34.32803500" lon="-110.52931800">
<ele>2105.100</ele>
<time>2024-05-04T17:38:11Z</time>
</trkpt>
<trkpt lat="34.32807600" lon="-110.52926600">
<ele>2105.000</ele>
<time>2024-05-04T17:38:12Z</time>
</trkpt>
<trkpt lat="34.32811600" lon="-110.52921800">
<ele>2104.700</ele>
<time>2024-05-04T17:38:13Z</time>
</trkpt>
<trkpt lat="34.32827300" lon="-110.52893800">
<ele>2103.600</ele>
<time>2024-05-04T17:38:18Z</time>
</trkpt>
<trkpt lat="34.32840100" lon="-110.52875600">
<ele>2102.300</ele>
<time>2024-05-04T17:38:21Z</time>
</trkpt>
<trkpt lat="34.32844000" lon="-110.52867800">
<ele>2102.000</ele>
<time>2024-05-04T17:38:22Z</time>
</trkpt>
<trkpt lat="34.32853300" lon="-110.52846100">
<ele>2100.900</ele>
<time>2024-05-04T17:38:25Z</time>
</trkpt>
<trkpt lat="34.32865000" lon="-110.52803900">
<ele>2099.700</ele>
<time>2024-05-04T17:38:31Z</time>
</trkpt>
<trkpt lat="34.32865600" lon="-110.52797500">
<ele>2099.700</ele>
<time>2024-05-04T17:38:32Z</time>
</trkpt>
<trkpt lat="34.32864300" lon="-110.52772800">
<ele>2099.300</ele>
<time>2024-05-04T17:38:36Z</time>
</trkpt>
<trkpt lat="34.32865100" lon="-110.52767100">
<ele>2099.200</ele>
<time>2024-05-04T17:38:37Z</time>
</trkpt>
<trkpt lat="34.32871300" lon="-110.52746400">
<ele>2098.500</ele>
<time>2024-05-04T17:38:40Z</time>
</trkpt>
<trkpt lat="34.32875000" lon="-110.52739500">
<ele>2098.200</ele>
<time>2024-05-04T17:38:41Z</time>
</trkpt>
<trkpt lat="34.32879000" lon="-110.52732800">
<ele>2097.900</ele>
<time>2024-05-04T17:38:42Z</time>
</trkpt>
<trkpt lat="34.32887800" lon="-110.52720300">
<ele>2096.900</ele>
<time>2024-05-04T17:38:44Z</time>
</trkpt>
<trkpt lat="34.32898300" lon="-110.52711000">
<ele>2095.800</ele>
<time>2024-05-04T17:38:46Z</time>
</trkpt>
<trkpt lat="34.32919600" lon="-110.52689500">
<ele>2093.200</ele>
<time>2024-05-04T17:38:50Z</time>
</trkpt>
<trkpt lat="34.32925100" lon="-110.52685500">
<ele>2092.700</ele>
<time>2024-05-04T17:38:51Z</time>
</trkpt>
<trkpt lat="34.32931600" lon="-110.52681300">
<ele>2091.800</ele>
<time>2024-05-04T17:38:52Z</time>
</trkpt>
<trkpt lat="34.32950300" lon="-110.52673000">
<ele>2089.800</ele>
<time>2024-05-04T17:38:55Z</time>
</trkpt>
<trkpt lat="34.32985100" lon="-110.52664600">
<ele>2087.000</ele>
<time>2024-05-04T17:39:01Z</time>
</trkpt>
<trkpt lat="34.32991300" lon="-110.52662600">
<ele>2086.700</ele>
<time>2024-05-04T17:39:02Z</time>
</trkpt>
<trkpt lat="34.33018800" lon="-110.52651600">
<ele>2085.900</ele>
<time>2024-05-04T17:39:06Z</time>
</trkpt>
<trkpt lat="34.33038500" lon="-110.52641100">
<ele>2085.800</ele>
<time>2024-05-04T17:39:09Z</time>
</trkpt>
<trkpt lat="34.33050800" lon="-110.52632800">
<ele>2085.800</ele>
<time>2024-05-04T17:39:11Z</time>
</trkpt>
<trkpt lat="34.33057100" lon="-110.52629000">
<ele>2085.800</ele>
<time>2024-05-04T17:39:12Z</time>
</trkpt>
<trkpt lat="34.33083100" lon="-110.52615100">
<ele>2085.500</ele>
<time>2024-05-04T17:39:16Z</time>
</trkpt>
<trkpt lat="34.33115400" lon="-110.52592600">
<ele>2085.200</ele>
<time>2024-05-04T17:39:21Z</time>
</trkpt>
<trkpt lat="34.33121500" lon="-110.52588300">
<ele>2085.200</ele>
<time>2024-05-04T17:39:22Z</time>
</trkpt>
<trkpt lat="34.33139600" lon="-110.52575100">
<ele>2085.200</ele>
<time>2024-05-04T17:39:25Z</time>
</trkpt>
<trkpt lat="34.33150800" lon="-110.52569100">
<ele>2085.200</ele>
<time>2024-05-04T17:39:27Z</time>
</trkpt>
<trkpt lat="34.33167100" lon="-110.52558100">
<ele>2085.200</ele>
<time>2024-05-04T17:39:30Z</time>
</trkpt>
<trkpt lat="34.33172100" lon="-110.52553500">
<ele>2085.200</ele>
<time>2024-05-04T17:39:31Z</time>
</trkpt>
<trkpt lat="34.33176600" lon="-110.52547800">
<ele>2085.100</ele>
<time>2024-05-04T17:39:32Z</time>
</trkpt>
<trkpt lat="34.33189800" lon="-110.52530600">
<ele>2085.100</ele>
<time>2024-05-04T17:39:35Z</time>
</trkpt>
<trkpt lat="34.33196600" lon="-110.52518800">
<ele>2085.000</ele>
<time>2024-05-04T17:39:37Z</time>
</trkpt>
<trkpt lat="34.33200600" lon="-110.52514300">
<ele>2085.000</ele>
<time>2024-05-04T17:39:38Z</time>
</trkpt>
<trkpt lat="34.33215000" lon="-110.52505000">
<ele>2085.200</ele>
<time>2024-05-04T17:39:41Z</time>
</trkpt>
<trkpt lat="34.33219500" lon="-110.52501000">
<ele>2085.200</ele>
<time>2024-05-04T17:39:42Z</time>
</trkpt>
<trkpt lat="34.33222500" lon="-110.52496500">
<ele>2085.200</ele>
<time>2024-05-04T17:39:43Z</time>
</trkpt>
<trkpt lat="34.33226300" lon="-110.52487600">
<ele>2085.200</ele>
<time>2024-05-04T17:39:45Z</time>
</trkpt>
<trkpt lat="34.33230800" lon="-110.52468600">
<ele>2085.500</ele>
<time>2024-05-04T17:39:48Z</time>
</trkpt>
<trkpt lat="34.33243600" lon="-110.52448800">
<ele>2085.500</ele>
<time>2024-05-04T17:39:51Z</time>
</trkpt>
<trkpt lat="34.33248800" lon="-110.52442300">
<ele>2085.500</ele>
<time>2024-05-04T17:39:52Z</time>
</trkpt>
<trkpt lat="34.33254400" lon="-110.52435100">
<ele>2085.500</ele>
<time>2024-05-04T17:39:53Z</time>
</trkpt>
<trkpt lat="34.33281000" lon="-110.52409300">
<ele>2085.600</ele>
<time>2024-05-04T17:39:57Z</time>
</trkpt>
<trkpt lat="34.33292300" lon="-110.52395800">
<ele>2085.900</ele>
<time>2024-05-04T17:39:59Z</time>
</trkpt>
<trkpt lat="34.33301100" lon="-110.52383100">
<ele>2086.400</ele>
<time>2024-05-04T17:40:01Z</time>
</trkpt>
<trkpt lat="34.33305100" lon="-110.52377100">
<ele>2086.600</ele>
<time>2024-05-04T17:40:02Z</time>
</trkpt>
<trkpt lat="34.33319800" lon="-110.52355000">
<ele>2087.600</ele>
<time>2024-05-04T17:40:06Z</time>
</trkpt>
<trkpt lat="34.33322600" lon="-110.52347900">
<ele>2088.100</ele>
<time>2024-05-04T17:40:07Z</time>
</trkpt>
<trkpt lat="34.33324600" lon="-110.52333100">
<ele>2088.800</ele>
<time>2024-05-04T17:40:09Z</time>
</trkpt>
<trkpt lat="34.33328300" lon="-110.52320300">
<ele>2089.400</ele>
<time>2024-05-04T17:40:11Z</time>
</trkpt>
<trkpt lat="34.33330300" lon="-110.52312800">
<ele>2089.800</ele>
<time>2024-05-04T17:40:12Z</time>
</trkpt>
<trkpt lat="34.33335500" lon="-110.52284600">
<ele>2091.300</ele>
<time>2024-05-04T17:40:15Z</time>
</trkpt>
<trkpt lat="34.33343000" lon="-110.52255600">
<ele>2091.900</ele>
<time>2024-05-04T17:40:18Z</time>
</trkpt>
<trkpt lat="34.33350300" lon="-110.52233900">
<ele>2091.900</ele>
<time>2024-05-04T17:40:20Z</time>
</trkpt>
<trkpt lat="34.33353100" lon="-110.52222500">
<ele>2091.800</ele>
<time>2024-05-04T17:40:21Z</time>
</trkpt>
<trkpt lat="34.33355800" lon="-110.52211600">
<ele>2091.500</ele>
<time>2024-05-04T17:40:22Z</time>
</trkpt>
<trkpt lat="34.33367100" lon="-110.52166100">
<ele>2090.400</ele>
<time>2024-05-04T17:40:27Z</time>
</trkpt>
<trkpt lat="34.33367100" lon="-110.52138800">
<ele>2089.500</ele>
<time>2024-05-04T17:40:30Z</time>
</trkpt>
<trkpt lat="34.33366300" lon="-110.52129600">
<ele>2089.300</ele>
<time>2024-05-04T17:40:31Z</time>
</trkpt>
<trkpt lat="34.33366000" lon="-110.52121100">
<ele>2089.100</ele>
<time>2024-05-04T17:40:32Z</time>
</trkpt>
<trkpt lat="34.33367600" lon="-110.52104600">
<ele>2088.700</ele>
<time>2024-05-04T17:40:34Z</time>
</trkpt>
<trkpt lat="34.33373800" lon="-110.52073000">
<ele>2087.100</ele>
<time>2024-05-04T17:40:38Z</time>
</trkpt>
<trkpt lat="34.33375500" lon="-110.52049500">
<ele>2086.500</ele>
<time>2024-05-04T17:40:41Z</time>
</trkpt>
<trkpt lat="34.33376000" lon="-110.52041800">
<ele>2086.300</ele>
<time>2024-05-04T17:40:42Z</time>
</trkpt>
<trkpt lat="34.33380100" lon="-110.52010300">
<ele>2085.800</ele>
<time>2024-05-04T17:40:46Z</time>
</trkpt>
<trkpt lat="34.33376000" lon="-110.51992300">
<ele>2086.200</ele>
<time>2024-05-04T17:40:49Z</time>
</trkpt>
<trkpt lat="34.33374300" lon="-110.51978300">
<ele>2086.200</ele>
<time>2024-05-04T17:40:51Z</time>
</trkpt>
<trkpt lat="34.33374500" lon="-110.51970800">
<ele>2086.200</ele>
<time>2024-05-04T17:40:52Z</time>
</trkpt>
<trkpt lat="34.33376900" lon="-110.51941600">
<ele>2086.400</ele>
<time>2024-05-04T17:40:56Z</time>
</trkpt>
<trkpt lat="34.33387600" lon="-110.51899900">
<ele>2086.800</ele>
<time>2024-05-04T17:41:01Z</time>
</trkpt>
<trkpt lat="34.33390000" lon="-110.51890400">
<ele>2087.000</ele>
<time>2024-05-04T17:41:02Z</time>
</trkpt>
<trkpt lat="34.33406100" lon="-110.51831100">
<ele>2088.200</ele>
<time>2024-05-04T17:41:09Z</time>
</trkpt>
<trkpt lat="34.33409500" lon="-110.51813300">
<ele>2088.700</ele>
<time>2024-05-04T17:41:11Z</time>
</trkpt>
<trkpt lat="34.33411600" lon="-110.51804600">
<ele>2089.000</ele>
<time>2024-05-04T17:41:12Z</time>
</trkpt>
<trkpt lat="34.33419000" lon="-110.51777600">
<ele>2089.900</ele>
<time>2024-05-04T17:41:15Z</time>
</trkpt>
<trkpt lat="34.33424800" lon="-110.51751500">
<ele>2091.000</ele>
<time>2024-05-04T17:41:18Z</time>
</trkpt>
<trkpt lat="34.33425100" lon="-110.51727300">
<ele>2091.900</ele>
<time>2024-05-04T17:41:21Z</time>
</trkpt>
<trkpt lat="34.33425800" lon="-110.51719400">
<ele>2092.300</ele>
<time>2024-05-04T17:41:22Z</time>
</trkpt>
<trkpt lat="34.33428800" lon="-110.51688500">
<ele>2093.600</ele>
<time>2024-05-04T17:41:26Z</time>
</trkpt>
<trkpt lat="34.33428500" lon="-110.51647300">
<ele>2095.500</ele>
<time>2024-05-04T17:41:31Z</time>
</trkpt>
<trkpt lat="34.33428100" lon="-110.51639300">
<ele>2095.900</ele>
<time>2024-05-04T17:41:32Z</time>
</trkpt>
<trkpt lat="34.33430000" lon="-110.51623600">
<ele>2096.600</ele>
<time>2024-05-04T17:41:34Z</time>
</trkpt>
<trkpt lat="34.33438500" lon="-110.51578900">
<ele>2098.200</ele>
<time>2024-05-04T17:41:40Z</time>
</trkpt>
<trkpt lat="34.33440500" lon="-110.51573100">
<ele>2098.400</ele>
<time>2024-05-04T17:41:41Z</time>
</trkpt>
<trkpt lat="34.33442300" lon="-110.51566000">
<ele>2098.700</ele>
<time>2024-05-04T17:41:42Z</time>
</trkpt>
<trkpt lat="34.33446100" lon="-110.51553600">
<ele>2099.200</ele>
<time>2024-05-04T17:41:44Z</time>
</trkpt>
<trkpt lat="34.33456500" lon="-110.51505300">
<ele>2100.700</ele>
<time>2024-05-04T17:41:51Z</time>
</trkpt>
<trkpt lat="34.33457300" lon="-110.51498100">
<ele>2101.000</ele>
<time>2024-05-04T17:41:52Z</time>
</trkpt>
<trkpt lat="34.33458600" lon="-110.51459300">
<ele>2102.400</ele>
<time>2024-05-04T17:41:59Z</time>
</trkpt>
<trkpt lat="34.33460000" lon="-110.51454100">
<ele>2102.600</ele>
<time>2024-05-04T17:42:01Z</time>
</trkpt>
<trkpt lat="34.33460300" lon="-110.51451800">
<ele>2102.700</ele>
<time>2024-05-04T17:42:02Z</time>
</trkpt>
<trkpt lat="34.33461100" lon="-110.51447300">
<ele>2102.800</ele>
<time>2024-05-04T17:42:04Z</time>
</trkpt>
<trkpt lat="34.33459469" lon="-110.51440492">
<ele>2102.598</ele>
<time>2024-09-24T17:42:13Z</time>
</trkpt>
<trkpt lat="34.33462600" lon="-110.51407900">
<ele>2103.600</ele>
<time>2024-09-24T17:42:13Z</time>
</trkpt>
<trkpt lat="34.33474100" lon="-110.51330100">
<ele>2104.200</ele>
<time>2024-09-24T17:42:13Z</time>
</trkpt>
<trkpt lat="34.33501800" lon="-110.51247800">
<ele>2103.400</ele>
<time>2024-09-24T17:42:13Z</time>
</trkpt>
<trkpt lat="34.33533700" lon="-110.51145100">
<ele>2100.200</ele>
<time>2024-09-24T17:42:13Z</time>
</trkpt>
<trkpt lat="34.33545600" lon="-110.51100000">
<ele>2098.400</ele>
<time>2024-09-24T17:42:13Z</time>
</trkpt>
<trkpt lat="34.33578400" lon="-110.51003600">
<ele>2092.800</ele>
<time>2024-09-24T17:42:13Z</time>
</trkpt>
<trkpt lat="34.33665000" lon="-110.50880900">
<ele>2085.200</ele>
<time>2024-09-24T17:42:13Z</time>
</trkpt>
<trkpt lat="34.33682400" lon="-110.50792300">
<ele>2080.400</ele>
<time>2024-09-24T17:42:13Z</time>
</trkpt>
<trkpt lat="34.33696100" lon="-110.50734300">
<ele>2076.400</ele>
<time>2024-09-24T17:42:13Z</time>
</trkpt>
<trkpt lat="34.33687300" lon="-110.50628500">
<ele>2073.600</ele>
<time>2024-09-24T17:42:13Z</time>
</trkpt>
<trkpt lat="34.33681400" lon="-110.50592400">
<ele>2073.600</ele>
<time>2024-09-24T17:42:13Z</time>
</trkpt>
<trkpt lat="34.33671000" lon="-110.50553800">
<ele>2073.600</ele>
<time>2024-09-24T17:42:13Z</time>
</trkpt>
<trkpt lat="34.33654800" lon="-110.50490100">
<ele>2073.600</ele>
<time>2024-09-24T17:42:13Z</time>
</trkpt>
<trkpt lat="34.33618900" lon="-110.50396400">
<ele>2073.200</ele>
<time>2024-09-24T17:42:13Z</time>
</trkpt>
<trkpt lat="34.33448000" lon="-110.50187800">
<ele>2086.200</ele>
<time>2024-09-24T17:42:13Z</time>
</trkpt>
<trkpt lat="34.33411400" lon="-110.50104900">
<ele>2087.600</ele>
<time>2024-09-24T17:42:13Z</time>
</trkpt>
<trkpt lat="34.33403900" lon="-110.50091200">
<ele>2087.400</ele>
<time>2024-09-24T17:42:13Z</time>
</trkpt>
<trkpt lat="34.33397600" lon="-110.50068800">
<ele>2087.200</ele>
<time>2024-09-24T17:42:13Z</time>
</trkpt>
<trkpt lat="34.33386600" lon="-110.50016200">
<ele>2086.600</ele>
<time>2024-09-24T17:42:13Z</time>
</trkpt>
<trkpt lat="34.33382100" lon="-110.49966800">
<ele>2086.000</ele>
<time>2024-09-24T17:42:13Z</time>
</trkpt>
<trkpt lat="34.33337900" lon="-110.49821300">
<ele>2085.800</ele>
<time>2024-09-24T17:42:13Z</time>
</trkpt>
<trkpt lat="34.33331800" lon="-110.49801100">
<ele>2085.600</ele>
<time>2024-09-24T17:42:13Z</time>
</trkpt>
<trkpt lat="34.33293100" lon="-110.49703500">
<ele>2084.000</ele>
<time>2024-09-24T17:42:13Z</time>
</trkpt>
<trkpt lat="34.33281400" lon="-110.49674100">
<ele>2083.400</ele>
<time>2024-09-24T17:42:13Z</time>
</trkpt>
<trkpt lat="34.33257200" lon="-110.49604100">
<ele>2084.000</ele>
<time>2024-09-24T17:42:13Z</time>
</trkpt>
<trkpt lat="34.33246200" lon="-110.49566100">
<ele>2084.200</ele>
<time>2024-09-24T17:42:13Z</time>
</trkpt>
<trkpt lat="34.33233400" lon="-110.49494600">
<ele>2085.000</ele>
<time>2024-09-24T17:42:13Z</time>
</trkpt>
<trkpt lat="34.33224800" lon="-110.49470500">
<ele>2085.200</ele>
<time>2024-09-24T17:42:13Z</time>
</trkpt>
<trkpt lat="34.33219700" lon="-110.49455900">
<ele>2085.400</ele>
<time>2024-09-24T17:42:13Z</time>
</trkpt>
<trkpt lat="34.33150100" lon="-110.49332000">
<ele>2085.800</ele>
<time>2024-09-24T17:42:13Z</time>
</trkpt>
<trkpt lat="34.33113600" lon="-110.49267200">
<ele>2085.800</ele>
<time>2024-09-24T17:42:13Z</time>
</trkpt>
<trkpt lat="34.33090600" lon="-110.49216700">
<ele>2086.000</ele>
<time>2024-09-24T17:42:13Z</time>
</trkpt>
<trkpt lat="34.33087200" lon="-110.49204500">
<ele>2086.200</ele>
<time>2024-09-24T17:42:13Z</time>
</trkpt>
<trkpt lat="34.33082500" lon="-110.49188000">
<ele>2086.000</ele>
<time>2024-09-24T17:42:13Z</time>
</trkpt>
<trkpt lat="34.33067100" lon="-110.49126400">
<ele>2086.000</ele>
<time>2024-09-24T17:42:13Z</time>
</trkpt>
<trkpt lat="34.33061900" lon="-110.49066500">
<ele>2085.800</ele>
<time>2024-09-24T17:42:13Z</time>
</trkpt>
<trkpt lat="34.33062000" lon="-110.48887000">
<ele>2084.400</ele>
<time>2024-09-24T17:42:13Z</time>
</trkpt>
<trkpt lat="34.33082600" lon="-110.48782100">
<ele>2080.800</ele>
<time>2024-09-24T17:42:13Z</time>
</trkpt>
<trkpt lat="34.33106700" lon="-110.48719400">
<ele>2077.800</ele>
<time>2024-09-24T17:42:13Z</time>
</trkpt>
<trkpt lat="34.33112300" lon="-110.48704800">
<ele>2077.000</ele>
<time>2024-09-24T17:42:13Z</time>
</trkpt>
<trkpt lat="34.33133000" lon="-110.48671700">
<ele>2075.800</ele>
<time>2024-09-24T17:42:13Z</time>
</trkpt>
<trkpt lat="34.33140900" lon="-110.48661200">
<ele>2075.800</ele>
<time>2024-09-24T17:42:13Z</time>
</trkpt>
<trkpt lat="34.33158300" lon="-110.48617400">
<ele>2075.000</ele>
<time>2024-09-24T17:42:13Z</time>
</trkpt>
</trkseg>
</trk>
</gpx>
