<?xml version="1.0" encoding="UTF-8"?>
<gpx xmlns="http://www.topografix.com/GPX/1/1" version="1.1" creator="Arizona Alpine Trail segment export" xmlns:xsi="http://www.w3.org/2001/XMLSchema-instance" xmlns:wptx1="http://www.garmin.com/xmlschemas/WaypointExtension/v1" xmlns:gpxx="http://www.garmin.com/xmlschemas/GpxExtensions/v3" xmlns:gpxtpx="http://www.garmin.com/xmlschemas/TrackPointExtension/v2" xsi:schemaLocation="http://www.topografix.com/GPX/1/1 https://www.topografix.com/GPX/1/1/gpx.xsd">
<metadata>
<name>AZAT Segment 23 - Lone Pine Dam</name>
<desc>Generated from arizona-alpine-trail.gpx.</desc>
<bounds minlat="34.25666769" minlon="-110.28023800" maxlat="34.35985200" maxlon="-109.95168485"/>
</metadata>
<wpt lat="34.34186300" lon="-110.05314500">
<ele>1899.000</ele>
<time>2024-10-22T00:32:48Z</time>
<name>AZAT-Lone Pine Dam</name>
<sym>Flag, Red</sym>
<type>Trail description</type>
<extensions>
<label xmlns="http://www.topografix.com/GPX/gpx_overlay/0/5">
<label_text>AZAT-23 Lone Pine Dam</label_text>
<text xmlns="http://www.topografix.com/GPX/gpx_style/0/2">
<font>
<size>3.704</size>
</font>
</text>
</label>
<time xmlns="http://www.topografix.com/GPX/gpx_modified/0/1">2026-03-19T20:55:08.084Z</time>
</extensions>
</wpt>
<trk>
<name>AZAT23-Lone Pine Dam</name>
<type>Forest Service Rd level 2 or higher</type>
<extensions>
<time xmlns="http://www.topografix.com/GPX/gpx_modified/0/1">2026-03-19T20:54:47.264Z</time>
<override_color xmlns="http://www.topografix.com/GPX/Private/TopoGrafix/0/5">000000</override_color>
<label xmlns="http://www.topografix.com/GPX/gpx_overlay/0/5">
<label_text>AZAT-23 Lone Pine Dam</label_text>
<text xmlns="http://www.topografix.com/GPX/gpx_style/0/2">
<font>
<size>3.175</size>
</font>
</text>
</label>
<line xmlns="http://www.topografix.com/GPX/gpx_style/0/2">
<color>ff1c45</color>
<opacity>1.00</opacity>
<width>2.0420</width>
<pattern>Solid</pattern>
<extensions>
<cased xmlns="http://www.topografix.com/GPX/Private/TopoGrafix/0/5">true</cased>
</extensions>
</line>
</extensions>
<trkseg>
<trkpt lat="34.25721567" lon="-109.96513418"/>
<trkpt lat="34.25718894" lon="-109.96493569"/>
<trkpt lat="34.25721567" lon="-109.96475330"/>
<trkpt lat="34.25722012" lon="-109.96456018"/>
<trkpt lat="34.25722903" lon="-109.96434024"/>
<trkpt lat="34.25722903" lon="-109.96421150"/>
<trkpt lat="34.25714440" lon="-109.96397546"/>
<trkpt lat="34.25714440" lon="-109.96391109"/>
<trkpt lat="34.25710840" lon="-109.96382858"/>
<trkpt lat="34.25710840" lon="-109.96382858">
<ele>1985.479</ele>
<time>2025-08-03T16:25:22Z</time>
</trkpt>
<trkpt lat="34.25687668" lon="-109.96356319">
<ele>0.000</ele>
</trkpt>
<trkpt lat="34.25677045" lon="-109.96332446">
<ele>0.000</ele>
</trkpt>
<trkpt lat="34.25669627" lon="-109.96308642">
<ele>0.000</ele>
</trkpt>
<trkpt lat="34.25666769" lon="-109.96290218">
<ele>0.000</ele>
</trkpt>
<trkpt lat="34.25668303" lon="-109.96258702">
<ele>0.000</ele>
</trkpt>
<trkpt lat="34.25673525" lon="-109.96235828">
<ele>0.000</ele>
</trkpt>
<trkpt lat="34.25675210" lon="-109.96221688">
<ele>0.000</ele>
</trkpt>
<trkpt lat="34.25679644" lon="-109.96212945">
<ele>0.000</ele>
</trkpt>
<trkpt lat="34.25682276" lon="-109.96204220">
<ele>0.000</ele>
</trkpt>
<trkpt lat="34.25689417" lon="-109.96195444">
<ele>0.000</ele>
</trkpt>
<trkpt lat="34.25702786" lon="-109.96176819">
<ele>0.000</ele>
</trkpt>
<trkpt lat="34.25715300" lon="-109.96163635">
<ele>0.000</ele>
</trkpt>
<trkpt lat="34.25721536" lon="-109.96154867">
<ele>0.000</ele>
</trkpt>
<trkpt lat="34.25724185" lon="-109.96148321">
<ele>0.000</ele>
</trkpt>
<trkpt lat="34.25726817" lon="-109.96139595">
<ele>0.000</ele>
</trkpt>
<trkpt lat="34.25727638" lon="-109.96129814">
<ele>0.000</ele>
</trkpt>
<trkpt lat="34.25727479" lon="-109.96111348">
<ele>0.000</ele>
</trkpt>
<trkpt lat="34.25726079" lon="-109.96052717">
<ele>0.000</ele>
</trkpt>
<trkpt lat="34.25728460" lon="-109.95908238">
<ele>0.000</ele>
</trkpt>
<trkpt lat="34.25731813" lon="-109.95772518">
<ele>0.000</ele>
</trkpt>
<trkpt lat="34.25754871" lon="-109.95740390">
<ele>0.000</ele>
</trkpt>
<trkpt lat="34.25781769" lon="-109.95686528">
<ele>0.000</ele>
</trkpt>
<trkpt lat="34.25822027" lon="-109.95595434">
<ele>0.000</ele>
</trkpt>
<trkpt lat="34.25855613" lon="-109.95525009">
<ele>0.000</ele>
</trkpt>
<trkpt lat="34.25926784" lon="-109.95450008">
<ele>0.000</ele>
</trkpt>
<trkpt lat="34.26069528" lon="-109.95349400">
<ele>0.000</ele>
</trkpt>
<trkpt lat="34.26232866" lon="-109.95256780">
<ele>0.000</ele>
</trkpt>
<trkpt lat="34.26307515" lon="-109.95189959">
<ele>0.000</ele>
</trkpt>
<trkpt lat="34.26320298" lon="-109.95186129">
<ele>0.000</ele>
</trkpt>
<trkpt lat="34.26379139" lon="-109.95168485">
<ele>0.000</ele>
</trkpt>
<trkpt lat="34.26451215" lon="-109.95200537">
<ele>0.000</ele>
</trkpt>
<trkpt lat="34.26499360" lon="-109.95232883">
<ele>0.000</ele>
</trkpt>
<trkpt lat="34.26546399" lon="-109.95255531">
<ele>0.000</ele>
</trkpt>
<trkpt lat="34.26557732" lon="-109.95260987">
<ele>0.000</ele>
</trkpt>
<trkpt lat="34.26571595" lon="-109.95267618">
<ele>0.000</ele>
</trkpt>
<trkpt lat="34.26591955" lon="-109.95277357">
<ele>0.000</ele>
</trkpt>
<trkpt lat="34.26614678" lon="-109.95315621">
<ele>0.000</ele>
</trkpt>
<trkpt lat="34.26659061" lon="-109.95373221">
<ele>0.000</ele>
</trkpt>
<trkpt lat="34.26716460" lon="-109.95412163">
<ele>0.000</ele>
</trkpt>
<trkpt lat="34.26776022" lon="-109.95448440">
<ele>0.000</ele>
</trkpt>
<trkpt lat="34.26804881" lon="-109.95486410">
<ele>0.000</ele>
</trkpt>
<trkpt lat="34.26838048" lon="-109.95515085">
<ele>0.000</ele>
</trkpt>
<trkpt lat="34.26889890" lon="-109.95546165">
<ele>0.000</ele>
</trkpt>
<trkpt lat="34.26918447" lon="-109.95549778">
<ele>0.000</ele>
</trkpt>
<trkpt lat="34.26973189" lon="-109.95534564">
<ele>0.000</ele>
</trkpt>
<trkpt lat="34.26999366" lon="-109.95515730">
<ele>0.000</ele>
</trkpt>
<trkpt lat="34.27045332" lon="-109.95501942">
<ele>0.000</ele>
</trkpt>
<trkpt lat="34.27096671" lon="-109.95473552">
<ele>0.000</ele>
</trkpt>
<trkpt lat="34.27124030" lon="-109.95465280">
<ele>0.000</ele>
</trkpt>
<trkpt lat="34.27159309" lon="-109.95484675">
<ele>0.000</ele>
</trkpt>
<trkpt lat="34.27184748" lon="-109.95508153">
<ele>0.000</ele>
</trkpt>
<trkpt lat="34.27224386" lon="-109.95523525">
<ele>0.000</ele>
</trkpt>
<trkpt lat="34.27239952" lon="-109.95547120">
<ele>0.000</ele>
</trkpt>
<trkpt lat="34.27256783" lon="-109.95590539">
<ele>0.000</ele>
</trkpt>
<trkpt lat="34.27271635" lon="-109.95659086">
<ele>0.000</ele>
</trkpt>
<trkpt lat="34.27285348" lon="-109.95723685">
<ele>0.000</ele>
</trkpt>
<trkpt lat="34.27292364" lon="-109.95773834">
<ele>0.000</ele>
</trkpt>
<trkpt lat="34.27309228" lon="-109.95821209">
<ele>0.000</ele>
</trkpt>
<trkpt lat="34.27337911" lon="-109.95839364">
<ele>0.000</ele>
</trkpt>
<trkpt lat="34.27357541" lon="-109.95824578">
<ele>0.000</ele>
</trkpt>
<trkpt lat="34.27390189" lon="-109.95792450">
<ele>0.000</ele>
</trkpt>
<trkpt lat="34.27423046" lon="-109.95785435">
<ele>0.000</ele>
</trkpt>
<trkpt lat="34.27465651" lon="-109.95762443">
<ele>0.000</ele>
</trkpt>
<trkpt lat="34.27509271" lon="-109.95730181">
<ele>0.000</ele>
</trkpt>
<trkpt lat="34.27572571" lon="-109.95689739">
<ele>0.000</ele>
</trkpt>
<trkpt lat="34.27616484" lon="-109.95691842">
<ele>0.000</ele>
</trkpt>
<trkpt lat="34.27691225" lon="-109.95706779">
<ele>0.000</ele>
</trkpt>
<trkpt lat="34.27706270" lon="-109.95706595">
<ele>0.000</ele>
</trkpt>
<trkpt lat="34.27713102" lon="-109.95712705">
<ele>0.000</ele>
</trkpt>
<trkpt lat="34.27747300" lon="-109.95719310">
<ele>0.000</ele>
</trkpt>
<trkpt lat="34.27749546" lon="-109.95719276">
<ele>0.000</ele>
</trkpt>
<trkpt lat="34.27774734" lon="-109.95718966">
<ele>0.000</ele>
</trkpt>
<trkpt lat="34.27799947" lon="-109.95716016">
<ele>0.000</ele>
</trkpt>
<trkpt lat="34.27822880" lon="-109.95702513">
<ele>0.000</ele>
</trkpt>
<trkpt lat="34.27852342" lon="-109.95683637">
<ele>0.000</ele>
</trkpt>
<trkpt lat="34.27898618" lon="-109.95705538">
<ele>0.000</ele>
</trkpt>
<trkpt lat="34.27977819" lon="-109.95728354">
<ele>0.000</ele>
</trkpt>
<trkpt lat="34.28032788" lon="-109.95739577">
<ele>0.000</ele>
</trkpt>
<trkpt lat="34.28109750" lon="-109.95757129">
<ele>0.000</ele>
</trkpt>
<trkpt lat="34.28152531" lon="-109.95755285">
<ele>0.000</ele>
</trkpt>
<trkpt lat="34.28175883" lon="-109.95777086">
<ele>0.000</ele>
</trkpt>
<trkpt lat="34.28179077" lon="-109.95780070">
<ele>0.000</ele>
</trkpt>
<trkpt lat="34.28194407" lon="-109.95775921">
<ele>0.000</ele>
</trkpt>
<trkpt lat="34.28229460" lon="-109.95768872">
<ele>0.000</ele>
</trkpt>
<trkpt lat="34.28260155" lon="-109.95764530">
<ele>0.000</ele>
</trkpt>
<trkpt lat="34.28285670" lon="-109.95797262">
<ele>0.000</ele>
</trkpt>
<trkpt lat="34.28303682" lon="-109.95851249">
<ele>0.000</ele>
</trkpt>
<trkpt lat="34.28308393" lon="-109.95888205">
<ele>0.000</ele>
</trkpt>
<trkpt lat="34.28308695" lon="-109.95923895">
<ele>0.000</ele>
</trkpt>
<trkpt lat="34.28309097" lon="-109.95971479">
<ele>0.000</ele>
</trkpt>
<trkpt lat="34.28309491" lon="-109.96017748">
<ele>0.000</ele>
</trkpt>
<trkpt lat="34.28310924" lon="-109.96057386">
<ele>0.000</ele>
</trkpt>
<trkpt lat="34.28325836" lon="-109.96133879">
<ele>0.000</ele>
</trkpt>
<trkpt lat="34.28334486" lon="-109.96165185">
<ele>0.000</ele>
</trkpt>
<trkpt lat="34.28338073" lon="-109.96167314">
<ele>0.000</ele>
</trkpt>
<trkpt lat="34.28370251" lon="-109.96186391">
<ele>0.000</ele>
</trkpt>
<trkpt lat="34.28399806" lon="-109.96186031">
<ele>0.000</ele>
</trkpt>
<trkpt lat="34.28452863" lon="-109.96171136">
<ele>0.000</ele>
</trkpt>
<trkpt lat="34.28523238" lon="-109.96106193">
<ele>0.000</ele>
</trkpt>
<trkpt lat="34.28575994" lon="-109.96055701">
<ele>0.000</ele>
</trkpt>
<trkpt lat="34.28676459" lon="-109.96054469">
<ele>0.000</ele>
</trkpt>
<trkpt lat="34.28747186" lon="-109.96032231">
<ele>0.000</ele>
</trkpt>
<trkpt lat="34.28800251" lon="-109.96017337">
<ele>0.000</ele>
</trkpt>
<trkpt lat="34.28865437" lon="-109.96037898">
<ele>0.000</ele>
</trkpt>
<trkpt lat="34.28895042" lon="-109.96044653">
<ele>0.000</ele>
</trkpt>
<trkpt lat="34.28936290" lon="-109.96029910">
<ele>0.000</ele>
</trkpt>
<trkpt lat="34.29001291" lon="-109.96029105">
<ele>0.000</ele>
</trkpt>
<trkpt lat="34.29037166" lon="-109.96078508">
<ele>0.000</ele>
</trkpt>
<trkpt lat="34.29050317" lon="-109.96234998">
<ele>0.000</ele>
</trkpt>
<trkpt lat="34.29064726" lon="-109.96541005">
<ele>0.000</ele>
</trkpt>
<trkpt lat="34.29065111" lon="-109.96548280">
<ele>0.000</ele>
</trkpt>
<trkpt lat="34.29093232" lon="-109.96615830">
<ele>0.000</ele>
</trkpt>
<trkpt lat="34.29107004" lon="-109.96654043">
<ele>0.000</ele>
</trkpt>
<trkpt lat="34.29141051" lon="-109.96746588">
<ele>0.000</ele>
</trkpt>
<trkpt lat="34.29170446" lon="-109.96790576">
<ele>0.000</ele>
</trkpt>
<trkpt lat="34.29221358" lon="-109.96868419">
<ele>0.000</ele>
</trkpt>
<trkpt lat="34.29247133" lon="-109.96903078">
<ele>0.000</ele>
</trkpt>
<trkpt lat="34.29276997" lon="-109.97002495">
<ele>0.000</ele>
</trkpt>
<trkpt lat="34.29292596" lon="-109.97090153">
<ele>0.000</ele>
</trkpt>
<trkpt lat="34.29292621" lon="-109.97092970">
<ele>0.000</ele>
</trkpt>
<trkpt lat="34.29293057" lon="-109.97144736">
<ele>0.000</ele>
</trkpt>
<trkpt lat="34.29293635" lon="-109.97176345">
<ele>0.000</ele>
</trkpt>
<trkpt lat="34.29294356" lon="-109.97215513">
<ele>0.000</ele>
</trkpt>
<trkpt lat="34.29306007" lon="-109.97253751">
<ele>0.000</ele>
</trkpt>
<trkpt lat="34.29340012" lon="-109.97342038">
<ele>0.000</ele>
</trkpt>
<trkpt lat="34.29368243" lon="-109.97416746">
<ele>0.000</ele>
</trkpt>
<trkpt lat="34.29362853" lon="-109.97449226">
<ele>0.000</ele>
</trkpt>
<trkpt lat="34.29337724" lon="-109.97491320">
<ele>0.000</ele>
</trkpt>
<trkpt lat="34.29312746" lon="-109.97552181">
<ele>0.000</ele>
</trkpt>
<trkpt lat="34.29296887" lon="-109.97601843">
<ele>0.000</ele>
</trkpt>
<trkpt lat="34.29289729" lon="-109.97606571">
<ele>0.000</ele>
</trkpt>
<trkpt lat="34.29277173" lon="-109.97614877">
<ele>0.000</ele>
</trkpt>
<trkpt lat="34.29249010" lon="-109.97633125">
<ele>0.000</ele>
</trkpt>
<trkpt lat="34.29217863" lon="-109.97633502">
<ele>0.000</ele>
</trkpt>
<trkpt lat="34.29197052" lon="-109.97633755">
<ele>0.000</ele>
</trkpt>
<trkpt lat="34.29181900" lon="-109.97649680">
<ele>1942.669</ele>
</trkpt>
<trkpt lat="34.29181200" lon="-109.97658500">
<ele>1943.028</ele>
</trkpt>
<trkpt lat="34.29173100" lon="-109.97664600">
<ele>1943.110</ele>
</trkpt>
<trkpt lat="34.29172500" lon="-109.97664700">
<ele>1943.110</ele>
</trkpt>
<trkpt lat="34.29178300" lon="-109.97668000">
<ele>1943.028</ele>
</trkpt>
<trkpt lat="34.29182000" lon="-109.97674200">
<ele>1943.028</ele>
</trkpt>
<trkpt lat="34.29177200" lon="-109.97679200">
<ele>1943.028</ele>
</trkpt>
<trkpt lat="34.29171100" lon="-109.97681900">
<ele>1943.110</ele>
</trkpt>
<trkpt lat="34.29165400" lon="-109.97685500">
<ele>1943.110</ele>
</trkpt>
<trkpt lat="34.29161900" lon="-109.97692600">
<ele>1943.105</ele>
</trkpt>
<trkpt lat="34.29157600" lon="-109.97708200">
<ele>1943.105</ele>
</trkpt>
<trkpt lat="34.29152200" lon="-109.97724000">
<ele>1942.994</ele>
</trkpt>
<trkpt lat="34.29149400" lon="-109.97740200">
<ele>1942.994</ele>
</trkpt>
<trkpt lat="34.29151000" lon="-109.97756000">
<ele>1940.296</ele>
</trkpt>
<trkpt lat="34.29151800" lon="-109.97772500">
<ele>1940.296</ele>
</trkpt>
<trkpt lat="34.29149400" lon="-109.97789300">
<ele>1940.296</ele>
</trkpt>
<trkpt lat="34.29145900" lon="-109.97804900">
<ele>1940.296</ele>
</trkpt>
<trkpt lat="34.29140500" lon="-109.97820400">
<ele>1940.321</ele>
</trkpt>
<trkpt lat="34.29139900" lon="-109.97835700">
<ele>1940.321</ele>
</trkpt>
<trkpt lat="34.29142300" lon="-109.97842800">
<ele>1940.321</ele>
</trkpt>
<trkpt lat="34.29152400" lon="-109.97852800">
<ele>1939.050</ele>
</trkpt>
<trkpt lat="34.29165500" lon="-109.97857000">
<ele>1938.988</ele>
</trkpt>
<trkpt lat="34.29179000" lon="-109.97860700">
<ele>1939.021</ele>
</trkpt>
<trkpt lat="34.29191400" lon="-109.97866600">
<ele>1939.318</ele>
</trkpt>
<trkpt lat="34.29200300" lon="-109.97880100">
<ele>1939.318</ele>
</trkpt>
<trkpt lat="34.29202800" lon="-109.97895900">
<ele>1939.318</ele>
</trkpt>
<trkpt lat="34.29206800" lon="-109.97911200">
<ele>1939.630</ele>
</trkpt>
<trkpt lat="34.29218700" lon="-109.97920000">
<ele>1939.567</ele>
</trkpt>
<trkpt lat="34.29230900" lon="-109.97928500">
<ele>1939.425</ele>
</trkpt>
<trkpt lat="34.29241200" lon="-109.97940800">
<ele>1939.394</ele>
</trkpt>
<trkpt lat="34.29249700" lon="-109.97953800">
<ele>1938.386</ele>
</trkpt>
<trkpt lat="34.29257200" lon="-109.97967700">
<ele>1938.548</ele>
</trkpt>
<trkpt lat="34.29257000" lon="-109.97976100">
<ele>1938.548</ele>
</trkpt>
<trkpt lat="34.29248800" lon="-109.97988900">
<ele>1938.386</ele>
</trkpt>
<trkpt lat="34.29237500" lon="-109.97997900">
<ele>1938.393</ele>
</trkpt>
<trkpt lat="34.29225500" lon="-109.98003900">
<ele>1938.432</ele>
</trkpt>
<trkpt lat="34.29212700" lon="-109.98011200">
<ele>1938.443</ele>
</trkpt>
<trkpt lat="34.29202300" lon="-109.98022000">
<ele>1938.512</ele>
</trkpt>
<trkpt lat="34.29192600" lon="-109.98033700">
<ele>1938.517</ele>
</trkpt>
<trkpt lat="34.29183600" lon="-109.98044800">
<ele>1938.575</ele>
</trkpt>
<trkpt lat="34.29174700" lon="-109.98056700">
<ele>1940.275</ele>
</trkpt>
<trkpt lat="34.29165300" lon="-109.98068300">
<ele>1940.275</ele>
</trkpt>
<trkpt lat="34.29154000" lon="-109.98077700">
<ele>1940.052</ele>
</trkpt>
<trkpt lat="34.29143000" lon="-109.98086400">
<ele>1939.638</ele>
</trkpt>
<trkpt lat="34.29131600" lon="-109.98096300">
<ele>1938.970</ele>
</trkpt>
<trkpt lat="34.29122100" lon="-109.98107600">
<ele>1938.684</ele>
</trkpt>
<trkpt lat="34.29118800" lon="-109.98123400">
<ele>1938.684</ele>
</trkpt>
<trkpt lat="34.29116800" lon="-109.98138900">
<ele>1938.684</ele>
</trkpt>
<trkpt lat="34.29115200" lon="-109.98154500">
<ele>1941.546</ele>
</trkpt>
<trkpt lat="34.29109100" lon="-109.98168900">
<ele>1941.086</ele>
</trkpt>
<trkpt lat="34.29104900" lon="-109.98185100">
<ele>1940.871</ele>
</trkpt>
<trkpt lat="34.29096200" lon="-109.98197700">
<ele>1940.871</ele>
</trkpt>
<trkpt lat="34.29087600" lon="-109.98209700">
<ele>1940.754</ele>
</trkpt>
<trkpt lat="34.29080600" lon="-109.98223100">
<ele>1940.590</ele>
</trkpt>
<trkpt lat="34.29079200" lon="-109.98238100">
<ele>1940.590</ele>
</trkpt>
<trkpt lat="34.29082900" lon="-109.98252800">
<ele>1943.406</ele>
</trkpt>
<trkpt lat="34.29078900" lon="-109.98267900">
<ele>1943.406</ele>
</trkpt>
<trkpt lat="34.29071900" lon="-109.98282600">
<ele>1942.877</ele>
</trkpt>
<trkpt lat="34.29066900" lon="-109.98298000">
<ele>1942.877</ele>
</trkpt>
<trkpt lat="34.29065400" lon="-109.98314700">
<ele>1942.877</ele>
</trkpt>
<trkpt lat="34.29064800" lon="-109.98330700">
<ele>1942.506</ele>
</trkpt>
<trkpt lat="34.29059500" lon="-109.98345500">
<ele>1942.506</ele>
</trkpt>
<trkpt lat="34.29055500" lon="-109.98360600">
<ele>1942.192</ele>
</trkpt>
<trkpt lat="34.29056900" lon="-109.98376300">
<ele>1942.192</ele>
</trkpt>
<trkpt lat="34.29056800" lon="-109.98391800">
<ele>1942.192</ele>
</trkpt>
<trkpt lat="34.29051700" lon="-109.98406100">
<ele>1942.197</ele>
</trkpt>
<trkpt lat="34.29047500" lon="-109.98411700">
<ele>1942.197</ele>
</trkpt>
<trkpt lat="34.29043800" lon="-109.98418300">
<ele>1941.896</ele>
</trkpt>
<trkpt lat="34.29044700" lon="-109.98426100">
<ele>1941.896</ele>
</trkpt>
<trkpt lat="34.29051100" lon="-109.98439600">
<ele>1942.197</ele>
</trkpt>
<trkpt lat="34.29059500" lon="-109.98451300">
<ele>1940.688</ele>
</trkpt>
<trkpt lat="34.29063000" lon="-109.98458000">
<ele>1940.688</ele>
</trkpt>
<trkpt lat="34.29064400" lon="-109.98466000">
<ele>1940.688</ele>
</trkpt>
<trkpt lat="34.29062400" lon="-109.98482200">
<ele>1940.688</ele>
</trkpt>
<trkpt lat="34.29059100" lon="-109.98498500">
<ele>1940.688</ele>
</trkpt>
<trkpt lat="34.29057100" lon="-109.98515000">
<ele>1940.688</ele>
</trkpt>
<trkpt lat="34.29058500" lon="-109.98523100">
<ele>1940.688</ele>
</trkpt>
<trkpt lat="34.29062300" lon="-109.98529500">
<ele>1940.688</ele>
</trkpt>
<trkpt lat="34.29071400" lon="-109.98540900">
<ele>1941.294</ele>
</trkpt>
<trkpt lat="34.29075300" lon="-109.98556200">
<ele>1940.101</ele>
</trkpt>
<trkpt lat="34.29080000" lon="-109.98562000">
<ele>1940.101</ele>
</trkpt>
<trkpt lat="34.29085000" lon="-109.98566800">
<ele>1940.101</ele>
</trkpt>
<trkpt lat="34.29086200" lon="-109.98574400">
<ele>1940.172</ele>
</trkpt>
<trkpt lat="34.29083700" lon="-109.98591100">
<ele>1940.101</ele>
</trkpt>
<trkpt lat="34.29084500" lon="-109.98606800">
<ele>1940.101</ele>
</trkpt>
<trkpt lat="34.29088600" lon="-109.98622800">
<ele>1940.172</ele>
</trkpt>
<trkpt lat="34.29087000" lon="-109.98638800">
<ele>1940.172</ele>
</trkpt>
<trkpt lat="34.29084800" lon="-109.98654300">
<ele>1941.164</ele>
</trkpt>
<trkpt lat="34.29089500" lon="-109.98669100">
<ele>1941.313</ele>
</trkpt>
<trkpt lat="34.29093500" lon="-109.98684800">
<ele>1941.313</ele>
</trkpt>
<trkpt lat="34.29098600" lon="-109.98699200">
<ele>1941.412</ele>
</trkpt>
<trkpt lat="34.29104600" lon="-109.98713900">
<ele>1941.412</ele>
</trkpt>
<trkpt lat="34.29110300" lon="-109.98728000">
<ele>1941.495</ele>
</trkpt>
<trkpt lat="34.29116900" lon="-109.98742600">
<ele>1941.563</ele>
</trkpt>
<trkpt lat="34.29126900" lon="-109.98754300">
<ele>1941.896</ele>
</trkpt>
<trkpt lat="34.29132500" lon="-109.98767800">
<ele>1941.896</ele>
</trkpt>
<trkpt lat="34.29131000" lon="-109.98783900">
<ele>1941.896</ele>
</trkpt>
<trkpt lat="34.29133000" lon="-109.98799400">
<ele>1941.896</ele>
</trkpt>
<trkpt lat="34.29138900" lon="-109.98813800">
<ele>1942.037</ele>
</trkpt>
<trkpt lat="34.29136500" lon="-109.98829900">
<ele>1942.037</ele>
</trkpt>
<trkpt lat="34.29139400" lon="-109.98846200">
<ele>1942.037</ele>
</trkpt>
<trkpt lat="34.29141300" lon="-109.98861900">
<ele>1941.812</ele>
</trkpt>
<trkpt lat="34.29144700" lon="-109.98876900">
<ele>1941.812</ele>
</trkpt>
<trkpt lat="34.29155200" lon="-109.98886500">
<ele>1942.254</ele>
</trkpt>
<trkpt lat="34.29166800" lon="-109.98893500">
<ele>1942.046</ele>
</trkpt>
<trkpt lat="34.29170700" lon="-109.98899900">
<ele>1942.046</ele>
</trkpt>
<trkpt lat="34.29171100" lon="-109.98907900">
<ele>1942.046</ele>
</trkpt>
<trkpt lat="34.29172000" lon="-109.98915600">
<ele>1942.046</ele>
</trkpt>
<trkpt lat="34.29174900" lon="-109.98922700">
<ele>1942.046</ele>
</trkpt>
<trkpt lat="34.29177800" lon="-109.98929900">
<ele>1942.008</ele>
</trkpt>
<trkpt lat="34.29182400" lon="-109.98944600">
<ele>1942.008</ele>
</trkpt>
<trkpt lat="34.29184400" lon="-109.98952500">
<ele>1941.813</ele>
</trkpt>
<trkpt lat="34.29186200" lon="-109.98960400">
<ele>1941.793</ele>
</trkpt>
<trkpt lat="34.29189100" lon="-109.98975300">
<ele>1941.793</ele>
</trkpt>
<trkpt lat="34.29191900" lon="-109.98991400">
<ele>1941.793</ele>
</trkpt>
<trkpt lat="34.29193300" lon="-109.98999200">
<ele>1941.793</ele>
</trkpt>
<trkpt lat="34.29194500" lon="-109.99006700">
<ele>1941.793</ele>
</trkpt>
<trkpt lat="34.29195600" lon="-109.99014200">
<ele>1941.697</ele>
</trkpt>
<trkpt lat="34.29196900" lon="-109.99022000">
<ele>1941.697</ele>
</trkpt>
<trkpt lat="34.29199600" lon="-109.99029400">
<ele>1941.697</ele>
</trkpt>
<trkpt lat="34.29203700" lon="-109.99036300">
<ele>1941.697</ele>
</trkpt>
<trkpt lat="34.29204400" lon="-109.99036900">
<ele>1941.697</ele>
</trkpt>
<trkpt lat="34.29216500" lon="-109.99042200">
<ele>1941.815</ele>
</trkpt>
<trkpt lat="34.29229300" lon="-109.99048200">
<ele>1941.832</ele>
</trkpt>
<trkpt lat="34.29241300" lon="-109.99056400">
<ele>1939.858</ele>
</trkpt>
<trkpt lat="34.29251900" lon="-109.99066100">
<ele>1940.164</ele>
</trkpt>
<trkpt lat="34.29260700" lon="-109.99078500">
<ele>1940.468</ele>
</trkpt>
<trkpt lat="34.29268500" lon="-109.99091000">
<ele>1940.810</ele>
</trkpt>
<trkpt lat="34.29276800" lon="-109.99104600">
<ele>1941.132</ele>
</trkpt>
<trkpt lat="34.29283800" lon="-109.99119900">
<ele>1941.132</ele>
</trkpt>
<trkpt lat="34.29288600" lon="-109.99135600">
<ele>1941.260</ele>
</trkpt>
<trkpt lat="34.29294100" lon="-109.99159200">
<ele>1940.575</ele>
</trkpt>
<trkpt lat="34.29299700" lon="-109.99182700">
<ele>1940.654</ele>
</trkpt>
<trkpt lat="34.29305900" lon="-109.99208300">
<ele>1940.831</ele>
</trkpt>
<trkpt lat="34.29310500" lon="-109.99231600">
<ele>1940.831</ele>
</trkpt>
<trkpt lat="34.29315000" lon="-109.99255100">
<ele>1940.646</ele>
</trkpt>
<trkpt lat="34.29317200" lon="-109.99271000">
<ele>1940.521</ele>
</trkpt>
<trkpt lat="34.29318000" lon="-109.99287800">
<ele>1940.521</ele>
</trkpt>
<trkpt lat="34.29318400" lon="-109.99303300">
<ele>1940.521</ele>
</trkpt>
<trkpt lat="34.29320500" lon="-109.99327100">
<ele>1940.521</ele>
</trkpt>
<trkpt lat="34.29323600" lon="-109.99351600">
<ele>1941.087</ele>
</trkpt>
<trkpt lat="34.29326900" lon="-109.99377000">
<ele>1940.582</ele>
</trkpt>
<trkpt lat="34.29332200" lon="-109.99400100">
<ele>1940.582</ele>
</trkpt>
<trkpt lat="34.29340100" lon="-109.99423500">
<ele>1940.178</ele>
</trkpt>
<trkpt lat="34.29346100" lon="-109.99440200">
<ele>1939.714</ele>
</trkpt>
<trkpt lat="34.29355000" lon="-109.99464900">
<ele>1939.323</ele>
</trkpt>
<trkpt lat="34.29360800" lon="-109.99481700">
<ele>1939.323</ele>
</trkpt>
<trkpt lat="34.29369000" lon="-109.99505400">
<ele>1939.096</ele>
</trkpt>
<trkpt lat="34.29377500" lon="-109.99528300">
<ele>1938.818</ele>
</trkpt>
<trkpt lat="34.29384100" lon="-109.99543700">
<ele>1938.818</ele>
</trkpt>
<trkpt lat="34.29395000" lon="-109.99565300">
<ele>1939.119</ele>
</trkpt>
<trkpt lat="34.29401900" lon="-109.99581100">
<ele>1939.119</ele>
</trkpt>
<trkpt lat="34.29406400" lon="-109.99597000">
<ele>1938.920</ele>
</trkpt>
<trkpt lat="34.29409500" lon="-109.99613000">
<ele>1938.920</ele>
</trkpt>
<trkpt lat="34.29413700" lon="-109.99636500">
<ele>1938.920</ele>
</trkpt>
<trkpt lat="34.29418100" lon="-109.99661400">
<ele>1940.880</ele>
</trkpt>
<trkpt lat="34.29423100" lon="-109.99684800">
<ele>1940.880</ele>
</trkpt>
<trkpt lat="34.29425700" lon="-109.99700100">
<ele>1940.926</ele>
</trkpt>
<trkpt lat="34.29429300" lon="-109.99723800">
<ele>1940.926</ele>
</trkpt>
<trkpt lat="34.29433000" lon="-109.99747300">
<ele>1940.926</ele>
</trkpt>
<trkpt lat="34.29436900" lon="-109.99772600">
<ele>1942.913</ele>
</trkpt>
<trkpt lat="34.29440700" lon="-109.99797000">
<ele>1942.913</ele>
</trkpt>
<trkpt lat="34.29444600" lon="-109.99821700">
<ele>1942.913</ele>
</trkpt>
<trkpt lat="34.29448300" lon="-109.99847300">
<ele>1943.023</ele>
</trkpt>
<trkpt lat="34.29449400" lon="-109.99863600">
<ele>1946.201</ele>
</trkpt>
<trkpt lat="34.29447600" lon="-109.99880000">
<ele>1946.201</ele>
</trkpt>
<trkpt lat="34.29444300" lon="-109.99905000">
<ele>1946.458</ele>
</trkpt>
<trkpt lat="34.29438400" lon="-109.99930400">
<ele>1946.458</ele>
</trkpt>
<trkpt lat="34.29435300" lon="-109.99947200">
<ele>1946.458</ele>
</trkpt>
<trkpt lat="34.29431800" lon="-109.99962500">
<ele>1948.648</ele>
</trkpt>
<trkpt lat="34.29424200" lon="-109.99975700">
<ele>1948.602</ele>
</trkpt>
<trkpt lat="34.29411300" lon="-109.99982900">
<ele>1948.570</ele>
</trkpt>
<trkpt lat="34.29400300" lon="-109.99991000">
<ele>1948.500</ele>
</trkpt>
<trkpt lat="34.29393600" lon="-110.00005300">
<ele>1948.390</ele>
</trkpt>
<trkpt lat="34.29385700" lon="-110.00018900">
<ele>1948.390</ele>
</trkpt>
<trkpt lat="34.29376300" lon="-110.00030200">
<ele>1948.119</ele>
</trkpt>
<trkpt lat="34.29368400" lon="-110.00044800">
<ele>1947.708</ele>
</trkpt>
<trkpt lat="34.29360600" lon="-110.00058000">
<ele>1946.747</ele>
</trkpt>
<trkpt lat="34.29350900" lon="-110.00070200">
<ele>1946.619</ele>
</trkpt>
<trkpt lat="34.29340200" lon="-110.00080500">
<ele>1946.515</ele>
</trkpt>
<trkpt lat="34.29329600" lon="-110.00090200">
<ele>1946.531</ele>
</trkpt>
<trkpt lat="34.29319300" lon="-110.00101900">
<ele>1946.485</ele>
</trkpt>
<trkpt lat="34.29311300" lon="-110.00114900">
<ele>1946.624</ele>
</trkpt>
<trkpt lat="34.29305600" lon="-110.00129300">
<ele>1946.624</ele>
</trkpt>
<trkpt lat="34.29296300" lon="-110.00139700">
<ele>1946.716</ele>
</trkpt>
<trkpt lat="34.29289700" lon="-110.00153200">
<ele>1944.222</ele>
</trkpt>
<trkpt lat="34.29288900" lon="-110.00170100">
<ele>1944.222</ele>
</trkpt>
<trkpt lat="34.29281900" lon="-110.00195200">
<ele>1944.022</ele>
</trkpt>
<trkpt lat="34.29273700" lon="-110.00208900">
<ele>1943.807</ele>
</trkpt>
<trkpt lat="34.29261600" lon="-110.00219200">
<ele>1943.595</ele>
</trkpt>
<trkpt lat="34.29244100" lon="-110.00231100">
<ele>1943.234</ele>
</trkpt>
<trkpt lat="34.29227000" lon="-110.00241700">
<ele>1942.992</ele>
</trkpt>
<trkpt lat="34.29208500" lon="-110.00251600">
<ele>1941.797</ele>
</trkpt>
<trkpt lat="34.29196700" lon="-110.00260700">
<ele>1941.443</ele>
</trkpt>
<trkpt lat="34.29186900" lon="-110.00272900">
<ele>1940.991</ele>
</trkpt>
<trkpt lat="34.29178500" lon="-110.00285500">
<ele>1940.484</ele>
</trkpt>
<trkpt lat="34.29168600" lon="-110.00297300">
<ele>1940.011</ele>
</trkpt>
<trkpt lat="34.29157600" lon="-110.00307800">
<ele>1939.819</ele>
</trkpt>
<trkpt lat="34.29150300" lon="-110.00322400">
<ele>1939.502</ele>
</trkpt>
<trkpt lat="34.29149300" lon="-110.00337700">
<ele>1939.502</ele>
</trkpt>
<trkpt lat="34.29144800" lon="-110.00352600">
<ele>1940.559</ele>
</trkpt>
<trkpt lat="34.29136500" lon="-110.00364500">
<ele>1940.559</ele>
</trkpt>
<trkpt lat="34.29125700" lon="-110.00374700">
<ele>1940.399</ele>
</trkpt>
<trkpt lat="34.29118200" lon="-110.00387200">
<ele>1940.262</ele>
</trkpt>
<trkpt lat="34.29109000" lon="-110.00398200">
<ele>1940.131</ele>
</trkpt>
<trkpt lat="34.29097900" lon="-110.00408300">
<ele>1940.043</ele>
</trkpt>
<trkpt lat="34.29086400" lon="-110.00417700">
<ele>1939.977</ele>
</trkpt>
<trkpt lat="34.29074300" lon="-110.00427000">
<ele>1939.728</ele>
</trkpt>
<trkpt lat="34.29062600" lon="-110.00437600">
<ele>1939.662</ele>
</trkpt>
<trkpt lat="34.29052300" lon="-110.00449300">
<ele>1939.494</ele>
</trkpt>
<trkpt lat="34.29037100" lon="-110.00466500">
<ele>1939.502</ele>
</trkpt>
<trkpt lat="34.29020500" lon="-110.00484000">
<ele>1939.642</ele>
</trkpt>
<trkpt lat="34.29004000" lon="-110.00501600">
<ele>1939.970</ele>
</trkpt>
<trkpt lat="34.28989000" lon="-110.00520000">
<ele>1940.221</ele>
</trkpt>
<trkpt lat="34.28971600" lon="-110.00533200">
<ele>1940.809</ele>
</trkpt>
<trkpt lat="34.28952500" lon="-110.00544000">
<ele>1941.248</ele>
</trkpt>
<trkpt lat="34.28934600" lon="-110.00554800">
<ele>1944.080</ele>
</trkpt>
<trkpt lat="34.28916400" lon="-110.00567300">
<ele>1944.371</ele>
</trkpt>
<trkpt lat="34.28904000" lon="-110.00572900">
<ele>1944.844</ele>
</trkpt>
<trkpt lat="34.28891500" lon="-110.00578000">
<ele>1944.956</ele>
</trkpt>
<trkpt lat="34.28886600" lon="-110.00592900">
<ele>1944.956</ele>
</trkpt>
<trkpt lat="34.28881100" lon="-110.00607500">
<ele>1945.009</ele>
</trkpt>
<trkpt lat="34.28872500" lon="-110.00620200">
<ele>1945.196</ele>
</trkpt>
<trkpt lat="34.28863700" lon="-110.00633200">
<ele>1945.269</ele>
</trkpt>
<trkpt lat="34.28855700" lon="-110.00645800">
<ele>1945.269</ele>
</trkpt>
<trkpt lat="34.28848100" lon="-110.00659100">
<ele>1945.593</ele>
</trkpt>
<trkpt lat="34.28838800" lon="-110.00671800">
<ele>1945.226</ele>
</trkpt>
<trkpt lat="34.28828200" lon="-110.00681800">
<ele>1944.917</ele>
</trkpt>
<trkpt lat="34.28817900" lon="-110.00691200">
<ele>1944.678</ele>
</trkpt>
<trkpt lat="34.28806200" lon="-110.00699000">
<ele>1944.500</ele>
</trkpt>
<trkpt lat="34.28794200" lon="-110.00704500">
<ele>1944.162</ele>
</trkpt>
<trkpt lat="34.28782000" lon="-110.00710200">
<ele>1944.048</ele>
</trkpt>
<trkpt lat="34.28769400" lon="-110.00717500">
<ele>1943.816</ele>
</trkpt>
<trkpt lat="34.28757400" lon="-110.00724600">
<ele>1943.683</ele>
</trkpt>
<trkpt lat="34.28745600" lon="-110.00730700">
<ele>1943.513</ele>
</trkpt>
<trkpt lat="34.28733800" lon="-110.00738400">
<ele>1943.392</ele>
</trkpt>
<trkpt lat="34.28722600" lon="-110.00746800">
<ele>1943.335</ele>
</trkpt>
<trkpt lat="34.28710800" lon="-110.00755900">
<ele>1945.666</ele>
</trkpt>
<trkpt lat="34.28698500" lon="-110.00760700">
<ele>1945.650</ele>
</trkpt>
<trkpt lat="34.28685300" lon="-110.00761500">
<ele>1945.728</ele>
</trkpt>
<trkpt lat="34.28671600" lon="-110.00764600">
<ele>1945.979</ele>
</trkpt>
<trkpt lat="34.28665400" lon="-110.00768200">
<ele>1945.979</ele>
</trkpt>
<trkpt lat="34.28662400" lon="-110.00771000">
<ele>1946.427</ele>
</trkpt>
<trkpt lat="34.28658500" lon="-110.00777400">
<ele>1946.427</ele>
</trkpt>
<trkpt lat="34.28658400" lon="-110.00785100">
<ele>1946.427</ele>
</trkpt>
<trkpt lat="34.28657200" lon="-110.00792600">
<ele>1946.427</ele>
</trkpt>
<trkpt lat="34.28657100" lon="-110.00792900">
<ele>1946.427</ele>
</trkpt>
<trkpt lat="34.28657100" lon="-110.00800500">
<ele>1946.427</ele>
</trkpt>
<trkpt lat="34.28661700" lon="-110.00805700">
<ele>1946.427</ele>
</trkpt>
<trkpt lat="34.28674800" lon="-110.00808700">
<ele>1945.979</ele>
</trkpt>
<trkpt lat="34.28688300" lon="-110.00809800">
<ele>1945.728</ele>
</trkpt>
<trkpt lat="34.28702100" lon="-110.00811300">
<ele>1945.650</ele>
</trkpt>
<trkpt lat="34.28716200" lon="-110.00811500">
<ele>1945.733</ele>
</trkpt>
<trkpt lat="34.28730100" lon="-110.00811000">
<ele>1945.880</ele>
</trkpt>
<trkpt lat="34.28736100" lon="-110.00814900">
<ele>1946.110</ele>
</trkpt>
<trkpt lat="34.28747100" lon="-110.00822100">
<ele>1946.314</ele>
</trkpt>
<trkpt lat="34.28760200" lon="-110.00826300">
<ele>1946.366</ele>
</trkpt>
<trkpt lat="34.28773200" lon="-110.00832900">
<ele>1946.588</ele>
</trkpt>
<trkpt lat="34.28786600" lon="-110.00837800">
<ele>1946.694</ele>
</trkpt>
<trkpt lat="34.28799500" lon="-110.00842100">
<ele>1946.743</ele>
</trkpt>
<trkpt lat="34.28812400" lon="-110.00842900">
<ele>1946.552</ele>
</trkpt>
<trkpt lat="34.28826000" lon="-110.00845200">
<ele>1946.602</ele>
</trkpt>
<trkpt lat="34.28839300" lon="-110.00848700">
<ele>1946.662</ele>
</trkpt>
<trkpt lat="34.28851900" lon="-110.00855500">
<ele>1949.414</ele>
</trkpt>
<trkpt lat="34.28861800" lon="-110.00866500">
<ele>1949.467</ele>
</trkpt>
<trkpt lat="34.28873900" lon="-110.00872200">
<ele>1949.438</ele>
</trkpt>
<trkpt lat="34.28886500" lon="-110.00869300">
<ele>1949.516</ele>
</trkpt>
<trkpt lat="34.28899100" lon="-110.00870400">
<ele>1949.586</ele>
</trkpt>
<trkpt lat="34.28910200" lon="-110.00879200">
<ele>1949.700</ele>
</trkpt>
<trkpt lat="34.28920300" lon="-110.00890700">
<ele>1949.823</ele>
</trkpt>
<trkpt lat="34.28930000" lon="-110.00901000">
<ele>1949.905</ele>
</trkpt>
<trkpt lat="34.28942600" lon="-110.00905000">
<ele>1950.146</ele>
</trkpt>
<trkpt lat="34.28954200" lon="-110.00898200">
<ele>1950.382</ele>
</trkpt>
<trkpt lat="34.28966700" lon="-110.00891200">
<ele>1950.842</ele>
</trkpt>
<trkpt lat="34.28980100" lon="-110.00887300">
<ele>1950.888</ele>
</trkpt>
<trkpt lat="34.28993900" lon="-110.00885500">
<ele>1950.932</ele>
</trkpt>
<trkpt lat="34.29007400" lon="-110.00883500">
<ele>1950.304</ele>
</trkpt>
<trkpt lat="34.29020500" lon="-110.00884100">
<ele>1949.667</ele>
</trkpt>
<trkpt lat="34.29034200" lon="-110.00886500">
<ele>1949.067</ele>
</trkpt>
<trkpt lat="34.29047200" lon="-110.00885700">
<ele>1948.639</ele>
</trkpt>
<trkpt lat="34.29060200" lon="-110.00884200">
<ele>1948.423</ele>
</trkpt>
<trkpt lat="34.29072200" lon="-110.00892400">
<ele>1948.168</ele>
</trkpt>
<trkpt lat="34.29079700" lon="-110.00905500">
<ele>1947.888</ele>
</trkpt>
<trkpt lat="34.29088700" lon="-110.00919100">
<ele>1947.641</ele>
</trkpt>
<trkpt lat="34.29098100" lon="-110.00931900">
<ele>1947.343</ele>
</trkpt>
<trkpt lat="34.29108700" lon="-110.00941500">
<ele>1947.043</ele>
</trkpt>
<trkpt lat="34.29118400" lon="-110.00952900">
<ele>1948.021</ele>
</trkpt>
<trkpt lat="34.29128200" lon="-110.00963300">
<ele>1947.917</ele>
</trkpt>
<trkpt lat="34.29137400" lon="-110.00974900">
<ele>1947.719</ele>
</trkpt>
<trkpt lat="34.29148200" lon="-110.00983800">
<ele>1947.516</ele>
</trkpt>
<trkpt lat="34.29160100" lon="-110.00990600">
<ele>1947.189</ele>
</trkpt>
<trkpt lat="34.29168200" lon="-110.01003500">
<ele>1946.989</ele>
</trkpt>
<trkpt lat="34.29179100" lon="-110.01011200">
<ele>1946.939</ele>
</trkpt>
<trkpt lat="34.29192100" lon="-110.01013800">
<ele>1947.011</ele>
</trkpt>
<trkpt lat="34.29203100" lon="-110.01021800">
<ele>1947.177</ele>
</trkpt>
<trkpt lat="34.29214500" lon="-110.01032000">
<ele>1947.383</ele>
</trkpt>
<trkpt lat="34.29223200" lon="-110.01045100">
<ele>1947.674</ele>
</trkpt>
<trkpt lat="34.29231000" lon="-110.01069100">
<ele>1948.451</ele>
</trkpt>
<trkpt lat="34.29232100" lon="-110.01085200">
<ele>1948.451</ele>
</trkpt>
<trkpt lat="34.29226700" lon="-110.01099800">
<ele>1948.451</ele>
</trkpt>
<trkpt lat="34.29220600" lon="-110.01123300">
<ele>1948.209</ele>
</trkpt>
<trkpt lat="34.29218800" lon="-110.01147500">
<ele>1948.209</ele>
</trkpt>
<trkpt lat="34.29221600" lon="-110.01173300">
<ele>1948.361</ele>
</trkpt>
<trkpt lat="34.29228500" lon="-110.01196300">
<ele>1948.330</ele>
</trkpt>
<trkpt lat="34.29237600" lon="-110.01218200">
<ele>1948.453</ele>
</trkpt>
<trkpt lat="34.29244100" lon="-110.01233900">
<ele>1948.453</ele>
</trkpt>
<trkpt lat="34.29248200" lon="-110.01249900">
<ele>1948.510</ele>
</trkpt>
<trkpt lat="34.29245800" lon="-110.01265600">
<ele>1949.046</ele>
</trkpt>
<trkpt lat="34.29242800" lon="-110.01281100">
<ele>1949.086</ele>
</trkpt>
<trkpt lat="34.29238600" lon="-110.01296500">
<ele>1949.086</ele>
</trkpt>
<trkpt lat="34.29233900" lon="-110.01302400">
<ele>1949.070</ele>
</trkpt>
<trkpt lat="34.29224300" lon="-110.01313600">
<ele>1948.992</ele>
</trkpt>
<trkpt lat="34.29213500" lon="-110.01322400">
<ele>1949.001</ele>
</trkpt>
<trkpt lat="34.29200700" lon="-110.01329700">
<ele>1948.998</ele>
</trkpt>
<trkpt lat="34.29187500" lon="-110.01335800">
<ele>1948.956</ele>
</trkpt>
<trkpt lat="34.29176600" lon="-110.01344600">
<ele>1948.908</ele>
</trkpt>
<trkpt lat="34.29166100" lon="-110.01353800">
<ele>1948.730</ele>
</trkpt>
<trkpt lat="34.29153000" lon="-110.01362200">
<ele>1948.731</ele>
</trkpt>
<trkpt lat="34.29139700" lon="-110.01367500">
<ele>1948.718</ele>
</trkpt>
<trkpt lat="34.29126300" lon="-110.01369700">
<ele>1948.678</ele>
</trkpt>
<trkpt lat="34.29114000" lon="-110.01375900">
<ele>1948.296</ele>
</trkpt>
<trkpt lat="34.29102200" lon="-110.01384500">
<ele>1948.465</ele>
</trkpt>
<trkpt lat="34.29095300" lon="-110.01399000">
<ele>1948.465</ele>
</trkpt>
<trkpt lat="34.29094700" lon="-110.01414900">
<ele>1948.243</ele>
</trkpt>
<trkpt lat="34.29087800" lon="-110.01428400">
<ele>1948.243</ele>
</trkpt>
<trkpt lat="34.29076900" lon="-110.01437500">
<ele>1948.165</ele>
</trkpt>
<trkpt lat="34.29063800" lon="-110.01446800">
<ele>1948.156</ele>
</trkpt>
<trkpt lat="34.29051900" lon="-110.01456900">
<ele>1948.994</ele>
</trkpt>
<trkpt lat="34.29046000" lon="-110.01470600">
<ele>1948.994</ele>
</trkpt>
<trkpt lat="34.29046600" lon="-110.01486600">
<ele>1948.994</ele>
</trkpt>
<trkpt lat="34.29037400" lon="-110.01497500">
<ele>1949.315</ele>
</trkpt>
<trkpt lat="34.29025000" lon="-110.01503500">
<ele>1949.455</ele>
</trkpt>
<trkpt lat="34.29011000" lon="-110.01505800">
<ele>1949.764</ele>
</trkpt>
<trkpt lat="34.28998900" lon="-110.01511600">
<ele>1949.785</ele>
</trkpt>
<trkpt lat="34.28989100" lon="-110.01522300">
<ele>1949.759</ele>
</trkpt>
<trkpt lat="34.28982200" lon="-110.01521000">
<ele>1949.675</ele>
</trkpt>
<trkpt lat="34.28970100" lon="-110.01524200">
<ele>1949.694</ele>
</trkpt>
<trkpt lat="34.28959000" lon="-110.01534300">
<ele>1949.432</ele>
</trkpt>
<trkpt lat="34.28947300" lon="-110.01542600">
<ele>1949.308</ele>
</trkpt>
<trkpt lat="34.28940700" lon="-110.01556600">
<ele>1947.894</ele>
</trkpt>
<trkpt lat="34.28936700" lon="-110.01572800">
<ele>1947.894</ele>
</trkpt>
<trkpt lat="34.28932300" lon="-110.01587300">
<ele>1947.882</ele>
</trkpt>
<trkpt lat="34.28927400" lon="-110.01602700">
<ele>1947.882</ele>
</trkpt>
<trkpt lat="34.28919700" lon="-110.01615500">
<ele>1947.841</ele>
</trkpt>
<trkpt lat="34.28909800" lon="-110.01625900">
<ele>1947.648</ele>
</trkpt>
<trkpt lat="34.28902100" lon="-110.01638500">
<ele>1947.354</ele>
</trkpt>
<trkpt lat="34.28893600" lon="-110.01651200">
<ele>1947.396</ele>
</trkpt>
<trkpt lat="34.28884600" lon="-110.01663000">
<ele>1947.439</ele>
</trkpt>
<trkpt lat="34.28878200" lon="-110.01676800">
<ele>1947.439</ele>
</trkpt>
<trkpt lat="34.28873900" lon="-110.01692400">
<ele>1947.547</ele>
</trkpt>
<trkpt lat="34.28868500" lon="-110.01714800">
<ele>1947.547</ele>
</trkpt>
<trkpt lat="34.28862500" lon="-110.01730600">
<ele>1947.610</ele>
</trkpt>
<trkpt lat="34.28860100" lon="-110.01747300">
<ele>1947.610</ele>
</trkpt>
<trkpt lat="34.28858900" lon="-110.01764800">
<ele>1945.941</ele>
</trkpt>
<trkpt lat="34.28859800" lon="-110.01781900">
<ele>1945.941</ele>
</trkpt>
<trkpt lat="34.28860000" lon="-110.01798500">
<ele>1945.941</ele>
</trkpt>
<trkpt lat="34.28863500" lon="-110.01813700">
<ele>1945.941</ele>
</trkpt>
<trkpt lat="34.28869600" lon="-110.01827400">
<ele>1945.856</ele>
</trkpt>
<trkpt lat="34.28872000" lon="-110.01844100">
<ele>1945.856</ele>
</trkpt>
<trkpt lat="34.28869000" lon="-110.01859600">
<ele>1944.374</ele>
</trkpt>
<trkpt lat="34.28870600" lon="-110.01875000">
<ele>1944.374</ele>
</trkpt>
<trkpt lat="34.28871100" lon="-110.01890700">
<ele>1944.374</ele>
</trkpt>
<trkpt lat="34.28861500" lon="-110.01900400">
<ele>1944.463</ele>
</trkpt>
<trkpt lat="34.28850000" lon="-110.01907200">
<ele>1944.620</ele>
</trkpt>
<trkpt lat="34.28844000" lon="-110.01910500">
<ele>1944.831</ele>
</trkpt>
<trkpt lat="34.28832200" lon="-110.01916100">
<ele>1944.885</ele>
</trkpt>
<trkpt lat="34.28818800" lon="-110.01918200">
<ele>1944.999</ele>
</trkpt>
<trkpt lat="34.28799400" lon="-110.01924600">
<ele>1945.076</ele>
</trkpt>
<trkpt lat="34.28785100" lon="-110.01927700">
<ele>1945.020</ele>
</trkpt>
<trkpt lat="34.28772200" lon="-110.01930400">
<ele>1944.813</ele>
</trkpt>
<trkpt lat="34.28759100" lon="-110.01935000">
<ele>1944.670</ele>
</trkpt>
<trkpt lat="34.28749900" lon="-110.01947700">
<ele>1944.531</ele>
</trkpt>
<trkpt lat="34.28743000" lon="-110.01961100">
<ele>1943.419</ele>
</trkpt>
<trkpt lat="34.28735300" lon="-110.01973700">
<ele>1943.419</ele>
</trkpt>
<trkpt lat="34.28727000" lon="-110.01986300">
<ele>1943.392</ele>
</trkpt>
<trkpt lat="34.28718600" lon="-110.01998500">
<ele>1943.353</ele>
</trkpt>
<trkpt lat="34.28710000" lon="-110.02010000">
<ele>1943.377</ele>
</trkpt>
<trkpt lat="34.28706000" lon="-110.02024700">
<ele>1943.377</ele>
</trkpt>
<trkpt lat="34.28708000" lon="-110.02039900">
<ele>1943.377</ele>
</trkpt>
<trkpt lat="34.28705600" lon="-110.02056000">
<ele>1944.282</ele>
</trkpt>
<trkpt lat="34.28701400" lon="-110.02080100">
<ele>1944.342</ele>
</trkpt>
<trkpt lat="34.28701100" lon="-110.02095600">
<ele>1944.342</ele>
</trkpt>
<trkpt lat="34.28707300" lon="-110.02110000">
<ele>1944.282</ele>
</trkpt>
<trkpt lat="34.28716200" lon="-110.02122000">
<ele>1944.224</ele>
</trkpt>
<trkpt lat="34.28719000" lon="-110.02137500">
<ele>1944.224</ele>
</trkpt>
<trkpt lat="34.28717400" lon="-110.02153400">
<ele>1944.863</ele>
</trkpt>
<trkpt lat="34.28707700" lon="-110.02165400">
<ele>1945.095</ele>
</trkpt>
<trkpt lat="34.28697500" lon="-110.02177600">
<ele>1944.984</ele>
</trkpt>
<trkpt lat="34.28690600" lon="-110.02193000">
<ele>1945.118</ele>
</trkpt>
<trkpt lat="34.28684700" lon="-110.02207500">
<ele>1945.250</ele>
</trkpt>
<trkpt lat="34.28678000" lon="-110.02222400">
<ele>1945.250</ele>
</trkpt>
<trkpt lat="34.28670300" lon="-110.02236200">
<ele>1945.363</ele>
</trkpt>
<trkpt lat="34.28660700" lon="-110.02257200">
<ele>1947.155</ele>
</trkpt>
<trkpt lat="34.28655400" lon="-110.02272300">
<ele>1947.155</ele>
</trkpt>
<trkpt lat="34.28646100" lon="-110.02284600">
<ele>1947.272</ele>
</trkpt>
<trkpt lat="34.28635500" lon="-110.02294600">
<ele>1947.324</ele>
</trkpt>
<trkpt lat="34.28630000" lon="-110.02309700">
<ele>1947.468</ele>
</trkpt>
<trkpt lat="34.28628500" lon="-110.02327300">
<ele>1947.468</ele>
</trkpt>
<trkpt lat="34.28625500" lon="-110.02344200">
<ele>1947.468</ele>
</trkpt>
<trkpt lat="34.28622300" lon="-110.02359800">
<ele>1948.519</ele>
</trkpt>
<trkpt lat="34.28623900" lon="-110.02376700">
<ele>1948.519</ele>
</trkpt>
<trkpt lat="34.28625200" lon="-110.02392500">
<ele>1948.356</ele>
</trkpt>
<trkpt lat="34.28622500" lon="-110.02408200">
<ele>1948.519</ele>
</trkpt>
<trkpt lat="34.28615900" lon="-110.02422300">
<ele>1948.519</ele>
</trkpt>
<trkpt lat="34.28615000" lon="-110.02439100">
<ele>1948.364</ele>
</trkpt>
<trkpt lat="34.28618500" lon="-110.02454900">
<ele>1948.179</ele>
</trkpt>
<trkpt lat="34.28620900" lon="-110.02472000">
<ele>1948.179</ele>
</trkpt>
<trkpt lat="34.28627500" lon="-110.02485900">
<ele>1948.190</ele>
</trkpt>
<trkpt lat="34.28631200" lon="-110.02492200">
<ele>1948.190</ele>
</trkpt>
<trkpt lat="34.28638600" lon="-110.02504700">
<ele>1948.325</ele>
</trkpt>
<trkpt lat="34.28646400" lon="-110.02517700">
<ele>1948.365</ele>
</trkpt>
<trkpt lat="34.28650100" lon="-110.02524000">
<ele>1948.365</ele>
</trkpt>
<trkpt lat="34.28656900" lon="-110.02537300">
<ele>1948.437</ele>
</trkpt>
<trkpt lat="34.28659400" lon="-110.02544400">
<ele>1948.437</ele>
</trkpt>
<trkpt lat="34.28661800" lon="-110.02552100">
<ele>1948.783</ele>
</trkpt>
<trkpt lat="34.28663700" lon="-110.02559600">
<ele>1948.783</ele>
</trkpt>
<trkpt lat="34.28666900" lon="-110.02566500">
<ele>1948.757</ele>
</trkpt>
<trkpt lat="34.28672100" lon="-110.02571300">
<ele>1948.757</ele>
</trkpt>
<trkpt lat="34.28676200" lon="-110.02577700">
<ele>1948.539</ele>
</trkpt>
<trkpt lat="34.28676600" lon="-110.02585700">
<ele>1948.539</ele>
</trkpt>
<trkpt lat="34.28676900" lon="-110.02593500">
<ele>1948.539</ele>
</trkpt>
<trkpt lat="34.28680500" lon="-110.02600100">
<ele>1948.539</ele>
</trkpt>
<trkpt lat="34.28684900" lon="-110.02605800">
<ele>1948.539</ele>
</trkpt>
<trkpt lat="34.28688500" lon="-110.02612300">
<ele>1948.427</ele>
</trkpt>
<trkpt lat="34.28690400" lon="-110.02619900">
<ele>1948.427</ele>
</trkpt>
<trkpt lat="34.28691800" lon="-110.02627400">
<ele>1948.427</ele>
</trkpt>
<trkpt lat="34.28699700" lon="-110.02639600">
<ele>1948.226</ele>
</trkpt>
<trkpt lat="34.28707500" lon="-110.02651500">
<ele>1947.429</ele>
</trkpt>
<trkpt lat="34.28717200" lon="-110.02663100">
<ele>1946.849</ele>
</trkpt>
<trkpt lat="34.28725300" lon="-110.02675900">
<ele>1946.655</ele>
</trkpt>
<trkpt lat="34.28735300" lon="-110.02686700">
<ele>1946.454</ele>
</trkpt>
<trkpt lat="34.28739300" lon="-110.02701100">
<ele>1946.454</ele>
</trkpt>
<trkpt lat="34.28736800" lon="-110.02716200">
<ele>1946.454</ele>
</trkpt>
<trkpt lat="34.28735600" lon="-110.02732200">
<ele>1946.454</ele>
</trkpt>
<trkpt lat="34.28731000" lon="-110.02747400">
<ele>1946.655</ele>
</trkpt>
<trkpt lat="34.28729800" lon="-110.02754900">
<ele>1947.512</ele>
</trkpt>
<trkpt lat="34.28736500" lon="-110.02768300">
<ele>1947.219</ele>
</trkpt>
<trkpt lat="34.28745900" lon="-110.02780100">
<ele>1946.931</ele>
</trkpt>
<trkpt lat="34.28750800" lon="-110.02795200">
<ele>1946.931</ele>
</trkpt>
<trkpt lat="34.28750100" lon="-110.02803400">
<ele>1946.931</ele>
</trkpt>
<trkpt lat="34.28749000" lon="-110.02810900">
<ele>1946.931</ele>
</trkpt>
<trkpt lat="34.28748900" lon="-110.02816700">
<ele>1946.931</ele>
</trkpt>
<trkpt lat="34.28751500" lon="-110.02824100">
<ele>1946.931</ele>
</trkpt>
<trkpt lat="34.28756300" lon="-110.02829100">
<ele>1946.627</ele>
</trkpt>
<trkpt lat="34.28761900" lon="-110.02833600">
<ele>1946.627</ele>
</trkpt>
<trkpt lat="34.28766200" lon="-110.02839900">
<ele>1946.330</ele>
</trkpt>
<trkpt lat="34.28768900" lon="-110.02847500">
<ele>1946.330</ele>
</trkpt>
<trkpt lat="34.28769800" lon="-110.02855300">
<ele>1946.214</ele>
</trkpt>
<trkpt lat="34.28769900" lon="-110.02871600">
<ele>1946.214</ele>
</trkpt>
<trkpt lat="34.28770500" lon="-110.02879800">
<ele>1946.214</ele>
</trkpt>
<trkpt lat="34.28771900" lon="-110.02887400">
<ele>1946.214</ele>
</trkpt>
<trkpt lat="34.28774000" lon="-110.02895300">
<ele>1946.214</ele>
</trkpt>
<trkpt lat="34.28775700" lon="-110.02901600">
<ele>1945.993</ele>
</trkpt>
<trkpt lat="34.28777900" lon="-110.02908800">
<ele>1945.993</ele>
</trkpt>
<trkpt lat="34.28780400" lon="-110.02916100">
<ele>1945.993</ele>
</trkpt>
<trkpt lat="34.28780600" lon="-110.02923700">
<ele>1945.993</ele>
</trkpt>
<trkpt lat="34.28775400" lon="-110.02928100">
<ele>1945.993</ele>
</trkpt>
<trkpt lat="34.28770600" lon="-110.02933400">
<ele>1946.214</ele>
</trkpt>
<trkpt lat="34.28767400" lon="-110.02938100">
<ele>1946.214</ele>
</trkpt>
<trkpt lat="34.28763100" lon="-110.02944200">
<ele>1946.337</ele>
</trkpt>
<trkpt lat="34.28758800" lon="-110.02950300">
<ele>1947.754</ele>
</trkpt>
<trkpt lat="34.28750400" lon="-110.02962200">
<ele>1947.737</ele>
</trkpt>
<trkpt lat="34.28742600" lon="-110.02975300">
<ele>1947.502</ele>
</trkpt>
<trkpt lat="34.28736000" lon="-110.02989800">
<ele>1947.502</ele>
</trkpt>
<trkpt lat="34.28736100" lon="-110.02997700">
<ele>1947.502</ele>
</trkpt>
<trkpt lat="34.28736700" lon="-110.03005300">
<ele>1947.502</ele>
</trkpt>
<trkpt lat="34.28734200" lon="-110.03012800">
<ele>1947.219</ele>
</trkpt>
<trkpt lat="34.28730500" lon="-110.03027500">
<ele>1947.219</ele>
</trkpt>
<trkpt lat="34.28729800" lon="-110.03034400">
<ele>1947.219</ele>
</trkpt>
<trkpt lat="34.28729800" lon="-110.03034400">
<ele>1947.219</ele>
</trkpt>
<trkpt lat="34.28730900" lon="-110.03049600">
<ele>1947.219</ele>
</trkpt>
<trkpt lat="34.28734900" lon="-110.03056100">
<ele>1945.005</ele>
</trkpt>
<trkpt lat="34.28740500" lon="-110.03060300">
<ele>1945.091</ele>
</trkpt>
<trkpt lat="34.28746100" lon="-110.03063800">
<ele>1945.118</ele>
</trkpt>
<trkpt lat="34.28751600" lon="-110.03068100">
<ele>1945.118</ele>
</trkpt>
<trkpt lat="34.28757300" lon="-110.03071600">
<ele>1945.272</ele>
</trkpt>
<trkpt lat="34.28763100" lon="-110.03074700">
<ele>1945.272</ele>
</trkpt>
<trkpt lat="34.28769100" lon="-110.03077800">
<ele>1945.437</ele>
</trkpt>
<trkpt lat="34.28775100" lon="-110.03080700">
<ele>1945.579</ele>
</trkpt>
<trkpt lat="34.28781300" lon="-110.03083700">
<ele>1945.579</ele>
</trkpt>
<trkpt lat="34.28787400" lon="-110.03086400">
<ele>1945.678</ele>
</trkpt>
<trkpt lat="34.28793500" lon="-110.03089100">
<ele>1945.678</ele>
</trkpt>
<trkpt lat="34.28806100" lon="-110.03094200">
<ele>1945.931</ele>
</trkpt>
<trkpt lat="34.28818300" lon="-110.03098800">
<ele>1946.054</ele>
</trkpt>
<trkpt lat="34.28824500" lon="-110.03101000">
<ele>1946.054</ele>
</trkpt>
<trkpt lat="34.28831100" lon="-110.03103000">
<ele>1946.351</ele>
</trkpt>
<trkpt lat="34.28837500" lon="-110.03104600">
<ele>1946.536</ele>
</trkpt>
<trkpt lat="34.28843800" lon="-110.03106300">
<ele>1946.536</ele>
</trkpt>
<trkpt lat="34.28850100" lon="-110.03108400">
<ele>1946.763</ele>
</trkpt>
<trkpt lat="34.28856400" lon="-110.03111700">
<ele>1946.916</ele>
</trkpt>
<trkpt lat="34.28869200" lon="-110.03118000">
<ele>1947.106</ele>
</trkpt>
<trkpt lat="34.28882500" lon="-110.03121500">
<ele>1947.194</ele>
</trkpt>
<trkpt lat="34.28895600" lon="-110.03127500">
<ele>1946.917</ele>
</trkpt>
<trkpt lat="34.28908500" lon="-110.03133500">
<ele>1946.786</ele>
</trkpt>
<trkpt lat="34.28920700" lon="-110.03139000">
<ele>1946.742</ele>
</trkpt>
<trkpt lat="34.28927100" lon="-110.03140500">
<ele>1946.683</ele>
</trkpt>
<trkpt lat="34.28940200" lon="-110.03143300">
<ele>1946.561</ele>
</trkpt>
<trkpt lat="34.28953000" lon="-110.03148100">
<ele>1946.435</ele>
</trkpt>
<trkpt lat="34.28966300" lon="-110.03154200">
<ele>1946.319</ele>
</trkpt>
<trkpt lat="34.28980300" lon="-110.03160200">
<ele>1946.148</ele>
</trkpt>
<trkpt lat="34.28993400" lon="-110.03165600">
<ele>1945.897</ele>
</trkpt>
<trkpt lat="34.29005900" lon="-110.03170700">
<ele>1945.617</ele>
</trkpt>
<trkpt lat="34.29018700" lon="-110.03175600">
<ele>1945.474</ele>
</trkpt>
<trkpt lat="34.29032000" lon="-110.03181100">
<ele>1945.436</ele>
</trkpt>
<trkpt lat="34.29045300" lon="-110.03186800">
<ele>1945.412</ele>
</trkpt>
<trkpt lat="34.29058900" lon="-110.03191200">
<ele>1945.407</ele>
</trkpt>
<trkpt lat="34.29071600" lon="-110.03195600">
<ele>1945.341</ele>
</trkpt>
<trkpt lat="34.29084600" lon="-110.03200500">
<ele>1945.332</ele>
</trkpt>
<trkpt lat="34.29097200" lon="-110.03205300">
<ele>1945.418</ele>
</trkpt>
<trkpt lat="34.29110000" lon="-110.03210500">
<ele>1945.418</ele>
</trkpt>
<trkpt lat="34.29122200" lon="-110.03217100">
<ele>1945.397</ele>
</trkpt>
<trkpt lat="34.29134100" lon="-110.03226100">
<ele>1945.442</ele>
</trkpt>
<trkpt lat="34.29145900" lon="-110.03232700">
<ele>1945.451</ele>
</trkpt>
<trkpt lat="34.29165700" lon="-110.03240300">
<ele>1945.487</ele>
</trkpt>
<trkpt lat="34.29185100" lon="-110.03247700">
<ele>1945.521</ele>
</trkpt>
<trkpt lat="34.29198800" lon="-110.03251900">
<ele>1946.292</ele>
</trkpt>
<trkpt lat="34.29212500" lon="-110.03255200">
<ele>1946.251</ele>
</trkpt>
<trkpt lat="34.29225500" lon="-110.03258800">
<ele>1946.334</ele>
</trkpt>
<trkpt lat="34.29238700" lon="-110.03263200">
<ele>1946.431</ele>
</trkpt>
<trkpt lat="34.29251100" lon="-110.03267800">
<ele>1946.399</ele>
</trkpt>
<trkpt lat="34.29263400" lon="-110.03272900">
<ele>1946.460</ele>
</trkpt>
<trkpt lat="34.29276200" lon="-110.03276600">
<ele>1946.634</ele>
</trkpt>
<trkpt lat="34.29288700" lon="-110.03280700">
<ele>1946.699</ele>
</trkpt>
<trkpt lat="34.29300900" lon="-110.03285200">
<ele>1946.801</ele>
</trkpt>
<trkpt lat="34.29319500" lon="-110.03292600">
<ele>1946.445</ele>
</trkpt>
<trkpt lat="34.29332000" lon="-110.03297300">
<ele>1946.179</ele>
</trkpt>
<trkpt lat="34.29346100" lon="-110.03301800">
<ele>1946.193</ele>
</trkpt>
<trkpt lat="34.29359600" lon="-110.03307600">
<ele>1946.122</ele>
</trkpt>
<trkpt lat="34.29378800" lon="-110.03317600">
<ele>1946.333</ele>
</trkpt>
<trkpt lat="34.29397300" lon="-110.03327800">
<ele>1946.795</ele>
</trkpt>
<trkpt lat="34.29410300" lon="-110.03333200">
<ele>1947.134</ele>
</trkpt>
<trkpt lat="34.29423500" lon="-110.03336600">
<ele>1947.240</ele>
</trkpt>
<trkpt lat="34.29436900" lon="-110.03338900">
<ele>1947.042</ele>
</trkpt>
<trkpt lat="34.29449800" lon="-110.03342500">
<ele>1946.704</ele>
</trkpt>
<trkpt lat="34.29462700" lon="-110.03347000">
<ele>1946.614</ele>
</trkpt>
<trkpt lat="34.29475600" lon="-110.03352600">
<ele>1947.254</ele>
</trkpt>
<trkpt lat="34.29488500" lon="-110.03358200">
<ele>1947.128</ele>
</trkpt>
<trkpt lat="34.29501300" lon="-110.03363800">
<ele>1946.925</ele>
</trkpt>
<trkpt lat="34.29514900" lon="-110.03369200">
<ele>1946.910</ele>
</trkpt>
<trkpt lat="34.29528300" lon="-110.03368200">
<ele>1946.681</ele>
</trkpt>
<trkpt lat="34.29542400" lon="-110.03367700">
<ele>1946.663</ele>
</trkpt>
<trkpt lat="34.29555100" lon="-110.03370100">
<ele>1946.826</ele>
</trkpt>
<trkpt lat="34.29560200" lon="-110.03375600">
<ele>1946.826</ele>
</trkpt>
<trkpt lat="34.29562600" lon="-110.03383300">
<ele>1946.826</ele>
</trkpt>
<trkpt lat="34.29562800" lon="-110.03391100">
<ele>1946.826</ele>
</trkpt>
<trkpt lat="34.29566500" lon="-110.03397400">
<ele>1946.563</ele>
</trkpt>
<trkpt lat="34.29572500" lon="-110.03400200">
<ele>1946.563</ele>
</trkpt>
<trkpt lat="34.29579200" lon="-110.03401700">
<ele>1946.517</ele>
</trkpt>
<trkpt lat="34.29591800" lon="-110.03405300">
<ele>1946.464</ele>
</trkpt>
<trkpt lat="34.29605300" lon="-110.03409800">
<ele>1946.433</ele>
</trkpt>
<trkpt lat="34.29625800" lon="-110.03417500">
<ele>1946.099</ele>
</trkpt>
<trkpt lat="34.29645100" lon="-110.03426300">
<ele>1945.530</ele>
</trkpt>
<trkpt lat="34.29665100" lon="-110.03435700">
<ele>1945.066</ele>
</trkpt>
<trkpt lat="34.29684900" lon="-110.03443900">
<ele>1944.850</ele>
</trkpt>
<trkpt lat="34.29705400" lon="-110.03451600">
<ele>1944.571</ele>
</trkpt>
<trkpt lat="34.29718100" lon="-110.03456400">
<ele>1944.501</ele>
</trkpt>
<trkpt lat="34.29731400" lon="-110.03461700">
<ele>1944.449</ele>
</trkpt>
<trkpt lat="34.29743800" lon="-110.03467200">
<ele>1944.427</ele>
</trkpt>
<trkpt lat="34.29749800" lon="-110.03470000">
<ele>1944.337</ele>
</trkpt>
<trkpt lat="34.29755900" lon="-110.03473300">
<ele>1944.191</ele>
</trkpt>
<trkpt lat="34.29762000" lon="-110.03476500">
<ele>1944.191</ele>
</trkpt>
<trkpt lat="34.29775000" lon="-110.03481500">
<ele>1944.160</ele>
</trkpt>
<trkpt lat="34.29788300" lon="-110.03486600">
<ele>1944.070</ele>
</trkpt>
<trkpt lat="34.29801200" lon="-110.03491700">
<ele>1943.952</ele>
</trkpt>
<trkpt lat="34.29814700" lon="-110.03496700">
<ele>1943.815</ele>
</trkpt>
<trkpt lat="34.29827400" lon="-110.03501400">
<ele>1943.631</ele>
</trkpt>
<trkpt lat="34.29846400" lon="-110.03508600">
<ele>1943.295</ele>
</trkpt>
<trkpt lat="34.29865600" lon="-110.03515900">
<ele>1943.012</ele>
</trkpt>
<trkpt lat="34.29884500" lon="-110.03524900">
<ele>1942.725</ele>
</trkpt>
<trkpt lat="34.29896600" lon="-110.03530300">
<ele>1942.512</ele>
</trkpt>
<trkpt lat="34.29909700" lon="-110.03535500">
<ele>1942.456</ele>
</trkpt>
<trkpt lat="34.29922900" lon="-110.03540400">
<ele>1942.433</ele>
</trkpt>
<trkpt lat="34.29935400" lon="-110.03545000">
<ele>1942.284</ele>
</trkpt>
<trkpt lat="34.29948000" lon="-110.03550600">
<ele>1942.845</ele>
</trkpt>
<trkpt lat="34.29954400" lon="-110.03552900">
<ele>1942.845</ele>
</trkpt>
<trkpt lat="34.29960900" lon="-110.03554200">
<ele>1942.739</ele>
</trkpt>
<trkpt lat="34.29973900" lon="-110.03558000">
<ele>1942.743</ele>
</trkpt>
<trkpt lat="34.29987100" lon="-110.03561900">
<ele>1942.735</ele>
</trkpt>
<trkpt lat="34.29999300" lon="-110.03566400">
<ele>1942.756</ele>
</trkpt>
<trkpt lat="34.30012000" lon="-110.03572400">
<ele>1942.671</ele>
</trkpt>
<trkpt lat="34.30024200" lon="-110.03578100">
<ele>1942.403</ele>
</trkpt>
<trkpt lat="34.30038000" lon="-110.03584400">
<ele>1942.013</ele>
</trkpt>
<trkpt lat="34.30051600" lon="-110.03589200">
<ele>1941.944</ele>
</trkpt>
<trkpt lat="34.30070900" lon="-110.03595900">
<ele>1941.557</ele>
</trkpt>
<trkpt lat="34.30091000" lon="-110.03603800">
<ele>1941.395</ele>
</trkpt>
<trkpt lat="34.30112100" lon="-110.03612700">
<ele>1941.159</ele>
</trkpt>
<trkpt lat="34.30133000" lon="-110.03621200">
<ele>1941.016</ele>
</trkpt>
<trkpt lat="34.30155400" lon="-110.03629300">
<ele>1940.748</ele>
</trkpt>
<trkpt lat="34.30175000" lon="-110.03635800">
<ele>1940.667</ele>
</trkpt>
<trkpt lat="34.30194800" lon="-110.03644500">
<ele>1940.496</ele>
</trkpt>
<trkpt lat="34.30214700" lon="-110.03653400">
<ele>1941.563</ele>
</trkpt>
<trkpt lat="34.30235900" lon="-110.03661900">
<ele>1941.356</ele>
</trkpt>
<trkpt lat="34.30255200" lon="-110.03668300">
<ele>1941.248</ele>
</trkpt>
<trkpt lat="34.30268400" lon="-110.03672200">
<ele>1941.108</ele>
</trkpt>
<trkpt lat="34.30281000" lon="-110.03676700">
<ele>1941.002</ele>
</trkpt>
<trkpt lat="34.30293400" lon="-110.03681400">
<ele>1940.880</ele>
</trkpt>
<trkpt lat="34.30299800" lon="-110.03684000">
<ele>1940.807</ele>
</trkpt>
<trkpt lat="34.30312200" lon="-110.03688900">
<ele>1940.714</ele>
</trkpt>
<trkpt lat="34.30325100" lon="-110.03694000">
<ele>1940.446</ele>
</trkpt>
<trkpt lat="34.30338100" lon="-110.03698600">
<ele>1940.324</ele>
</trkpt>
<trkpt lat="34.30352300" lon="-110.03703300">
<ele>1940.251</ele>
</trkpt>
<trkpt lat="34.30365600" lon="-110.03707900">
<ele>1940.073</ele>
</trkpt>
<trkpt lat="34.30385000" lon="-110.03715900">
<ele>1939.951</ele>
</trkpt>
<trkpt lat="34.30398300" lon="-110.03721600">
<ele>1939.651</ele>
</trkpt>
<trkpt lat="34.30417300" lon="-110.03730000">
<ele>1939.179</ele>
</trkpt>
<trkpt lat="34.30430100" lon="-110.03734800">
<ele>1939.221</ele>
</trkpt>
<trkpt lat="34.30443000" lon="-110.03739000">
<ele>1939.001</ele>
</trkpt>
<trkpt lat="34.30456300" lon="-110.03743800">
<ele>1939.008</ele>
</trkpt>
<trkpt lat="34.30468800" lon="-110.03749400">
<ele>1938.939</ele>
</trkpt>
<trkpt lat="34.30481400" lon="-110.03754200">
<ele>1940.523</ele>
</trkpt>
<trkpt lat="34.30495000" lon="-110.03760600">
<ele>1940.560</ele>
</trkpt>
<trkpt lat="34.30507400" lon="-110.03767200">
<ele>1940.484</ele>
</trkpt>
<trkpt lat="34.30520000" lon="-110.03773500">
<ele>1940.386</ele>
</trkpt>
<trkpt lat="34.30532700" lon="-110.03778500">
<ele>1940.260</ele>
</trkpt>
<trkpt lat="34.30545700" lon="-110.03782200">
<ele>1939.825</ele>
</trkpt>
<trkpt lat="34.30558800" lon="-110.03784500">
<ele>1939.700</ele>
</trkpt>
<trkpt lat="34.30572100" lon="-110.03785800">
<ele>1939.395</ele>
</trkpt>
<trkpt lat="34.30584300" lon="-110.03790700">
<ele>1939.054</ele>
</trkpt>
<trkpt lat="34.30597200" lon="-110.03795000">
<ele>1938.577</ele>
</trkpt>
<trkpt lat="34.30610000" lon="-110.03798300">
<ele>1938.382</ele>
</trkpt>
<trkpt lat="34.30622700" lon="-110.03804100">
<ele>1938.197</ele>
</trkpt>
<trkpt lat="34.30634400" lon="-110.03811100">
<ele>1937.916</ele>
</trkpt>
<trkpt lat="34.30640300" lon="-110.03813700">
<ele>1937.716</ele>
</trkpt>
<trkpt lat="34.30646700" lon="-110.03815500">
<ele>1937.506</ele>
</trkpt>
<trkpt lat="34.30659200" lon="-110.03821200">
<ele>1937.212</ele>
</trkpt>
<trkpt lat="34.30671800" lon="-110.03826200">
<ele>1937.078</ele>
</trkpt>
<trkpt lat="34.30684500" lon="-110.03831200">
<ele>1936.900</ele>
</trkpt>
<trkpt lat="34.30704100" lon="-110.03840600">
<ele>1936.395</ele>
</trkpt>
<trkpt lat="34.30723500" lon="-110.03849300">
<ele>1936.159</ele>
</trkpt>
<trkpt lat="34.30743500" lon="-110.03857300">
<ele>1936.279</ele>
</trkpt>
<trkpt lat="34.30762900" lon="-110.03864800">
<ele>1935.919</ele>
</trkpt>
<trkpt lat="34.30783000" lon="-110.03872700">
<ele>1935.583</ele>
</trkpt>
<trkpt lat="34.30803400" lon="-110.03880400">
<ele>1935.138</ele>
</trkpt>
<trkpt lat="34.30823700" lon="-110.03887900">
<ele>1934.793</ele>
</trkpt>
<trkpt lat="34.30844700" lon="-110.03895900">
<ele>1934.460</ele>
</trkpt>
<trkpt lat="34.30863500" lon="-110.03903600">
<ele>1934.321</ele>
</trkpt>
<trkpt lat="34.30876600" lon="-110.03909200">
<ele>1934.138</ele>
</trkpt>
<trkpt lat="34.30889700" lon="-110.03914900">
<ele>1933.975</ele>
</trkpt>
<trkpt lat="34.30903200" lon="-110.03920700">
<ele>1933.731</ele>
</trkpt>
<trkpt lat="34.30915600" lon="-110.03926300">
<ele>1933.328</ele>
</trkpt>
<trkpt lat="34.30934200" lon="-110.03935000">
<ele>1933.063</ele>
</trkpt>
<trkpt lat="34.30946200" lon="-110.03940700">
<ele>1932.274</ele>
</trkpt>
<trkpt lat="34.30959100" lon="-110.03946800">
<ele>1931.982</ele>
</trkpt>
<trkpt lat="34.30971500" lon="-110.03953300">
<ele>1932.713</ele>
</trkpt>
<trkpt lat="34.30977800" lon="-110.03955900">
<ele>1932.484</ele>
</trkpt>
<trkpt lat="34.30990700" lon="-110.03959900">
<ele>1932.320</ele>
</trkpt>
<trkpt lat="34.31004000" lon="-110.03964100">
<ele>1932.036</ele>
</trkpt>
<trkpt lat="34.31017600" lon="-110.03968300">
<ele>1931.560</ele>
</trkpt>
<trkpt lat="34.31030200" lon="-110.03972200">
<ele>1931.351</ele>
</trkpt>
<trkpt lat="34.31042800" lon="-110.03977200">
<ele>1931.053</ele>
</trkpt>
<trkpt lat="34.31055700" lon="-110.03982500">
<ele>1930.545</ele>
</trkpt>
<trkpt lat="34.31068600" lon="-110.03988200">
<ele>1930.326</ele>
</trkpt>
<trkpt lat="34.31082400" lon="-110.03994400">
<ele>1930.104</ele>
</trkpt>
<trkpt lat="34.31102000" lon="-110.04003000">
<ele>1929.675</ele>
</trkpt>
<trkpt lat="34.31116100" lon="-110.04009000">
<ele>1929.330</ele>
</trkpt>
<trkpt lat="34.31129700" lon="-110.04014600">
<ele>1929.229</ele>
</trkpt>
<trkpt lat="34.31142200" lon="-110.04019300">
<ele>1929.139</ele>
</trkpt>
<trkpt lat="34.31155300" lon="-110.04023400">
<ele>1928.777</ele>
</trkpt>
<trkpt lat="34.31168200" lon="-110.04027600">
<ele>1928.738</ele>
</trkpt>
<trkpt lat="34.31180700" lon="-110.04032500">
<ele>1928.603</ele>
</trkpt>
<trkpt lat="34.31193100" lon="-110.04037500">
<ele>1928.455</ele>
</trkpt>
<trkpt lat="34.31206200" lon="-110.04042800">
<ele>1927.984</ele>
</trkpt>
<trkpt lat="34.31219500" lon="-110.04047800">
<ele>1927.640</ele>
</trkpt>
<trkpt lat="34.31233100" lon="-110.04051400">
<ele>1928.698</ele>
</trkpt>
<trkpt lat="34.31245400" lon="-110.04056000">
<ele>1927.655</ele>
</trkpt>
<trkpt lat="34.31258300" lon="-110.04062200">
<ele>1927.215</ele>
</trkpt>
<trkpt lat="34.31270700" lon="-110.04068300">
<ele>1926.694</ele>
</trkpt>
<trkpt lat="34.31283200" lon="-110.04073600">
<ele>1926.043</ele>
</trkpt>
<trkpt lat="34.31295800" lon="-110.04077500">
<ele>1925.234</ele>
</trkpt>
<trkpt lat="34.31308500" lon="-110.04082500">
<ele>1924.768</ele>
</trkpt>
<trkpt lat="34.31321700" lon="-110.04087000">
<ele>1924.331</ele>
</trkpt>
<trkpt lat="34.31327600" lon="-110.04090000">
<ele>1924.002</ele>
</trkpt>
<trkpt lat="34.31340000" lon="-110.04095700">
<ele>1923.657</ele>
</trkpt>
<trkpt lat="34.31359500" lon="-110.04103300">
<ele>1922.927</ele>
</trkpt>
<trkpt lat="34.31372500" lon="-110.04107600">
<ele>1922.606</ele>
</trkpt>
<trkpt lat="34.31386200" lon="-110.04112400">
<ele>1922.107</ele>
</trkpt>
<trkpt lat="34.31398700" lon="-110.04117000">
<ele>1921.854</ele>
</trkpt>
<trkpt lat="34.31412100" lon="-110.04122000">
<ele>1921.577</ele>
</trkpt>
<trkpt lat="34.31425300" lon="-110.04127000">
<ele>1921.094</ele>
</trkpt>
<trkpt lat="34.31438400" lon="-110.04131700">
<ele>1920.882</ele>
</trkpt>
<trkpt lat="34.31451200" lon="-110.04136600">
<ele>1920.708</ele>
</trkpt>
<trkpt lat="34.31464300" lon="-110.04141700">
<ele>1920.526</ele>
</trkpt>
<trkpt lat="34.31476900" lon="-110.04146200">
<ele>1920.232</ele>
</trkpt>
<trkpt lat="34.31490000" lon="-110.04151200">
<ele>1919.072</ele>
</trkpt>
<trkpt lat="34.31503300" lon="-110.04156400">
<ele>1918.834</ele>
</trkpt>
<trkpt lat="34.31516300" lon="-110.04161400">
<ele>1918.391</ele>
</trkpt>
<trkpt lat="34.31528800" lon="-110.04166300">
<ele>1918.067</ele>
</trkpt>
<trkpt lat="34.31542000" lon="-110.04171800">
<ele>1917.805</ele>
</trkpt>
<trkpt lat="34.31554800" lon="-110.04177100">
<ele>1917.504</ele>
</trkpt>
<trkpt lat="34.31567700" lon="-110.04182700">
<ele>1916.962</ele>
</trkpt>
<trkpt lat="34.31579800" lon="-110.04189000">
<ele>1916.779</ele>
</trkpt>
<trkpt lat="34.31593100" lon="-110.04195400">
<ele>1916.568</ele>
</trkpt>
<trkpt lat="34.31605700" lon="-110.04200400">
<ele>1916.222</ele>
</trkpt>
<trkpt lat="34.31618600" lon="-110.04204500">
<ele>1916.050</ele>
</trkpt>
<trkpt lat="34.31632200" lon="-110.04208700">
<ele>1915.889</ele>
</trkpt>
<trkpt lat="34.31645200" lon="-110.04213100">
<ele>1915.679</ele>
</trkpt>
<trkpt lat="34.31658600" lon="-110.04218700">
<ele>1915.510</ele>
</trkpt>
<trkpt lat="34.31664500" lon="-110.04221700">
<ele>1915.510</ele>
</trkpt>
<trkpt lat="34.31670500" lon="-110.04225300">
<ele>1915.395</ele>
</trkpt>
<trkpt lat="34.31682600" lon="-110.04231300">
<ele>1915.203</ele>
</trkpt>
<trkpt lat="34.31695200" lon="-110.04235100">
<ele>1914.881</ele>
</trkpt>
<trkpt lat="34.31707900" lon="-110.04238200">
<ele>1914.689</ele>
</trkpt>
<trkpt lat="34.31720900" lon="-110.04242800">
<ele>1914.475</ele>
</trkpt>
<trkpt lat="34.31733600" lon="-110.04248100">
<ele>1914.247</ele>
</trkpt>
<trkpt lat="34.31746400" lon="-110.04252600">
<ele>1914.095</ele>
</trkpt>
<trkpt lat="34.31752800" lon="-110.04254600">
<ele>1914.095</ele>
</trkpt>
<trkpt lat="34.31759000" lon="-110.04256400">
<ele>1914.013</ele>
</trkpt>
<trkpt lat="34.31765600" lon="-110.04258100">
<ele>1913.922</ele>
</trkpt>
<trkpt lat="34.31771800" lon="-110.04260100">
<ele>1913.922</ele>
</trkpt>
<trkpt lat="34.31778200" lon="-110.04261200">
<ele>1913.840</ele>
</trkpt>
<trkpt lat="34.31784500" lon="-110.04262400">
<ele>1913.840</ele>
</trkpt>
<trkpt lat="34.31796700" lon="-110.04270100">
<ele>1913.636</ele>
</trkpt>
<trkpt lat="34.31808100" lon="-110.04278300">
<ele>1913.488</ele>
</trkpt>
<trkpt lat="34.31821500" lon="-110.04284900">
<ele>1913.357</ele>
</trkpt>
<trkpt lat="34.31835000" lon="-110.04289900">
<ele>1913.087</ele>
</trkpt>
<trkpt lat="34.31847200" lon="-110.04295300">
<ele>1912.722</ele>
</trkpt>
<trkpt lat="34.31859200" lon="-110.04301800">
<ele>1912.561</ele>
</trkpt>
<trkpt lat="34.31872100" lon="-110.04305100">
<ele>1912.270</ele>
</trkpt>
<trkpt lat="34.31885400" lon="-110.04308400">
<ele>1911.756</ele>
</trkpt>
<trkpt lat="34.31898400" lon="-110.04312700">
<ele>1911.455</ele>
</trkpt>
<trkpt lat="34.31910800" lon="-110.04318200">
<ele>1911.033</ele>
</trkpt>
<trkpt lat="34.31923900" lon="-110.04324700">
<ele>1910.674</ele>
</trkpt>
<trkpt lat="34.31937100" lon="-110.04327100">
<ele>1910.458</ele>
</trkpt>
<trkpt lat="34.31950000" lon="-110.04327200">
<ele>1910.228</ele>
</trkpt>
<trkpt lat="34.31963600" lon="-110.04331200">
<ele>1910.086</ele>
</trkpt>
<trkpt lat="34.31975600" lon="-110.04337700">
<ele>1909.922</ele>
</trkpt>
<trkpt lat="34.31987000" lon="-110.04347200">
<ele>1909.766</ele>
</trkpt>
<trkpt lat="34.31999400" lon="-110.04352500">
<ele>1908.936</ele>
</trkpt>
<trkpt lat="34.32012600" lon="-110.04355700">
<ele>1908.976</ele>
</trkpt>
<trkpt lat="34.32018900" lon="-110.04357900">
<ele>1908.845</ele>
</trkpt>
<trkpt lat="34.32031400" lon="-110.04364000">
<ele>1908.664</ele>
</trkpt>
<trkpt lat="34.32044100" lon="-110.04369900">
<ele>1908.595</ele>
</trkpt>
<trkpt lat="34.32056000" lon="-110.04375400">
<ele>1908.405</ele>
</trkpt>
<trkpt lat="34.32068400" lon="-110.04380700">
<ele>1907.757</ele>
</trkpt>
<trkpt lat="34.32081100" lon="-110.04386000">
<ele>1907.119</ele>
</trkpt>
<trkpt lat="34.32093600" lon="-110.04391400">
<ele>1906.669</ele>
</trkpt>
<trkpt lat="34.32106400" lon="-110.04395300">
<ele>1905.716</ele>
</trkpt>
<trkpt lat="34.32119400" lon="-110.04399300">
<ele>1905.462</ele>
</trkpt>
<trkpt lat="34.32132000" lon="-110.04404600">
<ele>1905.190</ele>
</trkpt>
<trkpt lat="34.32137800" lon="-110.04408100">
<ele>1904.852</ele>
</trkpt>
<trkpt lat="34.32144000" lon="-110.04411200">
<ele>1904.852</ele>
</trkpt>
<trkpt lat="34.32149700" lon="-110.04414500">
<ele>1904.634</ele>
</trkpt>
<trkpt lat="34.32153300" lon="-110.04416700">
<ele>1904.634</ele>
</trkpt>
<trkpt lat="34.32159400" lon="-110.04419000">
<ele>1903.991</ele>
</trkpt>
<trkpt lat="34.32165900" lon="-110.04421000">
<ele>1903.542</ele>
</trkpt>
<trkpt lat="34.32172100" lon="-110.04422900">
<ele>1903.542</ele>
</trkpt>
<trkpt lat="34.32178500" lon="-110.04424400">
<ele>1903.100</ele>
</trkpt>
<trkpt lat="34.32184600" lon="-110.04427100">
<ele>1903.100</ele>
</trkpt>
<trkpt lat="34.32190500" lon="-110.04429700">
<ele>1902.625</ele>
</trkpt>
<trkpt lat="34.32196800" lon="-110.04431400">
<ele>1902.190</ele>
</trkpt>
<trkpt lat="34.32203000" lon="-110.04433400">
<ele>1902.190</ele>
</trkpt>
<trkpt lat="34.32209100" lon="-110.04435400">
<ele>1902.756</ele>
</trkpt>
<trkpt lat="34.32214500" lon="-110.04439500">
<ele>1902.756</ele>
</trkpt>
<trkpt lat="34.32219400" lon="-110.04444600">
<ele>1903.629</ele>
</trkpt>
<trkpt lat="34.32224800" lon="-110.04448600">
<ele>1903.629</ele>
</trkpt>
<trkpt lat="34.32230900" lon="-110.04451500">
<ele>1902.436</ele>
</trkpt>
<trkpt lat="34.32237200" lon="-110.04452500">
<ele>1900.508</ele>
</trkpt>
<trkpt lat="34.32243600" lon="-110.04452800">
<ele>1900.508</ele>
</trkpt>
<trkpt lat="34.32250100" lon="-110.04454200">
<ele>1899.482</ele>
</trkpt>
<trkpt lat="34.32255600" lon="-110.04458200">
<ele>1898.796</ele>
</trkpt>
<trkpt lat="34.32261800" lon="-110.04460400">
<ele>1898.796</ele>
</trkpt>
<trkpt lat="34.32268200" lon="-110.04460600">
<ele>1898.285</ele>
</trkpt>
<trkpt lat="34.32274600" lon="-110.04460500">
<ele>1898.285</ele>
</trkpt>
<trkpt lat="34.32281000" lon="-110.04461600">
<ele>1897.866</ele>
</trkpt>
<trkpt lat="34.32287200" lon="-110.04463400">
<ele>1900.042</ele>
</trkpt>
<trkpt lat="34.32293000" lon="-110.04466600">
<ele>1900.042</ele>
</trkpt>
<trkpt lat="34.32298500" lon="-110.04470500">
<ele>1902.758</ele>
</trkpt>
<trkpt lat="34.32304200" lon="-110.04474400">
<ele>1902.758</ele>
</trkpt>
<trkpt lat="34.32309800" lon="-110.04478100">
<ele>1904.291</ele>
</trkpt>
<trkpt lat="34.32315800" lon="-110.04480800">
<ele>1905.235</ele>
</trkpt>
<trkpt lat="34.32322300" lon="-110.04481500">
<ele>1905.235</ele>
</trkpt>
<trkpt lat="34.32335000" lon="-110.04480500">
<ele>1906.079</ele>
</trkpt>
<trkpt lat="34.32341300" lon="-110.04481700">
<ele>1906.547</ele>
</trkpt>
<trkpt lat="34.32353900" lon="-110.04486000">
<ele>1906.800</ele>
</trkpt>
<trkpt lat="34.32366700" lon="-110.04491300">
<ele>1907.386</ele>
</trkpt>
<trkpt lat="34.32379600" lon="-110.04496200">
<ele>1907.771</ele>
</trkpt>
<trkpt lat="34.32392300" lon="-110.04501800">
<ele>1907.970</ele>
</trkpt>
<trkpt lat="34.32405600" lon="-110.04506800">
<ele>1908.659</ele>
</trkpt>
<trkpt lat="34.32424900" lon="-110.04513600">
<ele>1908.880</ele>
</trkpt>
<trkpt lat="34.32443600" lon="-110.04521000">
<ele>1909.229</ele>
</trkpt>
<trkpt lat="34.32463100" lon="-110.04528300">
<ele>1909.590</ele>
</trkpt>
<trkpt lat="34.32475500" lon="-110.04532800">
<ele>1909.812</ele>
</trkpt>
<trkpt lat="34.32488900" lon="-110.04538400">
<ele>1909.916</ele>
</trkpt>
<trkpt lat="34.32503500" lon="-110.04544200">
<ele>1910.064</ele>
</trkpt>
<trkpt lat="34.32517400" lon="-110.04549800">
<ele>1910.281</ele>
</trkpt>
<trkpt lat="34.32531400" lon="-110.04555400">
<ele>1908.738</ele>
</trkpt>
<trkpt lat="34.32545200" lon="-110.04560800">
<ele>1909.294</ele>
</trkpt>
<trkpt lat="34.32558600" lon="-110.04565100">
<ele>1909.432</ele>
</trkpt>
<trkpt lat="34.32571100" lon="-110.04569900">
<ele>1909.772</ele>
</trkpt>
<trkpt lat="34.32584000" lon="-110.04575500">
<ele>1909.929</ele>
</trkpt>
<trkpt lat="34.32602700" lon="-110.04583300">
<ele>1910.425</ele>
</trkpt>
<trkpt lat="34.32621800" lon="-110.04591900">
<ele>1910.601</ele>
</trkpt>
<trkpt lat="34.32635200" lon="-110.04597900">
<ele>1910.738</ele>
</trkpt>
<trkpt lat="34.32647700" lon="-110.04603100">
<ele>1910.658</ele>
</trkpt>
<trkpt lat="34.32660200" lon="-110.04607500">
<ele>1910.719</ele>
</trkpt>
<trkpt lat="34.32673400" lon="-110.04613000">
<ele>1910.729</ele>
</trkpt>
<trkpt lat="34.32686500" lon="-110.04619600">
<ele>1910.988</ele>
</trkpt>
<trkpt lat="34.32698400" lon="-110.04625500">
<ele>1910.983</ele>
</trkpt>
<trkpt lat="34.32711200" lon="-110.04629600">
<ele>1911.106</ele>
</trkpt>
<trkpt lat="34.32723900" lon="-110.04632900">
<ele>1911.038</ele>
</trkpt>
<trkpt lat="34.32736500" lon="-110.04636600">
<ele>1910.985</ele>
</trkpt>
<trkpt lat="34.32749300" lon="-110.04640800">
<ele>1911.175</ele>
</trkpt>
<trkpt lat="34.32762400" lon="-110.04645700">
<ele>1911.547</ele>
</trkpt>
<trkpt lat="34.32775700" lon="-110.04650600">
<ele>1907.986</ele>
</trkpt>
<trkpt lat="34.32789200" lon="-110.04656100">
<ele>1908.229</ele>
</trkpt>
<trkpt lat="34.32801900" lon="-110.04661200">
<ele>1908.671</ele>
</trkpt>
<trkpt lat="34.32814400" lon="-110.04667100">
<ele>1909.111</ele>
</trkpt>
<trkpt lat="34.32826700" lon="-110.04673700">
<ele>1910.083</ele>
</trkpt>
<trkpt lat="34.32838800" lon="-110.04679800">
<ele>1910.641</ele>
</trkpt>
<trkpt lat="34.32850600" lon="-110.04686700">
<ele>1911.107</ele>
</trkpt>
<trkpt lat="34.32863300" lon="-110.04692700">
<ele>1911.586</ele>
</trkpt>
<trkpt lat="34.32874700" lon="-110.04699500">
<ele>1912.130</ele>
</trkpt>
<trkpt lat="34.32886000" lon="-110.04707200">
<ele>1913.206</ele>
</trkpt>
<trkpt lat="34.32897600" lon="-110.04715600">
<ele>1913.747</ele>
</trkpt>
<trkpt lat="34.32909900" lon="-110.04722100">
<ele>1914.213</ele>
</trkpt>
<trkpt lat="34.32921900" lon="-110.04728100">
<ele>1915.547</ele>
</trkpt>
<trkpt lat="34.32928300" lon="-110.04731400">
<ele>1915.931</ele>
</trkpt>
<trkpt lat="34.32934200" lon="-110.04734000">
<ele>1915.931</ele>
</trkpt>
<trkpt lat="34.32940700" lon="-110.04736600">
<ele>1916.863</ele>
</trkpt>
<trkpt lat="34.32946700" lon="-110.04739500">
<ele>1918.897</ele>
</trkpt>
<trkpt lat="34.32952800" lon="-110.04741800">
<ele>1918.897</ele>
</trkpt>
<trkpt lat="34.32959500" lon="-110.04742000">
<ele>1920.729</ele>
</trkpt>
<trkpt lat="34.32965800" lon="-110.04743900">
<ele>1921.573</ele>
</trkpt>
<trkpt lat="34.32972200" lon="-110.04745900">
<ele>1921.573</ele>
</trkpt>
<trkpt lat="34.32978500" lon="-110.04746800">
<ele>1922.578</ele>
</trkpt>
<trkpt lat="34.32984800" lon="-110.04746700">
<ele>1922.578</ele>
</trkpt>
<trkpt lat="34.32997600" lon="-110.04750000">
<ele>1924.267</ele>
</trkpt>
<trkpt lat="34.33011400" lon="-110.04752500">
<ele>1920.254</ele>
</trkpt>
<trkpt lat="34.33024600" lon="-110.04756300">
<ele>1921.260</ele>
</trkpt>
<trkpt lat="34.33037500" lon="-110.04760500">
<ele>1923.197</ele>
</trkpt>
<trkpt lat="34.33043500" lon="-110.04762800">
<ele>1923.197</ele>
</trkpt>
<trkpt lat="34.33055500" lon="-110.04768300">
<ele>1924.384</ele>
</trkpt>
<trkpt lat="34.33068400" lon="-110.04774200">
<ele>1925.126</ele>
</trkpt>
<trkpt lat="34.33081400" lon="-110.04779700">
<ele>1925.544</ele>
</trkpt>
<trkpt lat="34.33094100" lon="-110.04784200">
<ele>1925.995</ele>
</trkpt>
<trkpt lat="34.33100200" lon="-110.04786600">
<ele>1926.482</ele>
</trkpt>
<trkpt lat="34.33106300" lon="-110.04789200">
<ele>1926.957</ele>
</trkpt>
<trkpt lat="34.33112500" lon="-110.04791500">
<ele>1926.957</ele>
</trkpt>
<trkpt lat="34.33114700" lon="-110.04792500">
<ele>1926.957</ele>
</trkpt>
<trkpt lat="34.33120700" lon="-110.04795400">
<ele>1927.303</ele>
</trkpt>
<trkpt lat="34.33126600" lon="-110.04798200">
<ele>1927.589</ele>
</trkpt>
<trkpt lat="34.33132600" lon="-110.04801200">
<ele>1927.589</ele>
</trkpt>
<trkpt lat="34.33138600" lon="-110.04804300">
<ele>1927.977</ele>
</trkpt>
<trkpt lat="34.33151000" lon="-110.04810200">
<ele>1928.273</ele>
</trkpt>
<trkpt lat="34.33164000" lon="-110.04814700">
<ele>1928.719</ele>
</trkpt>
<trkpt lat="34.33177200" lon="-110.04817800">
<ele>1929.499</ele>
</trkpt>
<trkpt lat="34.33183600" lon="-110.04819500">
<ele>1929.499</ele>
</trkpt>
<trkpt lat="34.33189700" lon="-110.04821400">
<ele>1930.039</ele>
</trkpt>
<trkpt lat="34.33196100" lon="-110.04823300">
<ele>1930.550</ele>
</trkpt>
<trkpt lat="34.33201900" lon="-110.04826400">
<ele>1930.550</ele>
</trkpt>
<trkpt lat="34.33206600" lon="-110.04831700">
<ele>1931.038</ele>
</trkpt>
<trkpt lat="34.33210100" lon="-110.04838200">
<ele>1931.038</ele>
</trkpt>
<trkpt lat="34.33213700" lon="-110.04844600">
<ele>1931.038</ele>
</trkpt>
<trkpt lat="34.33219300" lon="-110.04848900">
<ele>1931.576</ele>
</trkpt>
<trkpt lat="34.33225500" lon="-110.04850000">
<ele>1930.427</ele>
</trkpt>
<trkpt lat="34.33231900" lon="-110.04849400">
<ele>1932.002</ele>
</trkpt>
<trkpt lat="34.33238500" lon="-110.04849600">
<ele>1932.458</ele>
</trkpt>
<trkpt lat="34.33244800" lon="-110.04850600">
<ele>1931.110</ele>
</trkpt>
<trkpt lat="34.33250900" lon="-110.04853100">
<ele>1931.994</ele>
</trkpt>
<trkpt lat="34.33257100" lon="-110.04855200">
<ele>1931.486</ele>
</trkpt>
<trkpt lat="34.33263200" lon="-110.04857200">
<ele>1931.486</ele>
</trkpt>
<trkpt lat="34.33269600" lon="-110.04858300">
<ele>1931.428</ele>
</trkpt>
<trkpt lat="34.33276300" lon="-110.04857800">
<ele>1931.552</ele>
</trkpt>
<trkpt lat="34.33289400" lon="-110.04858000">
<ele>1931.637</ele>
</trkpt>
<trkpt lat="34.33301400" lon="-110.04864100">
<ele>1931.735</ele>
</trkpt>
<trkpt lat="34.33313800" lon="-110.04869900">
<ele>1931.732</ele>
</trkpt>
<trkpt lat="34.33325700" lon="-110.04875900">
<ele>1931.664</ele>
</trkpt>
<trkpt lat="34.33339100" lon="-110.04878900">
<ele>1931.496</ele>
</trkpt>
<trkpt lat="34.33352500" lon="-110.04879600">
<ele>1931.475</ele>
</trkpt>
<trkpt lat="34.33365600" lon="-110.04883500">
<ele>1931.363</ele>
</trkpt>
<trkpt lat="34.33377300" lon="-110.04889900">
<ele>1931.032</ele>
</trkpt>
<trkpt lat="34.33382900" lon="-110.04894500">
<ele>1931.032</ele>
</trkpt>
<trkpt lat="34.33389100" lon="-110.04896500">
<ele>1930.887</ele>
</trkpt>
<trkpt lat="34.33401800" lon="-110.04899300">
<ele>1930.637</ele>
</trkpt>
<trkpt lat="34.33414000" lon="-110.04904900">
<ele>1930.406</ele>
</trkpt>
<trkpt lat="34.33426600" lon="-110.04910400">
<ele>1930.144</ele>
</trkpt>
<trkpt lat="34.33440100" lon="-110.04914400">
<ele>1929.991</ele>
</trkpt>
<trkpt lat="34.33454000" lon="-110.04920800">
<ele>1929.915</ele>
</trkpt>
<trkpt lat="34.33467900" lon="-110.04926200">
<ele>1929.819</ele>
</trkpt>
<trkpt lat="34.33481800" lon="-110.04929400">
<ele>1929.919</ele>
</trkpt>
<trkpt lat="34.33495200" lon="-110.04934400">
<ele>1930.058</ele>
</trkpt>
<trkpt lat="34.33507600" lon="-110.04938100">
<ele>1929.987</ele>
</trkpt>
<trkpt lat="34.33521000" lon="-110.04943600">
<ele>1930.051</ele>
</trkpt>
<trkpt lat="34.33533800" lon="-110.04948900">
<ele>1929.917</ele>
</trkpt>
<trkpt lat="34.33546300" lon="-110.04954500">
<ele>1926.780</ele>
</trkpt>
<trkpt lat="34.33559300" lon="-110.04959900">
<ele>1926.646</ele>
</trkpt>
<trkpt lat="34.33572300" lon="-110.04965000">
<ele>1926.650</ele>
</trkpt>
<trkpt lat="34.33585000" lon="-110.04969800">
<ele>1926.038</ele>
</trkpt>
<trkpt lat="34.33598200" lon="-110.04973800">
<ele>1925.836</ele>
</trkpt>
<trkpt lat="34.33611200" lon="-110.04976900">
<ele>1925.749</ele>
</trkpt>
<trkpt lat="34.33623400" lon="-110.04982200">
<ele>1925.607</ele>
</trkpt>
<trkpt lat="34.33635500" lon="-110.04988300">
<ele>1925.222</ele>
</trkpt>
<trkpt lat="34.33648000" lon="-110.04993700">
<ele>1925.111</ele>
</trkpt>
<trkpt lat="34.33661400" lon="-110.04998800">
<ele>1924.953</ele>
</trkpt>
<trkpt lat="34.33674400" lon="-110.05003800">
<ele>1924.997</ele>
</trkpt>
<trkpt lat="34.33687100" lon="-110.05009300">
<ele>1925.154</ele>
</trkpt>
<trkpt lat="34.33699800" lon="-110.05014700">
<ele>1925.010</ele>
</trkpt>
<trkpt lat="34.33713000" lon="-110.05020800">
<ele>1924.956</ele>
</trkpt>
<trkpt lat="34.33719400" lon="-110.05024200">
<ele>1924.880</ele>
</trkpt>
<trkpt lat="34.33731700" lon="-110.05029400">
<ele>1924.757</ele>
</trkpt>
<trkpt lat="34.33751400" lon="-110.05038600">
<ele>1924.692</ele>
</trkpt>
<trkpt lat="34.33769700" lon="-110.05047500">
<ele>1924.413</ele>
</trkpt>
<trkpt lat="34.33788400" lon="-110.05055500">
<ele>1920.816</ele>
</trkpt>
<trkpt lat="34.33807800" lon="-110.05064000">
<ele>1921.071</ele>
</trkpt>
<trkpt lat="34.33820300" lon="-110.05069600">
<ele>1921.150</ele>
</trkpt>
<trkpt lat="34.33833400" lon="-110.05075100">
<ele>1921.275</ele>
</trkpt>
<trkpt lat="34.33846400" lon="-110.05079100">
<ele>1921.008</ele>
</trkpt>
<trkpt lat="34.33859200" lon="-110.05083600">
<ele>1920.942</ele>
</trkpt>
<trkpt lat="34.33872200" lon="-110.05089700">
<ele>1920.752</ele>
</trkpt>
<trkpt lat="34.33884400" lon="-110.05097500">
<ele>1920.536</ele>
</trkpt>
<trkpt lat="34.33896400" lon="-110.05103700">
<ele>1920.027</ele>
</trkpt>
<trkpt lat="34.33909400" lon="-110.05108800">
<ele>1919.539</ele>
</trkpt>
<trkpt lat="34.33922700" lon="-110.05113100">
<ele>1919.346</ele>
</trkpt>
<trkpt lat="34.33935400" lon="-110.05116500">
<ele>1918.889</ele>
</trkpt>
<trkpt lat="34.33947800" lon="-110.05122700">
<ele>1918.456</ele>
</trkpt>
<trkpt lat="34.33959400" lon="-110.05130800">
<ele>1918.117</ele>
</trkpt>
<trkpt lat="34.33972900" lon="-110.05134600">
<ele>1917.813</ele>
</trkpt>
<trkpt lat="34.33986400" lon="-110.05137200">
<ele>1917.221</ele>
</trkpt>
<trkpt lat="34.33999300" lon="-110.05140700">
<ele>1916.782</ele>
</trkpt>
<trkpt lat="34.34005500" lon="-110.05142500">
<ele>1916.210</ele>
</trkpt>
<trkpt lat="34.34012200" lon="-110.05144100">
<ele>1916.210</ele>
</trkpt>
<trkpt lat="34.34018300" lon="-110.05146100">
<ele>1915.791</ele>
</trkpt>
<trkpt lat="34.34031900" lon="-110.05149400">
<ele>1915.279</ele>
</trkpt>
<trkpt lat="34.34038400" lon="-110.05151700">
<ele>1910.104</ele>
</trkpt>
<trkpt lat="34.34051400" lon="-110.05154600">
<ele>1909.769</ele>
</trkpt>
<trkpt lat="34.34064700" lon="-110.05157900">
<ele>1909.338</ele>
</trkpt>
<trkpt lat="34.34077300" lon="-110.05161500">
<ele>1908.858</ele>
</trkpt>
<trkpt lat="34.34089300" lon="-110.05166400">
<ele>1908.618</ele>
</trkpt>
<trkpt lat="34.34101400" lon="-110.05171700">
<ele>1908.327</ele>
</trkpt>
<trkpt lat="34.34107500" lon="-110.05173700">
<ele>1907.935</ele>
</trkpt>
<trkpt lat="34.34113900" lon="-110.05175700">
<ele>1907.935</ele>
</trkpt>
<trkpt lat="34.34120100" lon="-110.05178000">
<ele>1907.517</ele>
</trkpt>
<trkpt lat="34.34129400" lon="-110.05181900">
<ele>1907.237</ele>
</trkpt>
<trkpt lat="34.34134000" lon="-110.05187300">
<ele>1907.237</ele>
</trkpt>
<trkpt lat="34.34138200" lon="-110.05193600">
<ele>1906.717</ele>
</trkpt>
<trkpt lat="34.34142200" lon="-110.05199800">
<ele>1906.717</ele>
</trkpt>
<trkpt lat="34.34147100" lon="-110.05205400">
<ele>1906.156</ele>
</trkpt>
<trkpt lat="34.34152400" lon="-110.05210100">
<ele>1906.156</ele>
</trkpt>
<trkpt lat="34.34158100" lon="-110.05213600">
<ele>1905.816</ele>
</trkpt>
<trkpt lat="34.34163900" lon="-110.05216500">
<ele>1905.816</ele>
</trkpt>
<trkpt lat="34.34169700" lon="-110.05220000">
<ele>1905.639</ele>
</trkpt>
<trkpt lat="34.34174800" lon="-110.05224900">
<ele>1905.639</ele>
</trkpt>
<trkpt lat="34.34177400" lon="-110.05232100">
<ele>1905.487</ele>
</trkpt>
<trkpt lat="34.34175500" lon="-110.05248100">
<ele>1905.487</ele>
</trkpt>
<trkpt lat="34.34172000" lon="-110.05263700">
<ele>1900.577</ele>
</trkpt>
<trkpt lat="34.34171800" lon="-110.05279500">
<ele>1900.577</ele>
</trkpt>
<trkpt lat="34.34172200" lon="-110.05287900">
<ele>1900.577</ele>
</trkpt>
<trkpt lat="34.34177600" lon="-110.05302100">
<ele>1900.254</ele>
</trkpt>
<trkpt lat="34.34186300" lon="-110.05314500">
<ele>1900.088</ele>
</trkpt>
<trkpt lat="34.34189800" lon="-110.05321200">
<ele>1900.088</ele>
</trkpt>
<trkpt lat="34.34195700" lon="-110.05335100">
<ele>1899.881</ele>
</trkpt>
<trkpt lat="34.34198600" lon="-110.05342300">
<ele>1899.881</ele>
</trkpt>
<trkpt lat="34.34202700" lon="-110.05348300">
<ele>1899.881</ele>
</trkpt>
<trkpt lat="34.34206900" lon="-110.05354400">
<ele>1891.890</ele>
</trkpt>
<trkpt lat="34.34210100" lon="-110.05361000">
<ele>1891.890</ele>
</trkpt>
<trkpt lat="34.34215100" lon="-110.05375400">
<ele>1891.630</ele>
</trkpt>
<trkpt lat="34.34220500" lon="-110.05389900">
<ele>1891.630</ele>
</trkpt>
<trkpt lat="34.34228600" lon="-110.05401900">
<ele>1891.224</ele>
</trkpt>
<trkpt lat="34.34234600" lon="-110.05416300">
<ele>1891.224</ele>
</trkpt>
<trkpt lat="34.34237200" lon="-110.05432200">
<ele>1891.154</ele>
</trkpt>
<trkpt lat="34.34239200" lon="-110.05448600">
<ele>1891.154</ele>
</trkpt>
<trkpt lat="34.34239900" lon="-110.05464400">
<ele>1886.053</ele>
</trkpt>
<trkpt lat="34.34239900" lon="-110.05472800">
<ele>1886.053</ele>
</trkpt>
<trkpt lat="34.34239300" lon="-110.05481000">
<ele>1886.053</ele>
</trkpt>
<trkpt lat="34.34237100" lon="-110.05488800">
<ele>1886.053</ele>
</trkpt>
<trkpt lat="34.34234700" lon="-110.05504200">
<ele>1886.322</ele>
</trkpt>
<trkpt lat="34.34235200" lon="-110.05519900">
<ele>1886.053</ele>
</trkpt>
<trkpt lat="34.34234800" lon="-110.05536500">
<ele>1886.322</ele>
</trkpt>
<trkpt lat="34.34234800" lon="-110.05553000">
<ele>1884.136</ele>
</trkpt>
<trkpt lat="34.34235100" lon="-110.05569400">
<ele>1883.947</ele>
</trkpt>
<trkpt lat="34.34235900" lon="-110.05586600">
<ele>1883.947</ele>
</trkpt>
<trkpt lat="34.34236900" lon="-110.05603000">
<ele>1883.947</ele>
</trkpt>
<trkpt lat="34.34238000" lon="-110.05619500">
<ele>1883.947</ele>
</trkpt>
<trkpt lat="34.34240100" lon="-110.05635500">
<ele>1883.947</ele>
</trkpt>
<trkpt lat="34.34240300" lon="-110.05643200">
<ele>1883.947</ele>
</trkpt>
<trkpt lat="34.34239900" lon="-110.05651500">
<ele>1879.976</ele>
</trkpt>
<trkpt lat="34.34239600" lon="-110.05659400">
<ele>1879.976</ele>
</trkpt>
<trkpt lat="34.34240000" lon="-110.05667200">
<ele>1879.976</ele>
</trkpt>
<trkpt lat="34.34241100" lon="-110.05674900">
<ele>1879.976</ele>
</trkpt>
<trkpt lat="34.34242200" lon="-110.05682700">
<ele>1879.976</ele>
</trkpt>
<trkpt lat="34.34241100" lon="-110.05698300">
<ele>1879.976</ele>
</trkpt>
<trkpt lat="34.34236700" lon="-110.05715000">
<ele>1879.976</ele>
</trkpt>
<trkpt lat="34.34230600" lon="-110.05730600">
<ele>1879.986</ele>
</trkpt>
<trkpt lat="34.34222400" lon="-110.05743500">
<ele>1880.322</ele>
</trkpt>
<trkpt lat="34.34210900" lon="-110.05750500">
<ele>1877.544</ele>
</trkpt>
<trkpt lat="34.34196900" lon="-110.05752000">
<ele>1877.799</ele>
</trkpt>
<trkpt lat="34.34183100" lon="-110.05753600">
<ele>1877.807</ele>
</trkpt>
<trkpt lat="34.34170200" lon="-110.05759500">
<ele>1878.056</ele>
</trkpt>
<trkpt lat="34.34158300" lon="-110.05767200">
<ele>1878.120</ele>
</trkpt>
<trkpt lat="34.34147800" lon="-110.05777600">
<ele>1878.248</ele>
</trkpt>
<trkpt lat="34.34136700" lon="-110.05785800">
<ele>1878.563</ele>
</trkpt>
<trkpt lat="34.34124600" lon="-110.05791700">
<ele>1878.797</ele>
</trkpt>
<trkpt lat="34.34112200" lon="-110.05798300">
<ele>1879.037</ele>
</trkpt>
<trkpt lat="34.34101100" lon="-110.05807800">
<ele>1879.088</ele>
</trkpt>
<trkpt lat="34.34096000" lon="-110.05812600">
<ele>1879.088</ele>
</trkpt>
<trkpt lat="34.34092300" lon="-110.05819200">
<ele>1879.462</ele>
</trkpt>
<trkpt lat="34.34086000" lon="-110.05833200">
<ele>1879.462</ele>
</trkpt>
<trkpt lat="34.34076600" lon="-110.05845300">
<ele>1879.953</ele>
</trkpt>
<trkpt lat="34.34063600" lon="-110.05850100">
<ele>1880.015</ele>
</trkpt>
<trkpt lat="34.34050800" lon="-110.05851100">
<ele>1880.388</ele>
</trkpt>
<trkpt lat="34.34037200" lon="-110.05852700">
<ele>1880.790</ele>
</trkpt>
<trkpt lat="34.34025600" lon="-110.05860300">
<ele>1881.302</ele>
</trkpt>
<trkpt lat="34.34015300" lon="-110.05871500">
<ele>1881.762</ele>
</trkpt>
<trkpt lat="34.34005000" lon="-110.05881900">
<ele>1882.178</ele>
</trkpt>
<trkpt lat="34.33992400" lon="-110.05886500">
<ele>1882.282</ele>
</trkpt>
<trkpt lat="34.33979900" lon="-110.05890700">
<ele>1882.361</ele>
</trkpt>
<trkpt lat="34.33967500" lon="-110.05895700">
<ele>1882.414</ele>
</trkpt>
<trkpt lat="34.33955200" lon="-110.05902100">
<ele>1882.530</ele>
</trkpt>
<trkpt lat="34.33942400" lon="-110.05906900">
<ele>1882.748</ele>
</trkpt>
<trkpt lat="34.33928900" lon="-110.05910500">
<ele>1882.871</ele>
</trkpt>
<trkpt lat="34.33916100" lon="-110.05914100">
<ele>1883.175</ele>
</trkpt>
<trkpt lat="34.33910100" lon="-110.05918500">
<ele>1883.435</ele>
</trkpt>
<trkpt lat="34.33905600" lon="-110.05924200">
<ele>1883.435</ele>
</trkpt>
<trkpt lat="34.33902200" lon="-110.05930600">
<ele>1883.825</ele>
</trkpt>
<trkpt lat="34.33896800" lon="-110.05945100">
<ele>1883.825</ele>
</trkpt>
<trkpt lat="34.33892900" lon="-110.05960200">
<ele>1881.964</ele>
</trkpt>
<trkpt lat="34.33890500" lon="-110.05977200">
<ele>1881.964</ele>
</trkpt>
<trkpt lat="34.33890500" lon="-110.05993500">
<ele>1881.964</ele>
</trkpt>
<trkpt lat="34.33894700" lon="-110.06008400">
<ele>1881.964</ele>
</trkpt>
<trkpt lat="34.33901300" lon="-110.06022400">
<ele>1881.728</ele>
</trkpt>
<trkpt lat="34.33905700" lon="-110.06038100">
<ele>1881.611</ele>
</trkpt>
<trkpt lat="34.33907600" lon="-110.06053600">
<ele>1878.820</ele>
</trkpt>
<trkpt lat="34.33911800" lon="-110.06069200">
<ele>1878.820</ele>
</trkpt>
<trkpt lat="34.33916000" lon="-110.06083900">
<ele>1878.700</ele>
</trkpt>
<trkpt lat="34.33918200" lon="-110.06099800">
<ele>1878.700</ele>
</trkpt>
<trkpt lat="34.33919100" lon="-110.06116500">
<ele>1878.700</ele>
</trkpt>
<trkpt lat="34.33920500" lon="-110.06132200">
<ele>1878.700</ele>
</trkpt>
<trkpt lat="34.33922700" lon="-110.06148600">
<ele>1878.700</ele>
</trkpt>
<trkpt lat="34.33922000" lon="-110.06164800">
<ele>1876.658</ele>
</trkpt>
<trkpt lat="34.33920000" lon="-110.06179900">
<ele>1876.658</ele>
</trkpt>
<trkpt lat="34.33918500" lon="-110.06196200">
<ele>1876.658</ele>
</trkpt>
<trkpt lat="34.33917300" lon="-110.06212600">
<ele>1876.658</ele>
</trkpt>
<trkpt lat="34.33918100" lon="-110.06228500">
<ele>1876.658</ele>
</trkpt>
<trkpt lat="34.33921200" lon="-110.06243700">
<ele>1876.658</ele>
</trkpt>
<trkpt lat="34.33926200" lon="-110.06258800">
<ele>1875.177</ele>
</trkpt>
<trkpt lat="34.33928600" lon="-110.06266200">
<ele>1875.177</ele>
</trkpt>
<trkpt lat="34.33931500" lon="-110.06273700">
<ele>1875.177</ele>
</trkpt>
<trkpt lat="34.33934900" lon="-110.06280600">
<ele>1875.177</ele>
</trkpt>
<trkpt lat="34.33938700" lon="-110.06287000">
<ele>1875.000</ele>
</trkpt>
<trkpt lat="34.33941400" lon="-110.06292900">
<ele>1875.000</ele>
</trkpt>
<trkpt lat="34.33945100" lon="-110.06299400">
<ele>1874.879</ele>
</trkpt>
<trkpt lat="34.33948200" lon="-110.06306000">
<ele>1874.879</ele>
</trkpt>
<trkpt lat="34.33951100" lon="-110.06313200">
<ele>1874.879</ele>
</trkpt>
<trkpt lat="34.33954000" lon="-110.06320300">
<ele>1874.879</ele>
</trkpt>
<trkpt lat="34.33954700" lon="-110.06321400">
<ele>1874.879</ele>
</trkpt>
<trkpt lat="34.33958200" lon="-110.06328000">
<ele>1874.893</ele>
</trkpt>
<trkpt lat="34.33961800" lon="-110.06334500">
<ele>1874.893</ele>
</trkpt>
<trkpt lat="34.33965400" lon="-110.06341400">
<ele>1874.787</ele>
</trkpt>
<trkpt lat="34.33972500" lon="-110.06354200">
<ele>1873.729</ele>
</trkpt>
<trkpt lat="34.33980800" lon="-110.06367300">
<ele>1873.652</ele>
</trkpt>
<trkpt lat="34.33989300" lon="-110.06380100">
<ele>1873.552</ele>
</trkpt>
<trkpt lat="34.33997600" lon="-110.06393100">
<ele>1873.362</ele>
</trkpt>
<trkpt lat="34.34003900" lon="-110.06407700">
<ele>1873.362</ele>
</trkpt>
<trkpt lat="34.34007800" lon="-110.06422700">
<ele>1873.309</ele>
</trkpt>
<trkpt lat="34.34009300" lon="-110.06438900">
<ele>1873.309</ele>
</trkpt>
<trkpt lat="34.34008100" lon="-110.06455400">
<ele>1873.363</ele>
</trkpt>
<trkpt lat="34.34005700" lon="-110.06471200">
<ele>1873.363</ele>
</trkpt>
<trkpt lat="34.34002600" lon="-110.06486300">
<ele>1873.424</ele>
</trkpt>
<trkpt lat="34.33999800" lon="-110.06493600">
<ele>1873.424</ele>
</trkpt>
<trkpt lat="34.33992400" lon="-110.06507100">
<ele>1873.666</ele>
</trkpt>
<trkpt lat="34.33985200" lon="-110.06520500">
<ele>1873.666</ele>
</trkpt>
<trkpt lat="34.33983600" lon="-110.06535900">
<ele>1873.802</ele>
</trkpt>
<trkpt lat="34.33983800" lon="-110.06543800">
<ele>1873.802</ele>
</trkpt>
<trkpt lat="34.33983900" lon="-110.06551800">
<ele>1874.651</ele>
</trkpt>
<trkpt lat="34.33984900" lon="-110.06556700">
<ele>1874.651</ele>
</trkpt>
<trkpt lat="34.33983100" lon="-110.06564200">
<ele>1874.651</ele>
</trkpt>
<trkpt lat="34.33979300" lon="-110.06570700">
<ele>1874.651</ele>
</trkpt>
<trkpt lat="34.33975500" lon="-110.06577300">
<ele>1874.651</ele>
</trkpt>
<trkpt lat="34.33975100" lon="-110.06585300">
<ele>1874.651</ele>
</trkpt>
<trkpt lat="34.33975400" lon="-110.06588300">
<ele>1874.651</ele>
</trkpt>
<trkpt lat="34.33975700" lon="-110.06595900">
<ele>1874.651</ele>
</trkpt>
<trkpt lat="34.33975900" lon="-110.06600600">
<ele>1874.651</ele>
</trkpt>
<trkpt lat="34.33972000" lon="-110.06619200">
<ele>1875.600</ele>
</trkpt>
<trkpt lat="34.33977900" lon="-110.06622400">
<ele>1874.651</ele>
</trkpt>
<trkpt lat="34.33983600" lon="-110.06625800">
<ele>1874.651</ele>
</trkpt>
<trkpt lat="34.33989100" lon="-110.06629600">
<ele>1874.058</ele>
</trkpt>
<trkpt lat="34.33995100" lon="-110.06632000">
<ele>1874.766</ele>
</trkpt>
<trkpt lat="34.34001000" lon="-110.06634800">
<ele>1874.766</ele>
</trkpt>
<trkpt lat="34.34005700" lon="-110.06649300">
<ele>1874.457</ele>
</trkpt>
<trkpt lat="34.34007600" lon="-110.06664900">
<ele>1874.754</ele>
</trkpt>
<trkpt lat="34.34009400" lon="-110.06681000">
<ele>1874.754</ele>
</trkpt>
<trkpt lat="34.34011700" lon="-110.06697100">
<ele>1874.754</ele>
</trkpt>
<trkpt lat="34.34014400" lon="-110.06713100">
<ele>1874.754</ele>
</trkpt>
<trkpt lat="34.34020500" lon="-110.06728200">
<ele>1874.519</ele>
</trkpt>
<trkpt lat="34.34030900" lon="-110.06738000">
<ele>1874.268</ele>
</trkpt>
<trkpt lat="34.34044000" lon="-110.06744000">
<ele>1873.974</ele>
</trkpt>
<trkpt lat="34.34057200" lon="-110.06748300">
<ele>1873.490</ele>
</trkpt>
<trkpt lat="34.34069700" lon="-110.06753100">
<ele>1874.619</ele>
</trkpt>
<trkpt lat="34.34076100" lon="-110.06753100">
<ele>1874.364</ele>
</trkpt>
<trkpt lat="34.34082300" lon="-110.06750900">
<ele>1874.364</ele>
</trkpt>
<trkpt lat="34.34093200" lon="-110.06742900">
<ele>1872.610</ele>
</trkpt>
<trkpt lat="34.34104200" lon="-110.06734300">
<ele>1872.328</ele>
</trkpt>
<trkpt lat="34.34110400" lon="-110.06732400">
<ele>1872.053</ele>
</trkpt>
<trkpt lat="34.34116300" lon="-110.06736000">
<ele>1871.760</ele>
</trkpt>
<trkpt lat="34.34120300" lon="-110.06742100">
<ele>1871.760</ele>
</trkpt>
<trkpt lat="34.34131900" lon="-110.06749500">
<ele>1871.435</ele>
</trkpt>
<trkpt lat="34.34144800" lon="-110.06751600">
<ele>1872.214</ele>
</trkpt>
<trkpt lat="34.34156600" lon="-110.06758900">
<ele>1871.981</ele>
</trkpt>
<trkpt lat="34.34168900" lon="-110.06764100">
<ele>1871.683</ele>
</trkpt>
<trkpt lat="34.34175500" lon="-110.06762900">
<ele>1871.462</ele>
</trkpt>
<trkpt lat="34.34181400" lon="-110.06760200">
<ele>1871.462</ele>
</trkpt>
<trkpt lat="34.34187500" lon="-110.06757200">
<ele>1871.263</ele>
</trkpt>
<trkpt lat="34.34193700" lon="-110.06754800">
<ele>1871.263</ele>
</trkpt>
<trkpt lat="34.34207000" lon="-110.06750500">
<ele>1871.112</ele>
</trkpt>
<trkpt lat="34.34217000" lon="-110.06739600">
<ele>1869.322</ele>
</trkpt>
<trkpt lat="34.34228300" lon="-110.06731000">
<ele>1869.245</ele>
</trkpt>
<trkpt lat="34.34241600" lon="-110.06725800">
<ele>1869.134</ele>
</trkpt>
<trkpt lat="34.34254500" lon="-110.06720700">
<ele>1869.029</ele>
</trkpt>
<trkpt lat="34.34266600" lon="-110.06713200">
<ele>1868.849</ele>
</trkpt>
<trkpt lat="34.34277400" lon="-110.06702800">
<ele>1868.586</ele>
</trkpt>
<trkpt lat="34.34287600" lon="-110.06692400">
<ele>1868.570</ele>
</trkpt>
<trkpt lat="34.34299200" lon="-110.06681900">
<ele>1868.452</ele>
</trkpt>
<trkpt lat="34.34310500" lon="-110.06674200">
<ele>1868.418</ele>
</trkpt>
<trkpt lat="34.34323000" lon="-110.06666700">
<ele>1868.337</ele>
</trkpt>
<trkpt lat="34.34334900" lon="-110.06659600">
<ele>1868.284</ele>
</trkpt>
<trkpt lat="34.34347600" lon="-110.06654100">
<ele>1868.071</ele>
</trkpt>
<trkpt lat="34.34361100" lon="-110.06648700">
<ele>1868.788</ele>
</trkpt>
<trkpt lat="34.34373300" lon="-110.06641700">
<ele>1868.504</ele>
</trkpt>
<trkpt lat="34.34386100" lon="-110.06634500">
<ele>1868.264</ele>
</trkpt>
<trkpt lat="34.34398300" lon="-110.06628300">
<ele>1868.032</ele>
</trkpt>
<trkpt lat="34.34409500" lon="-110.06620000">
<ele>1867.747</ele>
</trkpt>
<trkpt lat="34.34419700" lon="-110.06609200">
<ele>1867.337</ele>
</trkpt>
<trkpt lat="34.34429100" lon="-110.06598300">
<ele>1867.105</ele>
</trkpt>
<trkpt lat="34.34437700" lon="-110.06586100">
<ele>1866.833</ele>
</trkpt>
<trkpt lat="34.34448800" lon="-110.06578200">
<ele>1866.567</ele>
</trkpt>
<trkpt lat="34.34461600" lon="-110.06573900">
<ele>1866.537</ele>
</trkpt>
<trkpt lat="34.34471800" lon="-110.06563900">
<ele>1866.481</ele>
</trkpt>
<trkpt lat="34.34480800" lon="-110.06552500">
<ele>1866.400</ele>
</trkpt>
<trkpt lat="34.34491300" lon="-110.06542900">
<ele>1865.962</ele>
</trkpt>
<trkpt lat="34.34502700" lon="-110.06533100">
<ele>1865.948</ele>
</trkpt>
<trkpt lat="34.34510300" lon="-110.06520400">
<ele>1865.900</ele>
</trkpt>
<trkpt lat="34.34512800" lon="-110.06512300">
<ele>1865.900</ele>
</trkpt>
<trkpt lat="34.34522900" lon="-110.06502300">
<ele>1865.792</ele>
</trkpt>
<trkpt lat="34.34536300" lon="-110.06499600">
<ele>1865.430</ele>
</trkpt>
<trkpt lat="34.34550000" lon="-110.06501900">
<ele>1865.288</ele>
</trkpt>
<trkpt lat="34.34560600" lon="-110.06512700">
<ele>1865.262</ele>
</trkpt>
<trkpt lat="34.34570200" lon="-110.06522900">
<ele>1865.041</ele>
</trkpt>
<trkpt lat="34.34581000" lon="-110.06532000">
<ele>1864.842</ele>
</trkpt>
<trkpt lat="34.34589600" lon="-110.06543500">
<ele>1864.444</ele>
</trkpt>
<trkpt lat="34.34601300" lon="-110.06562800">
<ele>1862.703</ele>
</trkpt>
<trkpt lat="34.34609600" lon="-110.06577000">
<ele>1862.418</ele>
</trkpt>
<trkpt lat="34.34617600" lon="-110.06590600">
<ele>1862.221</ele>
</trkpt>
<trkpt lat="34.34629400" lon="-110.06598100">
<ele>1862.043</ele>
</trkpt>
<trkpt lat="34.34641600" lon="-110.06604700">
<ele>1862.015</ele>
</trkpt>
<trkpt lat="34.34652700" lon="-110.06615200">
<ele>1861.989</ele>
</trkpt>
<trkpt lat="34.34660300" lon="-110.06628700">
<ele>1861.890</ele>
</trkpt>
<trkpt lat="34.34667700" lon="-110.06641500">
<ele>1861.929</ele>
</trkpt>
<trkpt lat="34.34676800" lon="-110.06653100">
<ele>1861.850</ele>
</trkpt>
<trkpt lat="34.34688100" lon="-110.06662300">
<ele>1861.831</ele>
</trkpt>
<trkpt lat="34.34700200" lon="-110.06670700">
<ele>1861.837</ele>
</trkpt>
<trkpt lat="34.34705600" lon="-110.06675800">
<ele>1861.928</ele>
</trkpt>
<trkpt lat="34.34716700" lon="-110.06684800">
<ele>1861.975</ele>
</trkpt>
<trkpt lat="34.34734400" lon="-110.06698700">
<ele>1862.004</ele>
</trkpt>
<trkpt lat="34.34749900" lon="-110.06716700">
<ele>1861.953</ele>
</trkpt>
<trkpt lat="34.34757900" lon="-110.06740100">
<ele>1862.023</ele>
</trkpt>
<trkpt lat="34.34768000" lon="-110.06761000">
<ele>1862.077</ele>
</trkpt>
<trkpt lat="34.34774500" lon="-110.06776600">
<ele>1862.077</ele>
</trkpt>
<trkpt lat="34.34785200" lon="-110.06786400">
<ele>1862.083</ele>
</trkpt>
<trkpt lat="34.34805400" lon="-110.06780900">
<ele>1862.055</ele>
</trkpt>
<trkpt lat="34.34820900" lon="-110.06764900">
<ele>1862.028</ele>
</trkpt>
<trkpt lat="34.34830000" lon="-110.06752600">
<ele>1861.979</ele>
</trkpt>
<trkpt lat="34.34842600" lon="-110.06747100">
<ele>1861.936</ele>
</trkpt>
<trkpt lat="34.34856500" lon="-110.06750400">
<ele>1861.797</ele>
</trkpt>
<trkpt lat="34.34870200" lon="-110.06749500">
<ele>1861.664</ele>
</trkpt>
<trkpt lat="34.34888400" lon="-110.06741000">
<ele>1861.466</ele>
</trkpt>
<trkpt lat="34.34901500" lon="-110.06736600">
<ele>1861.424</ele>
</trkpt>
<trkpt lat="34.34914700" lon="-110.06738500">
<ele>1861.313</ele>
</trkpt>
<trkpt lat="34.34929100" lon="-110.06742800">
<ele>1860.995</ele>
</trkpt>
<trkpt lat="34.34947600" lon="-110.06753000">
<ele>1860.116</ele>
</trkpt>
<trkpt lat="34.34966100" lon="-110.06763100">
<ele>1859.687</ele>
</trkpt>
<trkpt lat="34.34986200" lon="-110.06768700">
<ele>1859.299</ele>
</trkpt>
<trkpt lat="34.35000100" lon="-110.06767000">
<ele>1859.197</ele>
</trkpt>
<trkpt lat="34.35012700" lon="-110.06762100">
<ele>1859.026</ele>
</trkpt>
<trkpt lat="34.35024000" lon="-110.06754000">
<ele>1858.946</ele>
</trkpt>
<trkpt lat="34.35029000" lon="-110.06749000">
<ele>1859.512</ele>
</trkpt>
<trkpt lat="34.35038200" lon="-110.06738300">
<ele>1859.355</ele>
</trkpt>
<trkpt lat="34.35046600" lon="-110.06726000">
<ele>1859.129</ele>
</trkpt>
<trkpt lat="34.35054500" lon="-110.06711800">
<ele>1859.129</ele>
</trkpt>
<trkpt lat="34.35061000" lon="-110.06697100">
<ele>1858.895</ele>
</trkpt>
<trkpt lat="34.35068000" lon="-110.06684000">
<ele>1858.827</ele>
</trkpt>
<trkpt lat="34.35078500" lon="-110.06675000">
<ele>1858.638</ele>
</trkpt>
<trkpt lat="34.35091700" lon="-110.06669000">
<ele>1858.388</ele>
</trkpt>
<trkpt lat="34.35110600" lon="-110.06661000">
<ele>1858.029</ele>
</trkpt>
<trkpt lat="34.35123600" lon="-110.06654500">
<ele>1857.899</ele>
</trkpt>
<trkpt lat="34.35136200" lon="-110.06647400">
<ele>1857.272</ele>
</trkpt>
<trkpt lat="34.35147100" lon="-110.06637600">
<ele>1856.924</ele>
</trkpt>
<trkpt lat="34.35156000" lon="-110.06625500">
<ele>1856.639</ele>
</trkpt>
<trkpt lat="34.35167600" lon="-110.06615600">
<ele>1856.478</ele>
</trkpt>
<trkpt lat="34.35179000" lon="-110.06607700">
<ele>1856.124</ele>
</trkpt>
<trkpt lat="34.35191300" lon="-110.06598900">
<ele>1855.641</ele>
</trkpt>
<trkpt lat="34.35203900" lon="-110.06597300">
<ele>1855.350</ele>
</trkpt>
<trkpt lat="34.35216500" lon="-110.06603300">
<ele>1854.763</ele>
</trkpt>
<trkpt lat="34.35229900" lon="-110.06608400">
<ele>1854.466</ele>
</trkpt>
<trkpt lat="34.35243600" lon="-110.06608300">
<ele>1854.281</ele>
</trkpt>
<trkpt lat="34.35257800" lon="-110.06608100">
<ele>1853.944</ele>
</trkpt>
<trkpt lat="34.35271400" lon="-110.06610300">
<ele>1853.674</ele>
</trkpt>
<trkpt lat="34.35284400" lon="-110.06613200">
<ele>1853.444</ele>
</trkpt>
<trkpt lat="34.35297900" lon="-110.06608700">
<ele>1852.809</ele>
</trkpt>
<trkpt lat="34.35309700" lon="-110.06600500">
<ele>1852.424</ele>
</trkpt>
<trkpt lat="34.35322200" lon="-110.06598700">
<ele>1852.108</ele>
</trkpt>
<trkpt lat="34.35335100" lon="-110.06602200">
<ele>1851.601</ele>
</trkpt>
<trkpt lat="34.35341700" lon="-110.06603800">
<ele>1851.601</ele>
</trkpt>
<trkpt lat="34.35347200" lon="-110.06607800">
<ele>1851.253</ele>
</trkpt>
<trkpt lat="34.35345700" lon="-110.06615200">
<ele>1851.253</ele>
</trkpt>
<trkpt lat="34.35335400" lon="-110.06635900">
<ele>1851.601</ele>
</trkpt>
<trkpt lat="34.35323900" lon="-110.06655000">
<ele>1853.902</ele>
</trkpt>
<trkpt lat="34.35316100" lon="-110.06669200">
<ele>1853.902</ele>
</trkpt>
<trkpt lat="34.35310000" lon="-110.06684200">
<ele>1854.182</ele>
</trkpt>
<trkpt lat="34.35307000" lon="-110.06701200">
<ele>1854.182</ele>
</trkpt>
<trkpt lat="34.35304600" lon="-110.06716800">
<ele>1854.368</ele>
</trkpt>
<trkpt lat="34.35298100" lon="-110.06730400">
<ele>1854.368</ele>
</trkpt>
<trkpt lat="34.35284700" lon="-110.06734200">
<ele>1854.783</ele>
</trkpt>
<trkpt lat="34.35271800" lon="-110.06739400">
<ele>1855.227</ele>
</trkpt>
<trkpt lat="34.35266000" lon="-110.06753900">
<ele>1855.680</ele>
</trkpt>
<trkpt lat="34.35271100" lon="-110.06770400">
<ele>1855.680</ele>
</trkpt>
<trkpt lat="34.35278300" lon="-110.06783600">
<ele>1855.337</ele>
</trkpt>
<trkpt lat="34.35285300" lon="-110.06797500">
<ele>1854.983</ele>
</trkpt>
<trkpt lat="34.35284500" lon="-110.06813400">
<ele>1855.337</ele>
</trkpt>
<trkpt lat="34.35277000" lon="-110.06826200">
<ele>1855.337</ele>
</trkpt>
<trkpt lat="34.35265100" lon="-110.06833800">
<ele>1855.680</ele>
</trkpt>
<trkpt lat="34.35254000" lon="-110.06843200">
<ele>1856.386</ele>
</trkpt>
<trkpt lat="34.35248200" lon="-110.06846800">
<ele>1856.386</ele>
</trkpt>
<trkpt lat="34.35236100" lon="-110.06841800">
<ele>1856.741</ele>
</trkpt>
<trkpt lat="34.35223300" lon="-110.06835900">
<ele>1857.537</ele>
</trkpt>
<trkpt lat="34.35209800" lon="-110.06833200">
<ele>1857.874</ele>
</trkpt>
<trkpt lat="34.35198100" lon="-110.06841600">
<ele>1857.965</ele>
</trkpt>
<trkpt lat="34.35190100" lon="-110.06853700">
<ele>1857.899</ele>
</trkpt>
<trkpt lat="34.35188000" lon="-110.06861400">
<ele>1857.899</ele>
</trkpt>
<trkpt lat="34.35184100" lon="-110.06867700">
<ele>1858.142</ele>
</trkpt>
<trkpt lat="34.35179400" lon="-110.06873400">
<ele>1858.142</ele>
</trkpt>
<trkpt lat="34.35175700" lon="-110.06879600">
<ele>1858.142</ele>
</trkpt>
<trkpt lat="34.35173200" lon="-110.06886600">
<ele>1858.189</ele>
</trkpt>
<trkpt lat="34.35174300" lon="-110.06902600">
<ele>1858.189</ele>
</trkpt>
<trkpt lat="34.35173200" lon="-110.06918100">
<ele>1858.189</ele>
</trkpt>
<trkpt lat="34.35167100" lon="-110.06941200">
<ele>1858.189</ele>
</trkpt>
<trkpt lat="34.35164400" lon="-110.06957600">
<ele>1859.259</ele>
</trkpt>
<trkpt lat="34.35156100" lon="-110.06971000">
<ele>1859.259</ele>
</trkpt>
<trkpt lat="34.35144700" lon="-110.06981000">
<ele>1859.707</ele>
</trkpt>
<trkpt lat="34.35132100" lon="-110.06983100">
<ele>1859.874</ele>
</trkpt>
<trkpt lat="34.35122000" lon="-110.06996000">
<ele>1859.941</ele>
</trkpt>
<trkpt lat="34.35106400" lon="-110.07012600">
<ele>1860.177</ele>
</trkpt>
<trkpt lat="34.35096200" lon="-110.07023800">
<ele>1860.451</ele>
</trkpt>
<trkpt lat="34.35085300" lon="-110.07034200">
<ele>1860.642</ele>
</trkpt>
<trkpt lat="34.35072400" lon="-110.07039000">
<ele>1861.138</ele>
</trkpt>
<trkpt lat="34.35058600" lon="-110.07037900">
<ele>1861.359</ele>
</trkpt>
<trkpt lat="34.35045500" lon="-110.07034800">
<ele>1861.283</ele>
</trkpt>
<trkpt lat="34.35031900" lon="-110.07037500">
<ele>1861.274</ele>
</trkpt>
<trkpt lat="34.35018300" lon="-110.07042200">
<ele>1861.207</ele>
</trkpt>
<trkpt lat="34.35005300" lon="-110.07046600">
<ele>1861.216</ele>
</trkpt>
<trkpt lat="34.35000500" lon="-110.07060300">
<ele>1861.638</ele>
</trkpt>
<trkpt lat="34.34998400" lon="-110.07075900">
<ele>1861.638</ele>
</trkpt>
<trkpt lat="34.34991800" lon="-110.07090500">
<ele>1861.441</ele>
</trkpt>
<trkpt lat="34.34986200" lon="-110.07104500">
<ele>1861.441</ele>
</trkpt>
<trkpt lat="34.34974800" lon="-110.07112600">
<ele>1861.387</ele>
</trkpt>
<trkpt lat="34.34960700" lon="-110.07116000">
<ele>1861.402</ele>
</trkpt>
<trkpt lat="34.34951900" lon="-110.07127200">
<ele>1861.461</ele>
</trkpt>
<trkpt lat="34.34944300" lon="-110.07140400">
<ele>1861.183</ele>
</trkpt>
<trkpt lat="34.34936100" lon="-110.07154200">
<ele>1860.235</ele>
</trkpt>
<trkpt lat="34.34928700" lon="-110.07168700">
<ele>1860.167</ele>
</trkpt>
<trkpt lat="34.34919700" lon="-110.07180100">
<ele>1860.155</ele>
</trkpt>
<trkpt lat="34.34912300" lon="-110.07195000">
<ele>1860.109</ele>
</trkpt>
<trkpt lat="34.34907100" lon="-110.07199800">
<ele>1860.109</ele>
</trkpt>
<trkpt lat="34.34902800" lon="-110.07205500">
<ele>1860.062</ele>
</trkpt>
<trkpt lat="34.34902600" lon="-110.07213300">
<ele>1860.062</ele>
</trkpt>
<trkpt lat="34.34893200" lon="-110.07220200">
<ele>1860.207</ele>
</trkpt>
<trkpt lat="34.34890300" lon="-110.07220500">
<ele>1860.207</ele>
</trkpt>
<trkpt lat="34.34884200" lon="-110.07222800">
<ele>1860.370</ele>
</trkpt>
<trkpt lat="34.34880200" lon="-110.07229000">
<ele>1860.370</ele>
</trkpt>
<trkpt lat="34.34878000" lon="-110.07230700">
<ele>1860.370</ele>
</trkpt>
<trkpt lat="34.34873000" lon="-110.07235700">
<ele>1860.587</ele>
</trkpt>
<trkpt lat="34.34868600" lon="-110.07241600">
<ele>1860.587</ele>
</trkpt>
<trkpt lat="34.34867900" lon="-110.07249200">
<ele>1860.587</ele>
</trkpt>
<trkpt lat="34.34870900" lon="-110.07256000">
<ele>1859.933</ele>
</trkpt>
<trkpt lat="34.34875900" lon="-110.07271400">
<ele>1859.903</ele>
</trkpt>
<trkpt lat="34.34876400" lon="-110.07287800">
<ele>1859.903</ele>
</trkpt>
<trkpt lat="34.34884300" lon="-110.07300300">
<ele>1859.903</ele>
</trkpt>
<trkpt lat="34.34892300" lon="-110.07313100">
<ele>1859.848</ele>
</trkpt>
<trkpt lat="34.34892800" lon="-110.07329900">
<ele>1859.848</ele>
</trkpt>
<trkpt lat="34.34893800" lon="-110.07338000">
<ele>1859.848</ele>
</trkpt>
<trkpt lat="34.34895000" lon="-110.07345900">
<ele>1859.813</ele>
</trkpt>
<trkpt lat="34.34892300" lon="-110.07353300">
<ele>1859.614</ele>
</trkpt>
<trkpt lat="34.34888900" lon="-110.07359800">
<ele>1859.614</ele>
</trkpt>
<trkpt lat="34.34891700" lon="-110.07366700">
<ele>1859.614</ele>
</trkpt>
<trkpt lat="34.34898100" lon="-110.07365300">
<ele>1858.888</ele>
</trkpt>
<trkpt lat="34.34904000" lon="-110.07362800">
<ele>1858.888</ele>
</trkpt>
<trkpt lat="34.34909800" lon="-110.07359600">
<ele>1858.360</ele>
</trkpt>
<trkpt lat="34.34916100" lon="-110.07359600">
<ele>1857.804</ele>
</trkpt>
<trkpt lat="34.34917900" lon="-110.07360400">
<ele>1857.804</ele>
</trkpt>
<trkpt lat="34.34922000" lon="-110.07366200">
<ele>1857.804</ele>
</trkpt>
<trkpt lat="34.34926200" lon="-110.07372000">
<ele>1857.591</ele>
</trkpt>
<trkpt lat="34.34928300" lon="-110.07379600">
<ele>1857.591</ele>
</trkpt>
<trkpt lat="34.34925900" lon="-110.07387000">
<ele>1857.591</ele>
</trkpt>
<trkpt lat="34.34924000" lon="-110.07394800">
<ele>1857.804</ele>
</trkpt>
<trkpt lat="34.34921500" lon="-110.07401800">
<ele>1857.804</ele>
</trkpt>
<trkpt lat="34.34920100" lon="-110.07409600">
<ele>1857.804</ele>
</trkpt>
<trkpt lat="34.34922400" lon="-110.07417300">
<ele>1857.804</ele>
</trkpt>
<trkpt lat="34.34925800" lon="-110.07423700">
<ele>1857.591</ele>
</trkpt>
<trkpt lat="34.34931200" lon="-110.07428100">
<ele>1857.591</ele>
</trkpt>
<trkpt lat="34.34934700" lon="-110.07434800">
<ele>1857.591</ele>
</trkpt>
<trkpt lat="34.34937000" lon="-110.07442000">
<ele>1857.325</ele>
</trkpt>
<trkpt lat="34.34938000" lon="-110.07449600">
<ele>1857.325</ele>
</trkpt>
<trkpt lat="34.34938600" lon="-110.07457300">
<ele>1850.029</ele>
</trkpt>
<trkpt lat="34.34939900" lon="-110.07464800">
<ele>1850.029</ele>
</trkpt>
<trkpt lat="34.34940300" lon="-110.07472400">
<ele>1850.029</ele>
</trkpt>
<trkpt lat="34.34940100" lon="-110.07480100">
<ele>1850.029</ele>
</trkpt>
<trkpt lat="34.34945300" lon="-110.07484300">
<ele>1848.909</ele>
</trkpt>
<trkpt lat="34.34951600" lon="-110.07485000">
<ele>1848.909</ele>
</trkpt>
<trkpt lat="34.34957800" lon="-110.07487300">
<ele>1847.590</ele>
</trkpt>
<trkpt lat="34.34960600" lon="-110.07494300">
<ele>1847.590</ele>
</trkpt>
<trkpt lat="34.34962600" lon="-110.07501800">
<ele>1847.590</ele>
</trkpt>
<trkpt lat="34.34966900" lon="-110.07507300">
<ele>1846.563</ele>
</trkpt>
<trkpt lat="34.34971700" lon="-110.07512500">
<ele>1846.563</ele>
</trkpt>
<trkpt lat="34.34974100" lon="-110.07519900">
<ele>1846.563</ele>
</trkpt>
<trkpt lat="34.34976600" lon="-110.07526900">
<ele>1845.615</ele>
</trkpt>
<trkpt lat="34.34980200" lon="-110.07533300">
<ele>1845.615</ele>
</trkpt>
<trkpt lat="34.34983400" lon="-110.07540300">
<ele>1845.615</ele>
</trkpt>
<trkpt lat="34.34985800" lon="-110.07547700">
<ele>1844.442</ele>
</trkpt>
<trkpt lat="34.34988900" lon="-110.07554700">
<ele>1838.562</ele>
</trkpt>
<trkpt lat="34.34993700" lon="-110.07560000">
<ele>1838.562</ele>
</trkpt>
<trkpt lat="34.34998800" lon="-110.07564600">
<ele>1837.589</ele>
</trkpt>
<trkpt lat="34.35003900" lon="-110.07569000">
<ele>1837.589</ele>
</trkpt>
<trkpt lat="34.35003900" lon="-110.07576900">
<ele>1837.589</ele>
</trkpt>
<trkpt lat="34.35006800" lon="-110.07583900">
<ele>1836.437</ele>
</trkpt>
<trkpt lat="34.35012900" lon="-110.07586200">
<ele>1836.437</ele>
</trkpt>
<trkpt lat="34.35018200" lon="-110.07590400">
<ele>1835.213</ele>
</trkpt>
<trkpt lat="34.35021300" lon="-110.07597400">
<ele>1835.213</ele>
</trkpt>
<trkpt lat="34.35021100" lon="-110.07605200">
<ele>1835.213</ele>
</trkpt>
<trkpt lat="34.35016800" lon="-110.07611300">
<ele>1835.213</ele>
</trkpt>
<trkpt lat="34.35016600" lon="-110.07619000">
<ele>1835.213</ele>
</trkpt>
<trkpt lat="34.35022500" lon="-110.07621800">
<ele>1835.213</ele>
</trkpt>
<trkpt lat="34.35029000" lon="-110.07623100">
<ele>1834.130</ele>
</trkpt>
<trkpt lat="34.35031000" lon="-110.07630400">
<ele>1834.130</ele>
</trkpt>
<trkpt lat="34.35028700" lon="-110.07637700">
<ele>1834.130</ele>
</trkpt>
<trkpt lat="34.35027200" lon="-110.07645200">
<ele>1834.130</ele>
</trkpt>
<trkpt lat="34.35028200" lon="-110.07652900">
<ele>1824.655</ele>
</trkpt>
<trkpt lat="34.35027900" lon="-110.07660500">
<ele>1824.655</ele>
</trkpt>
<trkpt lat="34.35023900" lon="-110.07666400">
<ele>1825.254</ele>
</trkpt>
<trkpt lat="34.35019100" lon="-110.07671500">
<ele>1825.254</ele>
</trkpt>
<trkpt lat="34.35014500" lon="-110.07677100">
<ele>1825.976</ele>
</trkpt>
<trkpt lat="34.35004700" lon="-110.07687600">
<ele>1827.054</ele>
</trkpt>
<trkpt lat="34.34999000" lon="-110.07691100">
<ele>1827.054</ele>
</trkpt>
<trkpt lat="34.34993100" lon="-110.07694400">
<ele>1828.283</ele>
</trkpt>
<trkpt lat="34.34987100" lon="-110.07696900">
<ele>1828.283</ele>
</trkpt>
<trkpt lat="34.34981100" lon="-110.07699500">
<ele>1829.123</ele>
</trkpt>
<trkpt lat="34.34975200" lon="-110.07702300">
<ele>1829.123</ele>
</trkpt>
<trkpt lat="34.34969200" lon="-110.07705000">
<ele>1830.180</ele>
</trkpt>
<trkpt lat="34.34962800" lon="-110.07707100">
<ele>1831.284</ele>
</trkpt>
<trkpt lat="34.34951200" lon="-110.07714700">
<ele>1832.472</ele>
</trkpt>
<trkpt lat="34.34938900" lon="-110.07719700">
<ele>1833.815</ele>
</trkpt>
<trkpt lat="34.34932100" lon="-110.07720100">
<ele>1834.761</ele>
</trkpt>
<trkpt lat="34.34925800" lon="-110.07720900">
<ele>1834.761</ele>
</trkpt>
<trkpt lat="34.34919000" lon="-110.07720400">
<ele>1834.959</ele>
</trkpt>
<trkpt lat="34.34912500" lon="-110.07719200">
<ele>1835.736</ele>
</trkpt>
<trkpt lat="34.34906400" lon="-110.07722300">
<ele>1835.736</ele>
</trkpt>
<trkpt lat="34.34898800" lon="-110.07735400">
<ele>1836.328</ele>
</trkpt>
<trkpt lat="34.34895100" lon="-110.07741600">
<ele>1836.328</ele>
</trkpt>
<trkpt lat="34.34891700" lon="-110.07748200">
<ele>1837.039</ele>
</trkpt>
<trkpt lat="34.34887800" lon="-110.07754200">
<ele>1829.843</ele>
</trkpt>
<trkpt lat="34.34883600" lon="-110.07760700">
<ele>1831.036</ele>
</trkpt>
<trkpt lat="34.34880500" lon="-110.07768000">
<ele>1831.036</ele>
</trkpt>
<trkpt lat="34.34877400" lon="-110.07774800">
<ele>1831.036</ele>
</trkpt>
<trkpt lat="34.34874200" lon="-110.07781600">
<ele>1832.053</ele>
</trkpt>
<trkpt lat="34.34873500" lon="-110.07789500">
<ele>1832.053</ele>
</trkpt>
<trkpt lat="34.34873500" lon="-110.07797400">
<ele>1832.053</ele>
</trkpt>
<trkpt lat="34.34876000" lon="-110.07804600">
<ele>1831.036</ele>
</trkpt>
<trkpt lat="34.34877100" lon="-110.07812200">
<ele>1831.036</ele>
</trkpt>
<trkpt lat="34.34877100" lon="-110.07820000">
<ele>1831.036</ele>
</trkpt>
<trkpt lat="34.34877900" lon="-110.07827700">
<ele>1831.036</ele>
</trkpt>
<trkpt lat="34.34876800" lon="-110.07842900">
<ele>1831.036</ele>
</trkpt>
<trkpt lat="34.34872800" lon="-110.07857800">
<ele>1826.970</ele>
</trkpt>
<trkpt lat="34.34870500" lon="-110.07873800">
<ele>1826.970</ele>
</trkpt>
<trkpt lat="34.34870100" lon="-110.07890100">
<ele>1826.970</ele>
</trkpt>
<trkpt lat="34.34863500" lon="-110.07903800">
<ele>1826.702</ele>
</trkpt>
<trkpt lat="34.34855400" lon="-110.07916600">
<ele>1826.702</ele>
</trkpt>
<trkpt lat="34.34846000" lon="-110.07928200">
<ele>1825.499</ele>
</trkpt>
<trkpt lat="34.34839400" lon="-110.07941700">
<ele>1823.247</ele>
</trkpt>
<trkpt lat="34.34835000" lon="-110.07948200">
<ele>1823.247</ele>
</trkpt>
<trkpt lat="34.34828400" lon="-110.07950400">
<ele>1814.133</ele>
</trkpt>
<trkpt lat="34.34823700" lon="-110.07945200">
<ele>1819.790</ele>
</trkpt>
<trkpt lat="34.34818800" lon="-110.07939900">
<ele>1819.790</ele>
</trkpt>
<trkpt lat="34.34812100" lon="-110.07940300">
<ele>1817.945</ele>
</trkpt>
<trkpt lat="34.34799000" lon="-110.07946000">
<ele>1816.322</ele>
</trkpt>
<trkpt lat="34.34786400" lon="-110.07951400">
<ele>1811.365</ele>
</trkpt>
<trkpt lat="34.34779900" lon="-110.07952900">
<ele>1810.142</ele>
</trkpt>
<trkpt lat="34.34767100" lon="-110.07955500">
<ele>1808.908</ele>
</trkpt>
<trkpt lat="34.34754800" lon="-110.07961200">
<ele>1807.158</ele>
</trkpt>
<trkpt lat="34.34749300" lon="-110.07966000">
<ele>1807.158</ele>
</trkpt>
<trkpt lat="34.34746300" lon="-110.07972900">
<ele>1807.158</ele>
</trkpt>
<trkpt lat="34.34749700" lon="-110.07987900">
<ele>1807.158</ele>
</trkpt>
<trkpt lat="34.34758600" lon="-110.07999500">
<ele>1807.976</ele>
</trkpt>
<trkpt lat="34.34767500" lon="-110.08012000">
<ele>1808.908</ele>
</trkpt>
<trkpt lat="34.34777500" lon="-110.08023800">
<ele>1810.142</ele>
</trkpt>
<trkpt lat="34.34789300" lon="-110.08031800">
<ele>1811.365</ele>
</trkpt>
<trkpt lat="34.34799800" lon="-110.08041700">
<ele>1812.569</ele>
</trkpt>
<trkpt lat="34.34806400" lon="-110.08055600">
<ele>1805.052</ele>
</trkpt>
<trkpt lat="34.34808400" lon="-110.08063100">
<ele>1805.052</ele>
</trkpt>
<trkpt lat="34.34809300" lon="-110.08070800">
<ele>1805.052</ele>
</trkpt>
<trkpt lat="34.34807200" lon="-110.08078300">
<ele>1805.052</ele>
</trkpt>
<trkpt lat="34.34795800" lon="-110.08084500">
<ele>1804.298</ele>
</trkpt>
<trkpt lat="34.34782900" lon="-110.08087600">
<ele>1803.730</ele>
</trkpt>
<trkpt lat="34.34770300" lon="-110.08092100">
<ele>1803.691</ele>
</trkpt>
<trkpt lat="34.34753600" lon="-110.08105400">
<ele>1803.430</ele>
</trkpt>
<trkpt lat="34.34742400" lon="-110.08128700">
<ele>1803.268</ele>
</trkpt>
<trkpt lat="34.34730300" lon="-110.08149300">
<ele>1803.134</ele>
</trkpt>
<trkpt lat="34.34723800" lon="-110.08165800">
<ele>1802.906</ele>
</trkpt>
<trkpt lat="34.34719700" lon="-110.08189700">
<ele>1802.906</ele>
</trkpt>
<trkpt lat="34.34718000" lon="-110.08215700">
<ele>1802.906</ele>
</trkpt>
<trkpt lat="34.34717200" lon="-110.08232500">
<ele>1802.906</ele>
</trkpt>
<trkpt lat="34.34716700" lon="-110.08249400">
<ele>1802.906</ele>
</trkpt>
<trkpt lat="34.34716500" lon="-110.08258000">
<ele>1802.694</ele>
</trkpt>
<trkpt lat="34.34715200" lon="-110.08273300">
<ele>1802.694</ele>
</trkpt>
<trkpt lat="34.34712300" lon="-110.08289400">
<ele>1802.781</ele>
</trkpt>
<trkpt lat="34.34708800" lon="-110.08305600">
<ele>1802.781</ele>
</trkpt>
<trkpt lat="34.34706000" lon="-110.08322300">
<ele>1802.781</ele>
</trkpt>
<trkpt lat="34.34703500" lon="-110.08338000">
<ele>1802.741</ele>
</trkpt>
<trkpt lat="34.34699400" lon="-110.08353100">
<ele>1802.547</ele>
</trkpt>
<trkpt lat="34.34696900" lon="-110.08360800">
<ele>1802.547</ele>
</trkpt>
<trkpt lat="34.34694900" lon="-110.08368100">
<ele>1802.643</ele>
</trkpt>
<trkpt lat="34.34692300" lon="-110.08383900">
<ele>1802.643</ele>
</trkpt>
<trkpt lat="34.34690100" lon="-110.08399100">
<ele>1802.643</ele>
</trkpt>
<trkpt lat="34.34684900" lon="-110.08414200">
<ele>1802.848</ele>
</trkpt>
<trkpt lat="34.34681500" lon="-110.08421300">
<ele>1802.848</ele>
</trkpt>
<trkpt lat="34.34678300" lon="-110.08428000">
<ele>1802.848</ele>
</trkpt>
<trkpt lat="34.34668400" lon="-110.08437100">
<ele>1803.579</ele>
</trkpt>
<trkpt lat="34.34661400" lon="-110.08437400">
<ele>1805.358</ele>
</trkpt>
<trkpt lat="34.34654900" lon="-110.08435500">
<ele>1807.099</ele>
</trkpt>
<trkpt lat="34.34649200" lon="-110.08431400">
<ele>1807.099</ele>
</trkpt>
<trkpt lat="34.34641100" lon="-110.08419000">
<ele>1808.648</ele>
</trkpt>
<trkpt lat="34.34638000" lon="-110.08403800">
<ele>1808.648</ele>
</trkpt>
<trkpt lat="34.34636200" lon="-110.08388400">
<ele>1808.648</ele>
</trkpt>
<trkpt lat="34.34628600" lon="-110.08374200">
<ele>1809.654</ele>
</trkpt>
<trkpt lat="34.34619600" lon="-110.08363000">
<ele>1811.037</ele>
</trkpt>
<trkpt lat="34.34607300" lon="-110.08354500">
<ele>1811.898</ele>
</trkpt>
<trkpt lat="34.34594100" lon="-110.08351600">
<ele>1813.732</ele>
</trkpt>
<trkpt lat="34.34580400" lon="-110.08354500">
<ele>1814.250</ele>
</trkpt>
<trkpt lat="34.34568300" lon="-110.08360400">
<ele>1814.581</ele>
</trkpt>
<trkpt lat="34.34562300" lon="-110.08363500">
<ele>1814.704</ele>
</trkpt>
<trkpt lat="34.34550100" lon="-110.08369400">
<ele>1814.807</ele>
</trkpt>
<trkpt lat="34.34537600" lon="-110.08373300">
<ele>1814.849</ele>
</trkpt>
<trkpt lat="34.34523600" lon="-110.08376800">
<ele>1814.574</ele>
</trkpt>
<trkpt lat="34.34504900" lon="-110.08383400">
<ele>1813.796</ele>
</trkpt>
<trkpt lat="34.34484200" lon="-110.08387300">
<ele>1813.832</ele>
</trkpt>
<trkpt lat="34.34462500" lon="-110.08386600">
<ele>1814.043</ele>
</trkpt>
<trkpt lat="34.34442400" lon="-110.08384700">
<ele>1814.603</ele>
</trkpt>
<trkpt lat="34.34427400" lon="-110.08383000">
<ele>1814.786</ele>
</trkpt>
<trkpt lat="34.34413800" lon="-110.08382400">
<ele>1815.165</ele>
</trkpt>
<trkpt lat="34.34400700" lon="-110.08384400">
<ele>1815.490</ele>
</trkpt>
<trkpt lat="34.34394300" lon="-110.08386500">
<ele>1815.743</ele>
</trkpt>
<trkpt lat="34.34388300" lon="-110.08389900">
<ele>1815.743</ele>
</trkpt>
<trkpt lat="34.34383300" lon="-110.08394900">
<ele>1815.851</ele>
</trkpt>
<trkpt lat="34.34379600" lon="-110.08401100">
<ele>1815.851</ele>
</trkpt>
<trkpt lat="34.34375200" lon="-110.08415900">
<ele>1815.851</ele>
</trkpt>
<trkpt lat="34.34371800" lon="-110.08422800">
<ele>1816.185</ele>
</trkpt>
<trkpt lat="34.34368400" lon="-110.08429500">
<ele>1816.185</ele>
</trkpt>
<trkpt lat="34.34362400" lon="-110.08443700">
<ele>1816.357</ele>
</trkpt>
<trkpt lat="34.34358700" lon="-110.08458800">
<ele>1820.244</ele>
</trkpt>
<trkpt lat="34.34356500" lon="-110.08466000">
<ele>1820.244</ele>
</trkpt>
<trkpt lat="34.34353600" lon="-110.08473500">
<ele>1820.482</ele>
</trkpt>
<trkpt lat="34.34348600" lon="-110.08478300">
<ele>1820.482</ele>
</trkpt>
<trkpt lat="34.34342900" lon="-110.08491600">
<ele>1820.641</ele>
</trkpt>
<trkpt lat="34.34346100" lon="-110.08507400">
<ele>1820.482</ele>
</trkpt>
<trkpt lat="34.34337500" lon="-110.08519400">
<ele>1820.641</ele>
</trkpt>
<trkpt lat="34.34331300" lon="-110.08534600">
<ele>1821.000</ele>
</trkpt>
<trkpt lat="34.34325800" lon="-110.08551100">
<ele>1821.653</ele>
</trkpt>
<trkpt lat="34.34321300" lon="-110.08566600">
<ele>1821.823</ele>
</trkpt>
<trkpt lat="34.34316700" lon="-110.08581600">
<ele>1821.823</ele>
</trkpt>
<trkpt lat="34.34311800" lon="-110.08595900">
<ele>1821.977</ele>
</trkpt>
<trkpt lat="34.34305900" lon="-110.08610200">
<ele>1821.977</ele>
</trkpt>
<trkpt lat="34.34301000" lon="-110.08626000">
<ele>1822.345</ele>
</trkpt>
<trkpt lat="34.34295200" lon="-110.08639900">
<ele>1822.345</ele>
</trkpt>
<trkpt lat="34.34288100" lon="-110.08653600">
<ele>1823.114</ele>
</trkpt>
<trkpt lat="34.34283600" lon="-110.08668800">
<ele>1823.275</ele>
</trkpt>
<trkpt lat="34.34278200" lon="-110.08684700">
<ele>1823.275</ele>
</trkpt>
<trkpt lat="34.34271500" lon="-110.08699900">
<ele>1823.241</ele>
</trkpt>
<trkpt lat="34.34261500" lon="-110.08722600">
<ele>1823.409</ele>
</trkpt>
<trkpt lat="34.34251800" lon="-110.08743700">
<ele>1823.529</ele>
</trkpt>
<trkpt lat="34.34241300" lon="-110.08766700">
<ele>1822.302</ele>
</trkpt>
<trkpt lat="34.34236400" lon="-110.08781000">
<ele>1822.302</ele>
</trkpt>
<trkpt lat="34.34232500" lon="-110.08797200">
<ele>1822.640</ele>
</trkpt>
<trkpt lat="34.34229900" lon="-110.08813700">
<ele>1822.640</ele>
</trkpt>
<trkpt lat="34.34227800" lon="-110.08829600">
<ele>1822.640</ele>
</trkpt>
<trkpt lat="34.34224900" lon="-110.08845200">
<ele>1823.198</ele>
</trkpt>
<trkpt lat="34.34222000" lon="-110.08861900">
<ele>1822.960</ele>
</trkpt>
<trkpt lat="34.34219000" lon="-110.08877700">
<ele>1822.960</ele>
</trkpt>
<trkpt lat="34.34215200" lon="-110.08893400">
<ele>1822.960</ele>
</trkpt>
<trkpt lat="34.34211300" lon="-110.08908800">
<ele>1823.025</ele>
</trkpt>
<trkpt lat="34.34209300" lon="-110.08924500">
<ele>1823.025</ele>
</trkpt>
<trkpt lat="34.34206700" lon="-110.08940300">
<ele>1823.025</ele>
</trkpt>
<trkpt lat="34.34206200" lon="-110.08956300">
<ele>1827.126</ele>
</trkpt>
<trkpt lat="34.34205900" lon="-110.08972900">
<ele>1827.126</ele>
</trkpt>
<trkpt lat="34.34204800" lon="-110.08989800">
<ele>1827.398</ele>
</trkpt>
<trkpt lat="34.34204300" lon="-110.09005300">
<ele>1827.398</ele>
</trkpt>
<trkpt lat="34.34206700" lon="-110.09020800">
<ele>1827.126</ele>
</trkpt>
<trkpt lat="34.34209000" lon="-110.09036800">
<ele>1827.126</ele>
</trkpt>
<trkpt lat="34.34208700" lon="-110.09053100">
<ele>1829.186</ele>
</trkpt>
<trkpt lat="34.34206200" lon="-110.09068800">
<ele>1829.186</ele>
</trkpt>
<trkpt lat="34.34201100" lon="-110.09084300">
<ele>1829.200</ele>
</trkpt>
<trkpt lat="34.34194200" lon="-110.09098500">
<ele>1829.119</ele>
</trkpt>
<trkpt lat="34.34188000" lon="-110.09114000">
<ele>1829.119</ele>
</trkpt>
<trkpt lat="34.34184500" lon="-110.09129600">
<ele>1829.171</ele>
</trkpt>
<trkpt lat="34.34181100" lon="-110.09144900">
<ele>1829.171</ele>
</trkpt>
<trkpt lat="34.34173000" lon="-110.09158600">
<ele>1830.706</ele>
</trkpt>
<trkpt lat="34.34167700" lon="-110.09172700">
<ele>1830.706</ele>
</trkpt>
<trkpt lat="34.34161700" lon="-110.09188000">
<ele>1830.802</ele>
</trkpt>
<trkpt lat="34.34154700" lon="-110.09202600">
<ele>1830.955</ele>
</trkpt>
<trkpt lat="34.34147800" lon="-110.09216600">
<ele>1830.955</ele>
</trkpt>
<trkpt lat="34.34141700" lon="-110.09231500">
<ele>1831.177</ele>
</trkpt>
<trkpt lat="34.34137300" lon="-110.09246300">
<ele>1831.177</ele>
</trkpt>
<trkpt lat="34.34135500" lon="-110.09253800">
<ele>1831.354</ele>
</trkpt>
<trkpt lat="34.34131900" lon="-110.09268800">
<ele>1831.547</ele>
</trkpt>
<trkpt lat="34.34127200" lon="-110.09283200">
<ele>1831.547</ele>
</trkpt>
<trkpt lat="34.34121800" lon="-110.09298600">
<ele>1831.322</ele>
</trkpt>
<trkpt lat="34.34113300" lon="-110.09320400">
<ele>1831.383</ele>
</trkpt>
<trkpt lat="34.34106900" lon="-110.09335700">
<ele>1831.383</ele>
</trkpt>
<trkpt lat="34.34100400" lon="-110.09350400">
<ele>1830.864</ele>
</trkpt>
<trkpt lat="34.34095700" lon="-110.09366100">
<ele>1830.864</ele>
</trkpt>
<trkpt lat="34.34093300" lon="-110.09382500">
<ele>1830.275</ele>
</trkpt>
<trkpt lat="34.34091800" lon="-110.09399200">
<ele>1830.275</ele>
</trkpt>
<trkpt lat="34.34089500" lon="-110.09415100">
<ele>1830.275</ele>
</trkpt>
<trkpt lat="34.34088300" lon="-110.09422900">
<ele>1830.275</ele>
</trkpt>
<trkpt lat="34.34090400" lon="-110.09430400">
<ele>1830.275</ele>
</trkpt>
<trkpt lat="34.34100100" lon="-110.09441700">
<ele>1830.864</ele>
</trkpt>
<trkpt lat="34.34113600" lon="-110.09448200">
<ele>1831.148</ele>
</trkpt>
<trkpt lat="34.34133800" lon="-110.09450300">
<ele>1831.862</ele>
</trkpt>
<trkpt lat="34.34147600" lon="-110.09449500">
<ele>1830.837</ele>
</trkpt>
<trkpt lat="34.34157100" lon="-110.09438000">
<ele>1830.708</ele>
</trkpt>
<trkpt lat="34.34166800" lon="-110.09425500">
<ele>1830.606</ele>
</trkpt>
<trkpt lat="34.34178100" lon="-110.09415100">
<ele>1830.348</ele>
</trkpt>
<trkpt lat="34.34186100" lon="-110.09402800">
<ele>1830.023</ele>
</trkpt>
<trkpt lat="34.34197600" lon="-110.09394500">
<ele>1829.972</ele>
</trkpt>
<trkpt lat="34.34203500" lon="-110.09391600">
<ele>1829.972</ele>
</trkpt>
<trkpt lat="34.34215300" lon="-110.09385000">
<ele>1829.684</ele>
</trkpt>
<trkpt lat="34.34228300" lon="-110.09379800">
<ele>1829.647</ele>
</trkpt>
<trkpt lat="34.34240700" lon="-110.09385000">
<ele>1829.365</ele>
</trkpt>
<trkpt lat="34.34246300" lon="-110.09389900">
<ele>1829.295</ele>
</trkpt>
<trkpt lat="34.34258200" lon="-110.09396100">
<ele>1829.171</ele>
</trkpt>
<trkpt lat="34.34268100" lon="-110.09406000">
<ele>1829.271</ele>
</trkpt>
<trkpt lat="34.34277100" lon="-110.09417200">
<ele>1829.143</ele>
</trkpt>
<trkpt lat="34.34290300" lon="-110.09415500">
<ele>1829.078</ele>
</trkpt>
<trkpt lat="34.34303400" lon="-110.09416700">
<ele>1828.967</ele>
</trkpt>
<trkpt lat="34.34316000" lon="-110.09422400">
<ele>1828.593</ele>
</trkpt>
<trkpt lat="34.34321900" lon="-110.09425600">
<ele>1828.593</ele>
</trkpt>
<trkpt lat="34.34327400" lon="-110.09429700">
<ele>1828.232</ele>
</trkpt>
<trkpt lat="34.34337500" lon="-110.09421000">
<ele>1827.985</ele>
</trkpt>
<trkpt lat="34.34348300" lon="-110.09412100">
<ele>1827.796</ele>
</trkpt>
<trkpt lat="34.34361200" lon="-110.09413000">
<ele>1827.494</ele>
</trkpt>
<trkpt lat="34.34374800" lon="-110.09417700">
<ele>1827.298</ele>
</trkpt>
<trkpt lat="34.34387200" lon="-110.09411600">
<ele>1826.819</ele>
</trkpt>
<trkpt lat="34.34399000" lon="-110.09405600">
<ele>1826.723</ele>
</trkpt>
<trkpt lat="34.34412200" lon="-110.09402800">
<ele>1826.444</ele>
</trkpt>
<trkpt lat="34.34421300" lon="-110.09391400">
<ele>1826.071</ele>
</trkpt>
<trkpt lat="34.34433400" lon="-110.09383600">
<ele>1825.591</ele>
</trkpt>
<trkpt lat="34.34445400" lon="-110.09377800">
<ele>1825.010</ele>
</trkpt>
<trkpt lat="34.34450600" lon="-110.09373100">
<ele>1825.010</ele>
</trkpt>
<trkpt lat="34.34456300" lon="-110.09369700">
<ele>1824.693</ele>
</trkpt>
<trkpt lat="34.34459900" lon="-110.09369800">
<ele>1824.693</ele>
</trkpt>
<trkpt lat="34.34468500" lon="-110.09381300">
<ele>1824.335</ele>
</trkpt>
<trkpt lat="34.34479800" lon="-110.09388600">
<ele>1824.200</ele>
</trkpt>
<trkpt lat="34.34490500" lon="-110.09396800">
<ele>1823.660</ele>
</trkpt>
<trkpt lat="34.34498500" lon="-110.09409100">
<ele>1823.445</ele>
</trkpt>
<trkpt lat="34.34504700" lon="-110.09422600">
<ele>1823.445</ele>
</trkpt>
<trkpt lat="34.34508200" lon="-110.09429700">
<ele>1823.202</ele>
</trkpt>
<trkpt lat="34.34511300" lon="-110.09436400">
<ele>1823.202</ele>
</trkpt>
<trkpt lat="34.34512900" lon="-110.09444400">
<ele>1823.202</ele>
</trkpt>
<trkpt lat="34.34509000" lon="-110.09459000">
<ele>1824.211</ele>
</trkpt>
<trkpt lat="34.34508200" lon="-110.09466700">
<ele>1824.211</ele>
</trkpt>
<trkpt lat="34.34510400" lon="-110.09473900">
<ele>1824.211</ele>
</trkpt>
<trkpt lat="34.34515100" lon="-110.09479400">
<ele>1823.992</ele>
</trkpt>
<trkpt lat="34.34527300" lon="-110.09485200">
<ele>1823.841</ele>
</trkpt>
<trkpt lat="34.34540100" lon="-110.09488400">
<ele>1823.801</ele>
</trkpt>
<trkpt lat="34.34553200" lon="-110.09490500">
<ele>1823.638</ele>
</trkpt>
<trkpt lat="34.34566600" lon="-110.09491600">
<ele>1823.097</ele>
</trkpt>
<trkpt lat="34.34580900" lon="-110.09492800">
<ele>1822.762</ele>
</trkpt>
<trkpt lat="34.34593400" lon="-110.09498100">
<ele>1822.397</ele>
</trkpt>
<trkpt lat="34.34603900" lon="-110.09508400">
<ele>1822.211</ele>
</trkpt>
<trkpt lat="34.34614400" lon="-110.09519500">
<ele>1822.061</ele>
</trkpt>
<trkpt lat="34.34624800" lon="-110.09530700">
<ele>1821.688</ele>
</trkpt>
<trkpt lat="34.34635100" lon="-110.09541200">
<ele>1821.239</ele>
</trkpt>
<trkpt lat="34.34644800" lon="-110.09552600">
<ele>1821.172</ele>
</trkpt>
<trkpt lat="34.34649300" lon="-110.09558300">
<ele>1820.998</ele>
</trkpt>
<trkpt lat="34.34658400" lon="-110.09569800">
<ele>1821.055</ele>
</trkpt>
<trkpt lat="34.34670200" lon="-110.09576400">
<ele>1821.147</ele>
</trkpt>
<trkpt lat="34.34682800" lon="-110.09570800">
<ele>1821.358</ele>
</trkpt>
<trkpt lat="34.34696100" lon="-110.09569100">
<ele>1821.241</ele>
</trkpt>
<trkpt lat="34.34709600" lon="-110.09570100">
<ele>1821.303</ele>
</trkpt>
<trkpt lat="34.34716200" lon="-110.09571900">
<ele>1820.928</ele>
</trkpt>
<trkpt lat="34.34725100" lon="-110.09584400">
<ele>1820.653</ele>
</trkpt>
<trkpt lat="34.34732200" lon="-110.09598600">
<ele>1820.653</ele>
</trkpt>
<trkpt lat="34.34742600" lon="-110.09611700">
<ele>1820.452</ele>
</trkpt>
<trkpt lat="34.34750200" lon="-110.09624900">
<ele>1820.174</ele>
</trkpt>
<trkpt lat="34.34762600" lon="-110.09632600">
<ele>1819.859</ele>
</trkpt>
<trkpt lat="34.34768900" lon="-110.09634000">
<ele>1819.790</ele>
</trkpt>
<trkpt lat="34.34775200" lon="-110.09634600">
<ele>1819.641</ele>
</trkpt>
<trkpt lat="34.34787800" lon="-110.09638300">
<ele>1819.506</ele>
</trkpt>
<trkpt lat="34.34801400" lon="-110.09640700">
<ele>1819.442</ele>
</trkpt>
<trkpt lat="34.34814400" lon="-110.09635800">
<ele>1818.909</ele>
</trkpt>
<trkpt lat="34.34827500" lon="-110.09638500">
<ele>1818.780</ele>
</trkpt>
<trkpt lat="34.34840800" lon="-110.09641100">
<ele>1818.562</ele>
</trkpt>
<trkpt lat="34.34854100" lon="-110.09644900">
<ele>1818.091</ele>
</trkpt>
<trkpt lat="34.34860100" lon="-110.09648400">
<ele>1817.810</ele>
</trkpt>
<trkpt lat="34.34870000" lon="-110.09658000">
<ele>1816.822</ele>
</trkpt>
<trkpt lat="34.34873300" lon="-110.09665300">
<ele>1816.822</ele>
</trkpt>
<trkpt lat="34.34876900" lon="-110.09681200">
<ele>1816.668</ele>
</trkpt>
<trkpt lat="34.34879900" lon="-110.09697300">
<ele>1816.668</ele>
</trkpt>
<trkpt lat="34.34882700" lon="-110.09712500">
<ele>1816.668</ele>
</trkpt>
<trkpt lat="34.34886000" lon="-110.09729000">
<ele>1816.637</ele>
</trkpt>
<trkpt lat="34.34890400" lon="-110.09745200">
<ele>1816.637</ele>
</trkpt>
<trkpt lat="34.34896000" lon="-110.09760400">
<ele>1818.973</ele>
</trkpt>
<trkpt lat="34.34901800" lon="-110.09784400">
<ele>1818.973</ele>
</trkpt>
<trkpt lat="34.34904800" lon="-110.09810000">
<ele>1818.973</ele>
</trkpt>
<trkpt lat="34.34906000" lon="-110.09835900">
<ele>1818.901</ele>
</trkpt>
<trkpt lat="34.34905100" lon="-110.09860500">
<ele>1818.400</ele>
</trkpt>
<trkpt lat="34.34902300" lon="-110.09886900">
<ele>1818.783</ele>
</trkpt>
<trkpt lat="34.34896500" lon="-110.09910800">
<ele>1818.783</ele>
</trkpt>
<trkpt lat="34.34890300" lon="-110.09926000">
<ele>1819.259</ele>
</trkpt>
<trkpt lat="34.34885200" lon="-110.09941700">
<ele>1819.259</ele>
</trkpt>
<trkpt lat="34.34881700" lon="-110.09965900">
<ele>1813.295</ele>
</trkpt>
<trkpt lat="34.34882600" lon="-110.09981400">
<ele>1813.295</ele>
</trkpt>
<trkpt lat="34.34885000" lon="-110.09997200">
<ele>1813.295</ele>
</trkpt>
<trkpt lat="34.34884300" lon="-110.10004900">
<ele>1813.295</ele>
</trkpt>
<trkpt lat="34.34880700" lon="-110.10011500">
<ele>1813.295</ele>
</trkpt>
<trkpt lat="34.34875400" lon="-110.10015700">
<ele>1813.295</ele>
</trkpt>
<trkpt lat="34.34863000" lon="-110.10020600">
<ele>1813.602</ele>
</trkpt>
<trkpt lat="34.34849800" lon="-110.10023900">
<ele>1813.644</ele>
</trkpt>
<trkpt lat="34.34836000" lon="-110.10026600">
<ele>1814.099</ele>
</trkpt>
<trkpt lat="34.34822500" lon="-110.10027500">
<ele>1814.731</ele>
</trkpt>
<trkpt lat="34.34809500" lon="-110.10027600">
<ele>1814.787</ele>
</trkpt>
<trkpt lat="34.34794500" lon="-110.10029000">
<ele>1814.728</ele>
</trkpt>
<trkpt lat="34.34775200" lon="-110.10033000">
<ele>1814.787</ele>
</trkpt>
<trkpt lat="34.34761500" lon="-110.10036400">
<ele>1814.922</ele>
</trkpt>
<trkpt lat="34.34749100" lon="-110.10040000">
<ele>1815.211</ele>
</trkpt>
<trkpt lat="34.34735100" lon="-110.10041800">
<ele>1815.686</ele>
</trkpt>
<trkpt lat="34.34713900" lon="-110.10042500">
<ele>1816.174</ele>
</trkpt>
<trkpt lat="34.34691400" lon="-110.10047900">
<ele>1816.613</ele>
</trkpt>
<trkpt lat="34.34671400" lon="-110.10052900">
<ele>1820.940</ele>
</trkpt>
<trkpt lat="34.34651800" lon="-110.10057500">
<ele>1820.891</ele>
</trkpt>
<trkpt lat="34.34632700" lon="-110.10064400">
<ele>1820.606</ele>
</trkpt>
<trkpt lat="34.34614400" lon="-110.10076500">
<ele>1820.020</ele>
</trkpt>
<trkpt lat="34.34597200" lon="-110.10089500">
<ele>1819.566</ele>
</trkpt>
<trkpt lat="34.34586100" lon="-110.10099400">
<ele>1819.249</ele>
</trkpt>
<trkpt lat="34.34572300" lon="-110.10117900">
<ele>1819.254</ele>
</trkpt>
<trkpt lat="34.34562400" lon="-110.10138900">
<ele>1819.389</ele>
</trkpt>
<trkpt lat="34.34552900" lon="-110.10160500">
<ele>1822.913</ele>
</trkpt>
<trkpt lat="34.34545700" lon="-110.10177500">
<ele>1822.913</ele>
</trkpt>
<trkpt lat="34.34538000" lon="-110.10191500">
<ele>1822.658</ele>
</trkpt>
<trkpt lat="34.34530000" lon="-110.10204000">
<ele>1822.719</ele>
</trkpt>
<trkpt lat="34.34522800" lon="-110.10217300">
<ele>1823.018</ele>
</trkpt>
<trkpt lat="34.34517100" lon="-110.10231100">
<ele>1823.018</ele>
</trkpt>
<trkpt lat="34.34512900" lon="-110.10246600">
<ele>1823.371</ele>
</trkpt>
<trkpt lat="34.34505000" lon="-110.10270800">
<ele>1825.972</ele>
</trkpt>
<trkpt lat="34.34496900" lon="-110.10293300">
<ele>1825.726</ele>
</trkpt>
<trkpt lat="34.34487400" lon="-110.10314800">
<ele>1825.486</ele>
</trkpt>
<trkpt lat="34.34475100" lon="-110.10336100">
<ele>1825.360</ele>
</trkpt>
<trkpt lat="34.34461400" lon="-110.10356000">
<ele>1827.875</ele>
</trkpt>
<trkpt lat="34.34446000" lon="-110.10373100">
<ele>1827.783</ele>
</trkpt>
<trkpt lat="34.34432900" lon="-110.10382200">
<ele>1827.645</ele>
</trkpt>
<trkpt lat="34.34419900" lon="-110.10389300">
<ele>1827.684</ele>
</trkpt>
<trkpt lat="34.34410000" lon="-110.10399200">
<ele>1827.558</ele>
</trkpt>
<trkpt lat="34.34399900" lon="-110.10419800">
<ele>1827.563</ele>
</trkpt>
<trkpt lat="34.34397000" lon="-110.10436000">
<ele>1827.563</ele>
</trkpt>
<trkpt lat="34.34394400" lon="-110.10451300">
<ele>1831.962</ele>
</trkpt>
<trkpt lat="34.34390600" lon="-110.10467100">
<ele>1831.962</ele>
</trkpt>
<trkpt lat="34.34385400" lon="-110.10490700">
<ele>1831.962</ele>
</trkpt>
<trkpt lat="34.34382700" lon="-110.10507400">
<ele>1831.995</ele>
</trkpt>
<trkpt lat="34.34381000" lon="-110.10532200">
<ele>1831.995</ele>
</trkpt>
<trkpt lat="34.34378300" lon="-110.10556400">
<ele>1836.165</ele>
</trkpt>
<trkpt lat="34.34375800" lon="-110.10572700">
<ele>1836.165</ele>
</trkpt>
<trkpt lat="34.34373300" lon="-110.10588600">
<ele>1835.684</ele>
</trkpt>
<trkpt lat="34.34371300" lon="-110.10595800">
<ele>1835.684</ele>
</trkpt>
<trkpt lat="34.34368800" lon="-110.10611100">
<ele>1835.684</ele>
</trkpt>
<trkpt lat="34.34367000" lon="-110.10626500">
<ele>1835.684</ele>
</trkpt>
<trkpt lat="34.34366500" lon="-110.10643500">
<ele>1835.684</ele>
</trkpt>
<trkpt lat="34.34366900" lon="-110.10659700">
<ele>1837.952</ele>
</trkpt>
<trkpt lat="34.34363700" lon="-110.10666900">
<ele>1838.352</ele>
</trkpt>
<trkpt lat="34.34358500" lon="-110.10671900">
<ele>1838.352</ele>
</trkpt>
<trkpt lat="34.34352200" lon="-110.10674300">
<ele>1839.006</ele>
</trkpt>
<trkpt lat="34.34339200" lon="-110.10674200">
<ele>1839.354</ele>
</trkpt>
<trkpt lat="34.34325600" lon="-110.10671700">
<ele>1839.813</ele>
</trkpt>
<trkpt lat="34.34303100" lon="-110.10667300">
<ele>1839.928</ele>
</trkpt>
<trkpt lat="34.34280200" lon="-110.10662400">
<ele>1840.018</ele>
</trkpt>
<trkpt lat="34.34259100" lon="-110.10658800">
<ele>1841.079</ele>
</trkpt>
<trkpt lat="34.34238200" lon="-110.10656700">
<ele>1841.906</ele>
</trkpt>
<trkpt lat="34.34218100" lon="-110.10656600">
<ele>1842.870</ele>
</trkpt>
<trkpt lat="34.34198300" lon="-110.10661700">
<ele>1842.471</ele>
</trkpt>
<trkpt lat="34.34177800" lon="-110.10673600">
<ele>1844.284</ele>
</trkpt>
<trkpt lat="34.34160900" lon="-110.10685500">
<ele>1846.578</ele>
</trkpt>
<trkpt lat="34.34143300" lon="-110.10698300">
<ele>1847.034</ele>
</trkpt>
<trkpt lat="34.34124900" lon="-110.10710300">
<ele>1847.909</ele>
</trkpt>
<trkpt lat="34.34105300" lon="-110.10722000">
<ele>1848.137</ele>
</trkpt>
<trkpt lat="34.34091900" lon="-110.10729600">
<ele>1849.116</ele>
</trkpt>
<trkpt lat="34.34079300" lon="-110.10736800">
<ele>1849.619</ele>
</trkpt>
<trkpt lat="34.34066300" lon="-110.10743900">
<ele>1849.858</ele>
</trkpt>
<trkpt lat="34.34046600" lon="-110.10754200">
<ele>1846.813</ele>
</trkpt>
<trkpt lat="34.34027200" lon="-110.10763800">
<ele>1849.643</ele>
</trkpt>
<trkpt lat="34.34009700" lon="-110.10775600">
<ele>1851.983</ele>
</trkpt>
<trkpt lat="34.33992700" lon="-110.10791900">
<ele>1852.685</ele>
</trkpt>
<trkpt lat="34.33979300" lon="-110.10809600">
<ele>1852.258</ele>
</trkpt>
<trkpt lat="34.33967800" lon="-110.10830300">
<ele>1850.991</ele>
</trkpt>
<trkpt lat="34.33953800" lon="-110.10851000">
<ele>1854.042</ele>
</trkpt>
<trkpt lat="34.33937700" lon="-110.10864800">
<ele>1854.785</ele>
</trkpt>
<trkpt lat="34.33922100" lon="-110.10880800">
<ele>1856.116</ele>
</trkpt>
<trkpt lat="34.33908400" lon="-110.10901500">
<ele>1856.353</ele>
</trkpt>
<trkpt lat="34.33897000" lon="-110.10922100">
<ele>1856.012</ele>
</trkpt>
<trkpt lat="34.33889600" lon="-110.10936100">
<ele>1855.085</ele>
</trkpt>
<trkpt lat="34.33880800" lon="-110.10949400">
<ele>1853.391</ele>
</trkpt>
<trkpt lat="34.33870100" lon="-110.10960900">
<ele>1861.533</ele>
</trkpt>
<trkpt lat="34.33851700" lon="-110.10971500">
<ele>1861.920</ele>
</trkpt>
<trkpt lat="34.33832300" lon="-110.10981500">
<ele>1861.330</ele>
</trkpt>
<trkpt lat="34.33819000" lon="-110.10990500">
<ele>1861.012</ele>
</trkpt>
<trkpt lat="34.33807400" lon="-110.11001100">
<ele>1860.520</ele>
</trkpt>
<trkpt lat="34.33798800" lon="-110.11012800">
<ele>1860.368</ele>
</trkpt>
<trkpt lat="34.33789400" lon="-110.11025500">
<ele>1860.141</ele>
</trkpt>
<trkpt lat="34.33778800" lon="-110.11037100">
<ele>1859.860</ele>
</trkpt>
<trkpt lat="34.33761700" lon="-110.11052000">
<ele>1862.248</ele>
</trkpt>
<trkpt lat="34.33743400" lon="-110.11066000">
<ele>1862.803</ele>
</trkpt>
<trkpt lat="34.33726000" lon="-110.11077800">
<ele>1862.735</ele>
</trkpt>
<trkpt lat="34.33713600" lon="-110.11086200">
<ele>1862.459</ele>
</trkpt>
<trkpt lat="34.33702700" lon="-110.11095000">
<ele>1862.262</ele>
</trkpt>
<trkpt lat="34.33686500" lon="-110.11112100">
<ele>1862.244</ele>
</trkpt>
<trkpt lat="34.33670700" lon="-110.11128000">
<ele>1861.618</ele>
</trkpt>
<trkpt lat="34.33652600" lon="-110.11142200">
<ele>1861.189</ele>
</trkpt>
<trkpt lat="34.33637400" lon="-110.11160200">
<ele>1861.485</ele>
</trkpt>
<trkpt lat="34.33623200" lon="-110.11179900">
<ele>1862.354</ele>
</trkpt>
<trkpt lat="34.33604200" lon="-110.11193100">
<ele>1863.081</ele>
</trkpt>
<trkpt lat="34.33587000" lon="-110.11206800">
<ele>1863.018</ele>
</trkpt>
<trkpt lat="34.33569600" lon="-110.11220900">
<ele>1862.454</ele>
</trkpt>
<trkpt lat="34.33549300" lon="-110.11228500">
<ele>1862.497</ele>
</trkpt>
<trkpt lat="34.33529000" lon="-110.11229300">
<ele>1862.820</ele>
</trkpt>
<trkpt lat="34.33514300" lon="-110.11228800">
<ele>1864.052</ele>
</trkpt>
<trkpt lat="34.33500700" lon="-110.11227200">
<ele>1864.760</ele>
</trkpt>
<trkpt lat="34.33486800" lon="-110.11221300">
<ele>1865.825</ele>
</trkpt>
<trkpt lat="34.33470900" lon="-110.11206300">
<ele>1867.860</ele>
</trkpt>
<trkpt lat="34.33454500" lon="-110.11189900">
<ele>1869.751</ele>
</trkpt>
<trkpt lat="34.33437100" lon="-110.11173900">
<ele>1870.659</ele>
</trkpt>
<trkpt lat="34.33419700" lon="-110.11158900">
<ele>1872.450</ele>
</trkpt>
<trkpt lat="34.33400300" lon="-110.11147800">
<ele>1867.516</ele>
</trkpt>
<trkpt lat="34.33385800" lon="-110.11145000">
<ele>1867.792</ele>
</trkpt>
<trkpt lat="34.33371200" lon="-110.11145800">
<ele>1868.264</ele>
</trkpt>
<trkpt lat="34.33357500" lon="-110.11143400">
<ele>1868.748</ele>
</trkpt>
<trkpt lat="34.33345100" lon="-110.11136300">
<ele>1868.933</ele>
</trkpt>
<trkpt lat="34.33332100" lon="-110.11131400">
<ele>1870.702</ele>
</trkpt>
<trkpt lat="34.33318800" lon="-110.11127800">
<ele>1872.075</ele>
</trkpt>
<trkpt lat="34.33305300" lon="-110.11121700">
<ele>1873.827</ele>
</trkpt>
<trkpt lat="34.33292400" lon="-110.11115100">
<ele>1876.766</ele>
</trkpt>
<trkpt lat="34.33278800" lon="-110.11114900">
<ele>1877.368</ele>
</trkpt>
<trkpt lat="34.33267200" lon="-110.11122900">
<ele>1877.762</ele>
</trkpt>
<trkpt lat="34.33261800" lon="-110.11127300">
<ele>1878.036</ele>
</trkpt>
<trkpt lat="34.33250400" lon="-110.11134900">
<ele>1878.106</ele>
</trkpt>
<trkpt lat="34.33239600" lon="-110.11143400">
<ele>1878.127</ele>
</trkpt>
<trkpt lat="34.33236300" lon="-110.11158300">
<ele>1875.697</ele>
</trkpt>
<trkpt lat="34.33246200" lon="-110.11168000">
<ele>1875.617</ele>
</trkpt>
<trkpt lat="34.33259600" lon="-110.11167600">
<ele>1875.511</ele>
</trkpt>
<trkpt lat="34.33271200" lon="-110.11177100">
<ele>1875.529</ele>
</trkpt>
<trkpt lat="34.33278500" lon="-110.11191100">
<ele>1875.298</ele>
</trkpt>
<trkpt lat="34.33283200" lon="-110.11205900">
<ele>1875.298</ele>
</trkpt>
<trkpt lat="34.33288600" lon="-110.11221100">
<ele>1875.239</ele>
</trkpt>
<trkpt lat="34.33300700" lon="-110.11225900">
<ele>1875.205</ele>
</trkpt>
<trkpt lat="34.33312800" lon="-110.11233300">
<ele>1875.172</ele>
</trkpt>
<trkpt lat="34.33324400" lon="-110.11240100">
<ele>1875.150</ele>
</trkpt>
<trkpt lat="34.33333700" lon="-110.11252600">
<ele>1872.934</ele>
</trkpt>
<trkpt lat="34.33339300" lon="-110.11267100">
<ele>1873.076</ele>
</trkpt>
<trkpt lat="34.33345500" lon="-110.11280900">
<ele>1873.087</ele>
</trkpt>
<trkpt lat="34.33351700" lon="-110.11295800">
<ele>1873.087</ele>
</trkpt>
<trkpt lat="34.33355900" lon="-110.11311300">
<ele>1873.501</ele>
</trkpt>
<trkpt lat="34.33358800" lon="-110.11327400">
<ele>1873.501</ele>
</trkpt>
<trkpt lat="34.33363500" lon="-110.11343400">
<ele>1873.501</ele>
</trkpt>
<trkpt lat="34.33374500" lon="-110.11351500">
<ele>1872.253</ele>
</trkpt>
<trkpt lat="34.33386600" lon="-110.11359100">
<ele>1872.624</ele>
</trkpt>
<trkpt lat="34.33392100" lon="-110.11362800">
<ele>1872.624</ele>
</trkpt>
<trkpt lat="34.33404400" lon="-110.11367900">
<ele>1872.855</ele>
</trkpt>
<trkpt lat="34.33417700" lon="-110.11370800">
<ele>1873.101</ele>
</trkpt>
<trkpt lat="34.33431500" lon="-110.11370400">
<ele>1873.328</ele>
</trkpt>
<trkpt lat="34.33444900" lon="-110.11367900">
<ele>1873.340</ele>
</trkpt>
<trkpt lat="34.33454000" lon="-110.11379200">
<ele>1873.476</ele>
</trkpt>
<trkpt lat="34.33456000" lon="-110.11395700">
<ele>1873.497</ele>
</trkpt>
<trkpt lat="34.33459800" lon="-110.11411000">
<ele>1873.497</ele>
</trkpt>
<trkpt lat="34.33466000" lon="-110.11424700">
<ele>1873.341</ele>
</trkpt>
<trkpt lat="34.33474200" lon="-110.11437800">
<ele>1873.341</ele>
</trkpt>
<trkpt lat="34.33487000" lon="-110.11444900">
<ele>1872.223</ele>
</trkpt>
<trkpt lat="34.33499200" lon="-110.11452100">
<ele>1871.414</ele>
</trkpt>
<trkpt lat="34.33512300" lon="-110.11456100">
<ele>1871.214</ele>
</trkpt>
<trkpt lat="34.33525300" lon="-110.11456600">
<ele>1870.035</ele>
</trkpt>
<trkpt lat="34.33537600" lon="-110.11448500">
<ele>1866.842</ele>
</trkpt>
<trkpt lat="34.33550900" lon="-110.11451200">
<ele>1868.355</ele>
</trkpt>
<trkpt lat="34.33563600" lon="-110.11460000">
<ele>1868.024</ele>
</trkpt>
<trkpt lat="34.33566300" lon="-110.11476400">
<ele>1868.669</ele>
</trkpt>
<trkpt lat="34.33569200" lon="-110.11491900">
<ele>1868.669</ele>
</trkpt>
<trkpt lat="34.33580000" lon="-110.11501500">
<ele>1869.209</ele>
</trkpt>
<trkpt lat="34.33588200" lon="-110.11513000">
<ele>1868.944</ele>
</trkpt>
<trkpt lat="34.33581700" lon="-110.11526500">
<ele>1869.209</ele>
</trkpt>
<trkpt lat="34.33575100" lon="-110.11540300">
<ele>1869.209</ele>
</trkpt>
<trkpt lat="34.33580500" lon="-110.11555300">
<ele>1862.306</ele>
</trkpt>
<trkpt lat="34.33592900" lon="-110.11559500">
<ele>1862.595</ele>
</trkpt>
<trkpt lat="34.33607000" lon="-110.11559800">
<ele>1863.053</ele>
</trkpt>
<trkpt lat="34.33619500" lon="-110.11565900">
<ele>1862.881</ele>
</trkpt>
<trkpt lat="34.33631900" lon="-110.11568100">
<ele>1862.547</ele>
</trkpt>
<trkpt lat="34.33644900" lon="-110.11569000">
<ele>1862.112</ele>
</trkpt>
<trkpt lat="34.33658800" lon="-110.11570700">
<ele>1860.421</ele>
</trkpt>
<trkpt lat="34.33671700" lon="-110.11574000">
<ele>1859.436</ele>
</trkpt>
<trkpt lat="34.33672800" lon="-110.11589600">
<ele>1859.436</ele>
</trkpt>
<trkpt lat="34.33670000" lon="-110.11606000">
<ele>1859.436</ele>
</trkpt>
<trkpt lat="34.33672700" lon="-110.11621600">
<ele>1859.436</ele>
</trkpt>
<trkpt lat="34.33672700" lon="-110.11629700">
<ele>1859.436</ele>
</trkpt>
<trkpt lat="34.33669400" lon="-110.11636800">
<ele>1859.436</ele>
</trkpt>
<trkpt lat="34.33662900" lon="-110.11638300">
<ele>1860.421</ele>
</trkpt>
<trkpt lat="34.33650400" lon="-110.11634400">
<ele>1861.236</ele>
</trkpt>
<trkpt lat="34.33636700" lon="-110.11630400">
<ele>1862.112</ele>
</trkpt>
<trkpt lat="34.33624200" lon="-110.11625500">
<ele>1862.881</ele>
</trkpt>
<trkpt lat="34.33610500" lon="-110.11622300">
<ele>1863.053</ele>
</trkpt>
<trkpt lat="34.33597500" lon="-110.11618700">
<ele>1863.033</ele>
</trkpt>
<trkpt lat="34.33584300" lon="-110.11613500">
<ele>1862.306</ele>
</trkpt>
<trkpt lat="34.33571200" lon="-110.11606900">
<ele>1863.229</ele>
</trkpt>
<trkpt lat="34.33565400" lon="-110.11603500">
<ele>1863.229</ele>
</trkpt>
<trkpt lat="34.33559800" lon="-110.11599800">
<ele>1864.012</ele>
</trkpt>
<trkpt lat="34.33547400" lon="-110.11595300">
<ele>1865.226</ele>
</trkpt>
<trkpt lat="34.33534200" lon="-110.11591500">
<ele>1867.211</ele>
</trkpt>
<trkpt lat="34.33521300" lon="-110.11585200">
<ele>1868.004</ele>
</trkpt>
<trkpt lat="34.33514900" lon="-110.11582200">
<ele>1868.836</ele>
</trkpt>
<trkpt lat="34.33508500" lon="-110.11579900">
<ele>1868.836</ele>
</trkpt>
<trkpt lat="34.33501900" lon="-110.11578400">
<ele>1869.587</ele>
</trkpt>
<trkpt lat="34.33488400" lon="-110.11579000">
<ele>1871.019</ele>
</trkpt>
<trkpt lat="34.33475000" lon="-110.11577800">
<ele>1874.857</ele>
</trkpt>
<trkpt lat="34.33460700" lon="-110.11577500">
<ele>1876.418</ele>
</trkpt>
<trkpt lat="34.33446300" lon="-110.11577200">
<ele>1877.113</ele>
</trkpt>
<trkpt lat="34.33431600" lon="-110.11577300">
<ele>1877.639</ele>
</trkpt>
<trkpt lat="34.33417300" lon="-110.11577300">
<ele>1877.903</ele>
</trkpt>
<trkpt lat="34.33404400" lon="-110.11576800">
<ele>1878.086</ele>
</trkpt>
<trkpt lat="34.33391500" lon="-110.11575800">
<ele>1878.254</ele>
</trkpt>
<trkpt lat="34.33377100" lon="-110.11573900">
<ele>1878.291</ele>
</trkpt>
<trkpt lat="34.33364400" lon="-110.11576400">
<ele>1878.492</ele>
</trkpt>
<trkpt lat="34.33350800" lon="-110.11578100">
<ele>1878.585</ele>
</trkpt>
<trkpt lat="34.33337700" lon="-110.11577400">
<ele>1878.727</ele>
</trkpt>
<trkpt lat="34.33323800" lon="-110.11575300">
<ele>1878.942</ele>
</trkpt>
<trkpt lat="34.33316600" lon="-110.11575700">
<ele>1878.942</ele>
</trkpt>
<trkpt lat="34.33303400" lon="-110.11574100">
<ele>1878.888</ele>
</trkpt>
<trkpt lat="34.33289900" lon="-110.11573600">
<ele>1878.682</ele>
</trkpt>
<trkpt lat="34.33281400" lon="-110.11585300">
<ele>1878.547</ele>
</trkpt>
<trkpt lat="34.33279000" lon="-110.11593300">
<ele>1878.547</ele>
</trkpt>
<trkpt lat="34.33276700" lon="-110.11600700">
<ele>1878.547</ele>
</trkpt>
<trkpt lat="34.33274700" lon="-110.11608000">
<ele>1878.282</ele>
</trkpt>
<trkpt lat="34.33271700" lon="-110.11615200">
<ele>1878.282</ele>
</trkpt>
<trkpt lat="34.33264800" lon="-110.11624800">
<ele>1878.067</ele>
</trkpt>
<trkpt lat="34.33249100" lon="-110.11639200">
<ele>1877.895</ele>
</trkpt>
<trkpt lat="34.33231500" lon="-110.11653900">
<ele>1875.553</ele>
</trkpt>
<trkpt lat="34.33219500" lon="-110.11662000">
<ele>1875.909</ele>
</trkpt>
<trkpt lat="34.33214000" lon="-110.11666800">
<ele>1876.224</ele>
</trkpt>
<trkpt lat="34.33208600" lon="-110.11670700">
<ele>1876.224</ele>
</trkpt>
<trkpt lat="34.33195300" lon="-110.11667100">
<ele>1876.396</ele>
</trkpt>
<trkpt lat="34.33186100" lon="-110.11655700">
<ele>1876.477</ele>
</trkpt>
<trkpt lat="34.33184700" lon="-110.11653500">
<ele>1876.670</ele>
</trkpt>
<trkpt lat="34.33178500" lon="-110.11651300">
<ele>1876.670</ele>
</trkpt>
<trkpt lat="34.33173400" lon="-110.11655800">
<ele>1876.752</ele>
</trkpt>
<trkpt lat="34.33171000" lon="-110.11663000">
<ele>1876.752</ele>
</trkpt>
<trkpt lat="34.33168100" lon="-110.11669900">
<ele>1876.752</ele>
</trkpt>
<trkpt lat="34.33157000" lon="-110.11678600">
<ele>1876.337</ele>
</trkpt>
<trkpt lat="34.33144600" lon="-110.11684600">
<ele>1876.152</ele>
</trkpt>
<trkpt lat="34.33131600" lon="-110.11689200">
<ele>1876.086</ele>
</trkpt>
<trkpt lat="34.33118700" lon="-110.11690800">
<ele>1875.964</ele>
</trkpt>
<trkpt lat="34.33116900" lon="-110.11691100">
<ele>1875.964</ele>
</trkpt>
<trkpt lat="34.33114000" lon="-110.11698000">
<ele>1875.934</ele>
</trkpt>
<trkpt lat="34.33109600" lon="-110.11703600">
<ele>1875.934</ele>
</trkpt>
<trkpt lat="34.33103200" lon="-110.11705100">
<ele>1875.905</ele>
</trkpt>
<trkpt lat="34.33099800" lon="-110.11705600">
<ele>1875.905</ele>
</trkpt>
<trkpt lat="34.33097200" lon="-110.11720200">
<ele>1875.905</ele>
</trkpt>
<trkpt lat="34.33104900" lon="-110.11733300">
<ele>1875.905</ele>
</trkpt>
<trkpt lat="34.33109500" lon="-110.11748000">
<ele>1875.934</ele>
</trkpt>
<trkpt lat="34.33111800" lon="-110.11764300">
<ele>1873.991</ele>
</trkpt>
<trkpt lat="34.33111400" lon="-110.11780700">
<ele>1873.991</ele>
</trkpt>
<trkpt lat="34.33111300" lon="-110.11797300">
<ele>1873.991</ele>
</trkpt>
<trkpt lat="34.33110300" lon="-110.11812800">
<ele>1873.991</ele>
</trkpt>
<trkpt lat="34.33102200" lon="-110.11825500">
<ele>1874.409</ele>
</trkpt>
<trkpt lat="34.33090500" lon="-110.11833400">
<ele>1874.551</ele>
</trkpt>
<trkpt lat="34.33079600" lon="-110.11841900">
<ele>1874.725</ele>
</trkpt>
<trkpt lat="34.33067500" lon="-110.11838700">
<ele>1874.833</ele>
</trkpt>
<trkpt lat="34.33056800" lon="-110.11827400">
<ele>1874.781</ele>
</trkpt>
<trkpt lat="34.33045000" lon="-110.11818000">
<ele>1874.408</ele>
</trkpt>
<trkpt lat="34.33039900" lon="-110.11812800">
<ele>1874.408</ele>
</trkpt>
<trkpt lat="34.33039000" lon="-110.11804700">
<ele>1874.408</ele>
</trkpt>
<trkpt lat="34.33041300" lon="-110.11789400">
<ele>1874.408</ele>
</trkpt>
<trkpt lat="34.33039300" lon="-110.11781700">
<ele>1874.408</ele>
</trkpt>
<trkpt lat="34.33028800" lon="-110.11773400">
<ele>1874.188</ele>
</trkpt>
<trkpt lat="34.33024800" lon="-110.11767500">
<ele>1873.861</ele>
</trkpt>
<trkpt lat="34.33024700" lon="-110.11759900">
<ele>1873.861</ele>
</trkpt>
<trkpt lat="34.33021600" lon="-110.11752800">
<ele>1873.861</ele>
</trkpt>
<trkpt lat="34.33009300" lon="-110.11756300">
<ele>1873.537</ele>
</trkpt>
<trkpt lat="34.32996500" lon="-110.11756900">
<ele>1873.096</ele>
</trkpt>
<trkpt lat="34.32984700" lon="-110.11748400">
<ele>1875.455</ele>
</trkpt>
<trkpt lat="34.32973900" lon="-110.11738100">
<ele>1874.979</ele>
</trkpt>
<trkpt lat="34.32963100" lon="-110.11727300">
<ele>1874.472</ele>
</trkpt>
<trkpt lat="34.32952000" lon="-110.11719100">
<ele>1873.867</ele>
</trkpt>
<trkpt lat="34.32945800" lon="-110.11717200">
<ele>1873.867</ele>
</trkpt>
<trkpt lat="34.32940500" lon="-110.11721400">
<ele>1873.405</ele>
</trkpt>
<trkpt lat="34.32934100" lon="-110.11723400">
<ele>1872.972</ele>
</trkpt>
<trkpt lat="34.32928600" lon="-110.11719300">
<ele>1872.972</ele>
</trkpt>
<trkpt lat="34.32922100" lon="-110.11716900">
<ele>1872.338</ele>
</trkpt>
<trkpt lat="34.32915500" lon="-110.11716000">
<ele>1872.338</ele>
</trkpt>
<trkpt lat="34.32908900" lon="-110.11717600">
<ele>1871.705</ele>
</trkpt>
<trkpt lat="34.32903400" lon="-110.11721800">
<ele>1871.087</ele>
</trkpt>
<trkpt lat="34.32893000" lon="-110.11731300">
<ele>1870.710</ele>
</trkpt>
<trkpt lat="34.32882100" lon="-110.11741800">
<ele>1870.400</ele>
</trkpt>
<trkpt lat="34.32876800" lon="-110.11746400">
<ele>1870.400</ele>
</trkpt>
<trkpt lat="34.32864000" lon="-110.11747700">
<ele>1870.511</ele>
</trkpt>
<trkpt lat="34.32850700" lon="-110.11745600">
<ele>1870.692</ele>
</trkpt>
<trkpt lat="34.32837600" lon="-110.11744800">
<ele>1870.854</ele>
</trkpt>
<trkpt lat="34.32825100" lon="-110.11741000">
<ele>1871.119</ele>
</trkpt>
<trkpt lat="34.32819500" lon="-110.11737200">
<ele>1871.360</ele>
</trkpt>
<trkpt lat="34.32813000" lon="-110.11737900">
<ele>1871.662</ele>
</trkpt>
<trkpt lat="34.32814500" lon="-110.11753600">
<ele>1870.016</ele>
</trkpt>
<trkpt lat="34.32821900" lon="-110.11768500">
<ele>1869.788</ele>
</trkpt>
<trkpt lat="34.32830400" lon="-110.11781900">
<ele>1869.633</ele>
</trkpt>
<trkpt lat="34.32839000" lon="-110.11795800">
<ele>1869.444</ele>
</trkpt>
<trkpt lat="34.32844700" lon="-110.11810500">
<ele>1869.444</ele>
</trkpt>
<trkpt lat="34.32848500" lon="-110.11825700">
<ele>1869.155</ele>
</trkpt>
<trkpt lat="34.32846700" lon="-110.11842200">
<ele>1869.155</ele>
</trkpt>
<trkpt lat="34.32843400" lon="-110.11857900">
<ele>1869.794</ele>
</trkpt>
<trkpt lat="34.32840700" lon="-110.11874000">
<ele>1869.794</ele>
</trkpt>
<trkpt lat="34.32840300" lon="-110.11881900">
<ele>1869.794</ele>
</trkpt>
<trkpt lat="34.32840300" lon="-110.11890000">
<ele>1869.794</ele>
</trkpt>
<trkpt lat="34.32841600" lon="-110.11905900">
<ele>1869.794</ele>
</trkpt>
<trkpt lat="34.32849000" lon="-110.11920100">
<ele>1869.547</ele>
</trkpt>
<trkpt lat="34.32855500" lon="-110.11934000">
<ele>1869.431</ele>
</trkpt>
<trkpt lat="34.32859000" lon="-110.11950800">
<ele>1865.780</ele>
</trkpt>
<trkpt lat="34.32860600" lon="-110.11966400">
<ele>1865.780</ele>
</trkpt>
<trkpt lat="34.32862300" lon="-110.11983800">
<ele>1865.780</ele>
</trkpt>
<trkpt lat="34.32863700" lon="-110.12001200">
<ele>1865.780</ele>
</trkpt>
<trkpt lat="34.32865000" lon="-110.12019100">
<ele>1865.373</ele>
</trkpt>
<trkpt lat="34.32864100" lon="-110.12043900">
<ele>1865.780</ele>
</trkpt>
<trkpt lat="34.32862500" lon="-110.12068600">
<ele>1866.317</ele>
</trkpt>
<trkpt lat="34.32860300" lon="-110.12084300">
<ele>1866.317</ele>
</trkpt>
<trkpt lat="34.32854300" lon="-110.12100000">
<ele>1866.711</ele>
</trkpt>
<trkpt lat="34.32843800" lon="-110.12121500">
<ele>1867.032</ele>
</trkpt>
<trkpt lat="34.32834000" lon="-110.12134100">
<ele>1867.262</ele>
</trkpt>
<trkpt lat="34.32815700" lon="-110.12147800">
<ele>1867.366</ele>
</trkpt>
<trkpt lat="34.32797200" lon="-110.12157700">
<ele>1868.494</ele>
</trkpt>
<trkpt lat="34.32785600" lon="-110.12165100">
<ele>1868.881</ele>
</trkpt>
<trkpt lat="34.32773000" lon="-110.12173600">
<ele>1869.329</ele>
</trkpt>
<trkpt lat="34.32760900" lon="-110.12179500">
<ele>1869.743</ele>
</trkpt>
<trkpt lat="34.32742300" lon="-110.12185400">
<ele>1870.396</ele>
</trkpt>
<trkpt lat="34.32728200" lon="-110.12186900">
<ele>1870.767</ele>
</trkpt>
<trkpt lat="34.32707800" lon="-110.12191600">
<ele>1871.678</ele>
</trkpt>
<trkpt lat="34.32687400" lon="-110.12201500">
<ele>1872.111</ele>
</trkpt>
<trkpt lat="34.32667200" lon="-110.12211500">
<ele>1872.240</ele>
</trkpt>
<trkpt lat="34.32647500" lon="-110.12220700">
<ele>1871.876</ele>
</trkpt>
<trkpt lat="34.32626600" lon="-110.12226800">
<ele>1871.747</ele>
</trkpt>
<trkpt lat="34.32607200" lon="-110.12234200">
<ele>1871.737</ele>
</trkpt>
<trkpt lat="34.32587900" lon="-110.12245400">
<ele>1872.060</ele>
</trkpt>
<trkpt lat="34.32567200" lon="-110.12254900">
<ele>1875.202</ele>
</trkpt>
<trkpt lat="34.32549200" lon="-110.12266400">
<ele>1875.975</ele>
</trkpt>
<trkpt lat="34.32530300" lon="-110.12278500">
<ele>1876.925</ele>
</trkpt>
<trkpt lat="34.32511400" lon="-110.12285700">
<ele>1877.732</ele>
</trkpt>
<trkpt lat="34.32492300" lon="-110.12293100">
<ele>1878.586</ele>
</trkpt>
<trkpt lat="34.32478800" lon="-110.12299100">
<ele>1878.799</ele>
</trkpt>
<trkpt lat="34.32466200" lon="-110.12305100">
<ele>1879.206</ele>
</trkpt>
<trkpt lat="34.32453300" lon="-110.12311100">
<ele>1879.578</ele>
</trkpt>
<trkpt lat="34.32440700" lon="-110.12317100">
<ele>1879.748</ele>
</trkpt>
<trkpt lat="34.32434400" lon="-110.12319700">
<ele>1879.754</ele>
</trkpt>
<trkpt lat="34.32421900" lon="-110.12325700">
<ele>1879.740</ele>
</trkpt>
<trkpt lat="34.32409500" lon="-110.12331200">
<ele>1879.868</ele>
</trkpt>
<trkpt lat="34.32396100" lon="-110.12337900">
<ele>1879.954</ele>
</trkpt>
<trkpt lat="34.32377400" lon="-110.12348500">
<ele>1879.765</ele>
</trkpt>
<trkpt lat="34.32364100" lon="-110.12355600">
<ele>1882.421</ele>
</trkpt>
<trkpt lat="34.32345200" lon="-110.12369500">
<ele>1882.667</ele>
</trkpt>
<trkpt lat="34.32329200" lon="-110.12386300">
<ele>1884.027</ele>
</trkpt>
<trkpt lat="34.32314000" lon="-110.12404600">
<ele>1884.360</ele>
</trkpt>
<trkpt lat="34.32298300" lon="-110.12424300">
<ele>1884.132</ele>
</trkpt>
<trkpt lat="34.32284400" lon="-110.12442000">
<ele>1883.758</ele>
</trkpt>
<trkpt lat="34.32269400" lon="-110.12458000">
<ele>1886.566</ele>
</trkpt>
<trkpt lat="34.32252400" lon="-110.12472300">
<ele>1888.133</ele>
</trkpt>
<trkpt lat="34.32240400" lon="-110.12482900">
<ele>1888.786</ele>
</trkpt>
<trkpt lat="34.32229200" lon="-110.12492900">
<ele>1889.403</ele>
</trkpt>
<trkpt lat="34.32216300" lon="-110.12501300">
<ele>1889.551</ele>
</trkpt>
<trkpt lat="34.32204400" lon="-110.12510200">
<ele>1890.808</ele>
</trkpt>
<trkpt lat="34.32194700" lon="-110.12521900">
<ele>1891.071</ele>
</trkpt>
<trkpt lat="34.32182300" lon="-110.12543400">
<ele>1891.277</ele>
</trkpt>
<trkpt lat="34.32168100" lon="-110.12565400">
<ele>1891.879</ele>
</trkpt>
<trkpt lat="34.32153700" lon="-110.12585100">
<ele>1893.538</ele>
</trkpt>
<trkpt lat="34.32143700" lon="-110.12596400">
<ele>1893.850</ele>
</trkpt>
<trkpt lat="34.32134000" lon="-110.12607200">
<ele>1894.770</ele>
</trkpt>
<trkpt lat="34.32124100" lon="-110.12619500">
<ele>1895.422</ele>
</trkpt>
<trkpt lat="34.32113700" lon="-110.12631000">
<ele>1896.058</ele>
</trkpt>
<trkpt lat="34.32103400" lon="-110.12642500">
<ele>1896.693</ele>
</trkpt>
<trkpt lat="34.32093600" lon="-110.12653000">
<ele>1897.419</ele>
</trkpt>
<trkpt lat="34.32083300" lon="-110.12663500">
<ele>1898.428</ele>
</trkpt>
<trkpt lat="34.32073100" lon="-110.12673600">
<ele>1899.630</ele>
</trkpt>
<trkpt lat="34.32063400" lon="-110.12684300">
<ele>1900.969</ele>
</trkpt>
<trkpt lat="34.32055200" lon="-110.12697000">
<ele>1900.969</ele>
</trkpt>
<trkpt lat="34.32047200" lon="-110.12710300">
<ele>1902.001</ele>
</trkpt>
<trkpt lat="34.32039300" lon="-110.12722900">
<ele>1903.149</ele>
</trkpt>
<trkpt lat="34.32031400" lon="-110.12735600">
<ele>1904.299</ele>
</trkpt>
<trkpt lat="34.32022200" lon="-110.12748700">
<ele>1905.416</ele>
</trkpt>
<trkpt lat="34.32012900" lon="-110.12761400">
<ele>1905.643</ele>
</trkpt>
<trkpt lat="34.32002100" lon="-110.12770900">
<ele>1906.875</ele>
</trkpt>
<trkpt lat="34.31990500" lon="-110.12779400">
<ele>1907.654</ele>
</trkpt>
<trkpt lat="34.31982100" lon="-110.12792400">
<ele>1908.557</ele>
</trkpt>
<trkpt lat="34.31977400" lon="-110.12809200">
<ele>1908.557</ele>
</trkpt>
<trkpt lat="34.31976100" lon="-110.12825100">
<ele>1908.557</ele>
</trkpt>
<trkpt lat="34.31969200" lon="-110.12837700">
<ele>1909.591</ele>
</trkpt>
<trkpt lat="34.31958000" lon="-110.12858000">
<ele>1908.651</ele>
</trkpt>
<trkpt lat="34.31951500" lon="-110.12873500">
<ele>1908.709</ele>
</trkpt>
<trkpt lat="34.31945300" lon="-110.12889600">
<ele>1908.709</ele>
</trkpt>
<trkpt lat="34.31939000" lon="-110.12903600">
<ele>1908.222</ele>
</trkpt>
<trkpt lat="34.31935300" lon="-110.12910100">
<ele>1908.222</ele>
</trkpt>
<trkpt lat="34.31931500" lon="-110.12916300">
<ele>1907.379</ele>
</trkpt>
<trkpt lat="34.31922500" lon="-110.12927800">
<ele>1906.285</ele>
</trkpt>
<trkpt lat="34.31911300" lon="-110.12938200">
<ele>1905.698</ele>
</trkpt>
<trkpt lat="34.31900800" lon="-110.12948000">
<ele>1905.229</ele>
</trkpt>
<trkpt lat="34.31889700" lon="-110.12956200">
<ele>1909.600</ele>
</trkpt>
<trkpt lat="34.31879200" lon="-110.12966100">
<ele>1909.273</ele>
</trkpt>
<trkpt lat="34.31868700" lon="-110.12977000">
<ele>1909.002</ele>
</trkpt>
<trkpt lat="34.31856700" lon="-110.12982100">
<ele>1908.578</ele>
</trkpt>
<trkpt lat="34.31843800" lon="-110.12988800">
<ele>1906.587</ele>
</trkpt>
<trkpt lat="34.31834500" lon="-110.12999200">
<ele>1906.115</ele>
</trkpt>
<trkpt lat="34.31827700" lon="-110.13012800">
<ele>1906.115</ele>
</trkpt>
<trkpt lat="34.31818300" lon="-110.13024700">
<ele>1906.970</ele>
</trkpt>
<trkpt lat="34.31813500" lon="-110.13039300">
<ele>1906.942</ele>
</trkpt>
<trkpt lat="34.31810200" lon="-110.13054800">
<ele>1905.045</ele>
</trkpt>
<trkpt lat="34.31799800" lon="-110.13065100">
<ele>1904.255</ele>
</trkpt>
<trkpt lat="34.31787000" lon="-110.13067600">
<ele>1904.453</ele>
</trkpt>
<trkpt lat="34.31767300" lon="-110.13070700">
<ele>1905.313</ele>
</trkpt>
<trkpt lat="34.31754100" lon="-110.13075500">
<ele>1903.213</ele>
</trkpt>
<trkpt lat="34.31741000" lon="-110.13080000">
<ele>1901.529</ele>
</trkpt>
<trkpt lat="34.31730300" lon="-110.13088800">
<ele>1898.720</ele>
</trkpt>
<trkpt lat="34.31716500" lon="-110.13107300">
<ele>1896.388</ele>
</trkpt>
<trkpt lat="34.31701700" lon="-110.13123900">
<ele>1894.338</ele>
</trkpt>
<trkpt lat="34.31684800" lon="-110.13135600">
<ele>1892.623</ele>
</trkpt>
<trkpt lat="34.31672100" lon="-110.13141600">
<ele>1893.266</ele>
</trkpt>
<trkpt lat="34.31658400" lon="-110.13148900">
<ele>1891.877</ele>
</trkpt>
<trkpt lat="34.31646200" lon="-110.13158300">
<ele>1890.869</ele>
</trkpt>
<trkpt lat="34.31638200" lon="-110.13171200">
<ele>1891.322</ele>
</trkpt>
<trkpt lat="34.31635300" lon="-110.13186800">
<ele>1891.322</ele>
</trkpt>
<trkpt lat="34.31631900" lon="-110.13202300">
<ele>1891.865</ele>
</trkpt>
<trkpt lat="34.31624500" lon="-110.13216600">
<ele>1892.487</ele>
</trkpt>
<trkpt lat="34.31607700" lon="-110.13230700">
<ele>1892.021</ele>
</trkpt>
<trkpt lat="34.31587300" lon="-110.13237100">
<ele>1891.003</ele>
</trkpt>
<trkpt lat="34.31573400" lon="-110.13237400">
<ele>1889.882</ele>
</trkpt>
<trkpt lat="34.31559500" lon="-110.13237400">
<ele>1889.878</ele>
</trkpt>
<trkpt lat="34.31553000" lon="-110.13238800">
<ele>1890.183</ele>
</trkpt>
<trkpt lat="34.31539800" lon="-110.13244300">
<ele>1890.376</ele>
</trkpt>
<trkpt lat="34.31522000" lon="-110.13258000">
<ele>1897.123</ele>
</trkpt>
<trkpt lat="34.31506700" lon="-110.13273600">
<ele>1895.221</ele>
</trkpt>
<trkpt lat="34.31492900" lon="-110.13291100">
<ele>1893.154</ele>
</trkpt>
<trkpt lat="34.31485300" lon="-110.13305600">
<ele>1893.154</ele>
</trkpt>
<trkpt lat="34.31485200" lon="-110.13323200">
<ele>1893.154</ele>
</trkpt>
<trkpt lat="34.31488600" lon="-110.13340400">
<ele>1893.154</ele>
</trkpt>
<trkpt lat="34.31495800" lon="-110.13353900">
<ele>1897.645</ele>
</trkpt>
<trkpt lat="34.31497500" lon="-110.13378000">
<ele>1897.645</ele>
</trkpt>
<trkpt lat="34.31490600" lon="-110.13403300">
<ele>1896.880</ele>
</trkpt>
<trkpt lat="34.31490300" lon="-110.13421200">
<ele>1896.880</ele>
</trkpt>
<trkpt lat="34.31491600" lon="-110.13439300">
<ele>1896.880</ele>
</trkpt>
<trkpt lat="34.31492900" lon="-110.13457300">
<ele>1899.843</ele>
</trkpt>
<trkpt lat="34.31494100" lon="-110.13474200">
<ele>1899.843</ele>
</trkpt>
<trkpt lat="34.31494900" lon="-110.13491200">
<ele>1899.843</ele>
</trkpt>
<trkpt lat="34.31495200" lon="-110.13507500">
<ele>1900.111</ele>
</trkpt>
<trkpt lat="34.31495500" lon="-110.13523800">
<ele>1900.111</ele>
</trkpt>
<trkpt lat="34.31495200" lon="-110.13540900">
<ele>1900.111</ele>
</trkpt>
<trkpt lat="34.31494500" lon="-110.13556400">
<ele>1903.034</ele>
</trkpt>
<trkpt lat="34.31492500" lon="-110.13572700">
<ele>1903.034</ele>
</trkpt>
<trkpt lat="34.31484900" lon="-110.13587600">
<ele>1902.780</ele>
</trkpt>
<trkpt lat="34.31476400" lon="-110.13600500">
<ele>1902.780</ele>
</trkpt>
<trkpt lat="34.31467000" lon="-110.13612600">
<ele>1902.603</ele>
</trkpt>
<trkpt lat="34.31460900" lon="-110.13627300">
<ele>1902.535</ele>
</trkpt>
<trkpt lat="34.31458900" lon="-110.13642700">
<ele>1902.535</ele>
</trkpt>
<trkpt lat="34.31455900" lon="-110.13658500">
<ele>1905.157</ele>
</trkpt>
<trkpt lat="34.31451800" lon="-110.13673900">
<ele>1904.844</ele>
</trkpt>
<trkpt lat="34.31448900" lon="-110.13690100">
<ele>1904.844</ele>
</trkpt>
<trkpt lat="34.31449000" lon="-110.13706500">
<ele>1904.844</ele>
</trkpt>
<trkpt lat="34.31449300" lon="-110.13723000">
<ele>1904.844</ele>
</trkpt>
<trkpt lat="34.31443000" lon="-110.13737300">
<ele>1904.702</ele>
</trkpt>
<trkpt lat="34.31442400" lon="-110.13754200">
<ele>1907.904</ele>
</trkpt>
<trkpt lat="34.31444000" lon="-110.13770000">
<ele>1907.904</ele>
</trkpt>
<trkpt lat="34.31442300" lon="-110.13786600">
<ele>1907.904</ele>
</trkpt>
<trkpt lat="34.31439800" lon="-110.13803500">
<ele>1907.904</ele>
</trkpt>
<trkpt lat="34.31437900" lon="-110.13820700">
<ele>1907.904</ele>
</trkpt>
<trkpt lat="34.31430300" lon="-110.13834600">
<ele>1907.797</ele>
</trkpt>
<trkpt lat="34.31418900" lon="-110.13845000">
<ele>1907.600</ele>
</trkpt>
<trkpt lat="34.31407900" lon="-110.13853900">
<ele>1911.939</ele>
</trkpt>
<trkpt lat="34.31397800" lon="-110.13867800">
<ele>1911.791</ele>
</trkpt>
<trkpt lat="34.31392600" lon="-110.13884100">
<ele>1911.582</ele>
</trkpt>
<trkpt lat="34.31384900" lon="-110.13896600">
<ele>1911.092</ele>
</trkpt>
<trkpt lat="34.31374600" lon="-110.13906700">
<ele>1910.865</ele>
</trkpt>
<trkpt lat="34.31357300" lon="-110.13918800">
<ele>1910.677</ele>
</trkpt>
<trkpt lat="34.31344800" lon="-110.13927900">
<ele>1910.748</ele>
</trkpt>
<trkpt lat="34.31334900" lon="-110.13938900">
<ele>1910.807</ele>
</trkpt>
<trkpt lat="34.31322600" lon="-110.13945000">
<ele>1911.099</ele>
</trkpt>
<trkpt lat="34.31308400" lon="-110.13944700">
<ele>1911.281</ele>
</trkpt>
<trkpt lat="34.31294800" lon="-110.13947900">
<ele>1911.816</ele>
</trkpt>
<trkpt lat="34.31281300" lon="-110.13949300">
<ele>1911.839</ele>
</trkpt>
<trkpt lat="34.31268100" lon="-110.13942500">
<ele>1911.939</ele>
</trkpt>
<trkpt lat="34.31253800" lon="-110.13941900">
<ele>1912.445</ele>
</trkpt>
<trkpt lat="34.31241100" lon="-110.13960400">
<ele>1915.599</ele>
</trkpt>
<trkpt lat="34.31229500" lon="-110.13981700">
<ele>1915.750</ele>
</trkpt>
<trkpt lat="34.31223000" lon="-110.13997600">
<ele>1915.620</ele>
</trkpt>
<trkpt lat="34.31217100" lon="-110.14021400">
<ele>1915.620</ele>
</trkpt>
<trkpt lat="34.31210500" lon="-110.14035900">
<ele>1916.254</ele>
</trkpt>
<trkpt lat="34.31200500" lon="-110.14046900">
<ele>1916.611</ele>
</trkpt>
<trkpt lat="34.31188500" lon="-110.14055600">
<ele>1917.755</ele>
</trkpt>
<trkpt lat="34.31175500" lon="-110.14061400">
<ele>1918.332</ele>
</trkpt>
<trkpt lat="34.31161800" lon="-110.14065300">
<ele>1919.766</ele>
</trkpt>
<trkpt lat="34.31142800" lon="-110.14071600">
<ele>1921.058</ele>
</trkpt>
<trkpt lat="34.31130100" lon="-110.14077600">
<ele>1921.730</ele>
</trkpt>
<trkpt lat="34.31120500" lon="-110.14088300">
<ele>1922.320</ele>
</trkpt>
<trkpt lat="34.31116300" lon="-110.14103800">
<ele>1922.320</ele>
</trkpt>
<trkpt lat="34.31112600" lon="-110.14118800">
<ele>1922.942</ele>
</trkpt>
<trkpt lat="34.31107300" lon="-110.14134100">
<ele>1922.942</ele>
</trkpt>
<trkpt lat="34.31101600" lon="-110.14149000">
<ele>1923.662</ele>
</trkpt>
<trkpt lat="34.31092300" lon="-110.14160600">
<ele>1921.322</ele>
</trkpt>
<trkpt lat="34.31080600" lon="-110.14168300">
<ele>1921.972</ele>
</trkpt>
<trkpt lat="34.31074900" lon="-110.14172800">
<ele>1922.611</ele>
</trkpt>
<trkpt lat="34.31070000" lon="-110.14178200">
<ele>1922.611</ele>
</trkpt>
<trkpt lat="34.31064000" lon="-110.14193000">
<ele>1923.170</ele>
</trkpt>
<trkpt lat="34.31062100" lon="-110.14209800">
<ele>1923.170</ele>
</trkpt>
<trkpt lat="34.31063400" lon="-110.14227400">
<ele>1923.170</ele>
</trkpt>
<trkpt lat="34.31064300" lon="-110.14244700">
<ele>1923.170</ele>
</trkpt>
<trkpt lat="34.31060700" lon="-110.14259900">
<ele>1923.184</ele>
</trkpt>
<trkpt lat="34.31058300" lon="-110.14267100">
<ele>1923.184</ele>
</trkpt>
<trkpt lat="34.31052800" lon="-110.14281800">
<ele>1923.771</ele>
</trkpt>
<trkpt lat="34.31046200" lon="-110.14295800">
<ele>1923.771</ele>
</trkpt>
<trkpt lat="34.31032500" lon="-110.14313200">
<ele>1924.716</ele>
</trkpt>
<trkpt lat="34.31021100" lon="-110.14321000">
<ele>1925.223</ele>
</trkpt>
<trkpt lat="34.31008100" lon="-110.14326800">
<ele>1925.722</ele>
</trkpt>
<trkpt lat="34.30997300" lon="-110.14335900">
<ele>1926.174</ele>
</trkpt>
<trkpt lat="34.30988300" lon="-110.14346500">
<ele>1926.627</ele>
</trkpt>
<trkpt lat="34.30976000" lon="-110.14352100">
<ele>1927.901</ele>
</trkpt>
<trkpt lat="34.30962600" lon="-110.14355100">
<ele>1928.970</ele>
</trkpt>
<trkpt lat="34.30951200" lon="-110.14364200">
<ele>1929.430</ele>
</trkpt>
<trkpt lat="34.30939800" lon="-110.14374000">
<ele>1929.953</ele>
</trkpt>
<trkpt lat="34.30926500" lon="-110.14370700">
<ele>1930.401</ele>
</trkpt>
<trkpt lat="34.30917500" lon="-110.14359100">
<ele>1930.717</ele>
</trkpt>
<trkpt lat="34.30905400" lon="-110.14351600">
<ele>1930.861</ele>
</trkpt>
<trkpt lat="34.30893100" lon="-110.14356800">
<ele>1931.091</ele>
</trkpt>
<trkpt lat="34.30887500" lon="-110.14371600">
<ele>1931.091</ele>
</trkpt>
<trkpt lat="34.30883700" lon="-110.14387500">
<ele>1931.174</ele>
</trkpt>
<trkpt lat="34.30879700" lon="-110.14393600">
<ele>1931.174</ele>
</trkpt>
<trkpt lat="34.30869700" lon="-110.14403000">
<ele>1930.964</ele>
</trkpt>
<trkpt lat="34.30857100" lon="-110.14407100">
<ele>1930.871</ele>
</trkpt>
<trkpt lat="34.30844900" lon="-110.14412900">
<ele>1930.518</ele>
</trkpt>
<trkpt lat="34.30837500" lon="-110.14425500">
<ele>1930.518</ele>
</trkpt>
<trkpt lat="34.30829500" lon="-110.14439200">
<ele>1930.129</ele>
</trkpt>
<trkpt lat="34.30820900" lon="-110.14451800">
<ele>1930.493</ele>
</trkpt>
<trkpt lat="34.30811000" lon="-110.14462000">
<ele>1930.167</ele>
</trkpt>
<trkpt lat="34.30804300" lon="-110.14475400">
<ele>1930.167</ele>
</trkpt>
<trkpt lat="34.30794500" lon="-110.14486500">
<ele>1930.171</ele>
</trkpt>
<trkpt lat="34.30783000" lon="-110.14494400">
<ele>1930.183</ele>
</trkpt>
<trkpt lat="34.30770200" lon="-110.14498800">
<ele>1930.163</ele>
</trkpt>
<trkpt lat="34.30757100" lon="-110.14500500">
<ele>1930.026</ele>
</trkpt>
<trkpt lat="34.30744400" lon="-110.14505200">
<ele>1929.656</ele>
</trkpt>
<trkpt lat="34.30731800" lon="-110.14511700">
<ele>1929.658</ele>
</trkpt>
<trkpt lat="34.30720200" lon="-110.14518700">
<ele>1929.625</ele>
</trkpt>
<trkpt lat="34.30708100" lon="-110.14526000">
<ele>1929.853</ele>
</trkpt>
<trkpt lat="34.30697100" lon="-110.14534300">
<ele>1930.017</ele>
</trkpt>
<trkpt lat="34.30686800" lon="-110.14545800">
<ele>1930.284</ele>
</trkpt>
<trkpt lat="34.30675900" lon="-110.14556000">
<ele>1935.939</ele>
</trkpt>
<trkpt lat="34.30664600" lon="-110.14565200">
<ele>1936.664</ele>
</trkpt>
<trkpt lat="34.30652900" lon="-110.14575900">
<ele>1936.943</ele>
</trkpt>
<trkpt lat="34.30641000" lon="-110.14585400">
<ele>1937.031</ele>
</trkpt>
<trkpt lat="34.30628200" lon="-110.14593500">
<ele>1937.049</ele>
</trkpt>
<trkpt lat="34.30624300" lon="-110.14599700">
<ele>1936.670</ele>
</trkpt>
<trkpt lat="34.30625100" lon="-110.14607400">
<ele>1937.049</ele>
</trkpt>
<trkpt lat="34.30633500" lon="-110.14620100">
<ele>1937.049</ele>
</trkpt>
<trkpt lat="34.30641700" lon="-110.14632600">
<ele>1937.031</ele>
</trkpt>
<trkpt lat="34.30649000" lon="-110.14646600">
<ele>1936.943</ele>
</trkpt>
<trkpt lat="34.30654300" lon="-110.14661800">
<ele>1937.308</ele>
</trkpt>
<trkpt lat="34.30661500" lon="-110.14676000">
<ele>1938.546</ele>
</trkpt>
<trkpt lat="34.30670800" lon="-110.14688800">
<ele>1939.329</ele>
</trkpt>
<trkpt lat="34.30680200" lon="-110.14701000">
<ele>1939.828</ele>
</trkpt>
<trkpt lat="34.30689500" lon="-110.14713000">
<ele>1939.940</ele>
</trkpt>
<trkpt lat="34.30698500" lon="-110.14724300">
<ele>1939.756</ele>
</trkpt>
<trkpt lat="34.30708100" lon="-110.14736100">
<ele>1939.757</ele>
</trkpt>
<trkpt lat="34.30717900" lon="-110.14747700">
<ele>1939.896</ele>
</trkpt>
<trkpt lat="34.30726700" lon="-110.14760300">
<ele>1942.962</ele>
</trkpt>
<trkpt lat="34.30735200" lon="-110.14773400">
<ele>1943.598</ele>
</trkpt>
<trkpt lat="34.30741700" lon="-110.14787900">
<ele>1943.598</ele>
</trkpt>
<trkpt lat="34.30745800" lon="-110.14803100">
<ele>1944.082</ele>
</trkpt>
<trkpt lat="34.30749700" lon="-110.14819500">
<ele>1944.082</ele>
</trkpt>
<trkpt lat="34.30753100" lon="-110.14835800">
<ele>1944.082</ele>
</trkpt>
<trkpt lat="34.30755600" lon="-110.14851300">
<ele>1945.865</ele>
</trkpt>
<trkpt lat="34.30757200" lon="-110.14867600">
<ele>1945.865</ele>
</trkpt>
<trkpt lat="34.30758000" lon="-110.14883600">
<ele>1945.865</ele>
</trkpt>
<trkpt lat="34.30758400" lon="-110.14900900">
<ele>1945.865</ele>
</trkpt>
<trkpt lat="34.30758100" lon="-110.14916800">
<ele>1945.865</ele>
</trkpt>
<trkpt lat="34.30756800" lon="-110.14933400">
<ele>1945.865</ele>
</trkpt>
<trkpt lat="34.30753900" lon="-110.14948900">
<ele>1945.251</ele>
</trkpt>
<trkpt lat="34.30750500" lon="-110.14964100">
<ele>1951.747</ele>
</trkpt>
<trkpt lat="34.30746500" lon="-110.14979500">
<ele>1951.747</ele>
</trkpt>
<trkpt lat="34.30741700" lon="-110.14994900">
<ele>1951.242</ele>
</trkpt>
<trkpt lat="34.30737200" lon="-110.15009400">
<ele>1951.242</ele>
</trkpt>
<trkpt lat="34.30732300" lon="-110.15025300">
<ele>1951.034</ele>
</trkpt>
<trkpt lat="34.30727700" lon="-110.15041300">
<ele>1951.034</ele>
</trkpt>
<trkpt lat="34.30723300" lon="-110.15056400">
<ele>1952.156</ele>
</trkpt>
<trkpt lat="34.30717200" lon="-110.15071500">
<ele>1952.156</ele>
</trkpt>
<trkpt lat="34.30710500" lon="-110.15085900">
<ele>1952.052</ele>
</trkpt>
<trkpt lat="34.30707400" lon="-110.15093200">
<ele>1952.052</ele>
</trkpt>
<trkpt lat="34.30704200" lon="-110.15100000">
<ele>1951.645</ele>
</trkpt>
<trkpt lat="34.30698000" lon="-110.15114000">
<ele>1951.645</ele>
</trkpt>
<trkpt lat="34.30696200" lon="-110.15118500">
<ele>1951.645</ele>
</trkpt>
<trkpt lat="34.30693400" lon="-110.15125700">
<ele>1950.933</ele>
</trkpt>
<trkpt lat="34.30690700" lon="-110.15132700">
<ele>1950.933</ele>
</trkpt>
<trkpt lat="34.30687900" lon="-110.15139900">
<ele>1950.933</ele>
</trkpt>
<trkpt lat="34.30685200" lon="-110.15146900">
<ele>1950.933</ele>
</trkpt>
<trkpt lat="34.30682800" lon="-110.15154500">
<ele>1949.724</ele>
</trkpt>
<trkpt lat="34.30680300" lon="-110.15161900">
<ele>1949.724</ele>
</trkpt>
<trkpt lat="34.30674500" lon="-110.15176400">
<ele>1950.352</ele>
</trkpt>
<trkpt lat="34.30668600" lon="-110.15190700">
<ele>1950.352</ele>
</trkpt>
<trkpt lat="34.30662600" lon="-110.15205400">
<ele>1950.762</ele>
</trkpt>
<trkpt lat="34.30656800" lon="-110.15220200">
<ele>1950.762</ele>
</trkpt>
<trkpt lat="34.30650400" lon="-110.15234800">
<ele>1950.782</ele>
</trkpt>
<trkpt lat="34.30647100" lon="-110.15242100">
<ele>1950.782</ele>
</trkpt>
<trkpt lat="34.30643700" lon="-110.15248800">
<ele>1950.789</ele>
</trkpt>
<trkpt lat="34.30640700" lon="-110.15255500">
<ele>1959.348</ele>
</trkpt>
<trkpt lat="34.30635300" lon="-110.15270400">
<ele>1959.348</ele>
</trkpt>
<trkpt lat="34.30630600" lon="-110.15286200">
<ele>1959.602</ele>
</trkpt>
<trkpt lat="34.30626400" lon="-110.15302400">
<ele>1959.602</ele>
</trkpt>
<trkpt lat="34.30623000" lon="-110.15317400">
<ele>1959.646</ele>
</trkpt>
<trkpt lat="34.30619600" lon="-110.15334200">
<ele>1959.646</ele>
</trkpt>
<trkpt lat="34.30616800" lon="-110.15349500">
<ele>1959.646</ele>
</trkpt>
<trkpt lat="34.30614300" lon="-110.15365000">
<ele>1965.918</ele>
</trkpt>
<trkpt lat="34.30613700" lon="-110.15380500">
<ele>1965.918</ele>
</trkpt>
<trkpt lat="34.30613200" lon="-110.15395400">
<ele>1965.918</ele>
</trkpt>
<trkpt lat="34.30612400" lon="-110.15411400">
<ele>1965.918</ele>
</trkpt>
<trkpt lat="34.30612200" lon="-110.15428000">
<ele>1965.918</ele>
</trkpt>
<trkpt lat="34.30611100" lon="-110.15444800">
<ele>1965.918</ele>
</trkpt>
<trkpt lat="34.30611000" lon="-110.15461100">
<ele>1974.893</ele>
</trkpt>
<trkpt lat="34.30610200" lon="-110.15477300">
<ele>1974.893</ele>
</trkpt>
<trkpt lat="34.30609200" lon="-110.15493500">
<ele>1974.893</ele>
</trkpt>
<trkpt lat="34.30609900" lon="-110.15501600">
<ele>1974.893</ele>
</trkpt>
<trkpt lat="34.30610300" lon="-110.15509600">
<ele>1974.893</ele>
</trkpt>
<trkpt lat="34.30610600" lon="-110.15518000">
<ele>1974.893</ele>
</trkpt>
<trkpt lat="34.30612000" lon="-110.15525900">
<ele>1974.893</ele>
</trkpt>
<trkpt lat="34.30614100" lon="-110.15533800">
<ele>1974.893</ele>
</trkpt>
<trkpt lat="34.30621000" lon="-110.15547000">
<ele>1975.018</ele>
</trkpt>
<trkpt lat="34.30623500" lon="-110.15549100">
<ele>1975.018</ele>
</trkpt>
<trkpt lat="34.30635200" lon="-110.15555000">
<ele>1975.482</ele>
</trkpt>
<trkpt lat="34.30647500" lon="-110.15553200">
<ele>1976.428</ele>
</trkpt>
<trkpt lat="34.30660400" lon="-110.15548600">
<ele>1970.060</ele>
</trkpt>
<trkpt lat="34.30673300" lon="-110.15544000">
<ele>1968.938</ele>
</trkpt>
<trkpt lat="34.30685300" lon="-110.15534900">
<ele>1969.948</ele>
</trkpt>
<trkpt lat="34.30697500" lon="-110.15526500">
<ele>1970.534</ele>
</trkpt>
<trkpt lat="34.30710000" lon="-110.15519700">
<ele>1970.746</ele>
</trkpt>
<trkpt lat="34.30722800" lon="-110.15515300">
<ele>1970.634</ele>
</trkpt>
<trkpt lat="34.30735500" lon="-110.15512300">
<ele>1969.244</ele>
</trkpt>
<trkpt lat="34.30748600" lon="-110.15510600">
<ele>1968.964</ele>
</trkpt>
<trkpt lat="34.30761800" lon="-110.15509200">
<ele>1968.455</ele>
</trkpt>
<trkpt lat="34.30775900" lon="-110.15509600">
<ele>1966.887</ele>
</trkpt>
<trkpt lat="34.30788700" lon="-110.15510900">
<ele>1965.732</ele>
</trkpt>
<trkpt lat="34.30802300" lon="-110.15509600">
<ele>1964.813</ele>
</trkpt>
<trkpt lat="34.30815200" lon="-110.15508400">
<ele>1963.221</ele>
</trkpt>
<trkpt lat="34.30822000" lon="-110.15508200">
<ele>1963.221</ele>
</trkpt>
<trkpt lat="34.30828300" lon="-110.15507100">
<ele>1961.223</ele>
</trkpt>
<trkpt lat="34.30834500" lon="-110.15505100">
<ele>1961.223</ele>
</trkpt>
<trkpt lat="34.30846300" lon="-110.15498100">
<ele>1959.172</ele>
</trkpt>
<trkpt lat="34.30852500" lon="-110.15494800">
<ele>1959.172</ele>
</trkpt>
<trkpt lat="34.30858900" lon="-110.15492900">
<ele>1958.079</ele>
</trkpt>
<trkpt lat="34.30871600" lon="-110.15494300">
<ele>1957.920</ele>
</trkpt>
<trkpt lat="34.30883900" lon="-110.15501200">
<ele>1958.154</ele>
</trkpt>
<trkpt lat="34.30896300" lon="-110.15506500">
<ele>1958.211</ele>
</trkpt>
<trkpt lat="34.30909500" lon="-110.15504900">
<ele>1958.239</ele>
</trkpt>
<trkpt lat="34.30922200" lon="-110.15510900">
<ele>1958.190</ele>
</trkpt>
<trkpt lat="34.30934100" lon="-110.15519200">
<ele>1957.895</ele>
</trkpt>
<trkpt lat="34.30946900" lon="-110.15527700">
<ele>1958.128</ele>
</trkpt>
<trkpt lat="34.30956600" lon="-110.15540500">
<ele>1958.568</ele>
</trkpt>
<trkpt lat="34.30961900" lon="-110.15556100">
<ele>1953.664</ele>
</trkpt>
<trkpt lat="34.30964500" lon="-110.15572500">
<ele>1953.664</ele>
</trkpt>
<trkpt lat="34.30968000" lon="-110.15589400">
<ele>1953.924</ele>
</trkpt>
<trkpt lat="34.30975200" lon="-110.15604100">
<ele>1953.216</ele>
</trkpt>
<trkpt lat="34.30985100" lon="-110.15614500">
<ele>1951.787</ele>
</trkpt>
<trkpt lat="34.30995600" lon="-110.15624300">
<ele>1949.328</ele>
</trkpt>
<trkpt lat="34.31006600" lon="-110.15634700">
<ele>1947.014</ele>
</trkpt>
<trkpt lat="34.31017100" lon="-110.15644800">
<ele>1945.075</ele>
</trkpt>
<trkpt lat="34.31028500" lon="-110.15654600">
<ele>1938.947</ele>
</trkpt>
<trkpt lat="34.31039700" lon="-110.15662700">
<ele>1938.569</ele>
</trkpt>
<trkpt lat="34.31051100" lon="-110.15670100">
<ele>1937.908</ele>
</trkpt>
<trkpt lat="34.31062700" lon="-110.15677500">
<ele>1937.226</ele>
</trkpt>
<trkpt lat="34.31074000" lon="-110.15687000">
<ele>1936.741</ele>
</trkpt>
<trkpt lat="34.31079100" lon="-110.15691900">
<ele>1936.610</ele>
</trkpt>
<trkpt lat="34.31084100" lon="-110.15696800">
<ele>1936.610</ele>
</trkpt>
<trkpt lat="34.31094900" lon="-110.15704900">
<ele>1935.991</ele>
</trkpt>
<trkpt lat="34.31107200" lon="-110.15711800">
<ele>1936.054</ele>
</trkpt>
<trkpt lat="34.31118000" lon="-110.15720200">
<ele>1935.932</ele>
</trkpt>
<trkpt lat="34.31120400" lon="-110.15735900">
<ele>1935.932</ele>
</trkpt>
<trkpt lat="34.31121600" lon="-110.15752500">
<ele>1936.813</ele>
</trkpt>
<trkpt lat="34.31127100" lon="-110.15766800">
<ele>1935.567</ele>
</trkpt>
<trkpt lat="34.31137700" lon="-110.15777300">
<ele>1934.690</ele>
</trkpt>
<trkpt lat="34.31143800" lon="-110.15780500">
<ele>1934.690</ele>
</trkpt>
<trkpt lat="34.31150100" lon="-110.15783600">
<ele>1933.790</ele>
</trkpt>
<trkpt lat="34.31156300" lon="-110.15787000">
<ele>1932.763</ele>
</trkpt>
<trkpt lat="34.31161900" lon="-110.15791100">
<ele>1932.763</ele>
</trkpt>
<trkpt lat="34.31167500" lon="-110.15795500">
<ele>1931.693</ele>
</trkpt>
<trkpt lat="34.31173100" lon="-110.15799400">
<ele>1931.693</ele>
</trkpt>
<trkpt lat="34.31179300" lon="-110.15802800">
<ele>1930.931</ele>
</trkpt>
<trkpt lat="34.31180200" lon="-110.15803200">
<ele>1930.931</ele>
</trkpt>
<trkpt lat="34.31186600" lon="-110.15802700">
<ele>1930.124</ele>
</trkpt>
<trkpt lat="34.31192500" lon="-110.15799400">
<ele>1930.124</ele>
</trkpt>
<trkpt lat="34.31198200" lon="-110.15795000">
<ele>1929.733</ele>
</trkpt>
<trkpt lat="34.31202700" lon="-110.15791100">
<ele>1929.733</ele>
</trkpt>
<trkpt lat="34.31208600" lon="-110.15788400">
<ele>1929.126</ele>
</trkpt>
<trkpt lat="34.31214400" lon="-110.15785400">
<ele>1929.126</ele>
</trkpt>
<trkpt lat="34.31219500" lon="-110.15780100">
<ele>1928.856</ele>
</trkpt>
<trkpt lat="34.31225700" lon="-110.15777800">
<ele>1928.476</ele>
</trkpt>
<trkpt lat="34.31231700" lon="-110.15780900">
<ele>1928.476</ele>
</trkpt>
<trkpt lat="34.31236400" lon="-110.15786800">
<ele>1929.124</ele>
</trkpt>
<trkpt lat="34.31238800" lon="-110.15794000">
<ele>1929.124</ele>
</trkpt>
<trkpt lat="34.31240700" lon="-110.15801500">
<ele>1929.124</ele>
</trkpt>
<trkpt lat="34.31242500" lon="-110.15809300">
<ele>1929.124</ele>
</trkpt>
<trkpt lat="34.31246600" lon="-110.15824200">
<ele>1927.650</ele>
</trkpt>
<trkpt lat="34.31248200" lon="-110.15831800">
<ele>1927.650</ele>
</trkpt>
<trkpt lat="34.31249200" lon="-110.15839400">
<ele>1927.650</ele>
</trkpt>
<trkpt lat="34.31250500" lon="-110.15846900">
<ele>1927.650</ele>
</trkpt>
<trkpt lat="34.31251300" lon="-110.15854600">
<ele>1933.601</ele>
</trkpt>
<trkpt lat="34.31251600" lon="-110.15870700">
<ele>1933.601</ele>
</trkpt>
<trkpt lat="34.31250500" lon="-110.15887200">
<ele>1933.601</ele>
</trkpt>
<trkpt lat="34.31249000" lon="-110.15903100">
<ele>1933.601</ele>
</trkpt>
<trkpt lat="34.31247500" lon="-110.15920500">
<ele>1933.601</ele>
</trkpt>
<trkpt lat="34.31245400" lon="-110.15937700">
<ele>1933.601</ele>
</trkpt>
<trkpt lat="34.31241300" lon="-110.15953800">
<ele>1944.807</ele>
</trkpt>
<trkpt lat="34.31237200" lon="-110.15969700">
<ele>1944.807</ele>
</trkpt>
<trkpt lat="34.31234200" lon="-110.15985100">
<ele>1944.833</ele>
</trkpt>
<trkpt lat="34.31233800" lon="-110.16001200">
<ele>1944.833</ele>
</trkpt>
<trkpt lat="34.31233500" lon="-110.16009200">
<ele>1944.833</ele>
</trkpt>
<trkpt lat="34.31230300" lon="-110.16024800">
<ele>1944.833</ele>
</trkpt>
<trkpt lat="34.31229600" lon="-110.16040200">
<ele>1944.833</ele>
</trkpt>
<trkpt lat="34.31233300" lon="-110.16055600">
<ele>1939.095</ele>
</trkpt>
<trkpt lat="34.31238400" lon="-110.16069900">
<ele>1940.234</ele>
</trkpt>
<trkpt lat="34.31241800" lon="-110.16085100">
<ele>1940.234</ele>
</trkpt>
<trkpt lat="34.31244300" lon="-110.16101100">
<ele>1940.234</ele>
</trkpt>
<trkpt lat="34.31244500" lon="-110.16117200">
<ele>1940.234</ele>
</trkpt>
<trkpt lat="34.31240300" lon="-110.16132200">
<ele>1940.234</ele>
</trkpt>
<trkpt lat="34.31238000" lon="-110.16148000">
<ele>1940.234</ele>
</trkpt>
<trkpt lat="34.31238900" lon="-110.16163800">
<ele>1925.620</ele>
</trkpt>
<trkpt lat="34.31237900" lon="-110.16180000">
<ele>1925.620</ele>
</trkpt>
<trkpt lat="34.31235500" lon="-110.16195900">
<ele>1925.620</ele>
</trkpt>
<trkpt lat="34.31233900" lon="-110.16203900">
<ele>1925.081</ele>
</trkpt>
<trkpt lat="34.31231400" lon="-110.16219400">
<ele>1925.081</ele>
</trkpt>
<trkpt lat="34.31234700" lon="-110.16234500">
<ele>1925.081</ele>
</trkpt>
<trkpt lat="34.31242300" lon="-110.16247500">
<ele>1925.620</ele>
</trkpt>
<trkpt lat="34.31247400" lon="-110.16262700">
<ele>1916.430</ele>
</trkpt>
<trkpt lat="34.31254500" lon="-110.16276100">
<ele>1916.430</ele>
</trkpt>
<trkpt lat="34.31264600" lon="-110.16286600">
<ele>1916.236</ele>
</trkpt>
<trkpt lat="34.31276000" lon="-110.16296500">
<ele>1914.264</ele>
</trkpt>
<trkpt lat="34.31282200" lon="-110.16299500">
<ele>1914.264</ele>
</trkpt>
<trkpt lat="34.31293600" lon="-110.16307500">
<ele>1913.451</ele>
</trkpt>
<trkpt lat="34.31303300" lon="-110.16319300">
<ele>1912.931</ele>
</trkpt>
<trkpt lat="34.31312100" lon="-110.16330500">
<ele>1912.302</ele>
</trkpt>
<trkpt lat="34.31320600" lon="-110.16342000">
<ele>1911.748</ele>
</trkpt>
<trkpt lat="34.31331400" lon="-110.16353000">
<ele>1915.095</ele>
</trkpt>
<trkpt lat="34.31338700" lon="-110.16366800">
<ele>1914.498</ele>
</trkpt>
<trkpt lat="34.31346800" lon="-110.16380600">
<ele>1913.907</ele>
</trkpt>
<trkpt lat="34.31356400" lon="-110.16391200">
<ele>1913.267</ele>
</trkpt>
<trkpt lat="34.31367500" lon="-110.16400000">
<ele>1912.453</ele>
</trkpt>
<trkpt lat="34.31379100" lon="-110.16407300">
<ele>1912.121</ele>
</trkpt>
<trkpt lat="34.31390900" lon="-110.16414700">
<ele>1911.685</ele>
</trkpt>
<trkpt lat="34.31402400" lon="-110.16423500">
<ele>1911.162</ele>
</trkpt>
<trkpt lat="34.31413500" lon="-110.16433200">
<ele>1910.718</ele>
</trkpt>
<trkpt lat="34.31425100" lon="-110.16442400">
<ele>1909.947</ele>
</trkpt>
<trkpt lat="34.31437100" lon="-110.16451500">
<ele>1910.787</ele>
</trkpt>
<trkpt lat="34.31448800" lon="-110.16460300">
<ele>1910.514</ele>
</trkpt>
<trkpt lat="34.31460400" lon="-110.16468100">
<ele>1910.378</ele>
</trkpt>
<trkpt lat="34.31468900" lon="-110.16480300">
<ele>1910.166</ele>
</trkpt>
<trkpt lat="34.31472100" lon="-110.16496300">
<ele>1910.166</ele>
</trkpt>
<trkpt lat="34.31473100" lon="-110.16512500">
<ele>1910.166</ele>
</trkpt>
<trkpt lat="34.31477000" lon="-110.16528700">
<ele>1909.958</ele>
</trkpt>
<trkpt lat="34.31482500" lon="-110.16545100">
<ele>1909.958</ele>
</trkpt>
<trkpt lat="34.31487300" lon="-110.16560700">
<ele>1910.267</ele>
</trkpt>
<trkpt lat="34.31490900" lon="-110.16577400">
<ele>1910.267</ele>
</trkpt>
<trkpt lat="34.31492400" lon="-110.16594500">
<ele>1910.267</ele>
</trkpt>
<trkpt lat="34.31492700" lon="-110.16610600">
<ele>1910.267</ele>
</trkpt>
<trkpt lat="34.31491400" lon="-110.16627100">
<ele>1910.267</ele>
</trkpt>
<trkpt lat="34.31488100" lon="-110.16642900">
<ele>1910.267</ele>
</trkpt>
<trkpt lat="34.31483800" lon="-110.16658600">
<ele>1911.411</ele>
</trkpt>
<trkpt lat="34.31479500" lon="-110.16674800">
<ele>1911.411</ele>
</trkpt>
<trkpt lat="34.31477100" lon="-110.16690500">
<ele>1911.411</ele>
</trkpt>
<trkpt lat="34.31475100" lon="-110.16706100">
<ele>1911.411</ele>
</trkpt>
<trkpt lat="34.31470900" lon="-110.16721700">
<ele>1911.892</ele>
</trkpt>
<trkpt lat="34.31463600" lon="-110.16734500">
<ele>1912.430</ele>
</trkpt>
<trkpt lat="34.31455700" lon="-110.16747700">
<ele>1912.430</ele>
</trkpt>
<trkpt lat="34.31448500" lon="-110.16761800">
<ele>1912.170</ele>
</trkpt>
<trkpt lat="34.31446400" lon="-110.16778000">
<ele>1912.170</ele>
</trkpt>
<trkpt lat="34.31447700" lon="-110.16795700">
<ele>1912.170</ele>
</trkpt>
<trkpt lat="34.31447200" lon="-110.16812000">
<ele>1912.170</ele>
</trkpt>
<trkpt lat="34.31443400" lon="-110.16828000">
<ele>1912.774</ele>
</trkpt>
<trkpt lat="34.31443100" lon="-110.16844500">
<ele>1912.774</ele>
</trkpt>
<trkpt lat="34.31443400" lon="-110.16860500">
<ele>1912.327</ele>
</trkpt>
<trkpt lat="34.31441900" lon="-110.16878000">
<ele>1912.327</ele>
</trkpt>
<trkpt lat="34.31441600" lon="-110.16894200">
<ele>1912.327</ele>
</trkpt>
<trkpt lat="34.31442500" lon="-110.16910500">
<ele>1912.327</ele>
</trkpt>
<trkpt lat="34.31442500" lon="-110.16927100">
<ele>1912.327</ele>
</trkpt>
<trkpt lat="34.31439600" lon="-110.16942400">
<ele>1912.327</ele>
</trkpt>
<trkpt lat="34.31439100" lon="-110.16958500">
<ele>1918.099</ele>
</trkpt>
<trkpt lat="34.31436200" lon="-110.16974100">
<ele>1918.099</ele>
</trkpt>
<trkpt lat="34.31431400" lon="-110.16988000">
<ele>1917.986</ele>
</trkpt>
<trkpt lat="34.31432400" lon="-110.16996300">
<ele>1917.986</ele>
</trkpt>
<trkpt lat="34.31435300" lon="-110.17011500">
<ele>1918.099</ele>
</trkpt>
<trkpt lat="34.31435400" lon="-110.17028600">
<ele>1918.099</ele>
</trkpt>
<trkpt lat="34.31433800" lon="-110.17045100">
<ele>1917.986</ele>
</trkpt>
<trkpt lat="34.31433400" lon="-110.17069100">
<ele>1918.081</ele>
</trkpt>
<trkpt lat="34.31433900" lon="-110.17086100">
<ele>1918.081</ele>
</trkpt>
<trkpt lat="34.31439000" lon="-110.17103000">
<ele>1918.240</ele>
</trkpt>
<trkpt lat="34.31444100" lon="-110.17118600">
<ele>1918.240</ele>
</trkpt>
<trkpt lat="34.31445300" lon="-110.17134700">
<ele>1918.795</ele>
</trkpt>
<trkpt lat="34.31446700" lon="-110.17150500">
<ele>1919.900</ele>
</trkpt>
<trkpt lat="34.31451700" lon="-110.17165700">
<ele>1919.900</ele>
</trkpt>
<trkpt lat="34.31450700" lon="-110.17181700">
<ele>1919.900</ele>
</trkpt>
<trkpt lat="34.31447000" lon="-110.17196700">
<ele>1919.900</ele>
</trkpt>
<trkpt lat="34.31447600" lon="-110.17213200">
<ele>1919.900</ele>
</trkpt>
<trkpt lat="34.31445300" lon="-110.17228900">
<ele>1919.900</ele>
</trkpt>
<trkpt lat="34.31439700" lon="-110.17243600">
<ele>1920.111</ele>
</trkpt>
<trkpt lat="34.31429900" lon="-110.17255300">
<ele>1923.644</ele>
</trkpt>
<trkpt lat="34.31427300" lon="-110.17270300">
<ele>1923.644</ele>
</trkpt>
<trkpt lat="34.31426400" lon="-110.17286500">
<ele>1923.644</ele>
</trkpt>
<trkpt lat="34.31424900" lon="-110.17303400">
<ele>1923.878</ele>
</trkpt>
<trkpt lat="34.31423900" lon="-110.17319900">
<ele>1923.878</ele>
</trkpt>
<trkpt lat="34.31425200" lon="-110.17335900">
<ele>1923.644</ele>
</trkpt>
<trkpt lat="34.31424900" lon="-110.17353000">
<ele>1927.898</ele>
</trkpt>
<trkpt lat="34.31422900" lon="-110.17369000">
<ele>1927.898</ele>
</trkpt>
<trkpt lat="34.31426000" lon="-110.17385600">
<ele>1927.498</ele>
</trkpt>
<trkpt lat="34.31430000" lon="-110.17401400">
<ele>1927.498</ele>
</trkpt>
<trkpt lat="34.31435100" lon="-110.17416600">
<ele>1927.448</ele>
</trkpt>
<trkpt lat="34.31448400" lon="-110.17435800">
<ele>1927.256</ele>
</trkpt>
<trkpt lat="34.31456200" lon="-110.17449500">
<ele>1926.802</ele>
</trkpt>
<trkpt lat="34.31457100" lon="-110.17465700">
<ele>1931.806</ele>
</trkpt>
<trkpt lat="34.31457700" lon="-110.17482400">
<ele>1931.806</ele>
</trkpt>
<trkpt lat="34.31452600" lon="-110.17497600">
<ele>1931.946</ele>
</trkpt>
<trkpt lat="34.31443600" lon="-110.17511400">
<ele>1932.536</ele>
</trkpt>
<trkpt lat="34.31435200" lon="-110.17524200">
<ele>1932.536</ele>
</trkpt>
<trkpt lat="34.31428900" lon="-110.17539300">
<ele>1932.983</ele>
</trkpt>
<trkpt lat="34.31425200" lon="-110.17555800">
<ele>1941.760</ele>
</trkpt>
<trkpt lat="34.31422100" lon="-110.17571700">
<ele>1940.935</ele>
</trkpt>
<trkpt lat="34.31427200" lon="-110.17586400">
<ele>1941.760</ele>
</trkpt>
<trkpt lat="34.31433100" lon="-110.17591100">
<ele>1941.760</ele>
</trkpt>
<trkpt lat="34.31439600" lon="-110.17590200">
<ele>1942.207</ele>
</trkpt>
<trkpt lat="34.31445800" lon="-110.17587900">
<ele>1942.124</ele>
</trkpt>
<trkpt lat="34.31457600" lon="-110.17592100">
<ele>1941.624</ele>
</trkpt>
<trkpt lat="34.31459700" lon="-110.17607900">
<ele>1941.624</ele>
</trkpt>
<trkpt lat="34.31462500" lon="-110.17623000">
<ele>1941.624</ele>
</trkpt>
<trkpt lat="34.31466600" lon="-110.17637900">
<ele>1941.240</ele>
</trkpt>
<trkpt lat="34.31471300" lon="-110.17653200">
<ele>1941.636</ele>
</trkpt>
<trkpt lat="34.31478400" lon="-110.17666000">
<ele>1941.087</ele>
</trkpt>
<trkpt lat="34.31483500" lon="-110.17680300">
<ele>1941.087</ele>
</trkpt>
<trkpt lat="34.31480300" lon="-110.17696100">
<ele>1941.087</ele>
</trkpt>
<trkpt lat="34.31474000" lon="-110.17710000">
<ele>1941.636</ele>
</trkpt>
<trkpt lat="34.31466900" lon="-110.17723200">
<ele>1941.636</ele>
</trkpt>
<trkpt lat="34.31464200" lon="-110.17738800">
<ele>1942.199</ele>
</trkpt>
<trkpt lat="34.31462700" lon="-110.17754600">
<ele>1942.742</ele>
</trkpt>
<trkpt lat="34.31466700" lon="-110.17760600">
<ele>1942.084</ele>
</trkpt>
<trkpt lat="34.31473200" lon="-110.17761300">
<ele>1942.084</ele>
</trkpt>
<trkpt lat="34.31478300" lon="-110.17766200">
<ele>1941.366</ele>
</trkpt>
<trkpt lat="34.31484900" lon="-110.17768300">
<ele>1941.366</ele>
</trkpt>
<trkpt lat="34.31498400" lon="-110.17768000">
<ele>1940.313</ele>
</trkpt>
<trkpt lat="34.31510900" lon="-110.17762100">
<ele>1939.634</ele>
</trkpt>
<trkpt lat="34.31517200" lon="-110.17760000">
<ele>1938.990</ele>
</trkpt>
<trkpt lat="34.31523000" lon="-110.17772600">
<ele>1938.990</ele>
</trkpt>
<trkpt lat="34.31521700" lon="-110.17789900">
<ele>1938.990</ele>
</trkpt>
<trkpt lat="34.31531300" lon="-110.17799800">
<ele>1938.460</ele>
</trkpt>
<trkpt lat="34.31537600" lon="-110.17800000">
<ele>1937.915</ele>
</trkpt>
<trkpt lat="34.31550000" lon="-110.17794000">
<ele>1937.583</ele>
</trkpt>
<trkpt lat="34.31559100" lon="-110.17780800">
<ele>1937.079</ele>
</trkpt>
<trkpt lat="34.31570800" lon="-110.17771200">
<ele>1936.670</ele>
</trkpt>
<trkpt lat="34.31583700" lon="-110.17766900">
<ele>1936.363</ele>
</trkpt>
<trkpt lat="34.31597200" lon="-110.17763600">
<ele>1935.526</ele>
</trkpt>
<trkpt lat="34.31602500" lon="-110.17759300">
<ele>1935.526</ele>
</trkpt>
<trkpt lat="34.31612800" lon="-110.17750100">
<ele>1935.133</ele>
</trkpt>
<trkpt lat="34.31619300" lon="-110.17748500">
<ele>1935.939</ele>
</trkpt>
<trkpt lat="34.31625300" lon="-110.17751300">
<ele>1934.245</ele>
</trkpt>
<trkpt lat="34.31636800" lon="-110.17758900">
<ele>1933.575</ele>
</trkpt>
<trkpt lat="34.31646300" lon="-110.17770300">
<ele>1932.905</ele>
</trkpt>
<trkpt lat="34.31651500" lon="-110.17774900">
<ele>1932.905</ele>
</trkpt>
<trkpt lat="34.31658100" lon="-110.17776200">
<ele>1932.412</ele>
</trkpt>
<trkpt lat="34.31671500" lon="-110.17775700">
<ele>1932.043</ele>
</trkpt>
<trkpt lat="34.31685400" lon="-110.17777600">
<ele>1931.790</ele>
</trkpt>
<trkpt lat="34.31699200" lon="-110.17779300">
<ele>1931.504</ele>
</trkpt>
<trkpt lat="34.31712800" lon="-110.17780400">
<ele>1931.249</ele>
</trkpt>
<trkpt lat="34.31725900" lon="-110.17779600">
<ele>1931.100</ele>
</trkpt>
<trkpt lat="34.31739300" lon="-110.17779900">
<ele>1931.651</ele>
</trkpt>
<trkpt lat="34.31745700" lon="-110.17777600">
<ele>1932.099</ele>
</trkpt>
<trkpt lat="34.31749300" lon="-110.17770900">
<ele>1932.099</ele>
</trkpt>
<trkpt lat="34.31757000" lon="-110.17758500">
<ele>1932.533</ele>
</trkpt>
<trkpt lat="34.31764900" lon="-110.17744300">
<ele>1928.700</ele>
</trkpt>
<trkpt lat="34.31774000" lon="-110.17732500">
<ele>1928.942</ele>
</trkpt>
<trkpt lat="34.31786600" lon="-110.17724800">
<ele>1928.535</ele>
</trkpt>
<trkpt lat="34.31793200" lon="-110.17725700">
<ele>1928.535</ele>
</trkpt>
<trkpt lat="34.31799100" lon="-110.17728500">
<ele>1928.531</ele>
</trkpt>
<trkpt lat="34.31811900" lon="-110.17732700">
<ele>1928.226</ele>
</trkpt>
<trkpt lat="34.31825800" lon="-110.17730400">
<ele>1927.728</ele>
</trkpt>
<trkpt lat="34.31839900" lon="-110.17729300">
<ele>1927.924</ele>
</trkpt>
<trkpt lat="34.31846000" lon="-110.17731900">
<ele>1928.122</ele>
</trkpt>
<trkpt lat="34.31851300" lon="-110.17736100">
<ele>1928.122</ele>
</trkpt>
<trkpt lat="34.31860000" lon="-110.17748300">
<ele>1928.382</ele>
</trkpt>
<trkpt lat="34.31868400" lon="-110.17763400">
<ele>1929.692</ele>
</trkpt>
<trkpt lat="34.31873800" lon="-110.17779200">
<ele>1929.692</ele>
</trkpt>
<trkpt lat="34.31876300" lon="-110.17796400">
<ele>1928.832</ele>
</trkpt>
<trkpt lat="34.31876200" lon="-110.17812200">
<ele>1928.832</ele>
</trkpt>
<trkpt lat="34.31870800" lon="-110.17828200">
<ele>1929.692</ele>
</trkpt>
<trkpt lat="34.31862400" lon="-110.17841800">
<ele>1930.395</ele>
</trkpt>
<trkpt lat="34.31854000" lon="-110.17854700">
<ele>1930.913</ele>
</trkpt>
<trkpt lat="34.31845900" lon="-110.17868700">
<ele>1930.913</ele>
</trkpt>
<trkpt lat="34.31839000" lon="-110.17884000">
<ele>1931.278</ele>
</trkpt>
<trkpt lat="34.31829500" lon="-110.17904600">
<ele>1931.637</ele>
</trkpt>
<trkpt lat="34.31818600" lon="-110.17925300">
<ele>1932.250</ele>
</trkpt>
<trkpt lat="34.31806700" lon="-110.17945100">
<ele>1932.718</ele>
</trkpt>
<trkpt lat="34.31799100" lon="-110.17958000">
<ele>1932.886</ele>
</trkpt>
<trkpt lat="34.31791100" lon="-110.17972200">
<ele>1932.983</ele>
</trkpt>
<trkpt lat="34.31783000" lon="-110.17985600">
<ele>1933.214</ele>
</trkpt>
<trkpt lat="34.31776900" lon="-110.18001600">
<ele>1933.214</ele>
</trkpt>
<trkpt lat="34.31772000" lon="-110.18018000">
<ele>1933.784</ele>
</trkpt>
<trkpt lat="34.31766700" lon="-110.18033000">
<ele>1933.784</ele>
</trkpt>
<trkpt lat="34.31760700" lon="-110.18048500">
<ele>1934.669</ele>
</trkpt>
<trkpt lat="34.31756000" lon="-110.18064200">
<ele>1934.783</ele>
</trkpt>
<trkpt lat="34.31755100" lon="-110.18081000">
<ele>1934.783</ele>
</trkpt>
<trkpt lat="34.31756100" lon="-110.18097400">
<ele>1934.783</ele>
</trkpt>
<trkpt lat="34.31758500" lon="-110.18113500">
<ele>1934.783</ele>
</trkpt>
<trkpt lat="34.31762700" lon="-110.18129400">
<ele>1934.783</ele>
</trkpt>
<trkpt lat="34.31771700" lon="-110.18141900">
<ele>1934.927</ele>
</trkpt>
<trkpt lat="34.31780400" lon="-110.18155100">
<ele>1936.729</ele>
</trkpt>
<trkpt lat="34.31782000" lon="-110.18170700">
<ele>1936.729</ele>
</trkpt>
<trkpt lat="34.31782700" lon="-110.18179100">
<ele>1936.729</ele>
</trkpt>
<trkpt lat="34.31784600" lon="-110.18186400">
<ele>1936.729</ele>
</trkpt>
<trkpt lat="34.31791800" lon="-110.18199000">
<ele>1936.999</ele>
</trkpt>
<trkpt lat="34.31802300" lon="-110.18210200">
<ele>1937.254</ele>
</trkpt>
<trkpt lat="34.31811100" lon="-110.18221500">
<ele>1938.158</ele>
</trkpt>
<trkpt lat="34.31819400" lon="-110.18234500">
<ele>1938.560</ele>
</trkpt>
<trkpt lat="34.31828700" lon="-110.18244900">
<ele>1938.609</ele>
</trkpt>
<trkpt lat="34.31841400" lon="-110.18249900">
<ele>1938.912</ele>
</trkpt>
<trkpt lat="34.31854700" lon="-110.18254400">
<ele>1941.820</ele>
</trkpt>
<trkpt lat="34.31865500" lon="-110.18263600">
<ele>1942.115</ele>
</trkpt>
<trkpt lat="34.31871000" lon="-110.18278800">
<ele>1942.115</ele>
</trkpt>
<trkpt lat="34.31870400" lon="-110.18295700">
<ele>1942.115</ele>
</trkpt>
<trkpt lat="34.31866800" lon="-110.18319900">
<ele>1942.115</ele>
</trkpt>
<trkpt lat="34.31864700" lon="-110.18344700">
<ele>1941.995</ele>
</trkpt>
<trkpt lat="34.31862300" lon="-110.18369200">
<ele>1944.360</ele>
</trkpt>
<trkpt lat="34.31860900" lon="-110.18393100">
<ele>1944.360</ele>
</trkpt>
<trkpt lat="34.31860000" lon="-110.18410300">
<ele>1944.360</ele>
</trkpt>
<trkpt lat="34.31859400" lon="-110.18435500">
<ele>1944.360</ele>
</trkpt>
<trkpt lat="34.31865400" lon="-110.18458600">
<ele>1945.991</ele>
</trkpt>
<trkpt lat="34.31876600" lon="-110.18479000">
<ele>1946.565</ele>
</trkpt>
<trkpt lat="34.31889400" lon="-110.18501300">
<ele>1946.704</ele>
</trkpt>
<trkpt lat="34.31899400" lon="-110.18526100">
<ele>1947.366</ele>
</trkpt>
<trkpt lat="34.31907200" lon="-110.18549100">
<ele>1947.555</ele>
</trkpt>
<trkpt lat="34.31912800" lon="-110.18564700">
<ele>1948.610</ele>
</trkpt>
<trkpt lat="34.31918300" lon="-110.18580900">
<ele>1948.770</ele>
</trkpt>
<trkpt lat="34.31924400" lon="-110.18595000">
<ele>1948.770</ele>
</trkpt>
<trkpt lat="34.31932600" lon="-110.18607600">
<ele>1948.777</ele>
</trkpt>
<trkpt lat="34.31939300" lon="-110.18620700">
<ele>1949.402</ele>
</trkpt>
<trkpt lat="34.31945400" lon="-110.18635600">
<ele>1949.848</ele>
</trkpt>
<trkpt lat="34.31951600" lon="-110.18650000">
<ele>1949.848</ele>
</trkpt>
<trkpt lat="34.31962200" lon="-110.18671700">
<ele>1952.057</ele>
</trkpt>
<trkpt lat="34.31967100" lon="-110.18686500">
<ele>1952.210</ele>
</trkpt>
<trkpt lat="34.31972600" lon="-110.18700500">
<ele>1952.210</ele>
</trkpt>
<trkpt lat="34.31983200" lon="-110.18722000">
<ele>1952.557</ele>
</trkpt>
<trkpt lat="34.31993400" lon="-110.18742700">
<ele>1953.064</ele>
</trkpt>
<trkpt lat="34.32000700" lon="-110.18758800">
<ele>1953.086</ele>
</trkpt>
<trkpt lat="34.32010200" lon="-110.18780600">
<ele>1952.841</ele>
</trkpt>
<trkpt lat="34.32020300" lon="-110.18804100">
<ele>1952.173</ele>
</trkpt>
<trkpt lat="34.32032200" lon="-110.18825500">
<ele>1952.101</ele>
</trkpt>
<trkpt lat="34.32047000" lon="-110.18842300">
<ele>1951.615</ele>
</trkpt>
<trkpt lat="34.32057600" lon="-110.18852600">
<ele>1950.521</ele>
</trkpt>
<trkpt lat="34.32068200" lon="-110.18863000">
<ele>1949.866</ele>
</trkpt>
<trkpt lat="34.32078200" lon="-110.18874700">
<ele>1949.400</ele>
</trkpt>
<trkpt lat="34.32086600" lon="-110.18887200">
<ele>1948.678</ele>
</trkpt>
<trkpt lat="34.32089600" lon="-110.18894500">
<ele>1948.678</ele>
</trkpt>
<trkpt lat="34.32090800" lon="-110.18902200">
<ele>1948.678</ele>
</trkpt>
<trkpt lat="34.32086200" lon="-110.18918200">
<ele>1948.678</ele>
</trkpt>
<trkpt lat="34.32075300" lon="-110.18940400">
<ele>1949.400</ele>
</trkpt>
<trkpt lat="34.32066200" lon="-110.18953700">
<ele>1948.501</ele>
</trkpt>
<trkpt lat="34.32054300" lon="-110.18962400">
<ele>1949.171</ele>
</trkpt>
<trkpt lat="34.32041800" lon="-110.18969100">
<ele>1949.439</ele>
</trkpt>
<trkpt lat="34.32030400" lon="-110.18976800">
<ele>1949.646</ele>
</trkpt>
<trkpt lat="34.32020900" lon="-110.18989400">
<ele>1949.845</ele>
</trkpt>
<trkpt lat="34.32007200" lon="-110.19008100">
<ele>1949.885</ele>
</trkpt>
<trkpt lat="34.31994000" lon="-110.19030100">
<ele>1951.211</ele>
</trkpt>
<trkpt lat="34.31987500" lon="-110.19046400">
<ele>1951.211</ele>
</trkpt>
<trkpt lat="34.31982700" lon="-110.19061100">
<ele>1950.894</ele>
</trkpt>
<trkpt lat="34.31977500" lon="-110.19076500">
<ele>1950.894</ele>
</trkpt>
<trkpt lat="34.31971300" lon="-110.19092800">
<ele>1951.166</ele>
</trkpt>
<trkpt lat="34.31965700" lon="-110.19108500">
<ele>1951.166</ele>
</trkpt>
<trkpt lat="34.31959500" lon="-110.19132000">
<ele>1951.565</ele>
</trkpt>
<trkpt lat="34.31958300" lon="-110.19148000">
<ele>1951.565</ele>
</trkpt>
<trkpt lat="34.31960000" lon="-110.19166300">
<ele>1951.024</ele>
</trkpt>
<trkpt lat="34.31965300" lon="-110.19189200">
<ele>1951.002</ele>
</trkpt>
<trkpt lat="34.31971700" lon="-110.19212700">
<ele>1951.002</ele>
</trkpt>
<trkpt lat="34.31979100" lon="-110.19237500">
<ele>1950.845</ele>
</trkpt>
<trkpt lat="34.31984000" lon="-110.19261300">
<ele>1952.128</ele>
</trkpt>
<trkpt lat="34.31985400" lon="-110.19285600">
<ele>1952.236</ele>
</trkpt>
<trkpt lat="34.31985100" lon="-110.19311100">
<ele>1952.236</ele>
</trkpt>
<trkpt lat="34.31983300" lon="-110.19336800">
<ele>1952.128</ele>
</trkpt>
<trkpt lat="34.31985200" lon="-110.19353800">
<ele>1954.640</ele>
</trkpt>
<trkpt lat="34.31990800" lon="-110.19368100">
<ele>1954.640</ele>
</trkpt>
<trkpt lat="34.31999700" lon="-110.19380100">
<ele>1954.965</ele>
</trkpt>
<trkpt lat="34.32010600" lon="-110.19390300">
<ele>1955.256</ele>
</trkpt>
<trkpt lat="34.32018700" lon="-110.19402800">
<ele>1955.549</ele>
</trkpt>
<trkpt lat="34.32021100" lon="-110.19410100">
<ele>1955.549</ele>
</trkpt>
<trkpt lat="34.32020600" lon="-110.19418000">
<ele>1955.549</ele>
</trkpt>
<trkpt lat="34.32020400" lon="-110.19433300">
<ele>1955.549</ele>
</trkpt>
<trkpt lat="34.32030000" lon="-110.19444100">
<ele>1956.510</ele>
</trkpt>
<trkpt lat="34.32041800" lon="-110.19453900">
<ele>1955.255</ele>
</trkpt>
<trkpt lat="34.32051000" lon="-110.19466900">
<ele>1954.989</ele>
</trkpt>
<trkpt lat="34.32055100" lon="-110.19481400">
<ele>1954.863</ele>
</trkpt>
<trkpt lat="34.32061700" lon="-110.19496400">
<ele>1954.863</ele>
</trkpt>
<trkpt lat="34.32070100" lon="-110.19510500">
<ele>1954.797</ele>
</trkpt>
<trkpt lat="34.32081000" lon="-110.19520800">
<ele>1955.170</ele>
</trkpt>
<trkpt lat="34.32092800" lon="-110.19529600">
<ele>1955.416</ele>
</trkpt>
<trkpt lat="34.32104200" lon="-110.19539500">
<ele>1955.814</ele>
</trkpt>
<trkpt lat="34.32113100" lon="-110.19551900">
<ele>1952.619</ele>
</trkpt>
<trkpt lat="34.32119000" lon="-110.19565600">
<ele>1952.323</ele>
</trkpt>
<trkpt lat="34.32122100" lon="-110.19581600">
<ele>1952.323</ele>
</trkpt>
<trkpt lat="34.32122500" lon="-110.19598800">
<ele>1952.323</ele>
</trkpt>
<trkpt lat="34.32121800" lon="-110.19614900">
<ele>1952.323</ele>
</trkpt>
<trkpt lat="34.32120600" lon="-110.19631900">
<ele>1952.323</ele>
</trkpt>
<trkpt lat="34.32120900" lon="-110.19648100">
<ele>1952.323</ele>
</trkpt>
<trkpt lat="34.32121000" lon="-110.19664700">
<ele>1952.829</ele>
</trkpt>
<trkpt lat="34.32124100" lon="-110.19681800">
<ele>1952.829</ele>
</trkpt>
<trkpt lat="34.32126100" lon="-110.19707500">
<ele>1952.805</ele>
</trkpt>
<trkpt lat="34.32124500" lon="-110.19724300">
<ele>1952.829</ele>
</trkpt>
<trkpt lat="34.32123100" lon="-110.19740100">
<ele>1952.829</ele>
</trkpt>
<trkpt lat="34.32128800" lon="-110.19755200">
<ele>1952.905</ele>
</trkpt>
<trkpt lat="34.32134600" lon="-110.19769800">
<ele>1952.905</ele>
</trkpt>
<trkpt lat="34.32137700" lon="-110.19786500">
<ele>1952.430</ele>
</trkpt>
<trkpt lat="34.32138700" lon="-110.19803700">
<ele>1952.430</ele>
</trkpt>
<trkpt lat="34.32136500" lon="-110.19819800">
<ele>1952.430</ele>
</trkpt>
<trkpt lat="34.32134800" lon="-110.19836100">
<ele>1952.905</ele>
</trkpt>
<trkpt lat="34.32135400" lon="-110.19851400">
<ele>1952.465</ele>
</trkpt>
<trkpt lat="34.32135300" lon="-110.19868900">
<ele>1952.465</ele>
</trkpt>
<trkpt lat="34.32134000" lon="-110.19885400">
<ele>1952.591</ele>
</trkpt>
<trkpt lat="34.32133000" lon="-110.19901500">
<ele>1952.591</ele>
</trkpt>
<trkpt lat="34.32132200" lon="-110.19919000">
<ele>1952.591</ele>
</trkpt>
<trkpt lat="34.32129800" lon="-110.19944200">
<ele>1952.591</ele>
</trkpt>
<trkpt lat="34.32128100" lon="-110.19959900">
<ele>1956.012</ele>
</trkpt>
<trkpt lat="34.32124900" lon="-110.19976300">
<ele>1956.432</ele>
</trkpt>
<trkpt lat="34.32116600" lon="-110.19990300">
<ele>1956.432</ele>
</trkpt>
<trkpt lat="34.32108600" lon="-110.20003500">
<ele>1956.554</ele>
</trkpt>
<trkpt lat="34.32103800" lon="-110.20018600">
<ele>1957.527</ele>
</trkpt>
<trkpt lat="34.32100400" lon="-110.20034400">
<ele>1957.527</ele>
</trkpt>
<trkpt lat="34.32100900" lon="-110.20042300">
<ele>1957.527</ele>
</trkpt>
<trkpt lat="34.32102200" lon="-110.20050000">
<ele>1958.989</ele>
</trkpt>
<trkpt lat="34.32104000" lon="-110.20057600">
<ele>1958.989</ele>
</trkpt>
<trkpt lat="34.32107000" lon="-110.20064900">
<ele>1958.732</ele>
</trkpt>
<trkpt lat="34.32112200" lon="-110.20079400">
<ele>1958.732</ele>
</trkpt>
<trkpt lat="34.32118800" lon="-110.20093200">
<ele>1958.297</ele>
</trkpt>
<trkpt lat="34.32125500" lon="-110.20107900">
<ele>1957.899</ele>
</trkpt>
<trkpt lat="34.32128400" lon="-110.20123300">
<ele>1957.899</ele>
</trkpt>
<trkpt lat="34.32130600" lon="-110.20138800">
<ele>1957.899</ele>
</trkpt>
<trkpt lat="34.32132300" lon="-110.20154100">
<ele>1955.644</ele>
</trkpt>
<trkpt lat="34.32132300" lon="-110.20170500">
<ele>1955.644</ele>
</trkpt>
<trkpt lat="34.32130500" lon="-110.20187400">
<ele>1955.644</ele>
</trkpt>
<trkpt lat="34.32133000" lon="-110.20203300">
<ele>1955.644</ele>
</trkpt>
<trkpt lat="34.32135700" lon="-110.20210200">
<ele>1955.401</ele>
</trkpt>
<trkpt lat="34.32139100" lon="-110.20217100">
<ele>1955.401</ele>
</trkpt>
<trkpt lat="34.32142100" lon="-110.20224400">
<ele>1955.401</ele>
</trkpt>
<trkpt lat="34.32144300" lon="-110.20232000">
<ele>1955.401</ele>
</trkpt>
<trkpt lat="34.32152700" lon="-110.20240600">
<ele>1955.219</ele>
</trkpt>
<trkpt lat="34.32146000" lon="-110.20241900">
<ele>1955.219</ele>
</trkpt>
<trkpt lat="34.32146300" lon="-110.20242400">
<ele>1955.219</ele>
</trkpt>
<trkpt lat="34.32150000" lon="-110.20248700">
<ele>1955.219</ele>
</trkpt>
<trkpt lat="34.32154600" lon="-110.20254400">
<ele>1950.272</ele>
</trkpt>
<trkpt lat="34.32160500" lon="-110.20257600">
<ele>1950.059</ele>
</trkpt>
<trkpt lat="34.32171800" lon="-110.20265300">
<ele>1949.854</ele>
</trkpt>
<trkpt lat="34.32181200" lon="-110.20277900">
<ele>1949.498</ele>
</trkpt>
<trkpt lat="34.32189200" lon="-110.20291100">
<ele>1949.321</ele>
</trkpt>
<trkpt lat="34.32197900" lon="-110.20304000">
<ele>1948.867</ele>
</trkpt>
<trkpt lat="34.32201200" lon="-110.20310800">
<ele>1948.867</ele>
</trkpt>
<trkpt lat="34.32203800" lon="-110.20326300">
<ele>1948.867</ele>
</trkpt>
<trkpt lat="34.32205200" lon="-110.20343000">
<ele>1948.597</ele>
</trkpt>
<trkpt lat="34.32207500" lon="-110.20358300">
<ele>1946.507</ele>
</trkpt>
<trkpt lat="34.32210100" lon="-110.20374200">
<ele>1946.507</ele>
</trkpt>
<trkpt lat="34.32213000" lon="-110.20389900">
<ele>1946.507</ele>
</trkpt>
<trkpt lat="34.32217100" lon="-110.20406400">
<ele>1946.376</ele>
</trkpt>
<trkpt lat="34.32226600" lon="-110.20429900">
<ele>1946.212</ele>
</trkpt>
<trkpt lat="34.32235500" lon="-110.20445900">
<ele>1946.031</ele>
</trkpt>
<trkpt lat="34.32247700" lon="-110.20466600">
<ele>1943.727</ele>
</trkpt>
<trkpt lat="34.32254600" lon="-110.20490300">
<ele>1943.727</ele>
</trkpt>
<trkpt lat="34.32256800" lon="-110.20508000">
<ele>1943.536</ele>
</trkpt>
<trkpt lat="34.32257600" lon="-110.20523600">
<ele>1943.536</ele>
</trkpt>
<trkpt lat="34.32255400" lon="-110.20539000">
<ele>1943.536</ele>
</trkpt>
<trkpt lat="34.32250900" lon="-110.20553500">
<ele>1941.086</ele>
</trkpt>
<trkpt lat="34.32245700" lon="-110.20569000">
<ele>1941.086</ele>
</trkpt>
<trkpt lat="34.32241700" lon="-110.20583700">
<ele>1941.189</ele>
</trkpt>
<trkpt lat="34.32237000" lon="-110.20607000">
<ele>1941.189</ele>
</trkpt>
<trkpt lat="34.32235100" lon="-110.20624300">
<ele>1941.189</ele>
</trkpt>
<trkpt lat="34.32231000" lon="-110.20639400">
<ele>1941.331</ele>
</trkpt>
<trkpt lat="34.32224200" lon="-110.20652700">
<ele>1940.166</ele>
</trkpt>
<trkpt lat="34.32219300" lon="-110.20667800">
<ele>1940.166</ele>
</trkpt>
<trkpt lat="34.32215000" lon="-110.20682300">
<ele>1940.166</ele>
</trkpt>
<trkpt lat="34.32209900" lon="-110.20697400">
<ele>1939.790</ele>
</trkpt>
<trkpt lat="34.32205400" lon="-110.20713100">
<ele>1939.790</ele>
</trkpt>
<trkpt lat="34.32201700" lon="-110.20728200">
<ele>1939.450</ele>
</trkpt>
<trkpt lat="34.32199900" lon="-110.20743900">
<ele>1939.450</ele>
</trkpt>
<trkpt lat="34.32198700" lon="-110.20760500">
<ele>1938.104</ele>
</trkpt>
<trkpt lat="34.32198300" lon="-110.20776200">
<ele>1938.104</ele>
</trkpt>
<trkpt lat="34.32200200" lon="-110.20791800">
<ele>1938.104</ele>
</trkpt>
<trkpt lat="34.32198500" lon="-110.20808900">
<ele>1938.104</ele>
</trkpt>
<trkpt lat="34.32198200" lon="-110.20824900">
<ele>1938.104</ele>
</trkpt>
<trkpt lat="34.32201100" lon="-110.20840700">
<ele>1938.104</ele>
</trkpt>
<trkpt lat="34.32205300" lon="-110.20856000">
<ele>1936.461</ele>
</trkpt>
<trkpt lat="34.32219400" lon="-110.20873500">
<ele>1936.943</ele>
</trkpt>
<trkpt lat="34.32232100" lon="-110.20891800">
<ele>1937.408</ele>
</trkpt>
<trkpt lat="34.32236800" lon="-110.20907100">
<ele>1938.162</ele>
</trkpt>
<trkpt lat="34.32240700" lon="-110.20923700">
<ele>1938.162</ele>
</trkpt>
<trkpt lat="34.32242400" lon="-110.20939500">
<ele>1938.162</ele>
</trkpt>
<trkpt lat="34.32243800" lon="-110.20955200">
<ele>1937.366</ele>
</trkpt>
<trkpt lat="34.32249600" lon="-110.20968900">
<ele>1938.017</ele>
</trkpt>
<trkpt lat="34.32255500" lon="-110.20983300">
<ele>1938.369</ele>
</trkpt>
<trkpt lat="34.32260300" lon="-110.20997900">
<ele>1938.369</ele>
</trkpt>
<trkpt lat="34.32267600" lon="-110.21021300">
<ele>1938.697</ele>
</trkpt>
<trkpt lat="34.32274900" lon="-110.21044900">
<ele>1938.697</ele>
</trkpt>
<trkpt lat="34.32282000" lon="-110.21067100">
<ele>1935.314</ele>
</trkpt>
<trkpt lat="34.32291300" lon="-110.21089400">
<ele>1935.450</ele>
</trkpt>
<trkpt lat="34.32301800" lon="-110.21111600">
<ele>1934.979</ele>
</trkpt>
<trkpt lat="34.32312100" lon="-110.21132400">
<ele>1935.050</ele>
</trkpt>
<trkpt lat="34.32321800" lon="-110.21152800">
<ele>1932.121</ele>
</trkpt>
<trkpt lat="34.32332700" lon="-110.21175500">
<ele>1932.537</ele>
</trkpt>
<trkpt lat="34.32343100" lon="-110.21197300">
<ele>1932.850</ele>
</trkpt>
<trkpt lat="34.32353200" lon="-110.21219500">
<ele>1933.141</ele>
</trkpt>
<trkpt lat="34.32363000" lon="-110.21240100">
<ele>1933.327</ele>
</trkpt>
<trkpt lat="34.32373300" lon="-110.21260800">
<ele>1932.810</ele>
</trkpt>
<trkpt lat="34.32384200" lon="-110.21281700">
<ele>1932.698</ele>
</trkpt>
<trkpt lat="34.32395300" lon="-110.21301600">
<ele>1932.473</ele>
</trkpt>
<trkpt lat="34.32407400" lon="-110.21320700">
<ele>1932.295</ele>
</trkpt>
<trkpt lat="34.32419500" lon="-110.21341900">
<ele>1932.444</ele>
</trkpt>
<trkpt lat="34.32430800" lon="-110.21361100">
<ele>1930.627</ele>
</trkpt>
<trkpt lat="34.32443600" lon="-110.21381500">
<ele>1930.667</ele>
</trkpt>
<trkpt lat="34.32457400" lon="-110.21400500">
<ele>1931.590</ele>
</trkpt>
<trkpt lat="34.32474800" lon="-110.21417600">
<ele>1932.078</ele>
</trkpt>
<trkpt lat="34.32492300" lon="-110.21430800">
<ele>1932.960</ele>
</trkpt>
<trkpt lat="34.32509500" lon="-110.21440700">
<ele>1933.948</ele>
</trkpt>
<trkpt lat="34.32522400" lon="-110.21447700">
<ele>1934.327</ele>
</trkpt>
<trkpt lat="34.32534800" lon="-110.21454700">
<ele>1927.031</ele>
</trkpt>
<trkpt lat="34.32547200" lon="-110.21461200">
<ele>1927.290</ele>
</trkpt>
<trkpt lat="34.32566700" lon="-110.21470600">
<ele>1927.866</ele>
</trkpt>
<trkpt lat="34.32586000" lon="-110.21479100">
<ele>1928.474</ele>
</trkpt>
<trkpt lat="34.32606400" lon="-110.21487500">
<ele>1928.977</ele>
</trkpt>
<trkpt lat="34.32628300" lon="-110.21496100">
<ele>1929.804</ele>
</trkpt>
<trkpt lat="34.32646600" lon="-110.21503600">
<ele>1930.937</ele>
</trkpt>
<trkpt lat="34.32666700" lon="-110.21512000">
<ele>1931.987</ele>
</trkpt>
<trkpt lat="34.32685600" lon="-110.21519900">
<ele>1931.983</ele>
</trkpt>
<trkpt lat="34.32704200" lon="-110.21527500">
<ele>1931.859</ele>
</trkpt>
<trkpt lat="34.32716900" lon="-110.21532600">
<ele>1931.701</ele>
</trkpt>
<trkpt lat="34.32729100" lon="-110.21537900">
<ele>1931.680</ele>
</trkpt>
<trkpt lat="34.32741700" lon="-110.21543300">
<ele>1931.604</ele>
</trkpt>
<trkpt lat="34.32754500" lon="-110.21545100">
<ele>1931.531</ele>
</trkpt>
<trkpt lat="34.32760900" lon="-110.21545300">
<ele>1931.531</ele>
</trkpt>
<trkpt lat="34.32765900" lon="-110.21550100">
<ele>1928.564</ele>
</trkpt>
<trkpt lat="34.32766600" lon="-110.21550500">
<ele>1928.564</ele>
</trkpt>
<trkpt lat="34.32771300" lon="-110.21555700">
<ele>1928.564</ele>
</trkpt>
<trkpt lat="34.32773800" lon="-110.21556700">
<ele>1928.564</ele>
</trkpt>
<trkpt lat="34.32779700" lon="-110.21559500">
<ele>1928.844</ele>
</trkpt>
<trkpt lat="34.32785700" lon="-110.21562100">
<ele>1929.133</ele>
</trkpt>
<trkpt lat="34.32792000" lon="-110.21565000">
<ele>1929.133</ele>
</trkpt>
<trkpt lat="34.32798100" lon="-110.21568000">
<ele>1929.702</ele>
</trkpt>
<trkpt lat="34.32804100" lon="-110.21571300">
<ele>1929.702</ele>
</trkpt>
<trkpt lat="34.32816000" lon="-110.21577600">
<ele>1930.720</ele>
</trkpt>
<trkpt lat="34.32827500" lon="-110.21584700">
<ele>1931.167</ele>
</trkpt>
<trkpt lat="34.32833500" lon="-110.21588700">
<ele>1931.167</ele>
</trkpt>
<trkpt lat="34.32841400" lon="-110.21594000">
<ele>1931.817</ele>
</trkpt>
<trkpt lat="34.32852800" lon="-110.21603700">
<ele>1932.286</ele>
</trkpt>
<trkpt lat="34.32862200" lon="-110.21615900">
<ele>1933.062</ele>
</trkpt>
<trkpt lat="34.32870100" lon="-110.21628300">
<ele>1933.608</ele>
</trkpt>
<trkpt lat="34.32876900" lon="-110.21642300">
<ele>1933.946</ele>
</trkpt>
<trkpt lat="34.32882700" lon="-110.21659200">
<ele>1929.568</ele>
</trkpt>
<trkpt lat="34.32883900" lon="-110.21667600">
<ele>1929.568</ele>
</trkpt>
<trkpt lat="34.32883500" lon="-110.21675400">
<ele>1929.568</ele>
</trkpt>
<trkpt lat="34.32881900" lon="-110.21683200">
<ele>1929.568</ele>
</trkpt>
<trkpt lat="34.32877600" lon="-110.21699200">
<ele>1929.568</ele>
</trkpt>
<trkpt lat="34.32875900" lon="-110.21706700">
<ele>1929.568</ele>
</trkpt>
<trkpt lat="34.32869400" lon="-110.21719500">
<ele>1929.887</ele>
</trkpt>
<trkpt lat="34.32857700" lon="-110.21725700">
<ele>1929.807</ele>
</trkpt>
<trkpt lat="34.32845000" lon="-110.21731700">
<ele>1930.047</ele>
</trkpt>
<trkpt lat="34.32838100" lon="-110.21745400">
<ele>1930.047</ele>
</trkpt>
<trkpt lat="34.32836400" lon="-110.21762400">
<ele>1927.142</ele>
</trkpt>
<trkpt lat="34.32833800" lon="-110.21778200">
<ele>1927.808</ele>
</trkpt>
<trkpt lat="34.32826900" lon="-110.21791200">
<ele>1927.808</ele>
</trkpt>
<trkpt lat="34.32820200" lon="-110.21805800">
<ele>1928.456</ele>
</trkpt>
<trkpt lat="34.32816200" lon="-110.21823200">
<ele>1928.456</ele>
</trkpt>
<trkpt lat="34.32813200" lon="-110.21839300">
<ele>1928.818</ele>
</trkpt>
<trkpt lat="34.32810500" lon="-110.21856100">
<ele>1929.025</ele>
</trkpt>
<trkpt lat="34.32808800" lon="-110.21873100">
<ele>1929.025</ele>
</trkpt>
<trkpt lat="34.32807800" lon="-110.21889200">
<ele>1929.025</ele>
</trkpt>
<trkpt lat="34.32803000" lon="-110.21904400">
<ele>1929.832</ele>
</trkpt>
<trkpt lat="34.32794900" lon="-110.21917400">
<ele>1930.654</ele>
</trkpt>
<trkpt lat="34.32790700" lon="-110.21933500">
<ele>1930.654</ele>
</trkpt>
<trkpt lat="34.32787500" lon="-110.21948700">
<ele>1930.654</ele>
</trkpt>
<trkpt lat="34.32781200" lon="-110.21962500">
<ele>1927.327</ele>
</trkpt>
<trkpt lat="34.32772600" lon="-110.21975900">
<ele>1927.591</ele>
</trkpt>
<trkpt lat="34.32767300" lon="-110.21990200">
<ele>1927.591</ele>
</trkpt>
<trkpt lat="34.32766200" lon="-110.22006000">
<ele>1927.591</ele>
</trkpt>
<trkpt lat="34.32765900" lon="-110.22023000">
<ele>1927.591</ele>
</trkpt>
<trkpt lat="34.32763100" lon="-110.22038000">
<ele>1927.803</ele>
</trkpt>
<trkpt lat="34.32753300" lon="-110.22050100">
<ele>1923.703</ele>
</trkpt>
<trkpt lat="34.32742300" lon="-110.22058600">
<ele>1923.551</ele>
</trkpt>
<trkpt lat="34.32731700" lon="-110.22068900">
<ele>1923.229</ele>
</trkpt>
<trkpt lat="34.32719300" lon="-110.22072400">
<ele>1922.817</ele>
</trkpt>
<trkpt lat="34.32706500" lon="-110.22077600">
<ele>1922.364</ele>
</trkpt>
<trkpt lat="34.32693000" lon="-110.22079300">
<ele>1920.965</ele>
</trkpt>
<trkpt lat="34.32680300" lon="-110.22081100">
<ele>1919.913</ele>
</trkpt>
<trkpt lat="34.32667900" lon="-110.22087000">
<ele>1918.746</ele>
</trkpt>
<trkpt lat="34.32659100" lon="-110.22098000">
<ele>1918.864</ele>
</trkpt>
<trkpt lat="34.32654800" lon="-110.22113700">
<ele>1918.965</ele>
</trkpt>
<trkpt lat="34.32657100" lon="-110.22128700">
<ele>1918.864</ele>
</trkpt>
<trkpt lat="34.32664600" lon="-110.22142200">
<ele>1918.864</ele>
</trkpt>
<trkpt lat="34.32671900" lon="-110.22155600">
<ele>1913.008</ele>
</trkpt>
<trkpt lat="34.32678200" lon="-110.22170100">
<ele>1912.893</ele>
</trkpt>
<trkpt lat="34.32689200" lon="-110.22177500">
<ele>1912.721</ele>
</trkpt>
<trkpt lat="34.32702100" lon="-110.22180600">
<ele>1912.287</ele>
</trkpt>
<trkpt lat="34.32713500" lon="-110.22189800">
<ele>1912.120</ele>
</trkpt>
<trkpt lat="34.32731700" lon="-110.22201500">
<ele>1911.942</ele>
</trkpt>
<trkpt lat="34.32744600" lon="-110.22207100">
<ele>1911.928</ele>
</trkpt>
<trkpt lat="34.32758600" lon="-110.22211400">
<ele>1911.418</ele>
</trkpt>
<trkpt lat="34.32772100" lon="-110.22215300">
<ele>1911.773</ele>
</trkpt>
<trkpt lat="34.32785300" lon="-110.22216800">
<ele>1912.054</ele>
</trkpt>
<trkpt lat="34.32798300" lon="-110.22215900">
<ele>1912.315</ele>
</trkpt>
<trkpt lat="34.32811900" lon="-110.22217500">
<ele>1912.738</ele>
</trkpt>
<trkpt lat="34.32826000" lon="-110.22221200">
<ele>1913.247</ele>
</trkpt>
<trkpt lat="34.32845800" lon="-110.22227200">
<ele>1913.800</ele>
</trkpt>
<trkpt lat="34.32866100" lon="-110.22229200">
<ele>1914.528</ele>
</trkpt>
<trkpt lat="34.32880700" lon="-110.22227200">
<ele>1913.973</ele>
</trkpt>
<trkpt lat="34.32892400" lon="-110.22219400">
<ele>1913.936</ele>
</trkpt>
<trkpt lat="34.32904700" lon="-110.22214600">
<ele>1914.081</ele>
</trkpt>
<trkpt lat="34.32917800" lon="-110.22220600">
<ele>1914.782</ele>
</trkpt>
<trkpt lat="34.32928600" lon="-110.22229200">
<ele>1913.700</ele>
</trkpt>
<trkpt lat="34.32939400" lon="-110.22238100">
<ele>1911.908</ele>
</trkpt>
<trkpt lat="34.32949500" lon="-110.22248400">
<ele>1910.897</ele>
</trkpt>
<trkpt lat="34.32953200" lon="-110.22254500">
<ele>1910.460</ele>
</trkpt>
<trkpt lat="34.32957300" lon="-110.22260900">
<ele>1910.347</ele>
</trkpt>
<trkpt lat="34.32960400" lon="-110.22268200">
<ele>1910.347</ele>
</trkpt>
<trkpt lat="34.32961400" lon="-110.22275800">
<ele>1910.347</ele>
</trkpt>
<trkpt lat="34.32957400" lon="-110.22281800">
<ele>1910.347</ele>
</trkpt>
<trkpt lat="34.32951000" lon="-110.22282700">
<ele>1910.460</ele>
</trkpt>
<trkpt lat="34.32944600" lon="-110.22282800">
<ele>1910.481</ele>
</trkpt>
<trkpt lat="34.32938300" lon="-110.22283000">
<ele>1910.481</ele>
</trkpt>
<trkpt lat="34.32931900" lon="-110.22283800">
<ele>1910.542</ele>
</trkpt>
<trkpt lat="34.32925500" lon="-110.22284800">
<ele>1910.542</ele>
</trkpt>
<trkpt lat="34.32919100" lon="-110.22285900">
<ele>1910.673</ele>
</trkpt>
<trkpt lat="34.32912600" lon="-110.22286700">
<ele>1910.779</ele>
</trkpt>
<trkpt lat="34.32906000" lon="-110.22287800">
<ele>1910.779</ele>
</trkpt>
<trkpt lat="34.32899700" lon="-110.22288800">
<ele>1910.846</ele>
</trkpt>
<trkpt lat="34.32893200" lon="-110.22289400">
<ele>1910.898</ele>
</trkpt>
<trkpt lat="34.32880400" lon="-110.22290700">
<ele>1910.834</ele>
</trkpt>
<trkpt lat="34.32867400" lon="-110.22294400">
<ele>1910.857</ele>
</trkpt>
<trkpt lat="34.32854800" lon="-110.22300000">
<ele>1910.955</ele>
</trkpt>
<trkpt lat="34.32842000" lon="-110.22305100">
<ele>1911.147</ele>
</trkpt>
<trkpt lat="34.32820600" lon="-110.22307300">
<ele>1911.399</ele>
</trkpt>
<trkpt lat="34.32801100" lon="-110.22309600">
<ele>1911.620</ele>
</trkpt>
<trkpt lat="34.32780300" lon="-110.22313700">
<ele>1911.743</ele>
</trkpt>
<trkpt lat="34.32758800" lon="-110.22316600">
<ele>1911.803</ele>
</trkpt>
<trkpt lat="34.32738900" lon="-110.22318100">
<ele>1911.957</ele>
</trkpt>
<trkpt lat="34.32718600" lon="-110.22318500">
<ele>1912.147</ele>
</trkpt>
<trkpt lat="34.32704500" lon="-110.22318300">
<ele>1912.390</ele>
</trkpt>
<trkpt lat="34.32691600" lon="-110.22318600">
<ele>1912.446</ele>
</trkpt>
<trkpt lat="34.32685000" lon="-110.22319400">
<ele>1912.446</ele>
</trkpt>
<trkpt lat="34.32679400" lon="-110.22323100">
<ele>1912.706</ele>
</trkpt>
<trkpt lat="34.32671300" lon="-110.22335000">
<ele>1912.813</ele>
</trkpt>
<trkpt lat="34.32662700" lon="-110.22347000">
<ele>1912.691</ele>
</trkpt>
<trkpt lat="34.32653800" lon="-110.22359300">
<ele>1913.265</ele>
</trkpt>
<trkpt lat="34.32640800" lon="-110.22377100">
<ele>1913.342</ele>
</trkpt>
<trkpt lat="34.32626500" lon="-110.22396600">
<ele>1913.396</ele>
</trkpt>
<trkpt lat="34.32615500" lon="-110.22406900">
<ele>1913.651</ele>
</trkpt>
<trkpt lat="34.32603900" lon="-110.22414700">
<ele>1913.974</ele>
</trkpt>
<trkpt lat="34.32591500" lon="-110.22421500">
<ele>1914.279</ele>
</trkpt>
<trkpt lat="34.32579500" lon="-110.22428500">
<ele>1916.435</ele>
</trkpt>
<trkpt lat="34.32571100" lon="-110.22440100">
<ele>1916.638</ele>
</trkpt>
<trkpt lat="34.32564700" lon="-110.22454200">
<ele>1921.259</ele>
</trkpt>
<trkpt lat="34.32560600" lon="-110.22460000">
<ele>1921.259</ele>
</trkpt>
<trkpt lat="34.32554700" lon="-110.22463500">
<ele>1922.293</ele>
</trkpt>
<trkpt lat="34.32544000" lon="-110.22471800">
<ele>1923.327</ele>
</trkpt>
<trkpt lat="34.32541600" lon="-110.22479400">
<ele>1923.327</ele>
</trkpt>
<trkpt lat="34.32540700" lon="-110.22487400">
<ele>1923.327</ele>
</trkpt>
<trkpt lat="34.32536500" lon="-110.22493600">
<ele>1923.327</ele>
</trkpt>
<trkpt lat="34.32525800" lon="-110.22502100">
<ele>1924.085</ele>
</trkpt>
<trkpt lat="34.32525100" lon="-110.22510300">
<ele>1924.085</ele>
</trkpt>
<trkpt lat="34.32525500" lon="-110.22518000">
<ele>1924.085</ele>
</trkpt>
<trkpt lat="34.32515200" lon="-110.22527500">
<ele>1925.160</ele>
</trkpt>
<trkpt lat="34.32503100" lon="-110.22535400">
<ele>1925.539</ele>
</trkpt>
<trkpt lat="34.32493500" lon="-110.22546900">
<ele>1925.718</ele>
</trkpt>
<trkpt lat="34.32482300" lon="-110.22557000">
<ele>1928.780</ele>
</trkpt>
<trkpt lat="34.32470300" lon="-110.22564400">
<ele>1928.697</ele>
</trkpt>
<trkpt lat="34.32458700" lon="-110.22574800">
<ele>1928.465</ele>
</trkpt>
<trkpt lat="34.32448100" lon="-110.22585400">
<ele>1928.308</ele>
</trkpt>
<trkpt lat="34.32442500" lon="-110.22590200">
<ele>1928.116</ele>
</trkpt>
<trkpt lat="34.32440200" lon="-110.22597400">
<ele>1928.116</ele>
</trkpt>
<trkpt lat="34.32440200" lon="-110.22605000">
<ele>1928.116</ele>
</trkpt>
<trkpt lat="34.32444700" lon="-110.22610800">
<ele>1928.116</ele>
</trkpt>
<trkpt lat="34.32454900" lon="-110.22620500">
<ele>1928.308</ele>
</trkpt>
<trkpt lat="34.32465700" lon="-110.22629300">
<ele>1928.697</ele>
</trkpt>
<trkpt lat="34.32477500" lon="-110.22636000">
<ele>1928.780</ele>
</trkpt>
<trkpt lat="34.32495900" lon="-110.22646300">
<ele>1928.450</ele>
</trkpt>
<trkpt lat="34.32509300" lon="-110.22655400">
<ele>1931.430</ele>
</trkpt>
<trkpt lat="34.32521500" lon="-110.22664500">
<ele>1931.127</ele>
</trkpt>
<trkpt lat="34.32533600" lon="-110.22673600">
<ele>1930.786</ele>
</trkpt>
<trkpt lat="34.32545300" lon="-110.22681600">
<ele>1929.648</ele>
</trkpt>
<trkpt lat="34.32557800" lon="-110.22688600">
<ele>1929.034</ele>
</trkpt>
<trkpt lat="34.32576600" lon="-110.22698900">
<ele>1927.384</ele>
</trkpt>
<trkpt lat="34.32588300" lon="-110.22705400">
<ele>1926.923</ele>
</trkpt>
<trkpt lat="34.32600700" lon="-110.22712700">
<ele>1926.415</ele>
</trkpt>
<trkpt lat="34.32610300" lon="-110.22724200">
<ele>1925.962</ele>
</trkpt>
<trkpt lat="34.32618700" lon="-110.22736200">
<ele>1925.423</ele>
</trkpt>
<trkpt lat="34.32627600" lon="-110.22748700">
<ele>1924.898</ele>
</trkpt>
<trkpt lat="34.32643100" lon="-110.22762300">
<ele>1928.009</ele>
</trkpt>
<trkpt lat="34.32656100" lon="-110.22772100">
<ele>1926.650</ele>
</trkpt>
<trkpt lat="34.32667400" lon="-110.22781500">
<ele>1925.862</ele>
</trkpt>
<trkpt lat="34.32677900" lon="-110.22792300">
<ele>1924.842</ele>
</trkpt>
<trkpt lat="34.32684600" lon="-110.22806000">
<ele>1924.842</ele>
</trkpt>
<trkpt lat="34.32686400" lon="-110.22822600">
<ele>1924.100</ele>
</trkpt>
<trkpt lat="34.32688400" lon="-110.22838400">
<ele>1924.100</ele>
</trkpt>
<trkpt lat="34.32690500" lon="-110.22854200">
<ele>1924.776</ele>
</trkpt>
<trkpt lat="34.32692700" lon="-110.22870700">
<ele>1924.776</ele>
</trkpt>
<trkpt lat="34.32694600" lon="-110.22887500">
<ele>1924.776</ele>
</trkpt>
<trkpt lat="34.32694300" lon="-110.22912400">
<ele>1924.776</ele>
</trkpt>
<trkpt lat="34.32694800" lon="-110.22937100">
<ele>1924.776</ele>
</trkpt>
<trkpt lat="34.32698500" lon="-110.22961500">
<ele>1923.929</ele>
</trkpt>
<trkpt lat="34.32706500" lon="-110.22984200">
<ele>1923.658</ele>
</trkpt>
<trkpt lat="34.32716100" lon="-110.23004800">
<ele>1923.365</ele>
</trkpt>
<trkpt lat="34.32719900" lon="-110.23021300">
<ele>1923.365</ele>
</trkpt>
<trkpt lat="34.32721600" lon="-110.23039000">
<ele>1923.365</ele>
</trkpt>
<trkpt lat="34.32723900" lon="-110.23055500">
<ele>1925.286</ele>
</trkpt>
<trkpt lat="34.32725200" lon="-110.23071800">
<ele>1925.000</ele>
</trkpt>
<trkpt lat="34.32725800" lon="-110.23087700">
<ele>1925.000</ele>
</trkpt>
<trkpt lat="34.32727400" lon="-110.23104600">
<ele>1925.000</ele>
</trkpt>
<trkpt lat="34.32729600" lon="-110.23121100">
<ele>1925.000</ele>
</trkpt>
<trkpt lat="34.32731900" lon="-110.23137200">
<ele>1925.000</ele>
</trkpt>
<trkpt lat="34.32735400" lon="-110.23153200">
<ele>1924.828</ele>
</trkpt>
<trkpt lat="34.32741100" lon="-110.23167100">
<ele>1924.828</ele>
</trkpt>
<trkpt lat="34.32751600" lon="-110.23176400">
<ele>1925.085</ele>
</trkpt>
<trkpt lat="34.32765000" lon="-110.23181200">
<ele>1925.284</ele>
</trkpt>
<trkpt lat="34.32778300" lon="-110.23183200">
<ele>1924.871</ele>
</trkpt>
<trkpt lat="34.32791800" lon="-110.23184900">
<ele>1924.514</ele>
</trkpt>
<trkpt lat="34.32804600" lon="-110.23186700">
<ele>1924.090</ele>
</trkpt>
<trkpt lat="34.32817500" lon="-110.23192900">
<ele>1922.620</ele>
</trkpt>
<trkpt lat="34.32828900" lon="-110.23201700">
<ele>1921.909</ele>
</trkpt>
<trkpt lat="34.32846000" lon="-110.23215200">
<ele>1920.969</ele>
</trkpt>
<trkpt lat="34.32862500" lon="-110.23230600">
<ele>1920.733</ele>
</trkpt>
<trkpt lat="34.32877900" lon="-110.23246100">
<ele>1920.385</ele>
</trkpt>
<trkpt lat="34.32889100" lon="-110.23256800">
<ele>1921.574</ele>
</trkpt>
<trkpt lat="34.32900100" lon="-110.23266500">
<ele>1921.201</ele>
</trkpt>
<trkpt lat="34.32912300" lon="-110.23275600">
<ele>1920.115</ele>
</trkpt>
<trkpt lat="34.32924200" lon="-110.23283300">
<ele>1920.020</ele>
</trkpt>
<trkpt lat="34.32935800" lon="-110.23291400">
<ele>1920.803</ele>
</trkpt>
<trkpt lat="34.32948500" lon="-110.23299100">
<ele>1920.678</ele>
</trkpt>
<trkpt lat="34.32967100" lon="-110.23307600">
<ele>1921.326</ele>
</trkpt>
<trkpt lat="34.32987200" lon="-110.23313300">
<ele>1922.675</ele>
</trkpt>
<trkpt lat="34.33001000" lon="-110.23315000">
<ele>1923.836</ele>
</trkpt>
<trkpt lat="34.33015100" lon="-110.23318600">
<ele>1925.733</ele>
</trkpt>
<trkpt lat="34.33027700" lon="-110.23323900">
<ele>1926.284</ele>
</trkpt>
<trkpt lat="34.33040500" lon="-110.23331100">
<ele>1926.965</ele>
</trkpt>
<trkpt lat="34.33057500" lon="-110.23343300">
<ele>1928.248</ele>
</trkpt>
<trkpt lat="34.33070400" lon="-110.23349100">
<ele>1928.684</ele>
</trkpt>
<trkpt lat="34.33084300" lon="-110.23352400">
<ele>1924.983</ele>
</trkpt>
<trkpt lat="34.33097700" lon="-110.23351400">
<ele>1925.988</ele>
</trkpt>
<trkpt lat="34.33110600" lon="-110.23347600">
<ele>1928.537</ele>
</trkpt>
<trkpt lat="34.33124000" lon="-110.23349400">
<ele>1928.231</ele>
</trkpt>
<trkpt lat="34.33136900" lon="-110.23348100">
<ele>1927.984</ele>
</trkpt>
<trkpt lat="34.33150200" lon="-110.23342400">
<ele>1927.714</ele>
</trkpt>
<trkpt lat="34.33168600" lon="-110.23332800">
<ele>1927.444</ele>
</trkpt>
<trkpt lat="34.33188000" lon="-110.23325300">
<ele>1927.120</ele>
</trkpt>
<trkpt lat="34.33208800" lon="-110.23319100">
<ele>1927.120</ele>
</trkpt>
<trkpt lat="34.33228500" lon="-110.23312200">
<ele>1927.268</ele>
</trkpt>
<trkpt lat="34.33248000" lon="-110.23304400">
<ele>1927.212</ele>
</trkpt>
<trkpt lat="34.33268100" lon="-110.23296000">
<ele>1928.068</ele>
</trkpt>
<trkpt lat="34.33281300" lon="-110.23290500">
<ele>1928.240</ele>
</trkpt>
<trkpt lat="34.33293800" lon="-110.23285000">
<ele>1928.411</ele>
</trkpt>
<trkpt lat="34.33306700" lon="-110.23281300">
<ele>1929.016</ele>
</trkpt>
<trkpt lat="34.33320700" lon="-110.23277600">
<ele>1929.583</ele>
</trkpt>
<trkpt lat="34.33333200" lon="-110.23272100">
<ele>1930.492</ele>
</trkpt>
<trkpt lat="34.33346000" lon="-110.23266400">
<ele>1932.718</ele>
</trkpt>
<trkpt lat="34.33365300" lon="-110.23259600">
<ele>1935.004</ele>
</trkpt>
<trkpt lat="34.33379700" lon="-110.23257100">
<ele>1936.202</ele>
</trkpt>
<trkpt lat="34.33399200" lon="-110.23258900">
<ele>1937.490</ele>
</trkpt>
<trkpt lat="34.33419600" lon="-110.23262500">
<ele>1937.057</ele>
</trkpt>
<trkpt lat="34.33440500" lon="-110.23263800">
<ele>1936.262</ele>
</trkpt>
<trkpt lat="34.33462100" lon="-110.23265100">
<ele>1935.874</ele>
</trkpt>
<trkpt lat="34.33483200" lon="-110.23267600">
<ele>1936.567</ele>
</trkpt>
<trkpt lat="34.33503500" lon="-110.23272300">
<ele>1937.486</ele>
</trkpt>
<trkpt lat="34.33523400" lon="-110.23277300">
<ele>1938.208</ele>
</trkpt>
<trkpt lat="34.33544000" lon="-110.23276100">
<ele>1939.321</ele>
</trkpt>
<trkpt lat="34.33558900" lon="-110.23273700">
<ele>1941.037</ele>
</trkpt>
<trkpt lat="34.33572200" lon="-110.23270000">
<ele>1941.965</ele>
</trkpt>
<trkpt lat="34.33585400" lon="-110.23266300">
<ele>1943.780</ele>
</trkpt>
<trkpt lat="34.33605100" lon="-110.23269400">
<ele>1945.079</ele>
</trkpt>
<trkpt lat="34.33617600" lon="-110.23274900">
<ele>1945.181</ele>
</trkpt>
<trkpt lat="34.33632000" lon="-110.23276900">
<ele>1944.552</ele>
</trkpt>
<trkpt lat="34.33646600" lon="-110.23275500">
<ele>1941.015</ele>
</trkpt>
<trkpt lat="34.33659700" lon="-110.23274300">
<ele>1939.541</ele>
</trkpt>
<trkpt lat="34.33673500" lon="-110.23275400">
<ele>1938.562</ele>
</trkpt>
<trkpt lat="34.33686100" lon="-110.23279800">
<ele>1937.594</ele>
</trkpt>
<trkpt lat="34.33698800" lon="-110.23286800">
<ele>1937.088</ele>
</trkpt>
<trkpt lat="34.33710800" lon="-110.23293700">
<ele>1936.488</ele>
</trkpt>
<trkpt lat="34.33724300" lon="-110.23297000">
<ele>1935.737</ele>
</trkpt>
<trkpt lat="34.33737600" lon="-110.23296500">
<ele>1933.959</ele>
</trkpt>
<trkpt lat="34.33751600" lon="-110.23292700">
<ele>1933.327</ele>
</trkpt>
<trkpt lat="34.33764400" lon="-110.23287100">
<ele>1932.755</ele>
</trkpt>
<trkpt lat="34.33785600" lon="-110.23286300">
<ele>1931.342</ele>
</trkpt>
<trkpt lat="34.33804900" lon="-110.23290400">
<ele>1931.270</ele>
</trkpt>
<trkpt lat="34.33819800" lon="-110.23292900">
<ele>1931.101</ele>
</trkpt>
<trkpt lat="34.33833700" lon="-110.23295200">
<ele>1930.952</ele>
</trkpt>
<trkpt lat="34.33847000" lon="-110.23297300">
<ele>1930.377</ele>
</trkpt>
<trkpt lat="34.33860900" lon="-110.23298500">
<ele>1929.968</ele>
</trkpt>
<trkpt lat="34.33874900" lon="-110.23297500">
<ele>1929.139</ele>
</trkpt>
<trkpt lat="34.33888900" lon="-110.23294800">
<ele>1927.916</ele>
</trkpt>
<trkpt lat="34.33909400" lon="-110.23291800">
<ele>1926.982</ele>
</trkpt>
<trkpt lat="34.33929200" lon="-110.23290600">
<ele>1925.900</ele>
</trkpt>
<trkpt lat="34.33949300" lon="-110.23289600">
<ele>1924.756</ele>
</trkpt>
<trkpt lat="34.33970100" lon="-110.23289700">
<ele>1923.654</ele>
</trkpt>
<trkpt lat="34.33983800" lon="-110.23289200">
<ele>1923.041</ele>
</trkpt>
<trkpt lat="34.33997600" lon="-110.23287500">
<ele>1921.776</ele>
</trkpt>
<trkpt lat="34.34011100" lon="-110.23285000">
<ele>1920.911</ele>
</trkpt>
<trkpt lat="34.34023600" lon="-110.23280500">
<ele>1920.105</ele>
</trkpt>
<trkpt lat="34.34036900" lon="-110.23276500">
<ele>1918.816</ele>
</trkpt>
<trkpt lat="34.34050400" lon="-110.23273500">
<ele>1918.184</ele>
</trkpt>
<trkpt lat="34.34063500" lon="-110.23270100">
<ele>1917.344</ele>
</trkpt>
<trkpt lat="34.34076300" lon="-110.23265300">
<ele>1916.625</ele>
</trkpt>
<trkpt lat="34.34088200" lon="-110.23257000">
<ele>1916.477</ele>
</trkpt>
<trkpt lat="34.34100700" lon="-110.23239500">
<ele>1916.946</ele>
</trkpt>
<trkpt lat="34.34109100" lon="-110.23226200">
<ele>1916.172</ele>
</trkpt>
<trkpt lat="34.34119100" lon="-110.23212800">
<ele>1914.903</ele>
</trkpt>
<trkpt lat="34.34124700" lon="-110.23198100">
<ele>1914.903</ele>
</trkpt>
<trkpt lat="34.34129500" lon="-110.23182500">
<ele>1914.216</ele>
</trkpt>
<trkpt lat="34.34134300" lon="-110.23167000">
<ele>1914.216</ele>
</trkpt>
<trkpt lat="34.34139900" lon="-110.23151900">
<ele>1913.407</ele>
</trkpt>
<trkpt lat="34.34152200" lon="-110.23151600">
<ele>1913.291</ele>
</trkpt>
<trkpt lat="34.34164500" lon="-110.23156200">
<ele>1913.772</ele>
</trkpt>
<trkpt lat="34.34170800" lon="-110.23153400">
<ele>1913.938</ele>
</trkpt>
<trkpt lat="34.34181900" lon="-110.23144600">
<ele>1911.835</ele>
</trkpt>
<trkpt lat="34.34194300" lon="-110.23137500">
<ele>1911.648</ele>
</trkpt>
<trkpt lat="34.34208000" lon="-110.23136400">
<ele>1909.290</ele>
</trkpt>
<trkpt lat="34.34221800" lon="-110.23139700">
<ele>1910.942</ele>
</trkpt>
<trkpt lat="34.34241800" lon="-110.23146300">
<ele>1911.380</ele>
</trkpt>
<trkpt lat="34.34256000" lon="-110.23146300">
<ele>1912.058</ele>
</trkpt>
<trkpt lat="34.34275900" lon="-110.23142000">
<ele>1913.260</ele>
</trkpt>
<trkpt lat="34.34288700" lon="-110.23144100">
<ele>1913.924</ele>
</trkpt>
<trkpt lat="34.34300700" lon="-110.23150600">
<ele>1917.980</ele>
</trkpt>
<trkpt lat="34.34313000" lon="-110.23157100">
<ele>1918.546</ele>
</trkpt>
<trkpt lat="34.34325900" lon="-110.23162600">
<ele>1920.021</ele>
</trkpt>
<trkpt lat="34.34338200" lon="-110.23169000">
<ele>1920.543</ele>
</trkpt>
<trkpt lat="34.34349400" lon="-110.23177000">
<ele>1921.661</ele>
</trkpt>
<trkpt lat="34.34361000" lon="-110.23185100">
<ele>1922.295</ele>
</trkpt>
<trkpt lat="34.34367100" lon="-110.23187800">
<ele>1922.864</ele>
</trkpt>
<trkpt lat="34.34380400" lon="-110.23186700">
<ele>1923.521</ele>
</trkpt>
<trkpt lat="34.34394100" lon="-110.23184200">
<ele>1924.007</ele>
</trkpt>
<trkpt lat="34.34408200" lon="-110.23182500">
<ele>1924.526</ele>
</trkpt>
<trkpt lat="34.34421800" lon="-110.23184300">
<ele>1924.640</ele>
</trkpt>
<trkpt lat="34.34434800" lon="-110.23187400">
<ele>1924.561</ele>
</trkpt>
<trkpt lat="34.34448400" lon="-110.23190900">
<ele>1923.657</ele>
</trkpt>
<trkpt lat="34.34461400" lon="-110.23194500">
<ele>1923.159</ele>
</trkpt>
<trkpt lat="34.34474800" lon="-110.23198400">
<ele>1922.522</ele>
</trkpt>
<trkpt lat="34.34487600" lon="-110.23201600">
<ele>1920.848</ele>
</trkpt>
<trkpt lat="34.34500600" lon="-110.23203400">
<ele>1920.414</ele>
</trkpt>
<trkpt lat="34.34507200" lon="-110.23204100">
<ele>1919.785</ele>
</trkpt>
<trkpt lat="34.34513500" lon="-110.23205400">
<ele>1919.785</ele>
</trkpt>
<trkpt lat="34.34533100" lon="-110.23214100">
<ele>1918.997</ele>
</trkpt>
<trkpt lat="34.34550200" lon="-110.23228800">
<ele>1920.838</ele>
</trkpt>
<trkpt lat="34.34565900" lon="-110.23243600">
<ele>1924.889</ele>
</trkpt>
<trkpt lat="34.34582500" lon="-110.23258200">
<ele>1924.617</ele>
</trkpt>
<trkpt lat="34.34594200" lon="-110.23268900">
<ele>1924.369</ele>
</trkpt>
<trkpt lat="34.34604100" lon="-110.23278700">
<ele>1923.954</ele>
</trkpt>
<trkpt lat="34.34616400" lon="-110.23284600">
<ele>1923.685</ele>
</trkpt>
<trkpt lat="34.34629200" lon="-110.23287900">
<ele>1923.875</ele>
</trkpt>
<trkpt lat="34.34642000" lon="-110.23295700">
<ele>1924.098</ele>
</trkpt>
<trkpt lat="34.34658000" lon="-110.23310900">
<ele>1923.848</ele>
</trkpt>
<trkpt lat="34.34675600" lon="-110.23323700">
<ele>1923.859</ele>
</trkpt>
<trkpt lat="34.34687300" lon="-110.23332300">
<ele>1924.666</ele>
</trkpt>
<trkpt lat="34.34697500" lon="-110.23342500">
<ele>1926.247</ele>
</trkpt>
<trkpt lat="34.34708700" lon="-110.23350600">
<ele>1927.239</ele>
</trkpt>
<trkpt lat="34.34721300" lon="-110.23355200">
<ele>1927.262</ele>
</trkpt>
<trkpt lat="34.34734100" lon="-110.23354600">
<ele>1927.531</ele>
</trkpt>
<trkpt lat="34.34747800" lon="-110.23351100">
<ele>1927.956</ele>
</trkpt>
<trkpt lat="34.34759900" lon="-110.23345100">
<ele>1929.716</ele>
</trkpt>
<trkpt lat="34.34773900" lon="-110.23339000">
<ele>1929.426</ele>
</trkpt>
<trkpt lat="34.34791000" lon="-110.23327000">
<ele>1929.331</ele>
</trkpt>
<trkpt lat="34.34808000" lon="-110.23312200">
<ele>1929.165</ele>
</trkpt>
<trkpt lat="34.34824500" lon="-110.23297700">
<ele>1928.937</ele>
</trkpt>
<trkpt lat="34.34840000" lon="-110.23280400">
<ele>1929.164</ele>
</trkpt>
<trkpt lat="34.34855200" lon="-110.23263100">
<ele>1929.285</ele>
</trkpt>
<trkpt lat="34.34871200" lon="-110.23247100">
<ele>1929.750</ele>
</trkpt>
<trkpt lat="34.34888500" lon="-110.23231000">
<ele>1930.291</ele>
</trkpt>
<trkpt lat="34.34902200" lon="-110.23227300">
<ele>1930.480</ele>
</trkpt>
<trkpt lat="34.34916000" lon="-110.23226600">
<ele>1930.977</ele>
</trkpt>
<trkpt lat="34.34929800" lon="-110.23224000">
<ele>1931.181</ele>
</trkpt>
<trkpt lat="34.34942300" lon="-110.23218600">
<ele>1931.399</ele>
</trkpt>
<trkpt lat="34.34955400" lon="-110.23214800">
<ele>1932.035</ele>
</trkpt>
<trkpt lat="34.34968200" lon="-110.23212000">
<ele>1932.250</ele>
</trkpt>
<trkpt lat="34.34987700" lon="-110.23205300">
<ele>1932.252</ele>
</trkpt>
<trkpt lat="34.35001800" lon="-110.23200900">
<ele>1932.432</ele>
</trkpt>
<trkpt lat="34.35022500" lon="-110.23196000">
<ele>1932.842</ele>
</trkpt>
<trkpt lat="34.35042500" lon="-110.23189600">
<ele>1933.095</ele>
</trkpt>
<trkpt lat="34.35062800" lon="-110.23184000">
<ele>1933.583</ele>
</trkpt>
<trkpt lat="34.35083100" lon="-110.23181700">
<ele>1934.075</ele>
</trkpt>
<trkpt lat="34.35103000" lon="-110.23181000">
<ele>1934.517</ele>
</trkpt>
<trkpt lat="34.35124100" lon="-110.23172200">
<ele>1934.824</ele>
</trkpt>
<trkpt lat="34.35144100" lon="-110.23168100">
<ele>1935.879</ele>
</trkpt>
<trkpt lat="34.35158100" lon="-110.23171200">
<ele>1937.363</ele>
</trkpt>
<trkpt lat="34.35170900" lon="-110.23176400">
<ele>1937.936</ele>
</trkpt>
<trkpt lat="34.35184500" lon="-110.23177700">
<ele>1938.433</ele>
</trkpt>
<trkpt lat="34.35198700" lon="-110.23174200">
<ele>1939.807</ele>
</trkpt>
<trkpt lat="34.35211700" lon="-110.23168300">
<ele>1940.497</ele>
</trkpt>
<trkpt lat="34.35230900" lon="-110.23158900">
<ele>1942.217</ele>
</trkpt>
<trkpt lat="34.35251300" lon="-110.23154200">
<ele>1943.019</ele>
</trkpt>
<trkpt lat="34.35272200" lon="-110.23155300">
<ele>1943.388</ele>
</trkpt>
<trkpt lat="34.35293500" lon="-110.23155500">
<ele>1943.368</ele>
</trkpt>
<trkpt lat="34.35306800" lon="-110.23154000">
<ele>1942.738</ele>
</trkpt>
<trkpt lat="34.35313500" lon="-110.23151900">
<ele>1942.738</ele>
</trkpt>
<trkpt lat="34.35323900" lon="-110.23142100">
<ele>1933.915</ele>
</trkpt>
<trkpt lat="34.35331700" lon="-110.23128200">
<ele>1933.227</ele>
</trkpt>
<trkpt lat="34.35336500" lon="-110.23113000">
<ele>1932.991</ele>
</trkpt>
<trkpt lat="34.35342200" lon="-110.23097800">
<ele>1932.991</ele>
</trkpt>
<trkpt lat="34.35351400" lon="-110.23084000">
<ele>1933.301</ele>
</trkpt>
<trkpt lat="34.35362700" lon="-110.23075900">
<ele>1934.970</ele>
</trkpt>
<trkpt lat="34.35375500" lon="-110.23069900">
<ele>1936.209</ele>
</trkpt>
<trkpt lat="34.35394700" lon="-110.23061800">
<ele>1936.613</ele>
</trkpt>
<trkpt lat="34.35412900" lon="-110.23053100">
<ele>1936.457</ele>
</trkpt>
<trkpt lat="34.35432400" lon="-110.23042600">
<ele>1928.780</ele>
</trkpt>
<trkpt lat="34.35451900" lon="-110.23035000">
<ele>1930.021</ele>
</trkpt>
<trkpt lat="34.35466800" lon="-110.23031400">
<ele>1929.366</ele>
</trkpt>
<trkpt lat="34.35480500" lon="-110.23029100">
<ele>1929.211</ele>
</trkpt>
<trkpt lat="34.35487100" lon="-110.23029000">
<ele>1928.932</ele>
</trkpt>
<trkpt lat="34.35493500" lon="-110.23029000">
<ele>1928.932</ele>
</trkpt>
<trkpt lat="34.35506600" lon="-110.23032400">
<ele>1929.001</ele>
</trkpt>
<trkpt lat="34.35525800" lon="-110.23043400">
<ele>1929.044</ele>
</trkpt>
<trkpt lat="34.35537900" lon="-110.23050000">
<ele>1934.159</ele>
</trkpt>
<trkpt lat="34.35551300" lon="-110.23052900">
<ele>1933.685</ele>
</trkpt>
<trkpt lat="34.35565200" lon="-110.23050300">
<ele>1933.122</ele>
</trkpt>
<trkpt lat="34.35578400" lon="-110.23047500">
<ele>1934.635</ele>
</trkpt>
<trkpt lat="34.35590500" lon="-110.23053100">
<ele>1932.811</ele>
</trkpt>
<trkpt lat="34.35602000" lon="-110.23063100">
<ele>1932.667</ele>
</trkpt>
<trkpt lat="34.35613200" lon="-110.23073700">
<ele>1932.625</ele>
</trkpt>
<trkpt lat="34.35628900" lon="-110.23087900">
<ele>1933.206</ele>
</trkpt>
<trkpt lat="34.35646000" lon="-110.23102400">
<ele>1934.144</ele>
</trkpt>
<trkpt lat="34.35660300" lon="-110.23119900">
<ele>1934.843</ele>
</trkpt>
<trkpt lat="34.35675200" lon="-110.23138300">
<ele>1936.038</ele>
</trkpt>
<trkpt lat="34.35687800" lon="-110.23157200">
<ele>1936.230</ele>
</trkpt>
<trkpt lat="34.35691000" lon="-110.23181100">
<ele>1936.230</ele>
</trkpt>
<trkpt lat="34.35691500" lon="-110.23206000">
<ele>1936.230</ele>
</trkpt>
<trkpt lat="34.35690500" lon="-110.23222900">
<ele>1936.230</ele>
</trkpt>
<trkpt lat="34.35689500" lon="-110.23238400">
<ele>1936.230</ele>
</trkpt>
<trkpt lat="34.35693000" lon="-110.23254800">
<ele>1938.358</ele>
</trkpt>
<trkpt lat="34.35699700" lon="-110.23269700">
<ele>1938.142</ele>
</trkpt>
<trkpt lat="34.35708500" lon="-110.23283500">
<ele>1937.888</ele>
</trkpt>
<trkpt lat="34.35718000" lon="-110.23296000">
<ele>1937.432</ele>
</trkpt>
<trkpt lat="34.35727600" lon="-110.23309400">
<ele>1937.287</ele>
</trkpt>
<trkpt lat="34.35736100" lon="-110.23321600">
<ele>1937.019</ele>
</trkpt>
<trkpt lat="34.35745000" lon="-110.23334400">
<ele>1936.878</ele>
</trkpt>
<trkpt lat="34.35760000" lon="-110.23351600">
<ele>1938.595</ele>
</trkpt>
<trkpt lat="34.35773900" lon="-110.23373300">
<ele>1938.404</ele>
</trkpt>
<trkpt lat="34.35787600" lon="-110.23395000">
<ele>1938.033</ele>
</trkpt>
<trkpt lat="34.35800300" lon="-110.23414400">
<ele>1938.028</ele>
</trkpt>
<trkpt lat="34.35808100" lon="-110.23427700">
<ele>1937.644</ele>
</trkpt>
<trkpt lat="34.35815500" lon="-110.23442100">
<ele>1937.260</ele>
</trkpt>
<trkpt lat="34.35820300" lon="-110.23456300">
<ele>1936.873</ele>
</trkpt>
<trkpt lat="34.35819000" lon="-110.23472800">
<ele>1936.873</ele>
</trkpt>
<trkpt lat="34.35818000" lon="-110.23488400">
<ele>1936.873</ele>
</trkpt>
<trkpt lat="34.35822800" lon="-110.23504200">
<ele>1936.873</ele>
</trkpt>
<trkpt lat="34.35832100" lon="-110.23516700">
<ele>1936.695</ele>
</trkpt>
<trkpt lat="34.35836700" lon="-110.23523000">
<ele>1936.224</ele>
</trkpt>
<trkpt lat="34.35844200" lon="-110.23535400">
<ele>1936.224</ele>
</trkpt>
<trkpt lat="34.35849000" lon="-110.23550300">
<ele>1937.336</ele>
</trkpt>
<trkpt lat="34.35854200" lon="-110.23564900">
<ele>1937.336</ele>
</trkpt>
<trkpt lat="34.35863500" lon="-110.23587900">
<ele>1936.810</ele>
</trkpt>
<trkpt lat="34.35870200" lon="-110.23603300">
<ele>1936.267</ele>
</trkpt>
<trkpt lat="34.35879900" lon="-110.23625800">
<ele>1935.844</ele>
</trkpt>
<trkpt lat="34.35885900" lon="-110.23641100">
<ele>1935.672</ele>
</trkpt>
<trkpt lat="34.35886500" lon="-110.23657800">
<ele>1939.771</ele>
</trkpt>
<trkpt lat="34.35883000" lon="-110.23673300">
<ele>1939.477</ele>
</trkpt>
<trkpt lat="34.35877300" lon="-110.23688800">
<ele>1939.477</ele>
</trkpt>
<trkpt lat="34.35873200" lon="-110.23704400">
<ele>1939.012</ele>
</trkpt>
<trkpt lat="34.35870100" lon="-110.23720900">
<ele>1939.012</ele>
</trkpt>
<trkpt lat="34.35868800" lon="-110.23737400">
<ele>1939.012</ele>
</trkpt>
<trkpt lat="34.35870500" lon="-110.23753300">
<ele>1942.987</ele>
</trkpt>
<trkpt lat="34.35872200" lon="-110.23769800">
<ele>1942.987</ele>
</trkpt>
<trkpt lat="34.35871600" lon="-110.23786600">
<ele>1942.987</ele>
</trkpt>
<trkpt lat="34.35867700" lon="-110.23803400">
<ele>1942.987</ele>
</trkpt>
<trkpt lat="34.35862500" lon="-110.23818200">
<ele>1942.128</ele>
</trkpt>
<trkpt lat="34.35860200" lon="-110.23834400">
<ele>1942.128</ele>
</trkpt>
<trkpt lat="34.35857800" lon="-110.23850100">
<ele>1937.886</ele>
</trkpt>
<trkpt lat="34.35853300" lon="-110.23864800">
<ele>1937.137</ele>
</trkpt>
<trkpt lat="34.35847700" lon="-110.23879500">
<ele>1937.137</ele>
</trkpt>
<trkpt lat="34.35844400" lon="-110.23895100">
<ele>1936.692</ele>
</trkpt>
<trkpt lat="34.35842900" lon="-110.23911200">
<ele>1936.692</ele>
</trkpt>
<trkpt lat="34.35842900" lon="-110.23926800">
<ele>1936.692</ele>
</trkpt>
<trkpt lat="34.35843600" lon="-110.23943800">
<ele>1936.692</ele>
</trkpt>
<trkpt lat="34.35847800" lon="-110.23960900">
<ele>1935.023</ele>
</trkpt>
<trkpt lat="34.35849600" lon="-110.23976500">
<ele>1935.023</ele>
</trkpt>
<trkpt lat="34.35847400" lon="-110.23993200">
<ele>1935.023</ele>
</trkpt>
<trkpt lat="34.35844700" lon="-110.24010100">
<ele>1934.240</ele>
</trkpt>
<trkpt lat="34.35841100" lon="-110.24026300">
<ele>1934.240</ele>
</trkpt>
<trkpt lat="34.35837100" lon="-110.24042200">
<ele>1934.240</ele>
</trkpt>
<trkpt lat="34.35834100" lon="-110.24065300">
<ele>1928.688</ele>
</trkpt>
<trkpt lat="34.35833300" lon="-110.24082600">
<ele>1928.688</ele>
</trkpt>
<trkpt lat="34.35832200" lon="-110.24106900">
<ele>1928.688</ele>
</trkpt>
<trkpt lat="34.35831400" lon="-110.24130900">
<ele>1928.688</ele>
</trkpt>
<trkpt lat="34.35830900" lon="-110.24156100">
<ele>1926.786</ele>
</trkpt>
<trkpt lat="34.35833600" lon="-110.24180500">
<ele>1926.786</ele>
</trkpt>
<trkpt lat="34.35834700" lon="-110.24198000">
<ele>1926.786</ele>
</trkpt>
<trkpt lat="34.35834800" lon="-110.24222400">
<ele>1926.786</ele>
</trkpt>
<trkpt lat="34.35834200" lon="-110.24238900">
<ele>1926.786</ele>
</trkpt>
<trkpt lat="34.35834100" lon="-110.24256000">
<ele>1924.247</ele>
</trkpt>
<trkpt lat="34.35834500" lon="-110.24271900">
<ele>1924.247</ele>
</trkpt>
<trkpt lat="34.35835300" lon="-110.24287900">
<ele>1924.282</ele>
</trkpt>
<trkpt lat="34.35835000" lon="-110.24295500">
<ele>1924.282</ele>
</trkpt>
<trkpt lat="34.35832900" lon="-110.24302800">
<ele>1924.247</ele>
</trkpt>
<trkpt lat="34.35827700" lon="-110.24307400">
<ele>1924.247</ele>
</trkpt>
<trkpt lat="34.35821500" lon="-110.24309700">
<ele>1924.078</ele>
</trkpt>
<trkpt lat="34.35816600" lon="-110.24314600">
<ele>1924.078</ele>
</trkpt>
<trkpt lat="34.35814500" lon="-110.24321800">
<ele>1924.144</ele>
</trkpt>
<trkpt lat="34.35814100" lon="-110.24337200">
<ele>1924.144</ele>
</trkpt>
<trkpt lat="34.35815900" lon="-110.24353400">
<ele>1924.512</ele>
</trkpt>
<trkpt lat="34.35816000" lon="-110.24370000">
<ele>1924.512</ele>
</trkpt>
<trkpt lat="34.35817200" lon="-110.24385800">
<ele>1924.512</ele>
</trkpt>
<trkpt lat="34.35816900" lon="-110.24401800">
<ele>1924.512</ele>
</trkpt>
<trkpt lat="34.35814200" lon="-110.24416800">
<ele>1924.947</ele>
</trkpt>
<trkpt lat="34.35811700" lon="-110.24433000">
<ele>1924.947</ele>
</trkpt>
<trkpt lat="34.35812900" lon="-110.24448700">
<ele>1924.947</ele>
</trkpt>
<trkpt lat="34.35813200" lon="-110.24464700">
<ele>1924.332</ele>
</trkpt>
<trkpt lat="34.35814600" lon="-110.24480000">
<ele>1924.332</ele>
</trkpt>
<trkpt lat="34.35813800" lon="-110.24498000">
<ele>1924.332</ele>
</trkpt>
<trkpt lat="34.35814100" lon="-110.24521300">
<ele>1924.332</ele>
</trkpt>
<trkpt lat="34.35817000" lon="-110.24546400">
<ele>1924.094</ele>
</trkpt>
<trkpt lat="34.35819200" lon="-110.24562200">
<ele>1927.002</ele>
</trkpt>
<trkpt lat="34.35820400" lon="-110.24578700">
<ele>1927.002</ele>
</trkpt>
<trkpt lat="34.35820900" lon="-110.24595100">
<ele>1927.002</ele>
</trkpt>
<trkpt lat="34.35820700" lon="-110.24619200">
<ele>1927.002</ele>
</trkpt>
<trkpt lat="34.35816900" lon="-110.24636100">
<ele>1927.002</ele>
</trkpt>
<trkpt lat="34.35809400" lon="-110.24651700">
<ele>1928.370</ele>
</trkpt>
<trkpt lat="34.35810400" lon="-110.24666800">
<ele>1928.370</ele>
</trkpt>
<trkpt lat="34.35816700" lon="-110.24681700">
<ele>1927.441</ele>
</trkpt>
<trkpt lat="34.35822800" lon="-110.24696000">
<ele>1927.441</ele>
</trkpt>
<trkpt lat="34.35820400" lon="-110.24711500">
<ele>1927.441</ele>
</trkpt>
<trkpt lat="34.35819700" lon="-110.24727500">
<ele>1927.441</ele>
</trkpt>
<trkpt lat="34.35820600" lon="-110.24744100">
<ele>1927.441</ele>
</trkpt>
<trkpt lat="34.35820700" lon="-110.24761300">
<ele>1923.637</ele>
</trkpt>
<trkpt lat="34.35821600" lon="-110.24777100">
<ele>1923.637</ele>
</trkpt>
<trkpt lat="34.35823500" lon="-110.24792300">
<ele>1923.637</ele>
</trkpt>
<trkpt lat="34.35824700" lon="-110.24808800">
<ele>1923.637</ele>
</trkpt>
<trkpt lat="34.35824600" lon="-110.24825300">
<ele>1923.637</ele>
</trkpt>
<trkpt lat="34.35823900" lon="-110.24841700">
<ele>1923.637</ele>
</trkpt>
<trkpt lat="34.35823600" lon="-110.24859200">
<ele>1923.366</ele>
</trkpt>
<trkpt lat="34.35824000" lon="-110.24875200">
<ele>1923.366</ele>
</trkpt>
<trkpt lat="34.35823300" lon="-110.24893100">
<ele>1923.366</ele>
</trkpt>
<trkpt lat="34.35822500" lon="-110.24909500">
<ele>1923.366</ele>
</trkpt>
<trkpt lat="34.35825600" lon="-110.24926200">
<ele>1923.079</ele>
</trkpt>
<trkpt lat="34.35827300" lon="-110.24941900">
<ele>1923.079</ele>
</trkpt>
<trkpt lat="34.35827100" lon="-110.24957800">
<ele>1926.331</ele>
</trkpt>
<trkpt lat="34.35822100" lon="-110.24972500">
<ele>1926.728</ele>
</trkpt>
<trkpt lat="34.35816000" lon="-110.24986900">
<ele>1926.728</ele>
</trkpt>
<trkpt lat="34.35811400" lon="-110.25002700">
<ele>1926.975</ele>
</trkpt>
<trkpt lat="34.35808500" lon="-110.25018100">
<ele>1926.975</ele>
</trkpt>
<trkpt lat="34.35805500" lon="-110.25041400">
<ele>1926.975</ele>
</trkpt>
<trkpt lat="34.35804600" lon="-110.25058100">
<ele>1928.419</ele>
</trkpt>
<trkpt lat="34.35803100" lon="-110.25075300">
<ele>1928.419</ele>
</trkpt>
<trkpt lat="34.35798400" lon="-110.25099200">
<ele>1928.419</ele>
</trkpt>
<trkpt lat="34.35795100" lon="-110.25114400">
<ele>1928.419</ele>
</trkpt>
<trkpt lat="34.35793700" lon="-110.25130700">
<ele>1928.378</ele>
</trkpt>
<trkpt lat="34.35794400" lon="-110.25147000">
<ele>1928.378</ele>
</trkpt>
<trkpt lat="34.35795600" lon="-110.25171000">
<ele>1931.723</ele>
</trkpt>
<trkpt lat="34.35796700" lon="-110.25186300">
<ele>1931.723</ele>
</trkpt>
<trkpt lat="34.35800400" lon="-110.25202100">
<ele>1931.723</ele>
</trkpt>
<trkpt lat="34.35806900" lon="-110.25216200">
<ele>1932.104</ele>
</trkpt>
<trkpt lat="34.35813500" lon="-110.25230100">
<ele>1932.104</ele>
</trkpt>
<trkpt lat="34.35820800" lon="-110.25244700">
<ele>1932.068</ele>
</trkpt>
<trkpt lat="34.35827800" lon="-110.25258900">
<ele>1936.528</ele>
</trkpt>
<trkpt lat="34.35830600" lon="-110.25266000">
<ele>1936.528</ele>
</trkpt>
<trkpt lat="34.35836500" lon="-110.25279900">
<ele>1936.501</ele>
</trkpt>
<trkpt lat="34.35838500" lon="-110.25294900">
<ele>1936.501</ele>
</trkpt>
<trkpt lat="34.35838100" lon="-110.25310700">
<ele>1936.501</ele>
</trkpt>
<trkpt lat="34.35838300" lon="-110.25327800">
<ele>1936.501</ele>
</trkpt>
<trkpt lat="34.35834200" lon="-110.25343400">
<ele>1936.528</ele>
</trkpt>
<trkpt lat="34.35827900" lon="-110.25357900">
<ele>1944.582</ele>
</trkpt>
<trkpt lat="34.35834600" lon="-110.25371100">
<ele>1944.582</ele>
</trkpt>
<trkpt lat="34.35837200" lon="-110.25386200">
<ele>1944.917</ele>
</trkpt>
<trkpt lat="34.35829900" lon="-110.25400500">
<ele>1944.582</ele>
</trkpt>
<trkpt lat="34.35822400" lon="-110.25413100">
<ele>1944.738</ele>
</trkpt>
<trkpt lat="34.35813900" lon="-110.25425200">
<ele>1944.650</ele>
</trkpt>
<trkpt lat="34.35804600" lon="-110.25437600">
<ele>1944.404</ele>
</trkpt>
<trkpt lat="34.35797200" lon="-110.25450300">
<ele>1950.438</ele>
</trkpt>
<trkpt lat="34.35788000" lon="-110.25462600">
<ele>1950.754</ele>
</trkpt>
<trkpt lat="34.35777300" lon="-110.25473700">
<ele>1950.916</ele>
</trkpt>
<trkpt lat="34.35769100" lon="-110.25486300">
<ele>1950.871</ele>
</trkpt>
<trkpt lat="34.35762400" lon="-110.25500200">
<ele>1950.903</ele>
</trkpt>
<trkpt lat="34.35756400" lon="-110.25514300">
<ele>1950.903</ele>
</trkpt>
<trkpt lat="34.35753800" lon="-110.25530500">
<ele>1951.065</ele>
</trkpt>
<trkpt lat="34.35749200" lon="-110.25546200">
<ele>1951.065</ele>
</trkpt>
<trkpt lat="34.35745900" lon="-110.25561700">
<ele>1947.664</ele>
</trkpt>
<trkpt lat="34.35740800" lon="-110.25577600">
<ele>1948.246</ele>
</trkpt>
<trkpt lat="34.35734500" lon="-110.25591800">
<ele>1948.763</ele>
</trkpt>
<trkpt lat="34.35732400" lon="-110.25608300">
<ele>1948.763</ele>
</trkpt>
<trkpt lat="34.35722200" lon="-110.25617400">
<ele>1949.030</ele>
</trkpt>
<trkpt lat="34.35709200" lon="-110.25622800">
<ele>1949.219</ele>
</trkpt>
<trkpt lat="34.35699400" lon="-110.25635300">
<ele>1949.299</ele>
</trkpt>
<trkpt lat="34.35689200" lon="-110.25646400">
<ele>1949.357</ele>
</trkpt>
<trkpt lat="34.35678400" lon="-110.25655400">
<ele>1946.694</ele>
</trkpt>
<trkpt lat="34.35666700" lon="-110.25664800">
<ele>1947.119</ele>
</trkpt>
<trkpt lat="34.35655800" lon="-110.25673700">
<ele>1947.254</ele>
</trkpt>
<trkpt lat="34.35645700" lon="-110.25685400">
<ele>1947.857</ele>
</trkpt>
<trkpt lat="34.35637200" lon="-110.25698000">
<ele>1948.010</ele>
</trkpt>
<trkpt lat="34.35629000" lon="-110.25711200">
<ele>1948.312</ele>
</trkpt>
<trkpt lat="34.35621500" lon="-110.25724100">
<ele>1948.949</ele>
</trkpt>
<trkpt lat="34.35613000" lon="-110.25736000">
<ele>1949.361</ele>
</trkpt>
<trkpt lat="34.35603700" lon="-110.25747800">
<ele>1949.875</ele>
</trkpt>
<trkpt lat="34.35601700" lon="-110.25762400">
<ele>1952.380</ele>
</trkpt>
<trkpt lat="34.35600300" lon="-110.25778000">
<ele>1952.380</ele>
</trkpt>
<trkpt lat="34.35587700" lon="-110.25784600">
<ele>1952.207</ele>
</trkpt>
<trkpt lat="34.35574100" lon="-110.25786100">
<ele>1951.809</ele>
</trkpt>
<trkpt lat="34.35561000" lon="-110.25792100">
<ele>1951.953</ele>
</trkpt>
<trkpt lat="34.35547500" lon="-110.25795200">
<ele>1951.810</ele>
</trkpt>
<trkpt lat="34.35536200" lon="-110.25804100">
<ele>1951.782</ele>
</trkpt>
<trkpt lat="34.35532600" lon="-110.25820600">
<ele>1952.171</ele>
</trkpt>
<trkpt lat="34.35534500" lon="-110.25836800">
<ele>1952.171</ele>
</trkpt>
<trkpt lat="34.35541300" lon="-110.25851900">
<ele>1949.500</ele>
</trkpt>
<trkpt lat="34.35546900" lon="-110.25866000">
<ele>1949.245</ele>
</trkpt>
<trkpt lat="34.35550400" lon="-110.25881500">
<ele>1949.245</ele>
</trkpt>
<trkpt lat="34.35549100" lon="-110.25897500">
<ele>1949.245</ele>
</trkpt>
<trkpt lat="34.35547400" lon="-110.25913300">
<ele>1949.245</ele>
</trkpt>
<trkpt lat="34.35554300" lon="-110.25927400">
<ele>1949.245</ele>
</trkpt>
<trkpt lat="34.35562100" lon="-110.25940400">
<ele>1948.895</ele>
</trkpt>
<trkpt lat="34.35570700" lon="-110.25952400">
<ele>1949.502</ele>
</trkpt>
<trkpt lat="34.35580000" lon="-110.25965000">
<ele>1949.155</ele>
</trkpt>
<trkpt lat="34.35593900" lon="-110.25982600">
<ele>1948.896</ele>
</trkpt>
<trkpt lat="34.35608400" lon="-110.26000500">
<ele>1948.464</ele>
</trkpt>
<trkpt lat="34.35622900" lon="-110.26017200">
<ele>1948.353</ele>
</trkpt>
<trkpt lat="34.35634200" lon="-110.26028000">
<ele>1948.237</ele>
</trkpt>
<trkpt lat="34.35647400" lon="-110.26034400">
<ele>1947.509</ele>
</trkpt>
<trkpt lat="34.35661000" lon="-110.26036600">
<ele>1947.174</ele>
</trkpt>
<trkpt lat="34.35674500" lon="-110.26041600">
<ele>1946.905</ele>
</trkpt>
<trkpt lat="34.35686200" lon="-110.26050200">
<ele>1946.688</ele>
</trkpt>
<trkpt lat="34.35693600" lon="-110.26063800">
<ele>1946.688</ele>
</trkpt>
<trkpt lat="34.35695700" lon="-110.26079400">
<ele>1946.258</ele>
</trkpt>
<trkpt lat="34.35693900" lon="-110.26102700">
<ele>1946.688</ele>
</trkpt>
<trkpt lat="34.35691900" lon="-110.26119600">
<ele>1946.688</ele>
</trkpt>
<trkpt lat="34.35695000" lon="-110.26136400">
<ele>1946.688</ele>
</trkpt>
<trkpt lat="34.35701100" lon="-110.26151700">
<ele>1950.837</ele>
</trkpt>
<trkpt lat="34.35707800" lon="-110.26165100">
<ele>1950.497</ele>
</trkpt>
<trkpt lat="34.35715500" lon="-110.26179900">
<ele>1950.128</ele>
</trkpt>
<trkpt lat="34.35723800" lon="-110.26192200">
<ele>1950.128</ele>
</trkpt>
<trkpt lat="34.35734800" lon="-110.26201300">
<ele>1949.722</ele>
</trkpt>
<trkpt lat="34.35747800" lon="-110.26208900">
<ele>1948.913</ele>
</trkpt>
<trkpt lat="34.35753500" lon="-110.26223700">
<ele>1948.913</ele>
</trkpt>
<trkpt lat="34.35755900" lon="-110.26239600">
<ele>1948.558</ele>
</trkpt>
<trkpt lat="34.35759200" lon="-110.26255500">
<ele>1950.850</ele>
</trkpt>
<trkpt lat="34.35761500" lon="-110.26271200">
<ele>1950.850</ele>
</trkpt>
<trkpt lat="34.35764500" lon="-110.26287400">
<ele>1950.850</ele>
</trkpt>
<trkpt lat="34.35768400" lon="-110.26302700">
<ele>1950.377</ele>
</trkpt>
<trkpt lat="34.35765800" lon="-110.26318600">
<ele>1950.377</ele>
</trkpt>
<trkpt lat="34.35769900" lon="-110.26343400">
<ele>1950.377</ele>
</trkpt>
<trkpt lat="34.35777000" lon="-110.26367200">
<ele>1949.956</ele>
</trkpt>
<trkpt lat="34.35782000" lon="-110.26383600">
<ele>1949.956</ele>
</trkpt>
<trkpt lat="34.35790600" lon="-110.26396000">
<ele>1949.537</ele>
</trkpt>
<trkpt lat="34.35800000" lon="-110.26408600">
<ele>1949.394</ele>
</trkpt>
<trkpt lat="34.35804100" lon="-110.26424100">
<ele>1949.394</ele>
</trkpt>
<trkpt lat="34.35798900" lon="-110.26448300">
<ele>1949.394</ele>
</trkpt>
<trkpt lat="34.35794800" lon="-110.26463600">
<ele>1953.401</ele>
</trkpt>
<trkpt lat="34.35795700" lon="-110.26479900">
<ele>1953.796</ele>
</trkpt>
<trkpt lat="34.35793900" lon="-110.26495800">
<ele>1953.401</ele>
</trkpt>
<trkpt lat="34.35789700" lon="-110.26511000">
<ele>1953.401</ele>
</trkpt>
<trkpt lat="34.35785600" lon="-110.26526400">
<ele>1953.401</ele>
</trkpt>
<trkpt lat="34.35783200" lon="-110.26542800">
<ele>1953.264</ele>
</trkpt>
<trkpt lat="34.35782900" lon="-110.26558300">
<ele>1962.093</ele>
</trkpt>
<trkpt lat="34.35776800" lon="-110.26572700">
<ele>1962.093</ele>
</trkpt>
<trkpt lat="34.35781800" lon="-110.26587200">
<ele>1962.093</ele>
</trkpt>
<trkpt lat="34.35791200" lon="-110.26598800">
<ele>1962.895</ele>
</trkpt>
<trkpt lat="34.35802900" lon="-110.26607800">
<ele>1963.547</ele>
</trkpt>
<trkpt lat="34.35812000" lon="-110.26619800">
<ele>1963.924</ele>
</trkpt>
<trkpt lat="34.35815100" lon="-110.26635400">
<ele>1964.098</ele>
</trkpt>
<trkpt lat="34.35820900" lon="-110.26649800">
<ele>1964.098</ele>
</trkpt>
<trkpt lat="34.35816000" lon="-110.26664100">
<ele>1959.859</ele>
</trkpt>
<trkpt lat="34.35817900" lon="-110.26679400">
<ele>1959.859</ele>
</trkpt>
<trkpt lat="34.35820500" lon="-110.26696400">
<ele>1959.859</ele>
</trkpt>
<trkpt lat="34.35821000" lon="-110.26713300">
<ele>1959.859</ele>
</trkpt>
<trkpt lat="34.35821200" lon="-110.26729400">
<ele>1959.859</ele>
</trkpt>
<trkpt lat="34.35821000" lon="-110.26746600">
<ele>1959.859</ele>
</trkpt>
<trkpt lat="34.35820000" lon="-110.26762200">
<ele>1952.816</ele>
</trkpt>
<trkpt lat="34.35821500" lon="-110.26779400">
<ele>1952.816</ele>
</trkpt>
<trkpt lat="34.35822300" lon="-110.26796200">
<ele>1952.816</ele>
</trkpt>
<trkpt lat="34.35823600" lon="-110.26812100">
<ele>1952.816</ele>
</trkpt>
<trkpt lat="34.35826400" lon="-110.26827600">
<ele>1951.803</ele>
</trkpt>
<trkpt lat="34.35827800" lon="-110.26835900">
<ele>1951.803</ele>
</trkpt>
<trkpt lat="34.35821600" lon="-110.26849000">
<ele>1952.816</ele>
</trkpt>
<trkpt lat="34.35808700" lon="-110.26853700">
<ele>1947.292</ele>
</trkpt>
<trkpt lat="34.35806300" lon="-110.26869700">
<ele>1947.292</ele>
</trkpt>
<trkpt lat="34.35806700" lon="-110.26885100">
<ele>1947.292</ele>
</trkpt>
<trkpt lat="34.35805500" lon="-110.26900300">
<ele>1947.292</ele>
</trkpt>
<trkpt lat="34.35803500" lon="-110.26915100">
<ele>1947.057</ele>
</trkpt>
<trkpt lat="34.35808900" lon="-110.26929600">
<ele>1947.292</ele>
</trkpt>
<trkpt lat="34.35818800" lon="-110.26940100">
<ele>1947.679</ele>
</trkpt>
<trkpt lat="34.35823700" lon="-110.26954900">
<ele>1941.638</ele>
</trkpt>
<trkpt lat="34.35824800" lon="-110.26962600">
<ele>1941.638</ele>
</trkpt>
<trkpt lat="34.35825500" lon="-110.26970600">
<ele>1941.403</ele>
</trkpt>
<trkpt lat="34.35826200" lon="-110.26978600">
<ele>1941.403</ele>
</trkpt>
<trkpt lat="34.35826900" lon="-110.26985900">
<ele>1941.403</ele>
</trkpt>
<trkpt lat="34.35829600" lon="-110.27001200">
<ele>1941.403</ele>
</trkpt>
<trkpt lat="34.35829700" lon="-110.27001200">
<ele>1941.403</ele>
</trkpt>
<trkpt lat="34.35851100" lon="-110.27021100">
<ele>1941.216</ele>
</trkpt>
<trkpt lat="34.35861900" lon="-110.27031200">
<ele>1941.207</ele>
</trkpt>
<trkpt lat="34.35861900" lon="-110.27031200">
<ele>1941.207</ele>
</trkpt>
<trkpt lat="34.35888900" lon="-110.27031300">
<ele>1939.609</ele>
</trkpt>
<trkpt lat="34.35915900" lon="-110.27031400">
<ele>1938.523</ele>
</trkpt>
<trkpt lat="34.35925600" lon="-110.27031400">
<ele>1939.045</ele>
</trkpt>
<trkpt lat="34.35925600" lon="-110.27031400">
<ele>1939.045</ele>
</trkpt>
<trkpt lat="34.35934300" lon="-110.27048400">
<ele>1939.045</ele>
</trkpt>
<trkpt lat="34.35934300" lon="-110.27048400">
<ele>1939.045</ele>
</trkpt>
<trkpt lat="34.35921300" lon="-110.27077000">
<ele>1943.448</ele>
</trkpt>
<trkpt lat="34.35909700" lon="-110.27102500">
<ele>1943.293</ele>
</trkpt>
<trkpt lat="34.35909700" lon="-110.27102500">
<ele>1943.293</ele>
</trkpt>
<trkpt lat="34.35908200" lon="-110.27121800">
<ele>1943.293</ele>
</trkpt>
<trkpt lat="34.35908200" lon="-110.27121800">
<ele>1943.293</ele>
</trkpt>
<trkpt lat="34.35899300" lon="-110.27152600">
<ele>1946.862</ele>
</trkpt>
<trkpt lat="34.35890300" lon="-110.27183500">
<ele>1944.575</ele>
</trkpt>
<trkpt lat="34.35886800" lon="-110.27195700">
<ele>1944.575</ele>
</trkpt>
<trkpt lat="34.35886800" lon="-110.27195700">
<ele>1944.575</ele>
</trkpt>
<trkpt lat="34.35871500" lon="-110.27222600">
<ele>1945.851</ele>
</trkpt>
<trkpt lat="34.35861300" lon="-110.27240400">
<ele>1946.404</ele>
</trkpt>
<trkpt lat="34.35861300" lon="-110.27240400">
<ele>1946.404</ele>
</trkpt>
<trkpt lat="34.35849000" lon="-110.27269500">
<ele>1948.427</ele>
</trkpt>
<trkpt lat="34.35837600" lon="-110.27296700">
<ele>1949.139</ele>
</trkpt>
<trkpt lat="34.35837600" lon="-110.27296700">
<ele>1949.139</ele>
</trkpt>
<trkpt lat="34.35831900" lon="-110.27328700">
<ele>1949.772</ele>
</trkpt>
<trkpt lat="34.35831600" lon="-110.27330600">
<ele>1949.772</ele>
</trkpt>
<trkpt lat="34.35831600" lon="-110.27330600">
<ele>1949.772</ele>
</trkpt>
<trkpt lat="34.35830400" lon="-110.27330500">
<ele>1949.772</ele>
</trkpt>
<trkpt lat="34.35829800" lon="-110.27345300">
<ele>1949.772</ele>
</trkpt>
<trkpt lat="34.35829900" lon="-110.27368300">
<ele>1951.639</ele>
</trkpt>
<trkpt lat="34.35823600" lon="-110.27403500">
<ele>1950.797</ele>
</trkpt>
<trkpt lat="34.35807800" lon="-110.27434600">
<ele>1950.509</ele>
</trkpt>
<trkpt lat="34.35797000" lon="-110.27448100">
<ele>1951.073</ele>
</trkpt>
<trkpt lat="34.35784000" lon="-110.27472900">
<ele>1953.520</ele>
</trkpt>
<trkpt lat="34.35777100" lon="-110.27499000">
<ele>1953.520</ele>
</trkpt>
<trkpt lat="34.35773200" lon="-110.27523800">
<ele>1953.226</ele>
</trkpt>
<trkpt lat="34.35767400" lon="-110.27533600">
<ele>1953.226</ele>
</trkpt>
<trkpt lat="34.35767000" lon="-110.27535700">
<ele>1953.226</ele>
</trkpt>
<trkpt lat="34.35767000" lon="-110.27535700">
<ele>1953.226</ele>
</trkpt>
<trkpt lat="34.35763600" lon="-110.27552100">
<ele>1958.321</ele>
</trkpt>
<trkpt lat="34.35762400" lon="-110.27576500">
<ele>1958.321</ele>
</trkpt>
<trkpt lat="34.35742600" lon="-110.27665100">
<ele>1960.707</ele>
</trkpt>
<trkpt lat="34.35726000" lon="-110.27725200">
<ele>1959.608</ele>
</trkpt>
<trkpt lat="34.35727000" lon="-110.27728700">
<ele>1959.608</ele>
</trkpt>
<trkpt lat="34.35727000" lon="-110.27728700">
<ele>1959.608</ele>
</trkpt>
<trkpt lat="34.35735900" lon="-110.27734300">
<ele>1960.707</ele>
</trkpt>
<trkpt lat="34.35744700" lon="-110.27731500">
<ele>1960.707</ele>
</trkpt>
<trkpt lat="34.35755200" lon="-110.27734100">
<ele>1962.749</ele>
</trkpt>
<trkpt lat="34.35764300" lon="-110.27745700">
<ele>1962.749</ele>
</trkpt>
<trkpt lat="34.35769700" lon="-110.27757500">
<ele>1968.193</ele>
</trkpt>
<trkpt lat="34.35772700" lon="-110.27773800">
<ele>1968.193</ele>
</trkpt>
<trkpt lat="34.35781200" lon="-110.27785200">
<ele>1969.211</ele>
</trkpt>
<trkpt lat="34.35788400" lon="-110.27794000">
<ele>1969.895</ele>
</trkpt>
<trkpt lat="34.35787800" lon="-110.27808900">
<ele>1969.895</ele>
</trkpt>
<trkpt lat="34.35791400" lon="-110.27815500">
<ele>1969.895</ele>
</trkpt>
<trkpt lat="34.35796700" lon="-110.27815500">
<ele>1970.475</ele>
</trkpt>
<trkpt lat="34.35807400" lon="-110.27816700">
<ele>1970.850</ele>
</trkpt>
<trkpt lat="34.35829700" lon="-110.27835300">
<ele>1970.945</ele>
</trkpt>
<trkpt lat="34.35847400" lon="-110.27842800">
<ele>1969.814</ele>
</trkpt>
<trkpt lat="34.35871800" lon="-110.27864800">
<ele>1966.503</ele>
</trkpt>
<trkpt lat="34.35889100" lon="-110.27873900">
<ele>1964.748</ele>
</trkpt>
<trkpt lat="34.35904100" lon="-110.27879800">
<ele>1963.988</ele>
</trkpt>
<trkpt lat="34.35914300" lon="-110.27879800">
<ele>1963.400</ele>
</trkpt>
<trkpt lat="34.35921900" lon="-110.27885200">
<ele>1962.627</ele>
</trkpt>
<trkpt lat="34.35930700" lon="-110.27888400">
<ele>1961.940</ele>
</trkpt>
<trkpt lat="34.35956800" lon="-110.27890500">
<ele>1959.630</ele>
</trkpt>
<trkpt lat="34.35963500" lon="-110.27892700">
<ele>1959.630</ele>
</trkpt>
<trkpt lat="34.35985200" lon="-110.27905000">
<ele>1957.593</ele>
</trkpt>
<trkpt lat="34.35978500" lon="-110.27930700">
<ele>1958.174</ele>
</trkpt>
<trkpt lat="34.35977600" lon="-110.27943100">
<ele>1958.174</ele>
</trkpt>
<trkpt lat="34.35958200" lon="-110.27969600">
<ele>1957.151</ele>
</trkpt>
<trkpt lat="34.35948400" lon="-110.28000400">
<ele>1957.520</ele>
</trkpt>
<trkpt lat="34.35941100" lon="-110.28023800">
<ele>1958.061</ele>
</trkpt>
</trkseg>
</trk>
</gpx>
