<?xml version="1.0" encoding="UTF-8"?>
<gpx xmlns="http://www.topografix.com/GPX/1/1" version="1.1" creator="Arizona Alpine Trail segment export" xmlns:xsi="http://www.w3.org/2001/XMLSchema-instance" xmlns:wptx1="http://www.garmin.com/xmlschemas/WaypointExtension/v1" xmlns:gpxx="http://www.garmin.com/xmlschemas/GpxExtensions/v3" xmlns:gpxtpx="http://www.garmin.com/xmlschemas/TrackPointExtension/v2" xsi:schemaLocation="http://www.topografix.com/GPX/1/1 https://www.topografix.com/GPX/1/1/gpx.xsd">
<metadata>
<name>AZAT Segment 27 - Canyon Lands</name>
<desc>Generated from arizona-alpine-trail.gpx.</desc>
<bounds minlat="34.38730058" minlon="-111.07974243" maxlat="34.68292236" maxlon="-110.78021240"/>
</metadata>
<wpt lat="34.59554900" lon="-110.91829300">
<ele>2084.933</ele>
<time>2024-12-02T22:04:35.308Z</time>
<name>AZAT-Canyon Lands</name>
<sym>Flag, Red</sym>
<type>Trail description</type>
<extensions>
<label xmlns="http://www.topografix.com/GPX/gpx_overlay/0/5">
<label_text>AZAT-27 Canyon Lands</label_text>
<text xmlns="http://www.topografix.com/GPX/gpx_style/0/2">
<font>
<size>3.704</size>
</font>
</text>
</label>
<time xmlns="http://www.topografix.com/GPX/gpx_modified/0/1">2026-03-19T20:58:14.945Z</time>
</extensions>
</wpt>
<trk>
<name>AZAT27-Canyon Lands</name>
<type>Forest Service Rd level 2 or higher</type>
<extensions>
<time xmlns="http://www.topografix.com/GPX/gpx_modified/0/1">2026-03-19T20:57:59.454Z</time>
<override_color xmlns="http://www.topografix.com/GPX/Private/TopoGrafix/0/5">000000</override_color>
<label xmlns="http://www.topografix.com/GPX/gpx_overlay/0/5">
<label_text>AZAT-27 Canyon Lands</label_text>
<text xmlns="http://www.topografix.com/GPX/gpx_style/0/2">
<font>
<size>3.175</size>
</font>
</text>
</label>
<line xmlns="http://www.topografix.com/GPX/gpx_style/0/2">
<color>ff1c45</color>
<opacity>1.00</opacity>
<width>2.0420</width>
<pattern>Solid</pattern>
<extensions>
<cased xmlns="http://www.topografix.com/GPX/Private/TopoGrafix/0/5">true</cased>
</extensions>
</line>
</extensions>
<trkseg>
<trkpt lat="34.60365126" lon="-110.79213444">
<ele>1937.946</ele>
<time>2024-11-05T17:49:43.525Z</time>
</trkpt>
<trkpt lat="34.60376358" lon="-110.79206085">
<ele>1925.000</ele>
<time>2025-04-28T19:08:46Z</time>
</trkpt>
<trkpt lat="34.60416412" lon="-110.79172516">
<ele>1921.400</ele>
<time>2025-04-28T19:08:52Z</time>
</trkpt>
<trkpt lat="34.60453796" lon="-110.79141998">
<ele>1918.700</ele>
<time>2025-04-28T19:08:58Z</time>
</trkpt>
<trkpt lat="34.60505295" lon="-110.79171753">
<ele>1915.000</ele>
<time>2025-04-28T19:09:04Z</time>
</trkpt>
<trkpt lat="34.60572815" lon="-110.79177856">
<ele>1910.200</ele>
<time>2025-04-28T19:09:10Z</time>
</trkpt>
<trkpt lat="34.60632706" lon="-110.79141235">
<ele>1906.800</ele>
<time>2025-04-28T19:09:16Z</time>
</trkpt>
<trkpt lat="34.60696793" lon="-110.79105377">
<ele>1903.700</ele>
<time>2025-04-28T19:09:22Z</time>
</trkpt>
<trkpt lat="34.60767365" lon="-110.79072571">
<ele>1900.500</ele>
<time>2025-04-28T19:09:28Z</time>
</trkpt>
<trkpt lat="34.60843658" lon="-110.79055023">
<ele>1898.700</ele>
<time>2025-04-28T19:09:34Z</time>
</trkpt>
<trkpt lat="34.60917664" lon="-110.79048157">
<ele>1896.200</ele>
<time>2025-04-28T19:09:40Z</time>
</trkpt>
<trkpt lat="34.60993958" lon="-110.79039001">
<ele>1892.900</ele>
<time>2025-04-28T19:09:46Z</time>
</trkpt>
<trkpt lat="34.61070251" lon="-110.79032135">
<ele>1892.300</ele>
<time>2025-04-28T19:09:52Z</time>
</trkpt>
<trkpt lat="34.61142349" lon="-110.79016876">
<ele>1888.900</ele>
<time>2025-04-28T19:09:58Z</time>
</trkpt>
<trkpt lat="34.61196518" lon="-110.78964996">
<ele>1884.700</ele>
<time>2025-04-28T19:10:04Z</time>
</trkpt>
<trkpt lat="34.61272812" lon="-110.78938293">
<ele>1879.000</ele>
<time>2025-04-28T19:10:10Z</time>
</trkpt>
<trkpt lat="34.61355972" lon="-110.78942108">
<ele>1872.100</ele>
<time>2025-04-28T19:10:16Z</time>
</trkpt>
<trkpt lat="34.61413956" lon="-110.78889465">
<ele>1867.000</ele>
<time>2025-04-28T19:10:22Z</time>
</trkpt>
<trkpt lat="34.61466980" lon="-110.78849030">
<ele>1864.900</ele>
<time>2025-04-28T19:10:28Z</time>
</trkpt>
<trkpt lat="34.61543274" lon="-110.78842926">
<ele>1859.300</ele>
<time>2025-04-28T19:10:34Z</time>
</trkpt>
<trkpt lat="34.61602020" lon="-110.78790283">
<ele>1853.000</ele>
<time>2025-04-28T19:10:40Z</time>
</trkpt>
<trkpt lat="34.61665726" lon="-110.78742218">
<ele>1846.600</ele>
<time>2025-04-28T19:10:46Z</time>
</trkpt>
<trkpt lat="34.61734772" lon="-110.78746033">
<ele>1844.600</ele>
<time>2025-04-28T19:10:52Z</time>
</trkpt>
<trkpt lat="34.61808777" lon="-110.78759003">
<ele>1845.800</ele>
<time>2025-04-28T19:10:58Z</time>
</trkpt>
<trkpt lat="34.61882401" lon="-110.78753662">
<ele>1847.200</ele>
<time>2025-04-28T19:11:04Z</time>
</trkpt>
<trkpt lat="34.61945724" lon="-110.78705597">
<ele>1846.700</ele>
<time>2025-04-28T19:11:10Z</time>
</trkpt>
<trkpt lat="34.62010956" lon="-110.78644562">
<ele>1848.600</ele>
<time>2025-04-28T19:11:16Z</time>
</trkpt>
<trkpt lat="34.62075806" lon="-110.78582764">
<ele>1851.000</ele>
<time>2025-04-28T19:11:22Z</time>
</trkpt>
<trkpt lat="34.62145233" lon="-110.78550720">
<ele>1857.000</ele>
<time>2025-04-28T19:11:28Z</time>
</trkpt>
<trkpt lat="34.62209320" lon="-110.78585052">
<ele>1864.200</ele>
<time>2025-04-28T19:11:34Z</time>
</trkpt>
<trkpt lat="34.62272644" lon="-110.78620148">
<ele>1870.700</ele>
<time>2025-04-28T19:11:40Z</time>
</trkpt>
<trkpt lat="34.62342834" lon="-110.78600311">
<ele>1876.000</ele>
<time>2025-04-28T19:11:46Z</time>
</trkpt>
<trkpt lat="34.62425613" lon="-110.78582764">
<ele>1878.700</ele>
<time>2025-04-28T19:11:52Z</time>
</trkpt>
<trkpt lat="34.62517548" lon="-110.78561401">
<ele>1880.000</ele>
<time>2025-04-28T19:11:58Z</time>
</trkpt>
<trkpt lat="34.62614059" lon="-110.78537750">
<ele>1882.000</ele>
<time>2025-04-28T19:12:04Z</time>
</trkpt>
<trkpt lat="34.62706757" lon="-110.78508759">
<ele>1883.500</ele>
<time>2025-04-28T19:12:10Z</time>
</trkpt>
<trkpt lat="34.62792969" lon="-110.78473663">
<ele>1883.000</ele>
<time>2025-04-28T19:12:16Z</time>
</trkpt>
<trkpt lat="34.62877655" lon="-110.78435516">
<ele>1881.600</ele>
<time>2025-04-28T19:12:22Z</time>
</trkpt>
<trkpt lat="34.62961197" lon="-110.78395844">
<ele>1881.400</ele>
<time>2025-04-28T19:12:28Z</time>
</trkpt>
<trkpt lat="34.63040543" lon="-110.78359985">
<ele>1880.500</ele>
<time>2025-04-28T19:12:34Z</time>
</trkpt>
<trkpt lat="34.63116074" lon="-110.78325653">
<ele>1879.400</ele>
<time>2025-04-28T19:12:40Z</time>
</trkpt>
<trkpt lat="34.63192749" lon="-110.78291321">
<ele>1878.500</ele>
<time>2025-04-28T19:12:46Z</time>
</trkpt>
<trkpt lat="34.63272095" lon="-110.78254700">
<ele>1878.000</ele>
<time>2025-04-28T19:12:52Z</time>
</trkpt>
<trkpt lat="34.63353348" lon="-110.78219604">
<ele>1877.600</ele>
<time>2025-04-28T19:12:58Z</time>
</trkpt>
<trkpt lat="34.63436508" lon="-110.78182983">
<ele>1876.300</ele>
<time>2025-04-28T19:13:04Z</time>
</trkpt>
<trkpt lat="34.63518524" lon="-110.78144073">
<ele>1876.000</ele>
<time>2025-04-28T19:13:10Z</time>
</trkpt>
<trkpt lat="34.63600540" lon="-110.78102875">
<ele>1875.500</ele>
<time>2025-04-28T19:13:16Z</time>
</trkpt>
<trkpt lat="34.63681793" lon="-110.78060913">
<ele>1874.900</ele>
<time>2025-04-28T19:13:22Z</time>
</trkpt>
<trkpt lat="34.63743973" lon="-110.78021240">
<ele>1874.500</ele>
<time>2025-04-28T19:13:28Z</time>
</trkpt>
<trkpt lat="34.63771439" lon="-110.78023529">
<ele>1875.400</ele>
<time>2025-04-28T19:13:34Z</time>
</trkpt>
<trkpt lat="34.63772202" lon="-110.78054810">
<ele>1876.300</ele>
<time>2025-04-28T19:13:40Z</time>
</trkpt>
<trkpt lat="34.63772202" lon="-110.78099060">
<ele>1878.400</ele>
<time>2025-04-28T19:13:46Z</time>
</trkpt>
<trkpt lat="34.63773346" lon="-110.78150177">
<ele>1879.600</ele>
<time>2025-04-28T19:13:52Z</time>
</trkpt>
<trkpt lat="34.63772964" lon="-110.78212738">
<ele>1881.800</ele>
<time>2025-04-28T19:13:58Z</time>
</trkpt>
<trkpt lat="34.63773727" lon="-110.78280640">
<ele>1884.300</ele>
<time>2025-04-28T19:14:04Z</time>
</trkpt>
<trkpt lat="34.63774490" lon="-110.78353882">
<ele>1886.500</ele>
<time>2025-04-28T19:14:10Z</time>
</trkpt>
<trkpt lat="34.63777542" lon="-110.78429413">
<ele>1889.000</ele>
<time>2025-04-28T19:14:16Z</time>
</trkpt>
<trkpt lat="34.63780594" lon="-110.78511810">
<ele>1890.900</ele>
<time>2025-04-28T19:14:22Z</time>
</trkpt>
<trkpt lat="34.63780212" lon="-110.78602600">
<ele>1892.900</ele>
<time>2025-04-28T19:14:28Z</time>
</trkpt>
<trkpt lat="34.63777542" lon="-110.78697205">
<ele>1893.100</ele>
<time>2025-04-28T19:14:34Z</time>
</trkpt>
<trkpt lat="34.63780594" lon="-110.78793335">
<ele>1892.300</ele>
<time>2025-04-28T19:14:40Z</time>
</trkpt>
<trkpt lat="34.63781357" lon="-110.78889465">
<ele>1893.600</ele>
<time>2025-04-28T19:14:46Z</time>
</trkpt>
<trkpt lat="34.63781357" lon="-110.78986359">
<ele>1893.800</ele>
<time>2025-04-28T19:14:52Z</time>
</trkpt>
<trkpt lat="34.63781357" lon="-110.79086304">
<ele>1893.400</ele>
<time>2025-04-28T19:14:58Z</time>
</trkpt>
<trkpt lat="34.63780212" lon="-110.79190826">
<ele>1892.900</ele>
<time>2025-04-28T19:15:04Z</time>
</trkpt>
<trkpt lat="34.63781357" lon="-110.79291534">
<ele>1893.100</ele>
<time>2025-04-28T19:15:10Z</time>
</trkpt>
<trkpt lat="34.63781738" lon="-110.79390717">
<ele>1894.600</ele>
<time>2025-04-28T19:15:16Z</time>
</trkpt>
<trkpt lat="34.63782883" lon="-110.79490662">
<ele>1895.200</ele>
<time>2025-04-28T19:15:22Z</time>
</trkpt>
<trkpt lat="34.63782883" lon="-110.79590607">
<ele>1896.600</ele>
<time>2025-04-28T19:15:28Z</time>
</trkpt>
<trkpt lat="34.63782883" lon="-110.79689789">
<ele>1899.500</ele>
<time>2025-04-28T19:15:34Z</time>
</trkpt>
<trkpt lat="34.63784027" lon="-110.79789734">
<ele>1900.100</ele>
<time>2025-04-28T19:15:40Z</time>
</trkpt>
<trkpt lat="34.63784790" lon="-110.79893494">
<ele>1898.200</ele>
<time>2025-04-28T19:15:46Z</time>
</trkpt>
<trkpt lat="34.63785172" lon="-110.80001831">
<ele>1896.900</ele>
<time>2025-04-28T19:15:52Z</time>
</trkpt>
<trkpt lat="34.63786697" lon="-110.80107880">
<ele>1897.400</ele>
<time>2025-04-28T19:15:58Z</time>
</trkpt>
<trkpt lat="34.63788986" lon="-110.80213165">
<ele>1899.200</ele>
<time>2025-04-28T19:16:04Z</time>
</trkpt>
<trkpt lat="34.63788605" lon="-110.80315399">
<ele>1900.000</ele>
<time>2025-04-28T19:16:10Z</time>
</trkpt>
<trkpt lat="34.63788605" lon="-110.80419159">
<ele>1901.200</ele>
<time>2025-04-28T19:16:16Z</time>
</trkpt>
<trkpt lat="34.63787842" lon="-110.80524445">
<ele>1902.300</ele>
<time>2025-04-28T19:16:22Z</time>
</trkpt>
<trkpt lat="34.63788605" lon="-110.80613708">
<ele>1903.500</ele>
<time>2025-04-28T19:16:28Z</time>
</trkpt>
<trkpt lat="34.63787842" lon="-110.80642700">
<ele>1903.700</ele>
<time>2025-04-28T19:16:44Z</time>
</trkpt>
<trkpt lat="34.63787079" lon="-110.80648804">
<ele>1903.700</ele>
<time>2025-04-28T19:17:13Z</time>
</trkpt>
<trkpt lat="34.63787079" lon="-110.80711365">
<ele>1903.600</ele>
<time>2025-04-28T19:17:19Z</time>
</trkpt>
<trkpt lat="34.63787460" lon="-110.80750275">
<ele>1903.800</ele>
<time>2025-04-28T19:17:25Z</time>
</trkpt>
<trkpt lat="34.63787460" lon="-110.80755615">
<ele>1904.900</ele>
<time>2025-04-28T19:17:42Z</time>
</trkpt>
<trkpt lat="34.63786697" lon="-110.80763245">
<ele>1904.800</ele>
<time>2025-04-28T19:17:56Z</time>
</trkpt>
<trkpt lat="34.63788605" lon="-110.80792236">
<ele>1905.400</ele>
<time>2025-04-28T19:18:02Z</time>
</trkpt>
<trkpt lat="34.63788605" lon="-110.80844116">
<ele>1905.900</ele>
<time>2025-04-28T19:18:08Z</time>
</trkpt>
<trkpt lat="34.63787842" lon="-110.80912781">
<ele>1907.000</ele>
<time>2025-04-28T19:18:14Z</time>
</trkpt>
<trkpt lat="34.63788605" lon="-110.81002808">
<ele>1909.300</ele>
<time>2025-04-28T19:18:20Z</time>
</trkpt>
<trkpt lat="34.63786697" lon="-110.81098938">
<ele>1911.100</ele>
<time>2025-04-28T19:18:26Z</time>
</trkpt>
<trkpt lat="34.63785553" lon="-110.81198883">
<ele>1912.800</ele>
<time>2025-04-28T19:18:32Z</time>
</trkpt>
<trkpt lat="34.63787460" lon="-110.81305695">
<ele>1913.100</ele>
<time>2025-04-28T19:18:38Z</time>
</trkpt>
<trkpt lat="34.63789749" lon="-110.81421661">
<ele>1912.500</ele>
<time>2025-04-28T19:18:44Z</time>
</trkpt>
<trkpt lat="34.63793182" lon="-110.81542206">
<ele>1913.200</ele>
<time>2025-04-28T19:18:50Z</time>
</trkpt>
<trkpt lat="34.63795090" lon="-110.81661987">
<ele>1914.600</ele>
<time>2025-04-28T19:18:56Z</time>
</trkpt>
<trkpt lat="34.63795471" lon="-110.81781006">
<ele>1915.200</ele>
<time>2025-04-28T19:19:02Z</time>
</trkpt>
<trkpt lat="34.63793945" lon="-110.81906128">
<ele>1911.700</ele>
<time>2025-04-28T19:19:08Z</time>
</trkpt>
<trkpt lat="34.63792801" lon="-110.82032776">
<ele>1908.900</ele>
<time>2025-04-28T19:19:14Z</time>
</trkpt>
<trkpt lat="34.63791656" lon="-110.82156372">
<ele>1911.900</ele>
<time>2025-04-28T19:19:20Z</time>
</trkpt>
<trkpt lat="34.63790894" lon="-110.82274628">
<ele>1913.400</ele>
<time>2025-04-28T19:19:26Z</time>
</trkpt>
<trkpt lat="34.63796997" lon="-110.82397461">
<ele>1911.200</ele>
<time>2025-04-28T19:19:32Z</time>
</trkpt>
<trkpt lat="34.63802338" lon="-110.82516479">
<ele>1913.800</ele>
<time>2025-04-28T19:19:38Z</time>
</trkpt>
<trkpt lat="34.63803864" lon="-110.82631683">
<ele>1914.600</ele>
<time>2025-04-28T19:19:44Z</time>
</trkpt>
<trkpt lat="34.63804626" lon="-110.82747650">
<ele>1914.700</ele>
<time>2025-04-28T19:19:50Z</time>
</trkpt>
<trkpt lat="34.63806152" lon="-110.82865143">
<ele>1913.300</ele>
<time>2025-04-28T19:19:56Z</time>
</trkpt>
<trkpt lat="34.63810349" lon="-110.82946777">
<ele>1913.800</ele>
<time>2025-04-28T19:20:02Z</time>
</trkpt>
<trkpt lat="34.63789368" lon="-110.82985687">
<ele>1914.100</ele>
<time>2025-04-28T19:20:08Z</time>
</trkpt>
<trkpt lat="34.63746643" lon="-110.83026886">
<ele>1915.300</ele>
<time>2025-04-28T19:20:14Z</time>
</trkpt>
<trkpt lat="34.63726807" lon="-110.83065796">
<ele>1915.600</ele>
<time>2025-04-28T19:20:20Z</time>
</trkpt>
<trkpt lat="34.63733673" lon="-110.83117676">
<ele>1917.500</ele>
<time>2025-04-28T19:20:26Z</time>
</trkpt>
<trkpt lat="34.63733673" lon="-110.83178711">
<ele>1917.900</ele>
<time>2025-04-28T19:20:32Z</time>
</trkpt>
<trkpt lat="34.63734818" lon="-110.83232880">
<ele>1918.000</ele>
<time>2025-04-28T19:20:38Z</time>
</trkpt>
<trkpt lat="34.63737106" lon="-110.83277130">
<ele>1914.800</ele>
<time>2025-04-28T19:20:44Z</time>
</trkpt>
<trkpt lat="34.63735962" lon="-110.83338928">
<ele>1914.700</ele>
<time>2025-04-28T19:20:50Z</time>
</trkpt>
<trkpt lat="34.63735199" lon="-110.83395386">
<ele>1916.800</ele>
<time>2025-04-28T19:20:56Z</time>
</trkpt>
<trkpt lat="34.63735199" lon="-110.83452606">
<ele>1919.300</ele>
<time>2025-04-28T19:21:02Z</time>
</trkpt>
<trkpt lat="34.63736725" lon="-110.83511353">
<ele>1923.600</ele>
<time>2025-04-28T19:21:08Z</time>
</trkpt>
<trkpt lat="34.63736343" lon="-110.83575439">
<ele>1925.100</ele>
<time>2025-04-28T19:21:14Z</time>
</trkpt>
<trkpt lat="34.63734818" lon="-110.83648682">
<ele>1926.500</ele>
<time>2025-04-28T19:21:20Z</time>
</trkpt>
<trkpt lat="34.63734436" lon="-110.83726501">
<ele>1928.400</ele>
<time>2025-04-28T19:21:26Z</time>
</trkpt>
<trkpt lat="34.63735199" lon="-110.83805084">
<ele>1931.000</ele>
<time>2025-04-28T19:21:32Z</time>
</trkpt>
<trkpt lat="34.63732529" lon="-110.83888245">
<ele>1931.100</ele>
<time>2025-04-28T19:21:38Z</time>
</trkpt>
<trkpt lat="34.63733292" lon="-110.83975220">
<ele>1931.700</ele>
<time>2025-04-28T19:21:44Z</time>
</trkpt>
<trkpt lat="34.63739395" lon="-110.84065247">
<ele>1932.600</ele>
<time>2025-04-28T19:21:50Z</time>
</trkpt>
<trkpt lat="34.63762665" lon="-110.84157562">
<ele>1931.800</ele>
<time>2025-04-28T19:21:56Z</time>
</trkpt>
<trkpt lat="34.63806534" lon="-110.84236145">
<ele>1933.100</ele>
<time>2025-04-28T19:22:02Z</time>
</trkpt>
<trkpt lat="34.63862610" lon="-110.84301758">
<ele>1933.700</ele>
<time>2025-04-28T19:22:08Z</time>
</trkpt>
<trkpt lat="34.63937378" lon="-110.84348297">
<ele>1930.700</ele>
<time>2025-04-28T19:22:14Z</time>
</trkpt>
<trkpt lat="34.64022827" lon="-110.84373474">
<ele>1929.300</ele>
<time>2025-04-28T19:22:20Z</time>
</trkpt>
<trkpt lat="34.64109802" lon="-110.84394836">
<ele>1925.600</ele>
<time>2025-04-28T19:22:26Z</time>
</trkpt>
<trkpt lat="34.64182663" lon="-110.84393311">
<ele>1929.600</ele>
<time>2025-04-28T19:22:32Z</time>
</trkpt>
<trkpt lat="34.64259338" lon="-110.84370422">
<ele>1930.200</ele>
<time>2025-04-28T19:22:38Z</time>
</trkpt>
<trkpt lat="34.64343643" lon="-110.84374237">
<ele>1929.200</ele>
<time>2025-04-28T19:22:44Z</time>
</trkpt>
<trkpt lat="34.64425659" lon="-110.84384918">
<ele>1926.100</ele>
<time>2025-04-28T19:22:50Z</time>
</trkpt>
<trkpt lat="34.64492798" lon="-110.84395599">
<ele>1922.000</ele>
<time>2025-04-28T19:22:56Z</time>
</trkpt>
<trkpt lat="34.64561844" lon="-110.84407043">
<ele>1920.800</ele>
<time>2025-04-28T19:23:02Z</time>
</trkpt>
<trkpt lat="34.64634705" lon="-110.84417725">
<ele>1918.900</ele>
<time>2025-04-28T19:23:08Z</time>
</trkpt>
<trkpt lat="34.64709473" lon="-110.84429169">
<ele>1917.000</ele>
<time>2025-04-28T19:23:14Z</time>
</trkpt>
<trkpt lat="34.64783096" lon="-110.84439087">
<ele>1916.800</ele>
<time>2025-04-28T19:23:20Z</time>
</trkpt>
<trkpt lat="34.64856720" lon="-110.84450531">
<ele>1915.600</ele>
<time>2025-04-28T19:23:26Z</time>
</trkpt>
<trkpt lat="34.64931870" lon="-110.84460449">
<ele>1916.700</ele>
<time>2025-04-28T19:23:32Z</time>
</trkpt>
<trkpt lat="34.65007782" lon="-110.84470367">
<ele>1916.300</ele>
<time>2025-04-28T19:23:38Z</time>
</trkpt>
<trkpt lat="34.65084457" lon="-110.84480286">
<ele>1914.900</ele>
<time>2025-04-28T19:23:44Z</time>
</trkpt>
<trkpt lat="34.65164948" lon="-110.84490204">
<ele>1914.800</ele>
<time>2025-04-28T19:23:50Z</time>
</trkpt>
<trkpt lat="34.65250778" lon="-110.84503174">
<ele>1912.400</ele>
<time>2025-04-28T19:23:56Z</time>
</trkpt>
<trkpt lat="34.65337753" lon="-110.84516144">
<ele>1909.300</ele>
<time>2025-04-28T19:24:02Z</time>
</trkpt>
<trkpt lat="34.65425491" lon="-110.84528351">
<ele>1907.600</ele>
<time>2025-04-28T19:24:08Z</time>
</trkpt>
<trkpt lat="34.65511322" lon="-110.84541321">
<ele>1906.700</ele>
<time>2025-04-28T19:24:14Z</time>
</trkpt>
<trkpt lat="34.65599442" lon="-110.84555817">
<ele>1904.200</ele>
<time>2025-04-28T19:24:20Z</time>
</trkpt>
<trkpt lat="34.65689087" lon="-110.84566498">
<ele>1901.700</ele>
<time>2025-04-28T19:24:26Z</time>
</trkpt>
<trkpt lat="34.65779114" lon="-110.84578705">
<ele>1899.100</ele>
<time>2025-04-28T19:24:32Z</time>
</trkpt>
<trkpt lat="34.65867615" lon="-110.84589386">
<ele>1898.800</ele>
<time>2025-04-28T19:24:38Z</time>
</trkpt>
<trkpt lat="34.65954208" lon="-110.84603119">
<ele>1898.600</ele>
<time>2025-04-28T19:24:44Z</time>
</trkpt>
<trkpt lat="34.66041565" lon="-110.84623718">
<ele>1896.300</ele>
<time>2025-04-28T19:24:50Z</time>
</trkpt>
<trkpt lat="34.66105652" lon="-110.84680939">
<ele>1894.300</ele>
<time>2025-04-28T19:24:56Z</time>
</trkpt>
<trkpt lat="34.66151047" lon="-110.84748840">
<ele>1891.800</ele>
<time>2025-04-28T19:25:02Z</time>
</trkpt>
<trkpt lat="34.66197586" lon="-110.84811401">
<ele>1893.300</ele>
<time>2025-04-28T19:25:08Z</time>
</trkpt>
<trkpt lat="34.66254044" lon="-110.84853363">
<ele>1893.400</ele>
<time>2025-04-28T19:25:14Z</time>
</trkpt>
<trkpt lat="34.66308975" lon="-110.84858704">
<ele>1891.900</ele>
<time>2025-04-28T19:25:20Z</time>
</trkpt>
<trkpt lat="34.66363525" lon="-110.84862518">
<ele>1891.100</ele>
<time>2025-04-28T19:25:26Z</time>
</trkpt>
<trkpt lat="34.66421890" lon="-110.84867096">
<ele>1891.000</ele>
<time>2025-04-28T19:25:32Z</time>
</trkpt>
<trkpt lat="34.66481018" lon="-110.84870911">
<ele>1889.200</ele>
<time>2025-04-28T19:25:38Z</time>
</trkpt>
<trkpt lat="34.66535950" lon="-110.84877777">
<ele>1887.400</ele>
<time>2025-04-28T19:25:44Z</time>
</trkpt>
<trkpt lat="34.66586304" lon="-110.84877014">
<ele>1887.200</ele>
<time>2025-04-28T19:25:50Z</time>
</trkpt>
<trkpt lat="34.66640472" lon="-110.84871674">
<ele>1886.600</ele>
<time>2025-04-28T19:25:56Z</time>
</trkpt>
<trkpt lat="34.66695404" lon="-110.84860992">
<ele>1886.100</ele>
<time>2025-04-28T19:26:02Z</time>
</trkpt>
<trkpt lat="34.66748810" lon="-110.84842682">
<ele>1885.400</ele>
<time>2025-04-28T19:26:08Z</time>
</trkpt>
<trkpt lat="34.66800690" lon="-110.84827423">
<ele>1885.200</ele>
<time>2025-04-28T19:26:14Z</time>
</trkpt>
<trkpt lat="34.66858292" lon="-110.84819031">
<ele>1885.200</ele>
<time>2025-04-28T19:26:20Z</time>
</trkpt>
<trkpt lat="34.66915512" lon="-110.84819794">
<ele>1887.400</ele>
<time>2025-04-28T19:26:26Z</time>
</trkpt>
<trkpt lat="34.66967010" lon="-110.84821320">
<ele>1888.400</ele>
<time>2025-04-28T19:26:32Z</time>
</trkpt>
<trkpt lat="34.66979599" lon="-110.84869385">
<ele>1889.500</ele>
<time>2025-04-28T19:26:38Z</time>
</trkpt>
<trkpt lat="34.67000580" lon="-110.84931183">
<ele>1889.600</ele>
<time>2025-04-28T19:26:44Z</time>
</trkpt>
<trkpt lat="34.67010117" lon="-110.84996796">
<ele>1890.200</ele>
<time>2025-04-28T19:26:50Z</time>
</trkpt>
<trkpt lat="34.67025375" lon="-110.85061646">
<ele>1890.300</ele>
<time>2025-04-28T19:26:56Z</time>
</trkpt>
<trkpt lat="34.67042542" lon="-110.85131073">
<ele>1890.000</ele>
<time>2025-04-28T19:27:02Z</time>
</trkpt>
<trkpt lat="34.67057037" lon="-110.85203552">
<ele>1889.900</ele>
<time>2025-04-28T19:27:08Z</time>
</trkpt>
<trkpt lat="34.67068481" lon="-110.85277557">
<ele>1890.400</ele>
<time>2025-04-28T19:27:14Z</time>
</trkpt>
<trkpt lat="34.67086792" lon="-110.85351563">
<ele>1890.700</ele>
<time>2025-04-28T19:27:20Z</time>
</trkpt>
<trkpt lat="34.67105484" lon="-110.85425568">
<ele>1890.300</ele>
<time>2025-04-28T19:27:26Z</time>
</trkpt>
<trkpt lat="34.67120743" lon="-110.85504150">
<ele>1890.000</ele>
<time>2025-04-28T19:27:32Z</time>
</trkpt>
<trkpt lat="34.67139435" lon="-110.85580444">
<ele>1890.200</ele>
<time>2025-04-28T19:27:38Z</time>
</trkpt>
<trkpt lat="34.67154312" lon="-110.85658264">
<ele>1890.600</ele>
<time>2025-04-28T19:27:44Z</time>
</trkpt>
<trkpt lat="34.67169189" lon="-110.85734558">
<ele>1891.700</ele>
<time>2025-04-28T19:27:50Z</time>
</trkpt>
<trkpt lat="34.67177200" lon="-110.85815430">
<ele>1892.500</ele>
<time>2025-04-28T19:27:56Z</time>
</trkpt>
<trkpt lat="34.67182159" lon="-110.85897064">
<ele>1891.100</ele>
<time>2025-04-28T19:28:02Z</time>
</trkpt>
<trkpt lat="34.67197037" lon="-110.85974121">
<ele>1890.200</ele>
<time>2025-04-28T19:28:08Z</time>
</trkpt>
<trkpt lat="34.67236328" lon="-110.86032867">
<ele>1889.800</ele>
<time>2025-04-28T19:28:14Z</time>
</trkpt>
<trkpt lat="34.67282867" lon="-110.86079407">
<ele>1888.600</ele>
<time>2025-04-28T19:28:20Z</time>
</trkpt>
<trkpt lat="34.67327499" lon="-110.86127472">
<ele>1888.500</ele>
<time>2025-04-28T19:28:26Z</time>
</trkpt>
<trkpt lat="34.67372894" lon="-110.86175537">
<ele>1888.000</ele>
<time>2025-04-28T19:28:32Z</time>
</trkpt>
<trkpt lat="34.67417526" lon="-110.86223602">
<ele>1889.000</ele>
<time>2025-04-28T19:28:38Z</time>
</trkpt>
<trkpt lat="34.67461395" lon="-110.86270905">
<ele>1889.500</ele>
<time>2025-04-28T19:28:44Z</time>
</trkpt>
<trkpt lat="34.67507172" lon="-110.86321259">
<ele>1889.600</ele>
<time>2025-04-28T19:28:50Z</time>
</trkpt>
<trkpt lat="34.67567062" lon="-110.86355591">
<ele>1888.500</ele>
<time>2025-04-28T19:28:56Z</time>
</trkpt>
<trkpt lat="34.67629242" lon="-110.86379242">
<ele>1888.000</ele>
<time>2025-04-28T19:29:02Z</time>
</trkpt>
<trkpt lat="34.67687988" lon="-110.86402130">
<ele>1888.600</ele>
<time>2025-04-28T19:29:08Z</time>
</trkpt>
<trkpt lat="34.67738724" lon="-110.86444092">
<ele>1888.400</ele>
<time>2025-04-28T19:29:14Z</time>
</trkpt>
<trkpt lat="34.67774582" lon="-110.86504364">
<ele>1888.300</ele>
<time>2025-04-28T19:29:20Z</time>
</trkpt>
<trkpt lat="34.67796707" lon="-110.86573792">
<ele>1889.000</ele>
<time>2025-04-28T19:29:26Z</time>
</trkpt>
<trkpt lat="34.67817307" lon="-110.86646271">
<ele>1888.200</ele>
<time>2025-04-28T19:29:32Z</time>
</trkpt>
<trkpt lat="34.67837906" lon="-110.86722565">
<ele>1887.500</ele>
<time>2025-04-28T19:29:38Z</time>
</trkpt>
<trkpt lat="34.67852783" lon="-110.86798859">
<ele>1886.300</ele>
<time>2025-04-28T19:29:44Z</time>
</trkpt>
<trkpt lat="34.67858887" lon="-110.86855316">
<ele>1884.900</ele>
<time>2025-04-28T19:29:50Z</time>
</trkpt>
<trkpt lat="34.67875290" lon="-110.86887360">
<ele>1880.800</ele>
<time>2025-04-28T19:29:56Z</time>
</trkpt>
<trkpt lat="34.67912674" lon="-110.86907959">
<ele>1879.800</ele>
<time>2025-04-28T19:30:02Z</time>
</trkpt>
<trkpt lat="34.67945480" lon="-110.86927795">
<ele>1877.400</ele>
<time>2025-04-28T19:30:08Z</time>
</trkpt>
<trkpt lat="34.67967224" lon="-110.86965942">
<ele>1876.800</ele>
<time>2025-04-28T19:30:14Z</time>
</trkpt>
<trkpt lat="34.67990875" lon="-110.87006378">
<ele>1877.000</ele>
<time>2025-04-28T19:30:20Z</time>
</trkpt>
<trkpt lat="34.68008041" lon="-110.87052917">
<ele>1877.100</ele>
<time>2025-04-28T19:30:26Z</time>
</trkpt>
<trkpt lat="34.68024826" lon="-110.87083435">
<ele>1879.000</ele>
<time>2025-04-28T19:30:32Z</time>
</trkpt>
<trkpt lat="34.68044281" lon="-110.87100220">
<ele>1880.100</ele>
<time>2025-04-28T19:30:38Z</time>
</trkpt>
<trkpt lat="34.68060684" lon="-110.87123108">
<ele>1881.700</ele>
<time>2025-04-28T19:30:44Z</time>
</trkpt>
<trkpt lat="34.68081665" lon="-110.87149811">
<ele>1882.100</ele>
<time>2025-04-28T19:30:50Z</time>
</trkpt>
<trkpt lat="34.68098450" lon="-110.87187195">
<ele>1883.800</ele>
<time>2025-04-28T19:30:56Z</time>
</trkpt>
<trkpt lat="34.68105698" lon="-110.87235260">
<ele>1884.600</ele>
<time>2025-04-28T19:31:02Z</time>
</trkpt>
<trkpt lat="34.68107986" lon="-110.87291718">
<ele>1886.400</ele>
<time>2025-04-28T19:31:08Z</time>
</trkpt>
<trkpt lat="34.68108749" lon="-110.87355804">
<ele>1887.700</ele>
<time>2025-04-28T19:31:14Z</time>
</trkpt>
<trkpt lat="34.68110657" lon="-110.87425995">
<ele>1888.400</ele>
<time>2025-04-28T19:31:20Z</time>
</trkpt>
<trkpt lat="34.68112183" lon="-110.87503815">
<ele>1887.500</ele>
<time>2025-04-28T19:31:26Z</time>
</trkpt>
<trkpt lat="34.68111801" lon="-110.87584686">
<ele>1887.500</ele>
<time>2025-04-28T19:31:32Z</time>
</trkpt>
<trkpt lat="34.68111420" lon="-110.87661743">
<ele>1888.800</ele>
<time>2025-04-28T19:31:38Z</time>
</trkpt>
<trkpt lat="34.68112946" lon="-110.87731934">
<ele>1887.100</ele>
<time>2025-04-28T19:31:44Z</time>
</trkpt>
<trkpt lat="34.68103790" lon="-110.87805939">
<ele>1886.000</ele>
<time>2025-04-28T19:31:50Z</time>
</trkpt>
<trkpt lat="34.68079758" lon="-110.87872314">
<ele>1886.400</ele>
<time>2025-04-28T19:31:56Z</time>
</trkpt>
<trkpt lat="34.68070984" lon="-110.87916565">
<ele>1882.900</ele>
<time>2025-04-28T19:32:02Z</time>
</trkpt>
<trkpt lat="34.68070984" lon="-110.87950897">
<ele>1879.600</ele>
<time>2025-04-28T19:32:08Z</time>
</trkpt>
<trkpt lat="34.68070221" lon="-110.87992859">
<ele>1877.200</ele>
<time>2025-04-28T19:32:14Z</time>
</trkpt>
<trkpt lat="34.68088150" lon="-110.88033295">
<ele>1876.800</ele>
<time>2025-04-28T19:32:20Z</time>
</trkpt>
<trkpt lat="34.68107224" lon="-110.88071442">
<ele>1877.500</ele>
<time>2025-04-28T19:32:26Z</time>
</trkpt>
<trkpt lat="34.68113708" lon="-110.88111115">
<ele>1878.700</ele>
<time>2025-04-28T19:32:32Z</time>
</trkpt>
<trkpt lat="34.68112183" lon="-110.88153076">
<ele>1881.000</ele>
<time>2025-04-28T19:32:38Z</time>
</trkpt>
<trkpt lat="34.68113327" lon="-110.88193512">
<ele>1883.600</ele>
<time>2025-04-28T19:32:44Z</time>
</trkpt>
<trkpt lat="34.68114090" lon="-110.88240814">
<ele>1886.000</ele>
<time>2025-04-28T19:32:50Z</time>
</trkpt>
<trkpt lat="34.68115616" lon="-110.88297272">
<ele>1887.400</ele>
<time>2025-04-28T19:32:56Z</time>
</trkpt>
<trkpt lat="34.68114853" lon="-110.88360596">
<ele>1887.100</ele>
<time>2025-04-28T19:33:02Z</time>
</trkpt>
<trkpt lat="34.68114090" lon="-110.88424683">
<ele>1886.700</ele>
<time>2025-04-28T19:33:08Z</time>
</trkpt>
<trkpt lat="34.68114853" lon="-110.88488770">
<ele>1887.500</ele>
<time>2025-04-28T19:33:14Z</time>
</trkpt>
<trkpt lat="34.68115234" lon="-110.88540649">
<ele>1887.200</ele>
<time>2025-04-28T19:33:20Z</time>
</trkpt>
<trkpt lat="34.68115997" lon="-110.88587952">
<ele>1889.000</ele>
<time>2025-04-28T19:33:26Z</time>
</trkpt>
<trkpt lat="34.68115234" lon="-110.88636780">
<ele>1889.000</ele>
<time>2025-04-28T19:33:32Z</time>
</trkpt>
<trkpt lat="34.68109512" lon="-110.88674927">
<ele>1889.500</ele>
<time>2025-04-28T19:33:38Z</time>
</trkpt>
<trkpt lat="34.68107224" lon="-110.88714600">
<ele>1890.500</ele>
<time>2025-04-28T19:33:44Z</time>
</trkpt>
<trkpt lat="34.68101120" lon="-110.88759613">
<ele>1891.500</ele>
<time>2025-04-28T19:33:50Z</time>
</trkpt>
<trkpt lat="34.68099594" lon="-110.88807678">
<ele>1893.400</ele>
<time>2025-04-28T19:33:56Z</time>
</trkpt>
<trkpt lat="34.68106461" lon="-110.88856506">
<ele>1894.700</ele>
<time>2025-04-28T19:34:02Z</time>
</trkpt>
<trkpt lat="34.68098450" lon="-110.88897705">
<ele>1896.000</ele>
<time>2025-04-28T19:34:08Z</time>
</trkpt>
<trkpt lat="34.68112183" lon="-110.88932037">
<ele>1898.900</ele>
<time>2025-04-28T19:34:14Z</time>
</trkpt>
<trkpt lat="34.68099976" lon="-110.88958740">
<ele>1901.000</ele>
<time>2025-04-28T19:34:20Z</time>
</trkpt>
<trkpt lat="34.68083191" lon="-110.88993835">
<ele>1903.400</ele>
<time>2025-04-28T19:34:26Z</time>
</trkpt>
<trkpt lat="34.68097305" lon="-110.89029694">
<ele>1903.500</ele>
<time>2025-04-28T19:34:32Z</time>
</trkpt>
<trkpt lat="34.68112946" lon="-110.89069366">
<ele>1905.200</ele>
<time>2025-04-28T19:34:38Z</time>
</trkpt>
<trkpt lat="34.68118668" lon="-110.89117432">
<ele>1906.400</ele>
<time>2025-04-28T19:34:44Z</time>
</trkpt>
<trkpt lat="34.68119431" lon="-110.89169312">
<ele>1906.700</ele>
<time>2025-04-28T19:34:50Z</time>
</trkpt>
<trkpt lat="34.68117523" lon="-110.89225006">
<ele>1907.600</ele>
<time>2025-04-28T19:34:56Z</time>
</trkpt>
<trkpt lat="34.68111420" lon="-110.89284515">
<ele>1908.200</ele>
<time>2025-04-28T19:35:02Z</time>
</trkpt>
<trkpt lat="34.68119431" lon="-110.89328766">
<ele>1904.900</ele>
<time>2025-04-28T19:35:08Z</time>
</trkpt>
<trkpt lat="34.68123245" lon="-110.89354706">
<ele>1904.000</ele>
<time>2025-04-28T19:35:14Z</time>
</trkpt>
<trkpt lat="34.68112183" lon="-110.89376831">
<ele>1902.700</ele>
<time>2025-04-28T19:35:20Z</time>
</trkpt>
<trkpt lat="34.68114471" lon="-110.89402771">
<ele>1901.000</ele>
<time>2025-04-28T19:35:26Z</time>
</trkpt>
<trkpt lat="34.68115997" lon="-110.89417267">
<ele>1901.000</ele>
<time>2025-04-28T19:35:32Z</time>
</trkpt>
<trkpt lat="34.68112183" lon="-110.89435577">
<ele>1900.300</ele>
<time>2025-04-28T19:35:38Z</time>
</trkpt>
<trkpt lat="34.68103790" lon="-110.89450836">
<ele>1899.500</ele>
<time>2025-04-28T19:35:44Z</time>
</trkpt>
<trkpt lat="34.68096161" lon="-110.89467621">
<ele>1897.500</ele>
<time>2025-04-28T19:35:50Z</time>
</trkpt>
<trkpt lat="34.68088531" lon="-110.89488983">
<ele>1897.300</ele>
<time>2025-04-28T19:35:56Z</time>
</trkpt>
<trkpt lat="34.68076324" lon="-110.89519501">
<ele>1895.900</ele>
<time>2025-04-28T19:36:02Z</time>
</trkpt>
<trkpt lat="34.68067551" lon="-110.89560699">
<ele>1894.100</ele>
<time>2025-04-28T19:36:08Z</time>
</trkpt>
<trkpt lat="34.68053818" lon="-110.89595032">
<ele>1893.000</ele>
<time>2025-04-28T19:36:14Z</time>
</trkpt>
<trkpt lat="34.68040466" lon="-110.89636230">
<ele>1892.000</ele>
<time>2025-04-28T19:36:20Z</time>
</trkpt>
<trkpt lat="34.68042374" lon="-110.89682007">
<ele>1892.400</ele>
<time>2025-04-28T19:36:26Z</time>
</trkpt>
<trkpt lat="34.68059158" lon="-110.89727783">
<ele>1891.200</ele>
<time>2025-04-28T19:36:32Z</time>
</trkpt>
<trkpt lat="34.68079376" lon="-110.89765167">
<ele>1891.800</ele>
<time>2025-04-28T19:36:38Z</time>
</trkpt>
<trkpt lat="34.68091965" lon="-110.89801788">
<ele>1890.900</ele>
<time>2025-04-28T19:36:44Z</time>
</trkpt>
<trkpt lat="34.68096924" lon="-110.89843750">
<ele>1892.000</ele>
<time>2025-04-28T19:36:50Z</time>
</trkpt>
<trkpt lat="34.68107224" lon="-110.89887238">
<ele>1891.600</ele>
<time>2025-04-28T19:36:56Z</time>
</trkpt>
<trkpt lat="34.68120193" lon="-110.89931488">
<ele>1892.000</ele>
<time>2025-04-28T19:37:02Z</time>
</trkpt>
<trkpt lat="34.68130875" lon="-110.89980316">
<ele>1892.800</ele>
<time>2025-04-28T19:37:08Z</time>
</trkpt>
<trkpt lat="34.68133926" lon="-110.90027618">
<ele>1893.700</ele>
<time>2025-04-28T19:37:14Z</time>
</trkpt>
<trkpt lat="34.68139267" lon="-110.90074921">
<ele>1894.600</ele>
<time>2025-04-28T19:37:20Z</time>
</trkpt>
<trkpt lat="34.68141174" lon="-110.90123749">
<ele>1897.100</ele>
<time>2025-04-28T19:37:26Z</time>
</trkpt>
<trkpt lat="34.68138885" lon="-110.90174866">
<ele>1897.800</ele>
<time>2025-04-28T19:37:32Z</time>
</trkpt>
<trkpt lat="34.68132401" lon="-110.90221405">
<ele>1895.400</ele>
<time>2025-04-28T19:37:38Z</time>
</trkpt>
<trkpt lat="34.68143463" lon="-110.90247345">
<ele>1893.600</ele>
<time>2025-04-28T19:37:44Z</time>
</trkpt>
<trkpt lat="34.68161774" lon="-110.90261841">
<ele>1891.500</ele>
<time>2025-04-28T19:37:50Z</time>
</trkpt>
<trkpt lat="34.68196106" lon="-110.90265656">
<ele>1890.400</ele>
<time>2025-04-28T19:37:56Z</time>
</trkpt>
<trkpt lat="34.68233109" lon="-110.90255737">
<ele>1890.200</ele>
<time>2025-04-28T19:38:02Z</time>
</trkpt>
<trkpt lat="34.68268204" lon="-110.90249634">
<ele>1888.600</ele>
<time>2025-04-28T19:38:08Z</time>
</trkpt>
<trkpt lat="34.68288422" lon="-110.90270233">
<ele>1886.900</ele>
<time>2025-04-28T19:38:14Z</time>
</trkpt>
<trkpt lat="34.68292236" lon="-110.90315247">
<ele>1886.500</ele>
<time>2025-04-28T19:38:20Z</time>
</trkpt>
<trkpt lat="34.68269730" lon="-110.90336609">
<ele>1886.600</ele>
<time>2025-04-28T19:38:26Z</time>
</trkpt>
<trkpt lat="34.68242645" lon="-110.90358734">
<ele>1887.900</ele>
<time>2025-04-28T19:38:32Z</time>
</trkpt>
<trkpt lat="34.68214417" lon="-110.90380096">
<ele>1889.700</ele>
<time>2025-04-28T19:38:38Z</time>
</trkpt>
<trkpt lat="34.68193436" lon="-110.90400696">
<ele>1892.100</ele>
<time>2025-04-28T19:38:44Z</time>
</trkpt>
<trkpt lat="34.68177032" lon="-110.90428162">
<ele>1894.000</ele>
<time>2025-04-28T19:38:50Z</time>
</trkpt>
<trkpt lat="34.68165588" lon="-110.90470123">
<ele>1894.500</ele>
<time>2025-04-28T19:38:56Z</time>
</trkpt>
<trkpt lat="34.68171692" lon="-110.90525818">
<ele>1894.800</ele>
<time>2025-04-28T19:39:02Z</time>
</trkpt>
<trkpt lat="34.68192673" lon="-110.90573120">
<ele>1894.800</ele>
<time>2025-04-28T19:39:08Z</time>
</trkpt>
<trkpt lat="34.68218994" lon="-110.90610504">
<ele>1896.400</ele>
<time>2025-04-28T19:39:14Z</time>
</trkpt>
<trkpt lat="34.68207550" lon="-110.90646362">
<ele>1897.800</ele>
<time>2025-04-28T19:39:20Z</time>
</trkpt>
<trkpt lat="34.68174744" lon="-110.90671539">
<ele>1898.300</ele>
<time>2025-04-28T19:39:26Z</time>
</trkpt>
<trkpt lat="34.68137741" lon="-110.90701294">
<ele>1899.300</ele>
<time>2025-04-28T19:39:32Z</time>
</trkpt>
<trkpt lat="34.68097305" lon="-110.90735626">
<ele>1899.300</ele>
<time>2025-04-28T19:39:38Z</time>
</trkpt>
<trkpt lat="34.68058014" lon="-110.90775299">
<ele>1899.700</ele>
<time>2025-04-28T19:39:44Z</time>
</trkpt>
<trkpt lat="34.68043900" lon="-110.90833282">
<ele>1898.100</ele>
<time>2025-04-28T19:39:50Z</time>
</trkpt>
<trkpt lat="34.68043518" lon="-110.90892792">
<ele>1899.900</ele>
<time>2025-04-28T19:39:56Z</time>
</trkpt>
<trkpt lat="34.68004227" lon="-110.90928650">
<ele>1901.200</ele>
<time>2025-04-28T19:40:02Z</time>
</trkpt>
<trkpt lat="34.67960739" lon="-110.90966034">
<ele>1902.000</ele>
<time>2025-04-28T19:40:08Z</time>
</trkpt>
<trkpt lat="34.67927170" lon="-110.91020966">
<ele>1903.500</ele>
<time>2025-04-28T19:40:14Z</time>
</trkpt>
<trkpt lat="34.67887115" lon="-110.91072845">
<ele>1903.700</ele>
<time>2025-04-28T19:40:20Z</time>
</trkpt>
<trkpt lat="34.67832184" lon="-110.91098022">
<ele>1904.700</ele>
<time>2025-04-28T19:40:26Z</time>
</trkpt>
<trkpt lat="34.67779541" lon="-110.91140747">
<ele>1905.200</ele>
<time>2025-04-28T19:40:32Z</time>
</trkpt>
<trkpt lat="34.67733765" lon="-110.91196442">
<ele>1905.100</ele>
<time>2025-04-28T19:40:38Z</time>
</trkpt>
<trkpt lat="34.67687988" lon="-110.91252899">
<ele>1904.800</ele>
<time>2025-04-28T19:40:44Z</time>
</trkpt>
<trkpt lat="34.67657471" lon="-110.91309357">
<ele>1904.200</ele>
<time>2025-04-28T19:40:50Z</time>
</trkpt>
<trkpt lat="34.67616272" lon="-110.91354370">
<ele>1906.300</ele>
<time>2025-04-28T19:40:56Z</time>
</trkpt>
<trkpt lat="34.67580414" lon="-110.91404724">
<ele>1906.500</ele>
<time>2025-04-28T19:41:02Z</time>
</trkpt>
<trkpt lat="34.67555618" lon="-110.91461945">
<ele>1907.700</ele>
<time>2025-04-28T19:41:08Z</time>
</trkpt>
<trkpt lat="34.67535782" lon="-110.91505432">
<ele>1909.600</ele>
<time>2025-04-28T19:41:14Z</time>
</trkpt>
<trkpt lat="34.67533112" lon="-110.91536713">
<ele>1912.400</ele>
<time>2025-04-28T19:41:20Z</time>
</trkpt>
<trkpt lat="34.67529297" lon="-110.91565704">
<ele>1914.100</ele>
<time>2025-04-28T19:41:26Z</time>
</trkpt>
<trkpt lat="34.67524338" lon="-110.91602325">
<ele>1916.400</ele>
<time>2025-04-28T19:41:32Z</time>
</trkpt>
<trkpt lat="34.67515564" lon="-110.91640472">
<ele>1917.400</ele>
<time>2025-04-28T19:41:38Z</time>
</trkpt>
<trkpt lat="34.67496109" lon="-110.91674805">
<ele>1918.900</ele>
<time>2025-04-28T19:41:44Z</time>
</trkpt>
<trkpt lat="34.67474365" lon="-110.91705322">
<ele>1920.700</ele>
<time>2025-04-28T19:41:50Z</time>
</trkpt>
<trkpt lat="34.67450714" lon="-110.91732025">
<ele>1922.500</ele>
<time>2025-04-28T19:41:56Z</time>
</trkpt>
<trkpt lat="34.67419434" lon="-110.91757202">
<ele>1924.700</ele>
<time>2025-04-28T19:42:02Z</time>
</trkpt>
<trkpt lat="34.67390060" lon="-110.91790009">
<ele>1925.500</ele>
<time>2025-04-28T19:42:08Z</time>
</trkpt>
<trkpt lat="34.67366028" lon="-110.91835022">
<ele>1926.500</ele>
<time>2025-04-28T19:42:14Z</time>
</trkpt>
<trkpt lat="34.67333603" lon="-110.91873169">
<ele>1928.800</ele>
<time>2025-04-28T19:42:20Z</time>
</trkpt>
<trkpt lat="34.67290878" lon="-110.91897583">
<ele>1930.600</ele>
<time>2025-04-28T19:42:26Z</time>
</trkpt>
<trkpt lat="34.67256546" lon="-110.91938019">
<ele>1932.400</ele>
<time>2025-04-28T19:42:32Z</time>
</trkpt>
<trkpt lat="34.67231750" lon="-110.91988373">
<ele>1934.200</ele>
<time>2025-04-28T19:42:38Z</time>
</trkpt>
<trkpt lat="34.67205811" lon="-110.92037964">
<ele>1935.500</ele>
<time>2025-04-28T19:42:44Z</time>
</trkpt>
<trkpt lat="34.67185593" lon="-110.92081451">
<ele>1937.600</ele>
<time>2025-04-28T19:42:50Z</time>
</trkpt>
<trkpt lat="34.67161560" lon="-110.92121124">
<ele>1938.400</ele>
<time>2025-04-28T19:42:56Z</time>
</trkpt>
<trkpt lat="34.67136383" lon="-110.92160034">
<ele>1939.100</ele>
<time>2025-04-28T19:43:02Z</time>
</trkpt>
<trkpt lat="34.67107010" lon="-110.92198944">
<ele>1940.100</ele>
<time>2025-04-28T19:43:08Z</time>
</trkpt>
<trkpt lat="34.67077255" lon="-110.92237091">
<ele>1942.300</ele>
<time>2025-04-28T19:43:14Z</time>
</trkpt>
<trkpt lat="34.67047882" lon="-110.92269897">
<ele>1943.400</ele>
<time>2025-04-28T19:43:20Z</time>
</trkpt>
<trkpt lat="34.67015076" lon="-110.92305756">
<ele>1944.200</ele>
<time>2025-04-28T19:43:26Z</time>
</trkpt>
<trkpt lat="34.66982269" lon="-110.92346954">
<ele>1945.800</ele>
<time>2025-04-28T19:43:32Z</time>
</trkpt>
<trkpt lat="34.66946793" lon="-110.92390442">
<ele>1947.700</ele>
<time>2025-04-28T19:43:38Z</time>
</trkpt>
<trkpt lat="34.66911697" lon="-110.92428589">
<ele>1947.100</ele>
<time>2025-04-28T19:43:44Z</time>
</trkpt>
<trkpt lat="34.66881943" lon="-110.92469788">
<ele>1946.400</ele>
<time>2025-04-28T19:43:50Z</time>
</trkpt>
<trkpt lat="34.66852570" lon="-110.92517090">
<ele>1946.700</ele>
<time>2025-04-28T19:43:56Z</time>
</trkpt>
<trkpt lat="34.66819000" lon="-110.92564392">
<ele>1947.400</ele>
<time>2025-04-28T19:44:02Z</time>
</trkpt>
<trkpt lat="34.66784286" lon="-110.92612457">
<ele>1948.300</ele>
<time>2025-04-28T19:44:08Z</time>
</trkpt>
<trkpt lat="34.66747665" lon="-110.92659760">
<ele>1948.200</ele>
<time>2025-04-28T19:44:14Z</time>
</trkpt>
<trkpt lat="34.66701889" lon="-110.92688751">
<ele>1948.000</ele>
<time>2025-04-28T19:44:20Z</time>
</trkpt>
<trkpt lat="34.66664505" lon="-110.92708588">
<ele>1947.800</ele>
<time>2025-04-28T19:44:26Z</time>
</trkpt>
<trkpt lat="34.66614914" lon="-110.92728424">
<ele>1948.200</ele>
<time>2025-04-28T19:44:32Z</time>
</trkpt>
<trkpt lat="34.66561508" lon="-110.92743683">
<ele>1951.500</ele>
<time>2025-04-28T19:44:38Z</time>
</trkpt>
<trkpt lat="34.66509628" lon="-110.92768860">
<ele>1952.100</ele>
<time>2025-04-28T19:44:44Z</time>
</trkpt>
<trkpt lat="34.66454697" lon="-110.92783356">
<ele>1953.700</ele>
<time>2025-04-28T19:44:50Z</time>
</trkpt>
<trkpt lat="34.66398621" lon="-110.92763519">
<ele>1954.800</ele>
<time>2025-04-28T19:44:56Z</time>
</trkpt>
<trkpt lat="34.66347504" lon="-110.92736053">
<ele>1957.500</ele>
<time>2025-04-28T19:45:02Z</time>
</trkpt>
<trkpt lat="34.66291046" lon="-110.92719269">
<ele>1958.000</ele>
<time>2025-04-28T19:45:08Z</time>
</trkpt>
<trkpt lat="34.66229248" lon="-110.92707825">
<ele>1958.200</ele>
<time>2025-04-28T19:45:14Z</time>
</trkpt>
<trkpt lat="34.66165161" lon="-110.92697906">
<ele>1959.500</ele>
<time>2025-04-28T19:45:20Z</time>
</trkpt>
<trkpt lat="34.66101456" lon="-110.92691040">
<ele>1961.000</ele>
<time>2025-04-28T19:45:26Z</time>
</trkpt>
<trkpt lat="34.66040039" lon="-110.92691803">
<ele>1963.600</ele>
<time>2025-04-28T19:45:32Z</time>
</trkpt>
<trkpt lat="34.65985870" lon="-110.92661285">
<ele>1965.900</ele>
<time>2025-04-28T19:45:38Z</time>
</trkpt>
<trkpt lat="34.65930939" lon="-110.92629242">
<ele>1967.200</ele>
<time>2025-04-28T19:45:44Z</time>
</trkpt>
<trkpt lat="34.65869904" lon="-110.92607117">
<ele>1968.100</ele>
<time>2025-04-28T19:45:50Z</time>
</trkpt>
<trkpt lat="34.65807724" lon="-110.92585754">
<ele>1970.000</ele>
<time>2025-04-28T19:45:56Z</time>
</trkpt>
<trkpt lat="34.65748215" lon="-110.92565155">
<ele>1970.400</ele>
<time>2025-04-28T19:46:02Z</time>
</trkpt>
<trkpt lat="34.65688324" lon="-110.92535400">
<ele>1972.200</ele>
<time>2025-04-28T19:46:08Z</time>
</trkpt>
<trkpt lat="34.65626526" lon="-110.92499542">
<ele>1972.700</ele>
<time>2025-04-28T19:46:14Z</time>
</trkpt>
<trkpt lat="34.65558624" lon="-110.92481995">
<ele>1974.200</ele>
<time>2025-04-28T19:46:20Z</time>
</trkpt>
<trkpt lat="34.65488815" lon="-110.92485809">
<ele>1975.500</ele>
<time>2025-04-28T19:46:26Z</time>
</trkpt>
<trkpt lat="34.65420151" lon="-110.92500305">
<ele>1977.100</ele>
<time>2025-04-28T19:46:32Z</time>
</trkpt>
<trkpt lat="34.65353394" lon="-110.92513275">
<ele>1978.900</ele>
<time>2025-04-28T19:46:38Z</time>
</trkpt>
<trkpt lat="34.65290451" lon="-110.92524719">
<ele>1981.800</ele>
<time>2025-04-28T19:46:44Z</time>
</trkpt>
<trkpt lat="34.65224075" lon="-110.92524719">
<ele>1982.400</ele>
<time>2025-04-28T19:46:50Z</time>
</trkpt>
<trkpt lat="34.65153503" lon="-110.92521667">
<ele>1982.600</ele>
<time>2025-04-28T19:46:56Z</time>
</trkpt>
<trkpt lat="34.65081787" lon="-110.92531586">
<ele>1982.300</ele>
<time>2025-04-28T19:47:02Z</time>
</trkpt>
<trkpt lat="34.65008163" lon="-110.92538452">
<ele>1981.800</ele>
<time>2025-04-28T19:47:08Z</time>
</trkpt>
<trkpt lat="34.64933395" lon="-110.92532349">
<ele>1981.100</ele>
<time>2025-04-28T19:47:14Z</time>
</trkpt>
<trkpt lat="34.64858246" lon="-110.92519379">
<ele>1981.200</ele>
<time>2025-04-28T19:47:20Z</time>
</trkpt>
<trkpt lat="34.64781570" lon="-110.92502594">
<ele>1980.600</ele>
<time>2025-04-28T19:47:26Z</time>
</trkpt>
<trkpt lat="34.64702988" lon="-110.92499542">
<ele>1979.600</ele>
<time>2025-04-28T19:47:32Z</time>
</trkpt>
<trkpt lat="34.64624023" lon="-110.92505646">
<ele>1980.200</ele>
<time>2025-04-28T19:47:38Z</time>
</trkpt>
<trkpt lat="34.64545822" lon="-110.92491150">
<ele>1980.400</ele>
<time>2025-04-28T19:47:44Z</time>
</trkpt>
<trkpt lat="34.64468384" lon="-110.92462921">
<ele>1980.700</ele>
<time>2025-04-28T19:47:50Z</time>
</trkpt>
<trkpt lat="34.64388275" lon="-110.92467499">
<ele>1982.100</ele>
<time>2025-04-28T19:47:56Z</time>
</trkpt>
<trkpt lat="34.64305496" lon="-110.92468262">
<ele>1983.800</ele>
<time>2025-04-28T19:48:02Z</time>
</trkpt>
<trkpt lat="34.64222717" lon="-110.92481232">
<ele>1984.800</ele>
<time>2025-04-28T19:48:08Z</time>
</trkpt>
<trkpt lat="34.64141464" lon="-110.92505646">
<ele>1985.800</ele>
<time>2025-04-28T19:48:14Z</time>
</trkpt>
<trkpt lat="34.64060211" lon="-110.92533875">
<ele>1986.500</ele>
<time>2025-04-28T19:48:20Z</time>
</trkpt>
<trkpt lat="34.63978577" lon="-110.92546844">
<ele>1988.000</ele>
<time>2025-04-28T19:48:26Z</time>
</trkpt>
<trkpt lat="34.63900757" lon="-110.92552185">
<ele>1989.700</ele>
<time>2025-04-28T19:48:32Z</time>
</trkpt>
<trkpt lat="34.63824844" lon="-110.92575836">
<ele>1992.300</ele>
<time>2025-04-28T19:48:38Z</time>
</trkpt>
<trkpt lat="34.63749695" lon="-110.92601776">
<ele>1993.500</ele>
<time>2025-04-28T19:48:44Z</time>
</trkpt>
<trkpt lat="34.63680649" lon="-110.92647552">
<ele>1994.000</ele>
<time>2025-04-28T19:48:50Z</time>
</trkpt>
<trkpt lat="34.63619614" lon="-110.92710114">
<ele>1994.700</ele>
<time>2025-04-28T19:48:56Z</time>
</trkpt>
<trkpt lat="34.63558578" lon="-110.92774200">
<ele>1996.800</ele>
<time>2025-04-28T19:49:02Z</time>
</trkpt>
<trkpt lat="34.63496780" lon="-110.92837524">
<ele>1997.800</ele>
<time>2025-04-28T19:49:08Z</time>
</trkpt>
<trkpt lat="34.63430786" lon="-110.92894745">
<ele>1999.000</ele>
<time>2025-04-28T19:49:14Z</time>
</trkpt>
<trkpt lat="34.63358307" lon="-110.92932892">
<ele>2000.100</ele>
<time>2025-04-28T19:49:20Z</time>
</trkpt>
<trkpt lat="34.63285065" lon="-110.92935944">
<ele>2000.700</ele>
<time>2025-04-28T19:49:26Z</time>
</trkpt>
<trkpt lat="34.63211823" lon="-110.92951965">
<ele>2003.100</ele>
<time>2025-04-28T19:49:32Z</time>
</trkpt>
<trkpt lat="34.63147354" lon="-110.92992401">
<ele>2003.800</ele>
<time>2025-04-28T19:49:38Z</time>
</trkpt>
<trkpt lat="34.63077545" lon="-110.92995453">
<ele>2003.800</ele>
<time>2025-04-28T19:49:44Z</time>
</trkpt>
<trkpt lat="34.63011169" lon="-110.92992401">
<ele>2005.200</ele>
<time>2025-04-28T19:49:50Z</time>
</trkpt>
<trkpt lat="34.62940598" lon="-110.93005371">
<ele>2005.600</ele>
<time>2025-04-28T19:49:56Z</time>
</trkpt>
<trkpt lat="34.62872314" lon="-110.93041229">
<ele>2006.200</ele>
<time>2025-04-28T19:50:02Z</time>
</trkpt>
<trkpt lat="34.62816238" lon="-110.93096161">
<ele>2007.400</ele>
<time>2025-04-28T19:50:08Z</time>
</trkpt>
<trkpt lat="34.62751007" lon="-110.93119049">
<ele>2008.200</ele>
<time>2025-04-28T19:50:14Z</time>
</trkpt>
<trkpt lat="34.62680054" lon="-110.93095398">
<ele>2008.800</ele>
<time>2025-04-28T19:50:20Z</time>
</trkpt>
<trkpt lat="34.62610245" lon="-110.93100739">
<ele>2010.700</ele>
<time>2025-04-28T19:50:26Z</time>
</trkpt>
<trkpt lat="34.62540436" lon="-110.93134308">
<ele>2011.100</ele>
<time>2025-04-28T19:50:32Z</time>
</trkpt>
<trkpt lat="34.62492752" lon="-110.93156433">
<ele>2011.800</ele>
<time>2025-04-28T19:50:38Z</time>
</trkpt>
<trkpt lat="34.62468719" lon="-110.93167877">
<ele>2012.400</ele>
<time>2025-04-28T19:50:44Z</time>
</trkpt>
<trkpt lat="34.62430954" lon="-110.93188477">
<ele>2012.800</ele>
<time>2025-04-28T19:50:50Z</time>
</trkpt>
<trkpt lat="34.62377167" lon="-110.93208313">
<ele>2014.200</ele>
<time>2025-04-28T19:50:56Z</time>
</trkpt>
<trkpt lat="34.62319565" lon="-110.93212891">
<ele>2013.800</ele>
<time>2025-04-28T19:51:02Z</time>
</trkpt>
<trkpt lat="34.62274933" lon="-110.93214417">
<ele>2013.900</ele>
<time>2025-04-28T19:51:08Z</time>
</trkpt>
<trkpt lat="34.62232208" lon="-110.93215179">
<ele>2014.100</ele>
<time>2025-04-28T19:51:14Z</time>
</trkpt>
<trkpt lat="34.62194443" lon="-110.93207550">
<ele>2016.900</ele>
<time>2025-04-28T19:51:20Z</time>
</trkpt>
<trkpt lat="34.62159729" lon="-110.93202972">
<ele>2019.800</ele>
<time>2025-04-28T19:51:26Z</time>
</trkpt>
<trkpt lat="34.62123108" lon="-110.93195343">
<ele>2021.300</ele>
<time>2025-04-28T19:51:32Z</time>
</trkpt>
<trkpt lat="34.62084579" lon="-110.93187714">
<ele>2022.400</ele>
<time>2025-04-28T19:51:38Z</time>
</trkpt>
<trkpt lat="34.62043381" lon="-110.93177795">
<ele>2022.600</ele>
<time>2025-04-28T19:51:44Z</time>
</trkpt>
<trkpt lat="34.62002563" lon="-110.93166351">
<ele>2023.100</ele>
<time>2025-04-28T19:51:50Z</time>
</trkpt>
<trkpt lat="34.61966705" lon="-110.93157196">
<ele>2021.500</ele>
<time>2025-04-28T19:51:56Z</time>
</trkpt>
<trkpt lat="34.61928940" lon="-110.93148804">
<ele>2022.200</ele>
<time>2025-04-28T19:52:02Z</time>
</trkpt>
<trkpt lat="34.61888885" lon="-110.93144226">
<ele>2022.700</ele>
<time>2025-04-28T19:52:08Z</time>
</trkpt>
<trkpt lat="34.61842346" lon="-110.93143463">
<ele>2021.500</ele>
<time>2025-04-28T19:52:14Z</time>
</trkpt>
<trkpt lat="34.61790848" lon="-110.93144989">
<ele>2021.900</ele>
<time>2025-04-28T19:52:20Z</time>
</trkpt>
<trkpt lat="34.61740112" lon="-110.93147278">
<ele>2023.900</ele>
<time>2025-04-28T19:52:26Z</time>
</trkpt>
<trkpt lat="34.61693192" lon="-110.93143463">
<ele>2025.400</ele>
<time>2025-04-28T19:52:32Z</time>
</trkpt>
<trkpt lat="34.61643982" lon="-110.93128967">
<ele>2025.500</ele>
<time>2025-04-28T19:52:38Z</time>
</trkpt>
<trkpt lat="34.61595535" lon="-110.93095398">
<ele>2025.700</ele>
<time>2025-04-28T19:52:44Z</time>
</trkpt>
<trkpt lat="34.61545181" lon="-110.93061829">
<ele>2025.700</ele>
<time>2025-04-28T19:52:50Z</time>
</trkpt>
<trkpt lat="34.61489868" lon="-110.93038940">
<ele>2025.700</ele>
<time>2025-04-28T19:52:56Z</time>
</trkpt>
<trkpt lat="34.61434174" lon="-110.93012238">
<ele>2027.300</ele>
<time>2025-04-28T19:53:02Z</time>
</trkpt>
<trkpt lat="34.61394882" lon="-110.92982483">
<ele>2029.300</ele>
<time>2025-04-28T19:53:08Z</time>
</trkpt>
<trkpt lat="34.61360931" lon="-110.92959595">
<ele>2030.900</ele>
<time>2025-04-28T19:53:14Z</time>
</trkpt>
<trkpt lat="34.61332703" lon="-110.92932129">
<ele>2033.500</ele>
<time>2025-04-28T19:53:20Z</time>
</trkpt>
<trkpt lat="34.61303711" lon="-110.92901611">
<ele>2033.900</ele>
<time>2025-04-28T19:53:26Z</time>
</trkpt>
<trkpt lat="34.61286926" lon="-110.92871857">
<ele>2037.300</ele>
<time>2025-04-28T19:53:32Z</time>
</trkpt>
<trkpt lat="34.61271286" lon="-110.92847443">
<ele>2038.400</ele>
<time>2025-04-28T19:53:38Z</time>
</trkpt>
<trkpt lat="34.61256409" lon="-110.92819977">
<ele>2038.700</ele>
<time>2025-04-28T19:53:44Z</time>
</trkpt>
<trkpt lat="34.61228180" lon="-110.92788696">
<ele>2039.000</ele>
<time>2025-04-28T19:53:50Z</time>
</trkpt>
<trkpt lat="34.61183548" lon="-110.92778015">
<ele>2037.900</ele>
<time>2025-04-28T19:53:56Z</time>
</trkpt>
<trkpt lat="34.61137390" lon="-110.92774200">
<ele>2041.000</ele>
<time>2025-04-28T19:54:02Z</time>
</trkpt>
<trkpt lat="34.61087036" lon="-110.92761230">
<ele>2041.400</ele>
<time>2025-04-28T19:54:08Z</time>
</trkpt>
<trkpt lat="34.61053848" lon="-110.92721558">
<ele>2042.700</ele>
<time>2025-04-28T19:54:14Z</time>
</trkpt>
<trkpt lat="34.61043167" lon="-110.92695618">
<ele>2044.500</ele>
<time>2025-04-28T19:54:20Z</time>
</trkpt>
<trkpt lat="34.61029434" lon="-110.92662048">
<ele>2046.400</ele>
<time>2025-04-28T19:54:26Z</time>
</trkpt>
<trkpt lat="34.61006546" lon="-110.92632294">
<ele>2048.000</ele>
<time>2025-04-28T19:54:32Z</time>
</trkpt>
<trkpt lat="34.60973358" lon="-110.92607880">
<ele>2049.400</ele>
<time>2025-04-28T19:54:38Z</time>
</trkpt>
<trkpt lat="34.60960388" lon="-110.92601776">
<ele>2050.400</ele>
<time>2025-04-28T19:59:47Z</time>
</trkpt>
<trkpt lat="34.60954285" lon="-110.92597961">
<ele>2051.700</ele>
<time>2025-04-28T20:00:03Z</time>
</trkpt>
<trkpt lat="34.60945129" lon="-110.92592621">
<ele>2051.500</ele>
<time>2025-04-28T20:00:09Z</time>
</trkpt>
<trkpt lat="34.60939026" lon="-110.92588806">
<ele>2051.900</ele>
<time>2025-04-28T20:00:15Z</time>
</trkpt>
<trkpt lat="34.60908508" lon="-110.92571259">
<ele>2052.200</ele>
<time>2025-04-28T20:00:21Z</time>
</trkpt>
<trkpt lat="34.60862350" lon="-110.92549133">
<ele>2052.400</ele>
<time>2025-04-28T20:00:27Z</time>
</trkpt>
<trkpt lat="34.60805893" lon="-110.92539215">
<ele>2053.100</ele>
<time>2025-04-28T20:00:33Z</time>
</trkpt>
<trkpt lat="34.60744476" lon="-110.92534637">
<ele>2055.800</ele>
<time>2025-04-28T20:00:39Z</time>
</trkpt>
<trkpt lat="34.60678864" lon="-110.92510223">
<ele>2056.200</ele>
<time>2025-04-28T20:00:45Z</time>
</trkpt>
<trkpt lat="34.60612488" lon="-110.92467499">
<ele>2055.400</ele>
<time>2025-04-28T20:00:51Z</time>
</trkpt>
<trkpt lat="34.60546875" lon="-110.92420197">
<ele>2053.900</ele>
<time>2025-04-28T20:00:57Z</time>
</trkpt>
<trkpt lat="34.60478592" lon="-110.92387390">
<ele>2053.100</ele>
<time>2025-04-28T20:01:03Z</time>
</trkpt>
<trkpt lat="34.60411453" lon="-110.92388916">
<ele>2054.900</ele>
<time>2025-04-28T20:01:09Z</time>
</trkpt>
<trkpt lat="34.60345078" lon="-110.92391968">
<ele>2053.800</ele>
<time>2025-04-28T20:01:15Z</time>
</trkpt>
<trkpt lat="34.60276031" lon="-110.92395020">
<ele>2054.200</ele>
<time>2025-04-28T20:01:21Z</time>
</trkpt>
<trkpt lat="34.60211945" lon="-110.92371368">
<ele>2055.700</ele>
<time>2025-04-28T20:01:27Z</time>
</trkpt>
<trkpt lat="34.60153961" lon="-110.92337799">
<ele>2057.200</ele>
<time>2025-04-28T20:01:33Z</time>
</trkpt>
<trkpt lat="34.60088348" lon="-110.92314911">
<ele>2056.800</ele>
<time>2025-04-28T20:01:39Z</time>
</trkpt>
<trkpt lat="34.60023880" lon="-110.92275238">
<ele>2058.900</ele>
<time>2025-04-28T20:01:45Z</time>
</trkpt>
<trkpt lat="34.59955597" lon="-110.92234039">
<ele>2059.500</ele>
<time>2025-04-28T20:01:51Z</time>
</trkpt>
<trkpt lat="34.59888458" lon="-110.92180634">
<ele>2060.200</ele>
<time>2025-04-28T20:01:57Z</time>
</trkpt>
<trkpt lat="34.59825516" lon="-110.92120361">
<ele>2061.800</ele>
<time>2025-04-28T20:02:03Z</time>
</trkpt>
<trkpt lat="34.59759903" lon="-110.92053986">
<ele>2063.000</ele>
<time>2025-04-28T20:02:09Z</time>
</trkpt>
<trkpt lat="34.59696198" lon="-110.91978455">
<ele>2062.300</ele>
<time>2025-04-28T20:02:15Z</time>
</trkpt>
<trkpt lat="34.59630585" lon="-110.91902161">
<ele>2064.400</ele>
<time>2025-04-28T20:02:21Z</time>
</trkpt>
<trkpt lat="34.59563065" lon="-110.91835022">
<ele>2065.300</ele>
<time>2025-04-28T20:02:27Z</time>
</trkpt>
<trkpt lat="34.59484100" lon="-110.91805267">
<ele>2064.400</ele>
<time>2025-04-28T20:02:33Z</time>
</trkpt>
<trkpt lat="34.59407806" lon="-110.91769409">
<ele>2062.000</ele>
<time>2025-04-28T20:02:39Z</time>
</trkpt>
<trkpt lat="34.59328461" lon="-110.91727448">
<ele>2060.900</ele>
<time>2025-04-28T20:02:45Z</time>
</trkpt>
<trkpt lat="34.59245682" lon="-110.91688538">
<ele>2062.000</ele>
<time>2025-04-28T20:02:51Z</time>
</trkpt>
<trkpt lat="34.59159470" lon="-110.91665649">
<ele>2061.800</ele>
<time>2025-04-28T20:02:57Z</time>
</trkpt>
<trkpt lat="34.59072113" lon="-110.91645813">
<ele>2062.000</ele>
<time>2025-04-28T20:03:03Z</time>
</trkpt>
<trkpt lat="34.58987045" lon="-110.91624451">
<ele>2063.800</ele>
<time>2025-04-28T20:03:09Z</time>
</trkpt>
<trkpt lat="34.58911133" lon="-110.91596985">
<ele>2063.500</ele>
<time>2025-04-28T20:03:15Z</time>
</trkpt>
<trkpt lat="34.58837891" lon="-110.91570282">
<ele>2062.900</ele>
<time>2025-04-28T20:03:21Z</time>
</trkpt>
<trkpt lat="34.58765793" lon="-110.91537476">
<ele>2063.800</ele>
<time>2025-04-28T20:03:27Z</time>
</trkpt>
<trkpt lat="34.58693695" lon="-110.91504669">
<ele>2064.000</ele>
<time>2025-04-28T20:03:33Z</time>
</trkpt>
<trkpt lat="34.58617783" lon="-110.91471100">
<ele>2063.400</ele>
<time>2025-04-28T20:03:39Z</time>
</trkpt>
<trkpt lat="34.58536911" lon="-110.91442108">
<ele>2062.800</ele>
<time>2025-04-28T20:03:45Z</time>
</trkpt>
<trkpt lat="34.58454895" lon="-110.91410065">
<ele>2062.500</ele>
<time>2025-04-28T20:03:51Z</time>
</trkpt>
<trkpt lat="34.58372116" lon="-110.91375732">
<ele>2062.000</ele>
<time>2025-04-28T20:03:57Z</time>
</trkpt>
<trkpt lat="34.58308792" lon="-110.91327667">
<ele>2064.400</ele>
<time>2025-04-28T20:04:03Z</time>
</trkpt>
<trkpt lat="34.58290863" lon="-110.91320801">
<ele>2066.100</ele>
<time>2025-04-28T20:04:09Z</time>
</trkpt>
<trkpt lat="34.58293152" lon="-110.91328430">
<ele>2065.600</ele>
<time>2025-04-28T20:04:15Z</time>
</trkpt>
<trkpt lat="34.58298111" lon="-110.91351318">
<ele>2064.500</ele>
<time>2025-04-28T20:04:21Z</time>
</trkpt>
<trkpt lat="34.58305359" lon="-110.91380310">
<ele>2064.400</ele>
<time>2025-04-28T20:04:27Z</time>
</trkpt>
<trkpt lat="34.58320999" lon="-110.91413116">
<ele>2064.300</ele>
<time>2025-04-28T20:04:33Z</time>
</trkpt>
<trkpt lat="34.58324051" lon="-110.91447449">
<ele>2064.600</ele>
<time>2025-04-28T20:04:39Z</time>
</trkpt>
<trkpt lat="34.58334351" lon="-110.91495514">
<ele>2063.800</ele>
<time>2025-04-28T20:04:45Z</time>
</trkpt>
<trkpt lat="34.58348465" lon="-110.91545868">
<ele>2062.000</ele>
<time>2025-04-28T20:04:51Z</time>
</trkpt>
<trkpt lat="34.58372498" lon="-110.91600800">
<ele>2058.900</ele>
<time>2025-04-28T20:04:57Z</time>
</trkpt>
<trkpt lat="34.58399582" lon="-110.91660309">
<ele>2054.500</ele>
<time>2025-04-28T20:05:03Z</time>
</trkpt>
<trkpt lat="34.58431244" lon="-110.91725159">
<ele>2051.100</ele>
<time>2025-04-28T20:05:09Z</time>
</trkpt>
<trkpt lat="34.58443451" lon="-110.91796875">
<ele>2047.100</ele>
<time>2025-04-28T20:05:15Z</time>
</trkpt>
<trkpt lat="34.58425140" lon="-110.91876984">
<ele>2043.600</ele>
<time>2025-04-28T20:05:21Z</time>
</trkpt>
<trkpt lat="34.58407593" lon="-110.91959381">
<ele>2040.000</ele>
<time>2025-04-28T20:05:27Z</time>
</trkpt>
<trkpt lat="34.58387375" lon="-110.92043304">
<ele>2035.400</ele>
<time>2025-04-28T20:05:33Z</time>
</trkpt>
<trkpt lat="34.58357239" lon="-110.92127228">
<ele>2032.500</ele>
<time>2025-04-28T20:05:39Z</time>
</trkpt>
<trkpt lat="34.58325958" lon="-110.92208862">
<ele>2031.100</ele>
<time>2025-04-28T20:05:45Z</time>
</trkpt>
<trkpt lat="34.58332825" lon="-110.92295074">
<ele>2029.700</ele>
<time>2025-04-28T20:05:51Z</time>
</trkpt>
<trkpt lat="34.58348846" lon="-110.92380524">
<ele>2029.300</ele>
<time>2025-04-28T20:05:57Z</time>
</trkpt>
<trkpt lat="34.58388138" lon="-110.92431641">
<ele>2027.200</ele>
<time>2025-04-28T20:06:03Z</time>
</trkpt>
<trkpt lat="34.58426285" lon="-110.92467499">
<ele>2025.500</ele>
<time>2025-04-28T20:06:09Z</time>
</trkpt>
<trkpt lat="34.58435553" lon="-110.92475858">
<ele>2025.214</ele>
<time>2025-04-28T20:06:11.858Z</time>
</trkpt>
<trkpt lat="34.58470547" lon="-110.92511352">
<ele>2022.109</ele>
<time>2025-04-28T20:35:08.964Z</time>
</trkpt>
<trkpt lat="34.58512115" lon="-110.92556000">
<ele>2021.100</ele>
<time>2025-04-28T20:35:13Z</time>
</trkpt>
<trkpt lat="34.58560181" lon="-110.92639923">
<ele>2018.300</ele>
<time>2025-04-28T20:35:19Z</time>
</trkpt>
<trkpt lat="34.58612823" lon="-110.92729950">
<ele>2014.500</ele>
<time>2025-04-28T20:35:25Z</time>
</trkpt>
<trkpt lat="34.58679199" lon="-110.92806244">
<ele>2010.000</ele>
<time>2025-04-28T20:35:31Z</time>
</trkpt>
<trkpt lat="34.58748627" lon="-110.92879486">
<ele>2007.800</ele>
<time>2025-04-28T20:35:37Z</time>
</trkpt>
<trkpt lat="34.58833313" lon="-110.92919922">
<ele>2005.000</ele>
<time>2025-04-28T20:35:43Z</time>
</trkpt>
<trkpt lat="34.58926010" lon="-110.92933655">
<ele>2004.600</ele>
<time>2025-04-28T20:35:49Z</time>
</trkpt>
<trkpt lat="34.59008789" lon="-110.92955017">
<ele>2005.600</ele>
<time>2025-04-28T20:35:55Z</time>
</trkpt>
<trkpt lat="34.59037399" lon="-110.93033600">
<ele>2005.600</ele>
<time>2025-04-28T20:36:01Z</time>
</trkpt>
<trkpt lat="34.59054565" lon="-110.93120575">
<ele>2008.000</ele>
<time>2025-04-28T20:36:07Z</time>
</trkpt>
<trkpt lat="34.59082031" lon="-110.93202972">
<ele>2010.000</ele>
<time>2025-04-28T20:36:13Z</time>
</trkpt>
<trkpt lat="34.59144974" lon="-110.93260193">
<ele>2010.600</ele>
<time>2025-04-28T20:36:19Z</time>
</trkpt>
<trkpt lat="34.59205246" lon="-110.93334198">
<ele>2008.900</ele>
<time>2025-04-28T20:36:25Z</time>
</trkpt>
<trkpt lat="34.59253693" lon="-110.93425751">
<ele>2007.600</ele>
<time>2025-04-28T20:36:31Z</time>
</trkpt>
<trkpt lat="34.59301758" lon="-110.93507385">
<ele>2004.000</ele>
<time>2025-04-28T20:36:37Z</time>
</trkpt>
<trkpt lat="34.59360123" lon="-110.93582916">
<ele>2001.200</ele>
<time>2025-04-28T20:36:43Z</time>
</trkpt>
<trkpt lat="34.59424210" lon="-110.93653107">
<ele>1996.100</ele>
<time>2025-04-28T20:36:49Z</time>
</trkpt>
<trkpt lat="34.59487915" lon="-110.93724823">
<ele>1993.900</ele>
<time>2025-04-28T20:36:55Z</time>
</trkpt>
<trkpt lat="34.59557724" lon="-110.93788147">
<ele>1993.600</ele>
<time>2025-04-28T20:37:01Z</time>
</trkpt>
<trkpt lat="34.59629440" lon="-110.93834686">
<ele>1990.600</ele>
<time>2025-04-28T20:37:07Z</time>
</trkpt>
<trkpt lat="34.59658051" lon="-110.93914795">
<ele>1989.500</ele>
<time>2025-04-28T20:37:13Z</time>
</trkpt>
<trkpt lat="34.59649277" lon="-110.94002533">
<ele>1990.200</ele>
<time>2025-04-28T20:37:19Z</time>
</trkpt>
<trkpt lat="34.59605408" lon="-110.94064331">
<ele>1993.800</ele>
<time>2025-04-28T20:37:25Z</time>
</trkpt>
<trkpt lat="34.59548950" lon="-110.94105530">
<ele>1997.800</ele>
<time>2025-04-28T20:37:31Z</time>
</trkpt>
<trkpt lat="34.59492111" lon="-110.94140625">
<ele>2002.800</ele>
<time>2025-04-28T20:37:37Z</time>
</trkpt>
<trkpt lat="34.59446335" lon="-110.94192505">
<ele>2006.900</ele>
<time>2025-04-28T20:37:43Z</time>
</trkpt>
<trkpt lat="34.59400940" lon="-110.94254303">
<ele>2012.500</ele>
<time>2025-04-28T20:37:49Z</time>
</trkpt>
<trkpt lat="34.59349823" lon="-110.94314575">
<ele>2018.900</ele>
<time>2025-04-28T20:37:55Z</time>
</trkpt>
<trkpt lat="34.59282684" lon="-110.94351959">
<ele>2024.200</ele>
<time>2025-04-28T20:38:01Z</time>
</trkpt>
<trkpt lat="34.59210205" lon="-110.94384766">
<ele>2030.000</ele>
<time>2025-04-28T20:38:07Z</time>
</trkpt>
<trkpt lat="34.59143829" lon="-110.94431305">
<ele>2033.100</ele>
<time>2025-04-28T20:38:13Z</time>
</trkpt>
<trkpt lat="34.59083939" lon="-110.94492340">
<ele>2035.900</ele>
<time>2025-04-28T20:38:19Z</time>
</trkpt>
<trkpt lat="34.59024048" lon="-110.94556427">
<ele>2040.000</ele>
<time>2025-04-28T20:38:25Z</time>
</trkpt>
<trkpt lat="34.58971024" lon="-110.94630432">
<ele>2046.100</ele>
<time>2025-04-28T20:38:31Z</time>
</trkpt>
<trkpt lat="34.58898926" lon="-110.94667053">
<ele>2051.100</ele>
<time>2025-04-28T20:38:37Z</time>
</trkpt>
<trkpt lat="34.58823776" lon="-110.94697571">
<ele>2055.700</ele>
<time>2025-04-28T20:38:43Z</time>
</trkpt>
<trkpt lat="34.58756256" lon="-110.94750214">
<ele>2057.700</ele>
<time>2025-04-28T20:38:49Z</time>
</trkpt>
<trkpt lat="34.58686066" lon="-110.94814301">
<ele>2060.400</ele>
<time>2025-04-28T20:38:55Z</time>
</trkpt>
<trkpt lat="34.58605576" lon="-110.94860840">
<ele>2062.000</ele>
<time>2025-04-28T20:39:01Z</time>
</trkpt>
<trkpt lat="34.58514023" lon="-110.94878387">
<ele>2064.400</ele>
<time>2025-04-28T20:39:07Z</time>
</trkpt>
<trkpt lat="34.58422470" lon="-110.94898987">
<ele>2065.600</ele>
<time>2025-04-28T20:39:13Z</time>
</trkpt>
<trkpt lat="34.58329773" lon="-110.94919586">
<ele>2066.000</ele>
<time>2025-04-28T20:39:19Z</time>
</trkpt>
<trkpt lat="34.58233643" lon="-110.94924927">
<ele>2066.600</ele>
<time>2025-04-28T20:39:25Z</time>
</trkpt>
<trkpt lat="34.58138657" lon="-110.94927216">
<ele>2067.300</ele>
<time>2025-04-28T20:39:31Z</time>
</trkpt>
<trkpt lat="34.58047867" lon="-110.94927979">
<ele>2067.600</ele>
<time>2025-04-28T20:39:37Z</time>
</trkpt>
<trkpt lat="34.57960510" lon="-110.94914246">
<ele>2068.700</ele>
<time>2025-04-28T20:39:43Z</time>
</trkpt>
<trkpt lat="34.57877731" lon="-110.94885254">
<ele>2071.800</ele>
<time>2025-04-28T20:39:49Z</time>
</trkpt>
<trkpt lat="34.57797623" lon="-110.94889069">
<ele>2074.300</ele>
<time>2025-04-28T20:39:55Z</time>
</trkpt>
<trkpt lat="34.57730865" lon="-110.94939423">
<ele>2075.400</ele>
<time>2025-04-28T20:40:01Z</time>
</trkpt>
<trkpt lat="34.57662964" lon="-110.94993591">
<ele>2077.500</ele>
<time>2025-04-28T20:40:07Z</time>
</trkpt>
<trkpt lat="34.57602310" lon="-110.95067596">
<ele>2077.400</ele>
<time>2025-04-28T20:40:13Z</time>
</trkpt>
<trkpt lat="34.57530212" lon="-110.95121765">
<ele>2077.700</ele>
<time>2025-04-28T20:40:19Z</time>
</trkpt>
<trkpt lat="34.57447433" lon="-110.95145416">
<ele>2079.800</ele>
<time>2025-04-28T20:40:25Z</time>
</trkpt>
<trkpt lat="34.57364655" lon="-110.95169067">
<ele>2081.200</ele>
<time>2025-04-28T20:40:31Z</time>
</trkpt>
<trkpt lat="34.57280731" lon="-110.95194244">
<ele>2082.800</ele>
<time>2025-04-28T20:40:37Z</time>
</trkpt>
<trkpt lat="34.57194901" lon="-110.95219421">
<ele>2084.100</ele>
<time>2025-04-28T20:40:43Z</time>
</trkpt>
<trkpt lat="34.57105255" lon="-110.95221710">
<ele>2085.800</ele>
<time>2025-04-28T20:40:49Z</time>
</trkpt>
<trkpt lat="34.57013702" lon="-110.95211029">
<ele>2086.800</ele>
<time>2025-04-28T20:40:55Z</time>
</trkpt>
<trkpt lat="34.56922150" lon="-110.95203400">
<ele>2087.000</ele>
<time>2025-04-28T20:41:01Z</time>
</trkpt>
<trkpt lat="34.56830597" lon="-110.95195770">
<ele>2087.900</ele>
<time>2025-04-28T20:41:07Z</time>
</trkpt>
<trkpt lat="34.56743240" lon="-110.95185852">
<ele>2088.800</ele>
<time>2025-04-28T20:41:13Z</time>
</trkpt>
<trkpt lat="34.56668091" lon="-110.95146942">
<ele>2089.800</ele>
<time>2025-04-28T20:41:19Z</time>
</trkpt>
<trkpt lat="34.56599045" lon="-110.95090485">
<ele>2090.100</ele>
<time>2025-04-28T20:41:25Z</time>
</trkpt>
<trkpt lat="34.56527328" lon="-110.95034790">
<ele>2089.900</ele>
<time>2025-04-28T20:41:31Z</time>
</trkpt>
<trkpt lat="34.56443787" lon="-110.95006561">
<ele>2090.400</ele>
<time>2025-04-28T20:41:37Z</time>
</trkpt>
<trkpt lat="34.56361008" lon="-110.94984436">
<ele>2092.800</ele>
<time>2025-04-28T20:41:43Z</time>
</trkpt>
<trkpt lat="34.56282425" lon="-110.94964600">
<ele>2094.600</ele>
<time>2025-04-28T20:41:49Z</time>
</trkpt>
<trkpt lat="34.56204987" lon="-110.94946289">
<ele>2097.800</ele>
<time>2025-04-28T20:41:55Z</time>
</trkpt>
<trkpt lat="34.56135559" lon="-110.94979095">
<ele>2099.800</ele>
<time>2025-04-28T20:42:01Z</time>
</trkpt>
<trkpt lat="34.56075287" lon="-110.95033264">
<ele>2101.500</ele>
<time>2025-04-28T20:42:07Z</time>
</trkpt>
<trkpt lat="34.56010818" lon="-110.95088196">
<ele>2102.900</ele>
<time>2025-04-28T20:42:13Z</time>
</trkpt>
<trkpt lat="34.55941772" lon="-110.95138550">
<ele>2102.700</ele>
<time>2025-04-28T20:42:19Z</time>
</trkpt>
<trkpt lat="34.55866241" lon="-110.95182037">
<ele>2103.200</ele>
<time>2025-04-28T20:42:25Z</time>
</trkpt>
<trkpt lat="34.55789566" lon="-110.95182800">
<ele>2103.800</ele>
<time>2025-04-28T20:42:31Z</time>
</trkpt>
<trkpt lat="34.55713272" lon="-110.95146179">
<ele>2103.000</ele>
<time>2025-04-28T20:42:37Z</time>
</trkpt>
<trkpt lat="34.55633545" lon="-110.95108032">
<ele>2104.400</ele>
<time>2025-04-28T20:42:43Z</time>
</trkpt>
<trkpt lat="34.55556488" lon="-110.95069122">
<ele>2104.300</ele>
<time>2025-04-28T20:42:49Z</time>
</trkpt>
<trkpt lat="34.55479813" lon="-110.95037842">
<ele>2104.500</ele>
<time>2025-04-28T20:42:55Z</time>
</trkpt>
<trkpt lat="34.55394363" lon="-110.95026398">
<ele>2105.500</ele>
<time>2025-04-28T20:43:01Z</time>
</trkpt>
<trkpt lat="34.55306244" lon="-110.95023346">
<ele>2105.300</ele>
<time>2025-04-28T20:43:07Z</time>
</trkpt>
<trkpt lat="34.55220032" lon="-110.95021057">
<ele>2105.800</ele>
<time>2025-04-28T20:43:13Z</time>
</trkpt>
<trkpt lat="34.55139160" lon="-110.95040131">
<ele>2105.000</ele>
<time>2025-04-28T20:43:19Z</time>
</trkpt>
<trkpt lat="34.55065536" lon="-110.95088959">
<ele>2103.600</ele>
<time>2025-04-28T20:43:25Z</time>
</trkpt>
<trkpt lat="34.54984283" lon="-110.95123291">
<ele>2105.300</ele>
<time>2025-04-28T20:43:31Z</time>
</trkpt>
<trkpt lat="34.54901886" lon="-110.95147705">
<ele>2106.100</ele>
<time>2025-04-28T20:43:37Z</time>
</trkpt>
<trkpt lat="34.54822540" lon="-110.95172119">
<ele>2109.600</ele>
<time>2025-04-28T20:43:43Z</time>
</trkpt>
<trkpt lat="34.54744720" lon="-110.95197296">
<ele>2112.500</ele>
<time>2025-04-28T20:43:49Z</time>
</trkpt>
<trkpt lat="34.54667664" lon="-110.95223236">
<ele>2114.900</ele>
<time>2025-04-28T20:43:55Z</time>
</trkpt>
<trkpt lat="34.54590225" lon="-110.95237732">
<ele>2115.900</ele>
<time>2025-04-28T20:44:01Z</time>
</trkpt>
<trkpt lat="34.54510498" lon="-110.95227814">
<ele>2117.800</ele>
<time>2025-04-28T20:44:07Z</time>
</trkpt>
<trkpt lat="34.54430008" lon="-110.95204163">
<ele>2120.200</ele>
<time>2025-04-28T20:44:13Z</time>
</trkpt>
<trkpt lat="34.54353714" lon="-110.95166779">
<ele>2121.100</ele>
<time>2025-04-28T20:44:19Z</time>
</trkpt>
<trkpt lat="34.54281235" lon="-110.95122528">
<ele>2123.400</ele>
<time>2025-04-28T20:44:25Z</time>
</trkpt>
<trkpt lat="34.54204941" lon="-110.95101166">
<ele>2124.900</ele>
<time>2025-04-28T20:44:31Z</time>
</trkpt>
<trkpt lat="34.54126358" lon="-110.95113373">
<ele>2126.500</ele>
<time>2025-04-28T20:44:37Z</time>
</trkpt>
<trkpt lat="34.54045868" lon="-110.95132446">
<ele>2129.400</ele>
<time>2025-04-28T20:44:43Z</time>
</trkpt>
<trkpt lat="34.53963852" lon="-110.95145416">
<ele>2131.200</ele>
<time>2025-04-28T20:44:49Z</time>
</trkpt>
<trkpt lat="34.53882599" lon="-110.95122528">
<ele>2133.000</ele>
<time>2025-04-28T20:44:55Z</time>
</trkpt>
<trkpt lat="34.53815842" lon="-110.95063782">
<ele>2135.800</ele>
<time>2025-04-28T20:45:01Z</time>
</trkpt>
<trkpt lat="34.53756714" lon="-110.95005035">
<ele>2137.800</ele>
<time>2025-04-28T20:45:07Z</time>
</trkpt>
<trkpt lat="34.53700256" lon="-110.94946289">
<ele>2139.100</ele>
<time>2025-04-28T20:45:13Z</time>
</trkpt>
<trkpt lat="34.53642273" lon="-110.94889069">
<ele>2142.100</ele>
<time>2025-04-28T20:45:19Z</time>
</trkpt>
<trkpt lat="34.53582001" lon="-110.94834900">
<ele>2144.800</ele>
<time>2025-04-28T20:45:25Z</time>
</trkpt>
<trkpt lat="34.53513336" lon="-110.94792175">
<ele>2146.000</ele>
<time>2025-04-28T20:45:31Z</time>
</trkpt>
<trkpt lat="34.53440094" lon="-110.94763184">
<ele>2149.900</ele>
<time>2025-04-28T20:45:37Z</time>
</trkpt>
<trkpt lat="34.53366089" lon="-110.94742584">
<ele>2154.700</ele>
<time>2025-04-28T20:45:43Z</time>
</trkpt>
<trkpt lat="34.53290558" lon="-110.94739532">
<ele>2157.900</ele>
<time>2025-04-28T20:45:49Z</time>
</trkpt>
<trkpt lat="34.53233719" lon="-110.94743347">
<ele>2159.000</ele>
<time>2025-04-28T20:45:55Z</time>
</trkpt>
<trkpt lat="34.53200150" lon="-110.94747925">
<ele>2160.600</ele>
<time>2025-04-28T20:46:01Z</time>
</trkpt>
<trkpt lat="34.53191757" lon="-110.94760132">
<ele>2160.100</ele>
<time>2025-04-28T20:46:07Z</time>
</trkpt>
<trkpt lat="34.53184891" lon="-110.94813538">
<ele>2160.000</ele>
<time>2025-04-28T20:46:13Z</time>
</trkpt>
<trkpt lat="34.53186035" lon="-110.94889069">
<ele>2158.100</ele>
<time>2025-04-28T20:46:19Z</time>
</trkpt>
<trkpt lat="34.53190231" lon="-110.94963074">
<ele>2155.500</ele>
<time>2025-04-28T20:46:25Z</time>
</trkpt>
<trkpt lat="34.53193283" lon="-110.95036316">
<ele>2151.700</ele>
<time>2025-04-28T20:46:31Z</time>
</trkpt>
<trkpt lat="34.53195572" lon="-110.95108032">
<ele>2148.500</ele>
<time>2025-04-28T20:46:37Z</time>
</trkpt>
<trkpt lat="34.53196716" lon="-110.95185852">
<ele>2147.700</ele>
<time>2025-04-28T20:46:43Z</time>
</trkpt>
<trkpt lat="34.53198624" lon="-110.95272064">
<ele>2146.700</ele>
<time>2025-04-28T20:46:49Z</time>
</trkpt>
<trkpt lat="34.53200531" lon="-110.95362091">
<ele>2147.500</ele>
<time>2025-04-28T20:46:55Z</time>
</trkpt>
<trkpt lat="34.53201294" lon="-110.95449829">
<ele>2147.100</ele>
<time>2025-04-28T20:47:01Z</time>
</trkpt>
<trkpt lat="34.53195190" lon="-110.95542145">
<ele>2145.000</ele>
<time>2025-04-28T20:47:07Z</time>
</trkpt>
<trkpt lat="34.53189468" lon="-110.95630646">
<ele>2140.500</ele>
<time>2025-04-28T20:47:13Z</time>
</trkpt>
<trkpt lat="34.53221512" lon="-110.95700073">
<ele>2138.400</ele>
<time>2025-04-28T20:47:19Z</time>
</trkpt>
<trkpt lat="34.53275299" lon="-110.95761108">
<ele>2135.700</ele>
<time>2025-04-28T20:47:25Z</time>
</trkpt>
<trkpt lat="34.53338623" lon="-110.95806122">
<ele>2133.300</ele>
<time>2025-04-28T20:47:31Z</time>
</trkpt>
<trkpt lat="34.53355026" lon="-110.95869446">
<ele>2129.900</ele>
<time>2025-04-28T20:47:37Z</time>
</trkpt>
<trkpt lat="34.53333664" lon="-110.95953369">
<ele>2123.300</ele>
<time>2025-04-28T20:47:43Z</time>
</trkpt>
<trkpt lat="34.53303909" lon="-110.96041107">
<ele>2117.900</ele>
<time>2025-04-28T20:47:49Z</time>
</trkpt>
<trkpt lat="34.53282166" lon="-110.96135712">
<ele>2110.900</ele>
<time>2025-04-28T20:47:55Z</time>
</trkpt>
<trkpt lat="34.53271103" lon="-110.96232605">
<ele>2107.900</ele>
<time>2025-04-28T20:48:01Z</time>
</trkpt>
<trkpt lat="34.53232193" lon="-110.96268463">
<ele>2107.700</ele>
<time>2025-04-28T20:48:07Z</time>
</trkpt>
<trkpt lat="34.53168869" lon="-110.96243286">
<ele>2103.100</ele>
<time>2025-04-28T20:48:13Z</time>
</trkpt>
<trkpt lat="34.53099823" lon="-110.96240997">
<ele>2101.400</ele>
<time>2025-04-28T20:48:19Z</time>
</trkpt>
<trkpt lat="34.53044128" lon="-110.96295929">
<ele>2100.600</ele>
<time>2025-04-28T20:48:25Z</time>
</trkpt>
<trkpt lat="34.53002930" lon="-110.96366882">
<ele>2101.900</ele>
<time>2025-04-28T20:48:31Z</time>
</trkpt>
<trkpt lat="34.52975845" lon="-110.96448517">
<ele>2099.700</ele>
<time>2025-04-28T20:48:37Z</time>
</trkpt>
<trkpt lat="34.52972412" lon="-110.96532440">
<ele>2099.900</ele>
<time>2025-04-28T20:48:43Z</time>
</trkpt>
<trkpt lat="34.52970505" lon="-110.96617889">
<ele>2103.800</ele>
<time>2025-04-28T20:48:49Z</time>
</trkpt>
<trkpt lat="34.52941132" lon="-110.96688080">
<ele>2106.300</ele>
<time>2025-04-28T20:48:55Z</time>
</trkpt>
<trkpt lat="34.52900696" lon="-110.96746826">
<ele>2108.100</ele>
<time>2025-04-28T20:49:01Z</time>
</trkpt>
<trkpt lat="34.52862930" lon="-110.96808624">
<ele>2112.800</ele>
<time>2025-04-28T20:49:07Z</time>
</trkpt>
<trkpt lat="34.52826691" lon="-110.96876526">
<ele>2119.800</ele>
<time>2025-04-28T20:49:13Z</time>
</trkpt>
<trkpt lat="34.52788544" lon="-110.96942902">
<ele>2125.900</ele>
<time>2025-04-28T20:49:19Z</time>
</trkpt>
<trkpt lat="34.52758408" lon="-110.97016144">
<ele>2130.500</ele>
<time>2025-04-28T20:49:25Z</time>
</trkpt>
<trkpt lat="34.52727890" lon="-110.97090149">
<ele>2135.700</ele>
<time>2025-04-28T20:49:31Z</time>
</trkpt>
<trkpt lat="34.52681351" lon="-110.97156525">
<ele>2139.500</ele>
<time>2025-04-28T20:49:37Z</time>
</trkpt>
<trkpt lat="34.52617645" lon="-110.97213745">
<ele>2141.400</ele>
<time>2025-04-28T20:49:43Z</time>
</trkpt>
<trkpt lat="34.52548218" lon="-110.97274780">
<ele>2144.300</ele>
<time>2025-04-28T20:49:49Z</time>
</trkpt>
<trkpt lat="34.52474976" lon="-110.97332001">
<ele>2147.000</ele>
<time>2025-04-28T20:49:55Z</time>
</trkpt>
<trkpt lat="34.52415085" lon="-110.97380829">
<ele>2148.500</ele>
<time>2025-04-28T20:50:01Z</time>
</trkpt>
<trkpt lat="34.52383423" lon="-110.97410583">
<ele>2150.300</ele>
<time>2025-04-28T20:50:07Z</time>
</trkpt>
<trkpt lat="34.52341461" lon="-110.97444153">
<ele>2150.800</ele>
<time>2025-04-28T20:50:13Z</time>
</trkpt>
<trkpt lat="34.52292633" lon="-110.97487640">
<ele>2151.000</ele>
<time>2025-04-28T20:50:19Z</time>
</trkpt>
<trkpt lat="34.52240753" lon="-110.97547150">
<ele>2148.500</ele>
<time>2025-04-28T20:50:25Z</time>
</trkpt>
<trkpt lat="34.52192307" lon="-110.97619629">
<ele>2151.700</ele>
<time>2025-04-28T20:50:31Z</time>
</trkpt>
<trkpt lat="34.52155685" lon="-110.97698975">
<ele>2155.300</ele>
<time>2025-04-28T20:50:37Z</time>
</trkpt>
<trkpt lat="34.52128601" lon="-110.97785187">
<ele>2157.100</ele>
<time>2025-04-28T20:50:43Z</time>
</trkpt>
<trkpt lat="34.52105331" lon="-110.97877502">
<ele>2156.800</ele>
<time>2025-04-28T20:50:49Z</time>
</trkpt>
<trkpt lat="34.52080536" lon="-110.97975922">
<ele>2158.700</ele>
<time>2025-04-28T20:50:55Z</time>
</trkpt>
<trkpt lat="34.52060318" lon="-110.98080444">
<ele>2157.400</ele>
<time>2025-04-28T20:51:01Z</time>
</trkpt>
<trkpt lat="34.52081299" lon="-110.98181915">
<ele>2155.100</ele>
<time>2025-04-28T20:51:07Z</time>
</trkpt>
<trkpt lat="34.52136230" lon="-110.98260498">
<ele>2154.800</ele>
<time>2025-04-28T20:51:13Z</time>
</trkpt>
<trkpt lat="34.52212524" lon="-110.98304749">
<ele>2152.600</ele>
<time>2025-04-28T20:51:19Z</time>
</trkpt>
<trkpt lat="34.52294922" lon="-110.98340607">
<ele>2151.700</ele>
<time>2025-04-28T20:51:25Z</time>
</trkpt>
<trkpt lat="34.52376938" lon="-110.98375702">
<ele>2150.800</ele>
<time>2025-04-28T20:51:31Z</time>
</trkpt>
<trkpt lat="34.52460098" lon="-110.98412323">
<ele>2150.300</ele>
<time>2025-04-28T20:51:37Z</time>
</trkpt>
<trkpt lat="34.52545547" lon="-110.98448944">
<ele>2149.600</ele>
<time>2025-04-28T20:51:43Z</time>
</trkpt>
<trkpt lat="34.52631760" lon="-110.98487091">
<ele>2149.000</ele>
<time>2025-04-28T20:51:49Z</time>
</trkpt>
<trkpt lat="34.52713394" lon="-110.98527527">
<ele>2147.600</ele>
<time>2025-04-28T20:51:55Z</time>
</trkpt>
<trkpt lat="34.52747726" lon="-110.98591614">
<ele>2144.600</ele>
<time>2025-04-28T20:52:01Z</time>
</trkpt>
<trkpt lat="34.52721024" lon="-110.98661804">
<ele>2140.600</ele>
<time>2025-04-28T20:52:07Z</time>
</trkpt>
<trkpt lat="34.52675247" lon="-110.98730469">
<ele>2136.800</ele>
<time>2025-04-28T20:52:13Z</time>
</trkpt>
<trkpt lat="34.52648926" lon="-110.98810577">
<ele>2133.800</ele>
<time>2025-04-28T20:52:19Z</time>
</trkpt>
<trkpt lat="34.52604675" lon="-110.98827362">
<ele>2130.100</ele>
<time>2025-04-28T20:52:25Z</time>
</trkpt>
<trkpt lat="34.52537918" lon="-110.98805237">
<ele>2126.400</ele>
<time>2025-04-28T20:52:31Z</time>
</trkpt>
<trkpt lat="34.52472305" lon="-110.98822021">
<ele>2121.200</ele>
<time>2025-04-28T20:52:37Z</time>
</trkpt>
<trkpt lat="34.52410126" lon="-110.98856354">
<ele>2117.800</ele>
<time>2025-04-28T20:52:43Z</time>
</trkpt>
<trkpt lat="34.52359772" lon="-110.98916626">
<ele>2112.500</ele>
<time>2025-04-28T20:52:49Z</time>
</trkpt>
<trkpt lat="34.52314377" lon="-110.98965454">
<ele>2109.300</ele>
<time>2025-04-28T20:52:55Z</time>
</trkpt>
<trkpt lat="34.52262115" lon="-110.98950958">
<ele>2105.600</ele>
<time>2025-04-28T20:53:01Z</time>
</trkpt>
<trkpt lat="34.52201462" lon="-110.98916626">
<ele>2100.100</ele>
<time>2025-04-28T20:53:07Z</time>
</trkpt>
<trkpt lat="34.52136230" lon="-110.98876953">
<ele>2094.100</ele>
<time>2025-04-28T20:53:13Z</time>
</trkpt>
<trkpt lat="34.52069092" lon="-110.98830414">
<ele>2087.800</ele>
<time>2025-04-28T20:53:19Z</time>
</trkpt>
<trkpt lat="34.52011108" lon="-110.98778534">
<ele>2082.300</ele>
<time>2025-04-28T20:53:25Z</time>
</trkpt>
<trkpt lat="34.51969910" lon="-110.98720551">
<ele>2075.900</ele>
<time>2025-04-28T20:53:31Z</time>
</trkpt>
<trkpt lat="34.51927948" lon="-110.98654175">
<ele>2070.800</ele>
<time>2025-04-28T20:53:37Z</time>
</trkpt>
<trkpt lat="34.51880264" lon="-110.98597717">
<ele>2066.100</ele>
<time>2025-04-28T20:53:43Z</time>
</trkpt>
<trkpt lat="34.51826096" lon="-110.98572540">
<ele>2060.700</ele>
<time>2025-04-28T20:53:49Z</time>
</trkpt>
<trkpt lat="34.51767349" lon="-110.98583984">
<ele>2055.100</ele>
<time>2025-04-28T20:53:55Z</time>
</trkpt>
<trkpt lat="34.51724243" lon="-110.98638916">
<ele>2051.800</ele>
<time>2025-04-28T20:54:01Z</time>
</trkpt>
<trkpt lat="34.51700211" lon="-110.98706818">
<ele>2047.100</ele>
<time>2025-04-28T20:54:07Z</time>
</trkpt>
<trkpt lat="34.51681137" lon="-110.98770905">
<ele>2042.800</ele>
<time>2025-04-28T20:54:13Z</time>
</trkpt>
<trkpt lat="34.51697922" lon="-110.98813629">
<ele>2043.000</ele>
<time>2025-04-28T20:54:19Z</time>
</trkpt>
<trkpt lat="34.51726151" lon="-110.98815155">
<ele>2044.000</ele>
<time>2025-04-28T20:54:25Z</time>
</trkpt>
<trkpt lat="34.51745224" lon="-110.98786926">
<ele>2047.100</ele>
<time>2025-04-28T20:54:31Z</time>
</trkpt>
<trkpt lat="34.51759720" lon="-110.98744202">
<ele>2050.300</ele>
<time>2025-04-28T20:54:37Z</time>
</trkpt>
<trkpt lat="34.51785660" lon="-110.98709869">
<ele>2054.400</ele>
<time>2025-04-28T20:54:43Z</time>
</trkpt>
<trkpt lat="34.51825714" lon="-110.98731232">
<ele>2056.200</ele>
<time>2025-04-28T20:54:49Z</time>
</trkpt>
<trkpt lat="34.51854706" lon="-110.98793030">
<ele>2059.800</ele>
<time>2025-04-28T20:54:55Z</time>
</trkpt>
<trkpt lat="34.51886368" lon="-110.98864746">
<ele>2064.900</ele>
<time>2025-04-28T20:55:01Z</time>
</trkpt>
<trkpt lat="34.51916885" lon="-110.98938751">
<ele>2070.000</ele>
<time>2025-04-28T20:55:07Z</time>
</trkpt>
<trkpt lat="34.51956558" lon="-110.99004364">
<ele>2075.400</ele>
<time>2025-04-28T20:55:13Z</time>
</trkpt>
<trkpt lat="34.51999664" lon="-110.99054718">
<ele>2083.000</ele>
<time>2025-04-28T20:55:19Z</time>
</trkpt>
<trkpt lat="34.52038956" lon="-110.99092102">
<ele>2088.600</ele>
<time>2025-04-28T20:55:25Z</time>
</trkpt>
<trkpt lat="34.52069855" lon="-110.99131775">
<ele>2094.000</ele>
<time>2025-04-28T20:55:31Z</time>
</trkpt>
<trkpt lat="34.52089691" lon="-110.99179077">
<ele>2097.200</ele>
<time>2025-04-28T20:55:37Z</time>
</trkpt>
<trkpt lat="34.52110291" lon="-110.99230957">
<ele>2102.900</ele>
<time>2025-04-28T20:55:43Z</time>
</trkpt>
<trkpt lat="34.52135086" lon="-110.99282837">
<ele>2108.100</ele>
<time>2025-04-28T20:55:49Z</time>
</trkpt>
<trkpt lat="34.52170944" lon="-110.99331665">
<ele>2112.500</ele>
<time>2025-04-28T20:55:55Z</time>
</trkpt>
<trkpt lat="34.52207565" lon="-110.99382019">
<ele>2120.200</ele>
<time>2025-04-28T20:56:01Z</time>
</trkpt>
<trkpt lat="34.52195358" lon="-110.99434662">
<ele>2123.700</ele>
<time>2025-04-28T20:56:07Z</time>
</trkpt>
<trkpt lat="34.52149963" lon="-110.99466705">
<ele>2129.100</ele>
<time>2025-04-28T20:56:13Z</time>
</trkpt>
<trkpt lat="34.52095032" lon="-110.99487305">
<ele>2133.900</ele>
<time>2025-04-28T20:56:19Z</time>
</trkpt>
<trkpt lat="34.52037430" lon="-110.99509430">
<ele>2137.200</ele>
<time>2025-04-28T20:56:25Z</time>
</trkpt>
<trkpt lat="34.51980209" lon="-110.99530792">
<ele>2141.800</ele>
<time>2025-04-28T20:56:31Z</time>
</trkpt>
<trkpt lat="34.51921082" lon="-110.99538422">
<ele>2144.900</ele>
<time>2025-04-28T20:56:37Z</time>
</trkpt>
<trkpt lat="34.51856232" lon="-110.99543762">
<ele>2147.700</ele>
<time>2025-04-28T20:56:43Z</time>
</trkpt>
<trkpt lat="34.51792908" lon="-110.99548340">
<ele>2154.200</ele>
<time>2025-04-28T20:56:49Z</time>
</trkpt>
<trkpt lat="34.51735306" lon="-110.99568939">
<ele>2159.900</ele>
<time>2025-04-28T20:56:55Z</time>
</trkpt>
<trkpt lat="34.51684189" lon="-110.99614716">
<ele>2164.100</ele>
<time>2025-04-28T20:57:01Z</time>
</trkpt>
<trkpt lat="34.51630402" lon="-110.99665833">
<ele>2168.300</ele>
<time>2025-04-28T20:57:07Z</time>
</trkpt>
<trkpt lat="34.51567459" lon="-110.99703979">
<ele>2172.600</ele>
<time>2025-04-28T20:57:13Z</time>
</trkpt>
<trkpt lat="34.51499557" lon="-110.99723053">
<ele>2175.800</ele>
<time>2025-04-28T20:57:19Z</time>
</trkpt>
<trkpt lat="34.51425552" lon="-110.99723053">
<ele>2179.500</ele>
<time>2025-04-28T20:57:25Z</time>
</trkpt>
<trkpt lat="34.51350021" lon="-110.99705505">
<ele>2184.100</ele>
<time>2025-04-28T20:57:31Z</time>
</trkpt>
<trkpt lat="34.51271439" lon="-110.99684906">
<ele>2188.100</ele>
<time>2025-04-28T20:57:37Z</time>
</trkpt>
<trkpt lat="34.51189804" lon="-110.99662781">
<ele>2190.300</ele>
<time>2025-04-28T20:57:43Z</time>
</trkpt>
<trkpt lat="34.51103592" lon="-110.99653625">
<ele>2189.800</ele>
<time>2025-04-28T20:57:49Z</time>
</trkpt>
<trkpt lat="34.51028824" lon="-110.99691772">
<ele>2191.200</ele>
<time>2025-04-28T20:57:55Z</time>
</trkpt>
<trkpt lat="34.50977325" lon="-110.99771118">
<ele>2187.400</ele>
<time>2025-04-28T20:58:01Z</time>
</trkpt>
<trkpt lat="34.50945663" lon="-110.99858093">
<ele>2180.600</ele>
<time>2025-04-28T20:58:07Z</time>
</trkpt>
<trkpt lat="34.50934601" lon="-110.99954224">
<ele>2175.100</ele>
<time>2025-04-28T20:58:13Z</time>
</trkpt>
<trkpt lat="34.50940704" lon="-111.00052643">
<ele>2168.800</ele>
<time>2025-04-28T20:58:19Z</time>
</trkpt>
<trkpt lat="34.50954056" lon="-111.00147247">
<ele>2165.100</ele>
<time>2025-04-28T20:58:25Z</time>
</trkpt>
<trkpt lat="34.50978470" lon="-111.00228882">
<ele>2161.100</ele>
<time>2025-04-28T20:58:31Z</time>
</trkpt>
<trkpt lat="34.51020050" lon="-111.00311279">
<ele>2155.800</ele>
<time>2025-04-28T20:58:37Z</time>
</trkpt>
<trkpt lat="34.51041794" lon="-111.00405121">
<ele>2149.800</ele>
<time>2025-04-28T20:58:43Z</time>
</trkpt>
<trkpt lat="34.51049423" lon="-111.00496674">
<ele>2142.200</ele>
<time>2025-04-28T20:58:49Z</time>
</trkpt>
<trkpt lat="34.51056671" lon="-111.00571442">
<ele>2139.700</ele>
<time>2025-04-28T20:58:55Z</time>
</trkpt>
<trkpt lat="34.51063156" lon="-111.00646210">
<ele>2137.500</ele>
<time>2025-04-28T20:59:01Z</time>
</trkpt>
<trkpt lat="34.51064301" lon="-111.00706482">
<ele>2139.500</ele>
<time>2025-04-28T20:59:07Z</time>
</trkpt>
<trkpt lat="34.51058197" lon="-111.00762939">
<ele>2144.100</ele>
<time>2025-04-28T20:59:13Z</time>
</trkpt>
<trkpt lat="34.51039124" lon="-111.00823975">
<ele>2147.300</ele>
<time>2025-04-28T20:59:19Z</time>
</trkpt>
<trkpt lat="34.51013565" lon="-111.00885773">
<ele>2152.800</ele>
<time>2025-04-28T20:59:25Z</time>
</trkpt>
<trkpt lat="34.50990295" lon="-111.00943756">
<ele>2159.600</ele>
<time>2025-04-28T20:59:31Z</time>
</trkpt>
<trkpt lat="34.50976181" lon="-111.01013947">
<ele>2163.300</ele>
<time>2025-04-28T20:59:37Z</time>
</trkpt>
<trkpt lat="34.50979614" lon="-111.01087952">
<ele>2167.100</ele>
<time>2025-04-28T20:59:43Z</time>
</trkpt>
<trkpt lat="34.51004791" lon="-111.01174164">
<ele>2165.900</ele>
<time>2025-04-28T20:59:49Z</time>
</trkpt>
<trkpt lat="34.51051712" lon="-111.01252747">
<ele>2168.900</ele>
<time>2025-04-28T20:59:55Z</time>
</trkpt>
<trkpt lat="34.51113129" lon="-111.01322937">
<ele>2169.200</ele>
<time>2025-04-28T21:00:01Z</time>
</trkpt>
<trkpt lat="34.51179886" lon="-111.01380920">
<ele>2174.000</ele>
<time>2025-04-28T21:00:07Z</time>
</trkpt>
<trkpt lat="34.51238251" lon="-111.01436615">
<ele>2177.900</ele>
<time>2025-04-28T21:00:13Z</time>
</trkpt>
<trkpt lat="34.51273727" lon="-111.01510620">
<ele>2182.300</ele>
<time>2025-04-28T21:00:19Z</time>
</trkpt>
<trkpt lat="34.51290131" lon="-111.01592255">
<ele>2186.700</ele>
<time>2025-04-28T21:00:25Z</time>
</trkpt>
<trkpt lat="34.51301193" lon="-111.01677704">
<ele>2192.300</ele>
<time>2025-04-28T21:00:31Z</time>
</trkpt>
<trkpt lat="34.51311111" lon="-111.01760864">
<ele>2195.800</ele>
<time>2025-04-28T21:00:37Z</time>
</trkpt>
<trkpt lat="34.51321411" lon="-111.01843262">
<ele>2198.000</ele>
<time>2025-04-28T21:00:43Z</time>
</trkpt>
<trkpt lat="34.51332855" lon="-111.01930237">
<ele>2196.800</ele>
<time>2025-04-28T21:00:49Z</time>
</trkpt>
<trkpt lat="34.51328278" lon="-111.02020264">
<ele>2198.400</ele>
<time>2025-04-28T21:00:55Z</time>
</trkpt>
<trkpt lat="34.51300430" lon="-111.02103424">
<ele>2198.400</ele>
<time>2025-04-28T21:01:01Z</time>
</trkpt>
<trkpt lat="34.51268005" lon="-111.02188110">
<ele>2198.000</ele>
<time>2025-04-28T21:01:07Z</time>
</trkpt>
<trkpt lat="34.51232529" lon="-111.02271271">
<ele>2193.600</ele>
<time>2025-04-28T21:01:13Z</time>
</trkpt>
<trkpt lat="34.51196289" lon="-111.02352905">
<ele>2193.700</ele>
<time>2025-04-28T21:01:19Z</time>
</trkpt>
<trkpt lat="34.51155853" lon="-111.02431488">
<ele>2198.500</ele>
<time>2025-04-28T21:01:25Z</time>
</trkpt>
<trkpt lat="34.51103592" lon="-111.02487183">
<ele>2204.500</ele>
<time>2025-04-28T21:01:31Z</time>
</trkpt>
<trkpt lat="34.51049805" lon="-111.02536774">
<ele>2211.500</ele>
<time>2025-04-28T21:01:37Z</time>
</trkpt>
<trkpt lat="34.51000214" lon="-111.02585602">
<ele>2213.300</ele>
<time>2025-04-28T21:01:43Z</time>
</trkpt>
<trkpt lat="34.50948715" lon="-111.02635956">
<ele>2215.600</ele>
<time>2025-04-28T21:01:49Z</time>
</trkpt>
<trkpt lat="34.50909424" lon="-111.02663422">
<ele>2216.300</ele>
<time>2025-04-28T21:01:55Z</time>
</trkpt>
<trkpt lat="34.50890732" lon="-111.02680969">
<ele>2215.500</ele>
<time>2025-04-28T21:02:01Z</time>
</trkpt>
<trkpt lat="34.50883865" lon="-111.02684021">
<ele>2217.600</ele>
<time>2025-04-28T21:02:07Z</time>
</trkpt>
<trkpt lat="34.50875854" lon="-111.02688599">
<ele>2219.300</ele>
<time>2025-04-28T21:02:14Z</time>
</trkpt>
<trkpt lat="34.50869751" lon="-111.02690887">
<ele>2220.700</ele>
<time>2025-04-28T21:02:20Z</time>
</trkpt>
<trkpt lat="34.50861359" lon="-111.02696228">
<ele>2221.600</ele>
<time>2025-04-28T21:02:26Z</time>
</trkpt>
<trkpt lat="34.50843048" lon="-111.02704620">
<ele>2220.800</ele>
<time>2025-04-28T21:02:32Z</time>
</trkpt>
<trkpt lat="34.50821686" lon="-111.02710724">
<ele>2218.100</ele>
<time>2025-04-28T21:02:38Z</time>
</trkpt>
<trkpt lat="34.50798416" lon="-111.02716064">
<ele>2217.900</ele>
<time>2025-04-28T21:02:44Z</time>
</trkpt>
<trkpt lat="34.50757980" lon="-111.02723694">
<ele>2217.500</ele>
<time>2025-04-28T21:02:50Z</time>
</trkpt>
<trkpt lat="34.50704956" lon="-111.02733612">
<ele>2215.200</ele>
<time>2025-04-28T21:02:56Z</time>
</trkpt>
<trkpt lat="34.50648117" lon="-111.02767944">
<ele>2213.500</ele>
<time>2025-04-28T21:03:02Z</time>
</trkpt>
<trkpt lat="34.50603104" lon="-111.02832794">
<ele>2208.700</ele>
<time>2025-04-28T21:03:08Z</time>
</trkpt>
<trkpt lat="34.50584412" lon="-111.02922058">
<ele>2203.100</ele>
<time>2025-04-28T21:03:14Z</time>
</trkpt>
<trkpt lat="34.50597763" lon="-111.03013611">
<ele>2202.800</ele>
<time>2025-04-28T21:03:20Z</time>
</trkpt>
<trkpt lat="34.50630188" lon="-111.03090668">
<ele>2203.200</ele>
<time>2025-04-28T21:03:26Z</time>
</trkpt>
<trkpt lat="34.50644302" lon="-111.03165436">
<ele>2203.100</ele>
<time>2025-04-28T21:03:32Z</time>
</trkpt>
<trkpt lat="34.50637817" lon="-111.03240204">
<ele>2200.900</ele>
<time>2025-04-28T21:03:38Z</time>
</trkpt>
<trkpt lat="34.50610352" lon="-111.03311157">
<ele>2197.500</ele>
<time>2025-04-28T21:03:44Z</time>
</trkpt>
<trkpt lat="34.50560379" lon="-111.03370667">
<ele>2191.800</ele>
<time>2025-04-28T21:03:50Z</time>
</trkpt>
<trkpt lat="34.50493240" lon="-111.03413391">
<ele>2187.100</ele>
<time>2025-04-28T21:03:56Z</time>
</trkpt>
<trkpt lat="34.50432587" lon="-111.03452301">
<ele>2186.700</ele>
<time>2025-04-28T21:04:02Z</time>
</trkpt>
<trkpt lat="34.50408554" lon="-111.03511810">
<ele>2182.900</ele>
<time>2025-04-28T21:04:08Z</time>
</trkpt>
<trkpt lat="34.50413895" lon="-111.03555298">
<ele>2181.600</ele>
<time>2025-04-28T21:04:14Z</time>
</trkpt>
<trkpt lat="34.50432968" lon="-111.03583527">
<ele>2181.300</ele>
<time>2025-04-28T21:04:20Z</time>
</trkpt>
<trkpt lat="34.50458145" lon="-111.03606415">
<ele>2181.600</ele>
<time>2025-04-28T21:04:26Z</time>
</trkpt>
<trkpt lat="34.50492096" lon="-111.03618622">
<ele>2187.900</ele>
<time>2025-04-28T21:04:32Z</time>
</trkpt>
<trkpt lat="34.50537491" lon="-111.03616333">
<ele>2188.900</ele>
<time>2025-04-28T21:04:38Z</time>
</trkpt>
<trkpt lat="34.50594711" lon="-111.03610229">
<ele>2191.700</ele>
<time>2025-04-28T21:04:44Z</time>
</trkpt>
<trkpt lat="34.50655365" lon="-111.03607178">
<ele>2190.300</ele>
<time>2025-04-28T21:04:50Z</time>
</trkpt>
<trkpt lat="34.50716782" lon="-111.03601837">
<ele>2190.300</ele>
<time>2025-04-28T21:04:56Z</time>
</trkpt>
<trkpt lat="34.50778961" lon="-111.03598785">
<ele>2191.000</ele>
<time>2025-04-28T21:05:02Z</time>
</trkpt>
<trkpt lat="34.50842667" lon="-111.03590393">
<ele>2193.900</ele>
<time>2025-04-28T21:05:08Z</time>
</trkpt>
<trkpt lat="34.50905228" lon="-111.03584290">
<ele>2196.800</ele>
<time>2025-04-28T21:05:14Z</time>
</trkpt>
<trkpt lat="34.50969696" lon="-111.03585052">
<ele>2201.000</ele>
<time>2025-04-28T21:05:20Z</time>
</trkpt>
<trkpt lat="34.51029587" lon="-111.03617859">
<ele>2201.400</ele>
<time>2025-04-28T21:05:26Z</time>
</trkpt>
<trkpt lat="34.51082993" lon="-111.03662109">
<ele>2204.900</ele>
<time>2025-04-28T21:05:32Z</time>
</trkpt>
<trkpt lat="34.51105118" lon="-111.03731537">
<ele>2203.500</ele>
<time>2025-04-28T21:05:38Z</time>
</trkpt>
<trkpt lat="34.51073837" lon="-111.03804779">
<ele>2199.100</ele>
<time>2025-04-28T21:05:44Z</time>
</trkpt>
<trkpt lat="34.51025772" lon="-111.03881073">
<ele>2196.100</ele>
<time>2025-04-28T21:05:50Z</time>
</trkpt>
<trkpt lat="34.50993347" lon="-111.03964996">
<ele>2192.500</ele>
<time>2025-04-28T21:05:56Z</time>
</trkpt>
<trkpt lat="34.50941467" lon="-111.04029083">
<ele>2187.500</ele>
<time>2025-04-28T21:06:02Z</time>
</trkpt>
<trkpt lat="34.50865555" lon="-111.04048920">
<ele>2185.400</ele>
<time>2025-04-28T21:06:08Z</time>
</trkpt>
<trkpt lat="34.50803375" lon="-111.04096985">
<ele>2182.000</ele>
<time>2025-04-28T21:06:14Z</time>
</trkpt>
<trkpt lat="34.50752258" lon="-111.04164124">
<ele>2177.700</ele>
<time>2025-04-28T21:06:20Z</time>
</trkpt>
<trkpt lat="34.50691605" lon="-111.04225159">
<ele>2174.600</ele>
<time>2025-04-28T21:06:26Z</time>
</trkpt>
<trkpt lat="34.50627899" lon="-111.04286194">
<ele>2170.200</ele>
<time>2025-04-28T21:06:32Z</time>
</trkpt>
<trkpt lat="34.50557709" lon="-111.04330444">
<ele>2168.100</ele>
<time>2025-04-28T21:06:38Z</time>
</trkpt>
<trkpt lat="34.50486755" lon="-111.04371643">
<ele>2160.900</ele>
<time>2025-04-28T21:06:44Z</time>
</trkpt>
<trkpt lat="34.50440598" lon="-111.04447174">
<ele>2160.400</ele>
<time>2025-04-28T21:06:50Z</time>
</trkpt>
<trkpt lat="34.50406647" lon="-111.04516602">
<ele>2163.100</ele>
<time>2025-04-28T21:06:56Z</time>
</trkpt>
<trkpt lat="34.50385284" lon="-111.04589844">
<ele>2166.300</ele>
<time>2025-04-28T21:07:02Z</time>
</trkpt>
<trkpt lat="34.50390244" lon="-111.04675293">
<ele>2167.600</ele>
<time>2025-04-28T21:07:08Z</time>
</trkpt>
<trkpt lat="34.50400543" lon="-111.04763794">
<ele>2170.600</ele>
<time>2025-04-28T21:07:14Z</time>
</trkpt>
<trkpt lat="34.50404358" lon="-111.04851532">
<ele>2175.200</ele>
<time>2025-04-28T21:07:20Z</time>
</trkpt>
<trkpt lat="34.50374222" lon="-111.04924774">
<ele>2179.300</ele>
<time>2025-04-28T21:07:26Z</time>
</trkpt>
<trkpt lat="34.50328827" lon="-111.05000305">
<ele>2180.900</ele>
<time>2025-04-28T21:07:32Z</time>
</trkpt>
<trkpt lat="34.50282288" lon="-111.05078888">
<ele>2186.800</ele>
<time>2025-04-28T21:07:38Z</time>
</trkpt>
<trkpt lat="34.50255585" lon="-111.05172729">
<ele>2186.100</ele>
<time>2025-04-28T21:07:44Z</time>
</trkpt>
<trkpt lat="34.50244904" lon="-111.05273438">
<ele>2193.400</ele>
<time>2025-04-28T21:07:50Z</time>
</trkpt>
<trkpt lat="34.50236893" lon="-111.05367279">
<ele>2200.200</ele>
<time>2025-04-28T21:07:56Z</time>
</trkpt>
<trkpt lat="34.50227356" lon="-111.05470276">
<ele>2203.500</ele>
<time>2025-04-28T21:08:02Z</time>
</trkpt>
<trkpt lat="34.50215530" lon="-111.05570984">
<ele>2209.200</ele>
<time>2025-04-28T21:08:08Z</time>
</trkpt>
<trkpt lat="34.50207901" lon="-111.05663300">
<ele>2217.600</ele>
<time>2025-04-28T21:08:14Z</time>
</trkpt>
<trkpt lat="34.50200653" lon="-111.05754852">
<ele>2224.700</ele>
<time>2025-04-28T21:08:20Z</time>
</trkpt>
<trkpt lat="34.50189972" lon="-111.05857849">
<ele>2229.100</ele>
<time>2025-04-28T21:08:26Z</time>
</trkpt>
<trkpt lat="34.50178909" lon="-111.05972290">
<ele>2230.200</ele>
<time>2025-04-28T21:08:32Z</time>
</trkpt>
<trkpt lat="34.50170517" lon="-111.06088257">
<ele>2229.600</ele>
<time>2025-04-28T21:08:38Z</time>
</trkpt>
<trkpt lat="34.50160217" lon="-111.06195831">
<ele>2226.100</ele>
<time>2025-04-28T21:08:44Z</time>
</trkpt>
<trkpt lat="34.50148010" lon="-111.06303406">
<ele>2226.100</ele>
<time>2025-04-28T21:08:50Z</time>
</trkpt>
<trkpt lat="34.50138474" lon="-111.06404114">
<ele>2228.800</ele>
<time>2025-04-28T21:08:56Z</time>
</trkpt>
<trkpt lat="34.50127792" lon="-111.06473541">
<ele>2230.900</ele>
<time>2025-04-28T21:09:02Z</time>
</trkpt>
<trkpt lat="34.50083542" lon="-111.06487274">
<ele>2232.700</ele>
<time>2025-04-28T21:09:08Z</time>
</trkpt>
<trkpt lat="34.50029373" lon="-111.06482697">
<ele>2235.500</ele>
<time>2025-04-28T21:09:14Z</time>
</trkpt>
<trkpt lat="34.49980927" lon="-111.06445313">
<ele>2235.900</ele>
<time>2025-04-28T21:09:20Z</time>
</trkpt>
<trkpt lat="34.49938583" lon="-111.06397247">
<ele>2235.300</ele>
<time>2025-04-28T21:09:26Z</time>
</trkpt>
<trkpt lat="34.49883652" lon="-111.06379700">
<ele>2238.300</ele>
<time>2025-04-28T21:09:32Z</time>
</trkpt>
<trkpt lat="34.49828720" lon="-111.06401062">
<ele>2238.200</ele>
<time>2025-04-28T21:09:38Z</time>
</trkpt>
<trkpt lat="34.49780655" lon="-111.06422424">
<ele>2239.900</ele>
<time>2025-04-28T21:09:44Z</time>
</trkpt>
<trkpt lat="34.49729919" lon="-111.06452179">
<ele>2239.000</ele>
<time>2025-04-28T21:09:50Z</time>
</trkpt>
<trkpt lat="34.49685287" lon="-111.06501770">
<ele>2238.900</ele>
<time>2025-04-28T21:09:56Z</time>
</trkpt>
<trkpt lat="34.49644852" lon="-111.06565857">
<ele>2240.000</ele>
<time>2025-04-28T21:10:02Z</time>
</trkpt>
<trkpt lat="34.49593353" lon="-111.06628418">
<ele>2239.300</ele>
<time>2025-04-28T21:10:08Z</time>
</trkpt>
<trkpt lat="34.49529266" lon="-111.06671906">
<ele>2235.900</ele>
<time>2025-04-28T21:10:14Z</time>
</trkpt>
<trkpt lat="34.49455643" lon="-111.06707001">
<ele>2238.000</ele>
<time>2025-04-28T21:10:20Z</time>
</trkpt>
<trkpt lat="34.49383926" lon="-111.06743622">
<ele>2232.100</ele>
<time>2025-04-28T21:10:26Z</time>
</trkpt>
<trkpt lat="34.49319077" lon="-111.06793976">
<ele>2236.300</ele>
<time>2025-04-28T21:10:32Z</time>
</trkpt>
<trkpt lat="34.49264145" lon="-111.06845856">
<ele>2240.200</ele>
<time>2025-04-28T21:10:38Z</time>
</trkpt>
<trkpt lat="34.49205017" lon="-111.06890869">
<ele>2243.600</ele>
<time>2025-04-28T21:10:44Z</time>
</trkpt>
<trkpt lat="34.49136353" lon="-111.06935883">
<ele>2243.900</ele>
<time>2025-04-28T21:10:50Z</time>
</trkpt>
<trkpt lat="34.49059296" lon="-111.06977844">
<ele>2243.200</ele>
<time>2025-04-28T21:10:56Z</time>
</trkpt>
<trkpt lat="34.48986053" lon="-111.07029724">
<ele>2243.100</ele>
<time>2025-04-28T21:11:02Z</time>
</trkpt>
<trkpt lat="34.48907852" lon="-111.07083130">
<ele>2242.700</ele>
<time>2025-04-28T21:11:08Z</time>
</trkpt>
<trkpt lat="34.48825073" lon="-111.07115936">
<ele>2244.900</ele>
<time>2025-04-28T21:11:14Z</time>
</trkpt>
<trkpt lat="34.48744583" lon="-111.07157135">
<ele>2242.700</ele>
<time>2025-04-28T21:11:20Z</time>
</trkpt>
<trkpt lat="34.48669815" lon="-111.07196045">
<ele>2248.100</ele>
<time>2025-04-28T21:11:26Z</time>
</trkpt>
<trkpt lat="34.48587418" lon="-111.07212067">
<ele>2251.700</ele>
<time>2025-04-28T21:11:32Z</time>
</trkpt>
<trkpt lat="34.48506546" lon="-111.07228088">
<ele>2252.700</ele>
<time>2025-04-28T21:11:38Z</time>
</trkpt>
<trkpt lat="34.48426056" lon="-111.07242584">
<ele>2254.600</ele>
<time>2025-04-28T21:11:44Z</time>
</trkpt>
<trkpt lat="34.48347092" lon="-111.07254791">
<ele>2256.000</ele>
<time>2025-04-28T21:11:50Z</time>
</trkpt>
<trkpt lat="34.48266602" lon="-111.07267761">
<ele>2256.400</ele>
<time>2025-04-28T21:11:56Z</time>
</trkpt>
<trkpt lat="34.48187637" lon="-111.07279968">
<ele>2258.700</ele>
<time>2025-04-28T21:12:02Z</time>
</trkpt>
<trkpt lat="34.48106003" lon="-111.07270813">
<ele>2262.400</ele>
<time>2025-04-28T21:12:08Z</time>
</trkpt>
<trkpt lat="34.48023224" lon="-111.07251740">
<ele>2264.300</ele>
<time>2025-04-28T21:12:14Z</time>
</trkpt>
<trkpt lat="34.47935486" lon="-111.07270813">
<ele>2262.800</ele>
<time>2025-04-28T21:12:20Z</time>
</trkpt>
<trkpt lat="34.47845840" lon="-111.07283020">
<ele>2260.600</ele>
<time>2025-04-28T21:12:26Z</time>
</trkpt>
<trkpt lat="34.47765350" lon="-111.07289886">
<ele>2258.400</ele>
<time>2025-04-28T21:12:32Z</time>
</trkpt>
<trkpt lat="34.47684860" lon="-111.07288361">
<ele>2256.400</ele>
<time>2025-04-28T21:12:38Z</time>
</trkpt>
<trkpt lat="34.47599792" lon="-111.07274628">
<ele>2252.000</ele>
<time>2025-04-28T21:12:44Z</time>
</trkpt>
<trkpt lat="34.47514343" lon="-111.07268524">
<ele>2251.100</ele>
<time>2025-04-28T21:12:50Z</time>
</trkpt>
<trkpt lat="34.47438431" lon="-111.07294464">
<ele>2250.600</ele>
<time>2025-04-28T21:12:56Z</time>
</trkpt>
<trkpt lat="34.47371674" lon="-111.07315063">
<ele>2255.900</ele>
<time>2025-04-28T21:13:02Z</time>
</trkpt>
<trkpt lat="34.47307587" lon="-111.07331848">
<ele>2260.000</ele>
<time>2025-04-28T21:13:08Z</time>
</trkpt>
<trkpt lat="34.47235489" lon="-111.07326508">
<ele>2260.800</ele>
<time>2025-04-28T21:13:14Z</time>
</trkpt>
<trkpt lat="34.47157669" lon="-111.07311249">
<ele>2263.700</ele>
<time>2025-04-28T21:13:20Z</time>
</trkpt>
<trkpt lat="34.47085571" lon="-111.07293701">
<ele>2265.800</ele>
<time>2025-04-28T21:13:26Z</time>
</trkpt>
<trkpt lat="34.47018051" lon="-111.07286072">
<ele>2270.800</ele>
<time>2025-04-28T21:13:32Z</time>
</trkpt>
<trkpt lat="34.46935654" lon="-111.07270813">
<ele>2271.800</ele>
<time>2025-04-28T21:13:38Z</time>
</trkpt>
<trkpt lat="34.46852493" lon="-111.07252502">
<ele>2274.100</ele>
<time>2025-04-28T21:13:44Z</time>
</trkpt>
<trkpt lat="34.46768570" lon="-111.07231140">
<ele>2271.200</ele>
<time>2025-04-28T21:13:50Z</time>
</trkpt>
<trkpt lat="34.46688461" lon="-111.07192230">
<ele>2269.500</ele>
<time>2025-04-28T21:13:56Z</time>
</trkpt>
<trkpt lat="34.46599960" lon="-111.07174683">
<ele>2269.300</ele>
<time>2025-04-28T21:14:02Z</time>
</trkpt>
<trkpt lat="34.46512222" lon="-111.07173157">
<ele>2267.200</ele>
<time>2025-04-28T21:14:08Z</time>
</trkpt>
<trkpt lat="34.46433640" lon="-111.07192230">
<ele>2271.100</ele>
<time>2025-04-28T21:14:14Z</time>
</trkpt>
<trkpt lat="34.46360779" lon="-111.07215118">
<ele>2271.100</ele>
<time>2025-04-28T21:14:20Z</time>
</trkpt>
<trkpt lat="34.46284485" lon="-111.07212067">
<ele>2276.000</ele>
<time>2025-04-28T21:14:26Z</time>
</trkpt>
<trkpt lat="34.46226501" lon="-111.07235718">
<ele>2278.100</ele>
<time>2025-04-28T21:14:32Z</time>
</trkpt>
<trkpt lat="34.46180725" lon="-111.07295227">
<ele>2278.800</ele>
<time>2025-04-28T21:14:38Z</time>
</trkpt>
<trkpt lat="34.46160507" lon="-111.07376099">
<ele>2280.100</ele>
<time>2025-04-28T21:14:44Z</time>
</trkpt>
<trkpt lat="34.46127701" lon="-111.07439423">
<ele>2282.200</ele>
<time>2025-04-28T21:14:50Z</time>
</trkpt>
<trkpt lat="34.46080780" lon="-111.07495880">
<ele>2285.900</ele>
<time>2025-04-28T21:14:56Z</time>
</trkpt>
<trkpt lat="34.46031952" lon="-111.07551575">
<ele>2288.300</ele>
<time>2025-04-28T21:15:02Z</time>
</trkpt>
<trkpt lat="34.45969772" lon="-111.07585907">
<ele>2287.600</ele>
<time>2025-04-28T21:15:08Z</time>
</trkpt>
<trkpt lat="34.45918655" lon="-111.07653809">
<ele>2287.700</ele>
<time>2025-04-28T21:15:14Z</time>
</trkpt>
<trkpt lat="34.45857620" lon="-111.07707214">
<ele>2288.100</ele>
<time>2025-04-28T21:15:20Z</time>
</trkpt>
<trkpt lat="34.45788193" lon="-111.07734680">
<ele>2287.800</ele>
<time>2025-04-28T21:15:26Z</time>
</trkpt>
<trkpt lat="34.45726013" lon="-111.07705688">
<ele>2289.000</ele>
<time>2025-04-28T21:15:32Z</time>
</trkpt>
<trkpt lat="34.45655441" lon="-111.07679749">
<ele>2287.500</ele>
<time>2025-04-28T21:15:38Z</time>
</trkpt>
<trkpt lat="34.45578766" lon="-111.07683563">
<ele>2286.300</ele>
<time>2025-04-28T21:15:44Z</time>
</trkpt>
<trkpt lat="34.45495224" lon="-111.07671356">
<ele>2285.000</ele>
<time>2025-04-28T21:15:50Z</time>
</trkpt>
<trkpt lat="34.45417786" lon="-111.07646942">
<ele>2285.200</ele>
<time>2025-04-28T21:15:56Z</time>
</trkpt>
<trkpt lat="34.45341873" lon="-111.07611084">
<ele>2285.600</ele>
<time>2025-04-28T21:16:02Z</time>
</trkpt>
<trkpt lat="34.45266342" lon="-111.07577515">
<ele>2288.800</ele>
<time>2025-04-28T21:16:08Z</time>
</trkpt>
<trkpt lat="34.45187378" lon="-111.07543945">
<ele>2284.300</ele>
<time>2025-04-28T21:16:14Z</time>
</trkpt>
<trkpt lat="34.45102692" lon="-111.07527161">
<ele>2284.300</ele>
<time>2025-04-28T21:16:20Z</time>
</trkpt>
<trkpt lat="34.45028305" lon="-111.07487488">
<ele>2282.500</ele>
<time>2025-04-28T21:16:26Z</time>
</trkpt>
<trkpt lat="34.44953156" lon="-111.07460022">
<ele>2283.200</ele>
<time>2025-04-28T21:16:32Z</time>
</trkpt>
<trkpt lat="34.44876862" lon="-111.07466125">
<ele>2284.100</ele>
<time>2025-04-28T21:16:38Z</time>
</trkpt>
<trkpt lat="34.44798660" lon="-111.07483673">
<ele>2286.200</ele>
<time>2025-04-28T21:16:44Z</time>
</trkpt>
<trkpt lat="34.44718170" lon="-111.07500458">
<ele>2284.300</ele>
<time>2025-04-28T21:16:50Z</time>
</trkpt>
<trkpt lat="34.44643784" lon="-111.07521057">
<ele>2287.100</ele>
<time>2025-04-28T21:16:56Z</time>
</trkpt>
<trkpt lat="34.44570923" lon="-111.07546234">
<ele>2286.400</ele>
<time>2025-04-28T21:17:02Z</time>
</trkpt>
<trkpt lat="34.44497681" lon="-111.07574463">
<ele>2291.000</ele>
<time>2025-04-28T21:17:08Z</time>
</trkpt>
<trkpt lat="34.44427490" lon="-111.07591248">
<ele>2297.500</ele>
<time>2025-04-28T21:17:14Z</time>
</trkpt>
<trkpt lat="34.44345093" lon="-111.07575226">
<ele>2295.800</ele>
<time>2025-04-28T21:17:20Z</time>
</trkpt>
<trkpt lat="34.44264221" lon="-111.07544708">
<ele>2294.800</ele>
<time>2025-04-28T21:17:26Z</time>
</trkpt>
<trkpt lat="34.44192886" lon="-111.07538605">
<ele>2296.800</ele>
<time>2025-04-28T21:17:32Z</time>
</trkpt>
<trkpt lat="34.44165802" lon="-111.07517242">
<ele>2298.000</ele>
<time>2025-04-28T21:17:38Z</time>
</trkpt>
<trkpt lat="34.44138718" lon="-111.07522583">
<ele>2300.800</ele>
<time>2025-04-28T21:17:44Z</time>
</trkpt>
<trkpt lat="34.44102097" lon="-111.07527924">
<ele>2302.500</ele>
<time>2025-04-28T21:17:50Z</time>
</trkpt>
<trkpt lat="34.44050980" lon="-111.07530212">
<ele>2298.800</ele>
<time>2025-04-28T21:17:56Z</time>
</trkpt>
<trkpt lat="34.44005966" lon="-111.07527924">
<ele>2296.200</ele>
<time>2025-04-28T21:18:02Z</time>
</trkpt>
<trkpt lat="34.43951035" lon="-111.07523346">
<ele>2292.200</ele>
<time>2025-04-28T21:18:08Z</time>
</trkpt>
<trkpt lat="34.43902206" lon="-111.07524109">
<ele>2291.000</ele>
<time>2025-04-28T21:18:14Z</time>
</trkpt>
<trkpt lat="34.43867493" lon="-111.07529449">
<ele>2288.900</ele>
<time>2025-04-28T21:18:20Z</time>
</trkpt>
<trkpt lat="34.43823242" lon="-111.07546234">
<ele>2288.900</ele>
<time>2025-04-28T21:18:26Z</time>
</trkpt>
<trkpt lat="34.43764114" lon="-111.07572174">
<ele>2289.600</ele>
<time>2025-04-28T21:18:32Z</time>
</trkpt>
<trkpt lat="34.43708801" lon="-111.07596588">
<ele>2288.700</ele>
<time>2025-04-28T21:18:38Z</time>
</trkpt>
<trkpt lat="34.43648148" lon="-111.07626343">
<ele>2289.100</ele>
<time>2025-04-28T21:18:44Z</time>
</trkpt>
<trkpt lat="34.43592072" lon="-111.07643127">
<ele>2284.300</ele>
<time>2025-04-28T21:18:50Z</time>
</trkpt>
<trkpt lat="34.43539810" lon="-111.07663727">
<ele>2285.200</ele>
<time>2025-04-28T21:18:56Z</time>
</trkpt>
<trkpt lat="34.43488693" lon="-111.07675934">
<ele>2286.300</ele>
<time>2025-04-28T21:19:02Z</time>
</trkpt>
<trkpt lat="34.43428040" lon="-111.07688904">
<ele>2285.000</ele>
<time>2025-04-28T21:19:08Z</time>
</trkpt>
<trkpt lat="34.43359375" lon="-111.07701111">
<ele>2287.100</ele>
<time>2025-04-28T21:19:14Z</time>
</trkpt>
<trkpt lat="34.43288040" lon="-111.07712555">
<ele>2286.300</ele>
<time>2025-04-28T21:19:20Z</time>
</trkpt>
<trkpt lat="34.43218994" lon="-111.07722473">
<ele>2290.400</ele>
<time>2025-04-28T21:19:26Z</time>
</trkpt>
<trkpt lat="34.43143463" lon="-111.07737732">
<ele>2290.900</ele>
<time>2025-04-28T21:19:32Z</time>
</trkpt>
<trkpt lat="34.43062210" lon="-111.07747650">
<ele>2293.900</ele>
<time>2025-04-28T21:19:38Z</time>
</trkpt>
<trkpt lat="34.42981339" lon="-111.07738495">
<ele>2297.000</ele>
<time>2025-04-28T21:19:44Z</time>
</trkpt>
<trkpt lat="34.42906189" lon="-111.07698822">
<ele>2298.000</ele>
<time>2025-04-28T21:19:50Z</time>
</trkpt>
<trkpt lat="34.42832947" lon="-111.07649994">
<ele>2300.500</ele>
<time>2025-04-28T21:19:56Z</time>
</trkpt>
<trkpt lat="34.42757034" lon="-111.07601166">
<ele>2300.000</ele>
<time>2025-04-28T21:20:02Z</time>
</trkpt>
<trkpt lat="34.42676544" lon="-111.07571411">
<ele>2304.600</ele>
<time>2025-04-28T21:20:08Z</time>
</trkpt>
<trkpt lat="34.42593002" lon="-111.07569885">
<ele>2308.600</ele>
<time>2025-04-28T21:20:14Z</time>
</trkpt>
<trkpt lat="34.42512131" lon="-111.07594299">
<ele>2312.100</ele>
<time>2025-04-28T21:20:20Z</time>
</trkpt>
<trkpt lat="34.42432022" lon="-111.07641602">
<ele>2310.000</ele>
<time>2025-04-28T21:20:26Z</time>
</trkpt>
<trkpt lat="34.42364502" lon="-111.07721710">
<ele>2312.100</ele>
<time>2025-04-28T21:20:32Z</time>
</trkpt>
<trkpt lat="34.42300034" lon="-111.07811737">
<ele>2308.800</ele>
<time>2025-04-28T21:20:38Z</time>
</trkpt>
<trkpt lat="34.42232513" lon="-111.07890320">
<ele>2307.300</ele>
<time>2025-04-28T21:20:44Z</time>
</trkpt>
<trkpt lat="34.42153168" lon="-111.07933044">
<ele>2307.100</ele>
<time>2025-04-28T21:20:50Z</time>
</trkpt>
<trkpt lat="34.42061996" lon="-111.07936096">
<ele>2309.800</ele>
<time>2025-04-28T21:20:56Z</time>
</trkpt>
<trkpt lat="34.41986465" lon="-111.07894135">
<ele>2312.200</ele>
<time>2025-04-28T21:21:02Z</time>
</trkpt>
<trkpt lat="34.41920853" lon="-111.07836151">
<ele>2316.500</ele>
<time>2025-04-28T21:21:08Z</time>
</trkpt>
<trkpt lat="34.41847610" lon="-111.07797241">
<ele>2320.600</ele>
<time>2025-04-28T21:21:14Z</time>
</trkpt>
<trkpt lat="34.41765594" lon="-111.07784271">
<ele>2323.600</ele>
<time>2025-04-28T21:21:20Z</time>
</trkpt>
<trkpt lat="34.41683197" lon="-111.07808685">
<ele>2327.300</ele>
<time>2025-04-28T21:21:26Z</time>
</trkpt>
<trkpt lat="34.41608047" lon="-111.07863617">
<ele>2326.600</ele>
<time>2025-04-28T21:21:32Z</time>
</trkpt>
<trkpt lat="34.41527557" lon="-111.07916260">
<ele>2326.600</ele>
<time>2025-04-28T21:21:38Z</time>
</trkpt>
<trkpt lat="34.41445160" lon="-111.07959747">
<ele>2325.800</ele>
<time>2025-04-28T21:21:44Z</time>
</trkpt>
<trkpt lat="34.41353989" lon="-111.07974243">
<ele>2327.100</ele>
<time>2025-04-28T21:21:50Z</time>
</trkpt>
<trkpt lat="34.41259766" lon="-111.07968903">
<ele>2328.400</ele>
<time>2025-04-28T21:21:56Z</time>
</trkpt>
<trkpt lat="34.41166306" lon="-111.07967377">
<ele>2329.700</ele>
<time>2025-04-28T21:22:02Z</time>
</trkpt>
<trkpt lat="34.41076660" lon="-111.07944489">
<ele>2331.300</ele>
<time>2025-04-28T21:22:08Z</time>
</trkpt>
<trkpt lat="34.40996552" lon="-111.07902527">
<ele>2332.700</ele>
<time>2025-04-28T21:22:14Z</time>
</trkpt>
<trkpt lat="34.40912247" lon="-111.07854462">
<ele>2333.500</ele>
<time>2025-04-28T21:22:20Z</time>
</trkpt>
<trkpt lat="34.40828323" lon="-111.07810974">
<ele>2338.200</ele>
<time>2025-04-28T21:22:26Z</time>
</trkpt>
<trkpt lat="34.40752792" lon="-111.07764435">
<ele>2341.800</ele>
<time>2025-04-28T21:22:32Z</time>
</trkpt>
<trkpt lat="34.40684891" lon="-111.07700348">
<ele>2347.100</ele>
<time>2025-04-28T21:22:38Z</time>
</trkpt>
<trkpt lat="34.40604782" lon="-111.07642365">
<ele>2349.000</ele>
<time>2025-04-28T21:22:44Z</time>
</trkpt>
<trkpt lat="34.40513992" lon="-111.07603455">
<ele>2345.800</ele>
<time>2025-04-28T21:22:50Z</time>
</trkpt>
<trkpt lat="34.40429306" lon="-111.07566071">
<ele>2346.700</ele>
<time>2025-04-28T21:22:56Z</time>
</trkpt>
<trkpt lat="34.40349579" lon="-111.07529449">
<ele>2349.700</ele>
<time>2025-04-28T21:23:02Z</time>
</trkpt>
<trkpt lat="34.40263367" lon="-111.07490540">
<ele>2350.600</ele>
<time>2025-04-28T21:23:08Z</time>
</trkpt>
<trkpt lat="34.40169907" lon="-111.07465363">
<ele>2351.800</ele>
<time>2025-04-28T21:23:14Z</time>
</trkpt>
<trkpt lat="34.40095520" lon="-111.07501984">
<ele>2351.500</ele>
<time>2025-04-28T21:23:20Z</time>
</trkpt>
<trkpt lat="34.40035248" lon="-111.07569122">
<ele>2350.000</ele>
<time>2025-04-28T21:23:26Z</time>
</trkpt>
<trkpt lat="34.40012360" lon="-111.07658386">
<ele>2356.500</ele>
<time>2025-04-28T21:23:32Z</time>
</trkpt>
<trkpt lat="34.39986420" lon="-111.07746124">
<ele>2359.300</ele>
<time>2025-04-28T21:23:38Z</time>
</trkpt>
<trkpt lat="34.39933395" lon="-111.07809448">
<ele>2362.800</ele>
<time>2025-04-28T21:23:44Z</time>
</trkpt>
<trkpt lat="34.39859390" lon="-111.07842255">
<ele>2361.500</ele>
<time>2025-04-28T21:23:50Z</time>
</trkpt>
<trkpt lat="34.39773560" lon="-111.07852936">
<ele>2362.000</ele>
<time>2025-04-28T21:23:56Z</time>
</trkpt>
<trkpt lat="34.39711380" lon="-111.07859802">
<ele>2361.900</ele>
<time>2025-04-28T21:24:02Z</time>
</trkpt>
<trkpt lat="34.39684296" lon="-111.07860565">
<ele>2362.500</ele>
<time>2025-04-28T21:24:08Z</time>
</trkpt>
<trkpt lat="34.39661026" lon="-111.07853699">
<ele>2363.200</ele>
<time>2025-04-28T21:24:14Z</time>
</trkpt>
<trkpt lat="34.39632034" lon="-111.07846069">
<ele>2365.500</ele>
<time>2025-04-28T21:24:20Z</time>
</trkpt>
<trkpt lat="34.39594650" lon="-111.07820892">
<ele>2365.500</ele>
<time>2025-04-28T21:24:26Z</time>
</trkpt>
<trkpt lat="34.39542389" lon="-111.07761383">
<ele>2365.700</ele>
<time>2025-04-28T21:24:32Z</time>
</trkpt>
<trkpt lat="34.39493942" lon="-111.07685089">
<ele>2366.500</ele>
<time>2025-04-28T21:24:38Z</time>
</trkpt>
<trkpt lat="34.39426422" lon="-111.07638550">
<ele>2367.100</ele>
<time>2025-04-28T21:24:44Z</time>
</trkpt>
<trkpt lat="34.39347839" lon="-111.07630157">
<ele>2370.300</ele>
<time>2025-04-28T21:24:50Z</time>
</trkpt>
<trkpt lat="34.39266205" lon="-111.07631683">
<ele>2369.900</ele>
<time>2025-04-28T21:24:56Z</time>
</trkpt>
<trkpt lat="34.39185715" lon="-111.07634735">
<ele>2366.700</ele>
<time>2025-04-28T21:25:02Z</time>
</trkpt>
<trkpt lat="34.39114761" lon="-111.07670593">
<ele>2368.200</ele>
<time>2025-04-28T21:25:08Z</time>
</trkpt>
<trkpt lat="34.39051437" lon="-111.07722473">
<ele>2370.400</ele>
<time>2025-04-28T21:25:14Z</time>
</trkpt>
<trkpt lat="34.38988113" lon="-111.07756805">
<ele>2373.000</ele>
<time>2025-04-28T21:25:20Z</time>
</trkpt>
<trkpt lat="34.38913345" lon="-111.07741547">
<ele>2371.200</ele>
<time>2025-04-28T21:25:26Z</time>
</trkpt>
<trkpt lat="34.38860321" lon="-111.07687378">
<ele>2372.700</ele>
<time>2025-04-28T21:25:32Z</time>
</trkpt>
<trkpt lat="34.38819122" lon="-111.07630920">
<ele>2370.800</ele>
<time>2025-04-28T21:25:38Z</time>
</trkpt>
<trkpt lat="34.38771057" lon="-111.07608032">
<ele>2371.200</ele>
<time>2025-04-28T21:25:44Z</time>
</trkpt>
<trkpt lat="34.38739014" lon="-111.07596588">
<ele>2370.800</ele>
<time>2025-04-28T21:25:50Z</time>
</trkpt>
<trkpt lat="34.38730058" lon="-111.07592029">
<ele>2370.373</ele>
<time>2025-04-28T21:25:52.561Z</time>
</trkpt>
</trkseg>
</trk>
</gpx>
