<?xml version="1.0" encoding="UTF-8"?>
<gpx xmlns="http://www.topografix.com/GPX/1/1" version="1.1" creator="Arizona Alpine Trail segment export" xmlns:xsi="http://www.w3.org/2001/XMLSchema-instance" xmlns:wptx1="http://www.garmin.com/xmlschemas/WaypointExtension/v1" xmlns:gpxx="http://www.garmin.com/xmlschemas/GpxExtensions/v3" xmlns:gpxtpx="http://www.garmin.com/xmlschemas/TrackPointExtension/v2" xsi:schemaLocation="http://www.topografix.com/GPX/1/1 https://www.topografix.com/GPX/1/1/gpx.xsd">
<metadata>
<name>AZAT Segment 30 - Doll Baby</name>
<desc>Generated from arizona-alpine-trail.gpx.</desc>
<bounds minlat="34.21294350" minlon="-111.47918646" maxlat="34.36916049" maxlon="-111.38606232"/>
</metadata>
<wpt lat="34.31250682" lon="-111.41844946">
<ele>1598.000</ele>
<time>2024-10-22T00:34:21Z</time>
<name>AZAT-Doll Baby</name>
<sym>Flag, Red</sym>
<type>Trail description</type>
<extensions>
<label xmlns="http://www.topografix.com/GPX/gpx_overlay/0/5">
<label_text>AZAT-30 Doll Baby</label_text>
<text xmlns="http://www.topografix.com/GPX/gpx_style/0/2">
<font>
<size>3.704</size>
</font>
</text>
</label>
<time xmlns="http://www.topografix.com/GPX/gpx_modified/0/1">2026-03-19T21:00:22.825Z</time>
</extensions>
</wpt>
<trk>
<name>AZAT30-Doll Baby</name>
<type>Forest Service Rd level 2 or higher</type>
<extensions>
<time xmlns="http://www.topografix.com/GPX/gpx_modified/0/1">2026-03-19T21:00:09.492Z</time>
<override_color xmlns="http://www.topografix.com/GPX/Private/TopoGrafix/0/5">0dd5fc</override_color>
<label xmlns="http://www.topografix.com/GPX/gpx_overlay/0/5">
<label_text>AZAT-30 Doll Baby</label_text>
<text xmlns="http://www.topografix.com/GPX/gpx_style/0/2">
<font>
<size>3.175</size>
</font>
</text>
</label>
<line xmlns="http://www.topografix.com/GPX/gpx_style/0/2">
<color>ff1c45</color>
<opacity>1.00</opacity>
<width>2.0420</width>
<pattern>Solid</pattern>
<extensions>
<cased xmlns="http://www.topografix.com/GPX/Private/TopoGrafix/0/5">true</cased>
</extensions>
</line>
</extensions>
<trkseg>
<trkpt lat="34.36916049" lon="-111.43938222">
<ele>1658.800</ele>
</trkpt>
<trkpt lat="34.36916049" lon="-111.43938222">
<ele>1658.800</ele>
</trkpt>
<trkpt lat="34.36903343" lon="-111.43942291">
<ele>1658.600</ele>
</trkpt>
<trkpt lat="34.36903343" lon="-111.43942291">
<ele>1658.600</ele>
</trkpt>
<trkpt lat="34.36900775" lon="-111.43943562">
<ele>1658.800</ele>
</trkpt>
<trkpt lat="34.36900775" lon="-111.43943562">
<ele>1658.800</ele>
</trkpt>
<trkpt lat="34.36897261" lon="-111.43945691">
<ele>1658.800</ele>
</trkpt>
<trkpt lat="34.36897261" lon="-111.43945691">
<ele>1658.800</ele>
</trkpt>
<trkpt lat="34.36892887" lon="-111.43948136">
<ele>1659.000</ele>
</trkpt>
<trkpt lat="34.36892887" lon="-111.43948136">
<ele>1659.000</ele>
</trkpt>
<trkpt lat="34.36887950" lon="-111.43950430">
<ele>1659.000</ele>
</trkpt>
<trkpt lat="34.36887950" lon="-111.43950430">
<ele>1659.000</ele>
</trkpt>
<trkpt lat="34.36882979" lon="-111.43952688">
<ele>1659.400</ele>
</trkpt>
<trkpt lat="34.36882979" lon="-111.43952688">
<ele>1659.400</ele>
</trkpt>
<trkpt lat="34.36878310" lon="-111.43955843">
<ele>1659.800</ele>
</trkpt>
<trkpt lat="34.36878310" lon="-111.43955843">
<ele>1659.800</ele>
</trkpt>
<trkpt lat="34.36873531" lon="-111.43957902">
<ele>1659.800</ele>
</trkpt>
<trkpt lat="34.36873531" lon="-111.43957902">
<ele>1659.800</ele>
</trkpt>
<trkpt lat="34.36869477" lon="-111.43959660">
<ele>1660.200</ele>
</trkpt>
<trkpt lat="34.36869477" lon="-111.43959660">
<ele>1660.200</ele>
</trkpt>
<trkpt lat="34.36865572" lon="-111.43960919">
<ele>1660.400</ele>
</trkpt>
<trkpt lat="34.36865572" lon="-111.43960919">
<ele>1660.400</ele>
</trkpt>
<trkpt lat="34.36861503" lon="-111.43962139">
<ele>1660.400</ele>
</trkpt>
<trkpt lat="34.36861503" lon="-111.43962139">
<ele>1660.400</ele>
</trkpt>
<trkpt lat="34.36856446" lon="-111.43963046">
<ele>1660.600</ele>
</trkpt>
<trkpt lat="34.36856446" lon="-111.43963046">
<ele>1660.600</ele>
</trkpt>
<trkpt lat="34.36851810" lon="-111.43963673">
<ele>1660.800</ele>
</trkpt>
<trkpt lat="34.36851810" lon="-111.43963673">
<ele>1660.800</ele>
</trkpt>
<trkpt lat="34.36846666" lon="-111.43963106">
<ele>1660.800</ele>
</trkpt>
<trkpt lat="34.36846666" lon="-111.43963106">
<ele>1660.800</ele>
</trkpt>
<trkpt lat="34.36841648" lon="-111.43961891">
<ele>1661.000</ele>
</trkpt>
<trkpt lat="34.36841648" lon="-111.43961891">
<ele>1661.000</ele>
</trkpt>
<trkpt lat="34.36836895" lon="-111.43960613">
<ele>1661.200</ele>
</trkpt>
<trkpt lat="34.36836895" lon="-111.43960613">
<ele>1661.200</ele>
</trkpt>
<trkpt lat="34.36832685" lon="-111.43959806">
<ele>1661.200</ele>
</trkpt>
<trkpt lat="34.36832685" lon="-111.43959806">
<ele>1661.200</ele>
</trkpt>
<trkpt lat="34.36828157" lon="-111.43958527">
<ele>1661.400</ele>
</trkpt>
<trkpt lat="34.36828157" lon="-111.43958527">
<ele>1661.400</ele>
</trkpt>
<trkpt lat="34.36823316" lon="-111.43956723">
<ele>1661.600</ele>
</trkpt>
<trkpt lat="34.36823316" lon="-111.43956723">
<ele>1661.600</ele>
</trkpt>
<trkpt lat="34.36818318" lon="-111.43955749">
<ele>1662.000</ele>
</trkpt>
<trkpt lat="34.36818318" lon="-111.43955749">
<ele>1662.000</ele>
</trkpt>
<trkpt lat="34.36812862" lon="-111.43954818">
<ele>1662.200</ele>
</trkpt>
<trkpt lat="34.36812862" lon="-111.43954818">
<ele>1662.200</ele>
</trkpt>
<trkpt lat="34.36807111" lon="-111.43954973">
<ele>1662.200</ele>
</trkpt>
<trkpt lat="34.36807111" lon="-111.43954973">
<ele>1662.200</ele>
</trkpt>
<trkpt lat="34.36801606" lon="-111.43955510">
<ele>1662.400</ele>
</trkpt>
<trkpt lat="34.36801606" lon="-111.43955510">
<ele>1662.400</ele>
</trkpt>
<trkpt lat="34.36796180" lon="-111.43957616">
<ele>1662.000</ele>
</trkpt>
<trkpt lat="34.36796180" lon="-111.43957616">
<ele>1662.000</ele>
</trkpt>
<trkpt lat="34.36790797" lon="-111.43960137">
<ele>1662.200</ele>
</trkpt>
<trkpt lat="34.36790797" lon="-111.43960137">
<ele>1662.200</ele>
</trkpt>
<trkpt lat="34.36785798" lon="-111.43962273">
<ele>1662.200</ele>
</trkpt>
<trkpt lat="34.36785798" lon="-111.43962273">
<ele>1662.200</ele>
</trkpt>
<trkpt lat="34.36780783" lon="-111.43964767">
<ele>1662.200</ele>
</trkpt>
<trkpt lat="34.36780783" lon="-111.43964767">
<ele>1662.200</ele>
</trkpt>
<trkpt lat="34.36777633" lon="-111.43966036">
<ele>1661.800</ele>
</trkpt>
<trkpt lat="34.36777633" lon="-111.43966036">
<ele>1661.800</ele>
</trkpt>
<trkpt lat="34.36778734" lon="-111.43980617">
<ele>1661.200</ele>
</trkpt>
<trkpt lat="34.36778734" lon="-111.43980617">
<ele>1661.200</ele>
</trkpt>
<trkpt lat="34.36779959" lon="-111.43985982">
<ele>1660.800</ele>
</trkpt>
<trkpt lat="34.36779959" lon="-111.43985982">
<ele>1660.800</ele>
</trkpt>
<trkpt lat="34.36781001" lon="-111.43989740">
<ele>1660.800</ele>
</trkpt>
<trkpt lat="34.36781001" lon="-111.43989740">
<ele>1660.800</ele>
</trkpt>
<trkpt lat="34.36783035" lon="-111.43993723">
<ele>1660.600</ele>
</trkpt>
<trkpt lat="34.36783035" lon="-111.43993723">
<ele>1660.600</ele>
</trkpt>
<trkpt lat="34.36785270" lon="-111.43997711">
<ele>1660.600</ele>
</trkpt>
<trkpt lat="34.36785270" lon="-111.43997711">
<ele>1660.600</ele>
</trkpt>
<trkpt lat="34.36786915" lon="-111.44001597">
<ele>1660.400</ele>
</trkpt>
<trkpt lat="34.36786915" lon="-111.44001597">
<ele>1660.400</ele>
</trkpt>
<trkpt lat="34.36788924" lon="-111.44005543">
<ele>1660.400</ele>
</trkpt>
<trkpt lat="34.36788924" lon="-111.44005543">
<ele>1660.400</ele>
</trkpt>
<trkpt lat="34.36791693" lon="-111.44008384">
<ele>1660.000</ele>
</trkpt>
<trkpt lat="34.36791693" lon="-111.44008384">
<ele>1660.000</ele>
</trkpt>
<trkpt lat="34.36794376" lon="-111.44011155">
<ele>1660.000</ele>
</trkpt>
<trkpt lat="34.36794376" lon="-111.44011155">
<ele>1660.000</ele>
</trkpt>
<trkpt lat="34.36796931" lon="-111.44014109">
<ele>1659.800</ele>
</trkpt>
<trkpt lat="34.36796931" lon="-111.44014109">
<ele>1659.800</ele>
</trkpt>
<trkpt lat="34.36799783" lon="-111.44017535">
<ele>1659.800</ele>
</trkpt>
<trkpt lat="34.36799783" lon="-111.44017535">
<ele>1659.800</ele>
</trkpt>
<trkpt lat="34.36802975" lon="-111.44021099">
<ele>1659.800</ele>
</trkpt>
<trkpt lat="34.36802975" lon="-111.44021099">
<ele>1659.800</ele>
</trkpt>
<trkpt lat="34.36806256" lon="-111.44024964">
<ele>1659.600</ele>
</trkpt>
<trkpt lat="34.36806256" lon="-111.44024964">
<ele>1659.600</ele>
</trkpt>
<trkpt lat="34.36809741" lon="-111.44028953">
<ele>1659.600</ele>
</trkpt>
<trkpt lat="34.36809741" lon="-111.44028953">
<ele>1659.600</ele>
</trkpt>
<trkpt lat="34.36812543" lon="-111.44033077">
<ele>1659.600</ele>
</trkpt>
<trkpt lat="34.36812543" lon="-111.44033077">
<ele>1659.600</ele>
</trkpt>
<trkpt lat="34.36815452" lon="-111.44037568">
<ele>1659.400</ele>
</trkpt>
<trkpt lat="34.36815452" lon="-111.44037568">
<ele>1659.400</ele>
</trkpt>
<trkpt lat="34.36818929" lon="-111.44042863">
<ele>1659.200</ele>
</trkpt>
<trkpt lat="34.36818929" lon="-111.44042863">
<ele>1659.200</ele>
</trkpt>
<trkpt lat="34.36822515" lon="-111.44044644">
<ele>1659.200</ele>
</trkpt>
<trkpt lat="34.36822515" lon="-111.44044644">
<ele>1659.200</ele>
</trkpt>
<trkpt lat="34.36825856" lon="-111.44046703">
<ele>1659.200</ele>
</trkpt>
<trkpt lat="34.36825856" lon="-111.44046703">
<ele>1659.200</ele>
</trkpt>
<trkpt lat="34.36829112" lon="-111.44048836">
<ele>1659.200</ele>
</trkpt>
<trkpt lat="34.36829112" lon="-111.44048836">
<ele>1659.200</ele>
</trkpt>
<trkpt lat="34.36832404" lon="-111.44051584">
<ele>1659.200</ele>
</trkpt>
<trkpt lat="34.36832404" lon="-111.44051584">
<ele>1659.200</ele>
</trkpt>
<trkpt lat="34.36835729" lon="-111.44053829">
<ele>1659.200</ele>
</trkpt>
<trkpt lat="34.36835729" lon="-111.44053829">
<ele>1659.200</ele>
</trkpt>
<trkpt lat="34.36838949" lon="-111.44056303">
<ele>1659.400</ele>
</trkpt>
<trkpt lat="34.36838949" lon="-111.44056303">
<ele>1659.400</ele>
</trkpt>
<trkpt lat="34.36842047" lon="-111.44058953">
<ele>1659.400</ele>
</trkpt>
<trkpt lat="34.36842047" lon="-111.44058953">
<ele>1659.400</ele>
</trkpt>
<trkpt lat="34.36846055" lon="-111.44061250">
<ele>1659.400</ele>
</trkpt>
<trkpt lat="34.36846055" lon="-111.44061250">
<ele>1659.400</ele>
</trkpt>
<trkpt lat="34.36849205" lon="-111.44063377">
<ele>1659.400</ele>
</trkpt>
<trkpt lat="34.36849205" lon="-111.44063377">
<ele>1659.400</ele>
</trkpt>
<trkpt lat="34.36852900" lon="-111.44066033">
<ele>1659.400</ele>
</trkpt>
<trkpt lat="34.36852900" lon="-111.44066033">
<ele>1659.400</ele>
</trkpt>
<trkpt lat="34.36855969" lon="-111.44068703">
<ele>1659.000</ele>
</trkpt>
<trkpt lat="34.36855969" lon="-111.44068703">
<ele>1659.000</ele>
</trkpt>
<trkpt lat="34.36857948" lon="-111.44071627">
<ele>1659.000</ele>
</trkpt>
<trkpt lat="34.36857948" lon="-111.44071627">
<ele>1659.000</ele>
</trkpt>
<trkpt lat="34.36859981" lon="-111.44075537">
<ele>1659.200</ele>
</trkpt>
<trkpt lat="34.36859981" lon="-111.44075537">
<ele>1659.200</ele>
</trkpt>
<trkpt lat="34.36861864" lon="-111.44080651">
<ele>1658.800</ele>
</trkpt>
<trkpt lat="34.36861864" lon="-111.44080651">
<ele>1658.800</ele>
</trkpt>
<trkpt lat="34.36863761" lon="-111.44084968">
<ele>1658.600</ele>
</trkpt>
<trkpt lat="34.36863761" lon="-111.44084968">
<ele>1658.600</ele>
</trkpt>
<trkpt lat="34.36865746" lon="-111.44089592">
<ele>1658.600</ele>
</trkpt>
<trkpt lat="34.36865746" lon="-111.44089592">
<ele>1658.600</ele>
</trkpt>
<trkpt lat="34.36867135" lon="-111.44094498">
<ele>1658.000</ele>
</trkpt>
<trkpt lat="34.36867135" lon="-111.44094498">
<ele>1658.000</ele>
</trkpt>
<trkpt lat="34.36868808" lon="-111.44099385">
<ele>1658.000</ele>
</trkpt>
<trkpt lat="34.36868808" lon="-111.44099385">
<ele>1658.000</ele>
</trkpt>
<trkpt lat="34.36870023" lon="-111.44103993">
<ele>1657.200</ele>
</trkpt>
<trkpt lat="34.36870023" lon="-111.44103993">
<ele>1657.200</ele>
</trkpt>
<trkpt lat="34.36870453" lon="-111.44109475">
<ele>1657.200</ele>
</trkpt>
<trkpt lat="34.36870453" lon="-111.44109475">
<ele>1657.200</ele>
</trkpt>
<trkpt lat="34.36870939" lon="-111.44114358">
<ele>1656.400</ele>
</trkpt>
<trkpt lat="34.36870939" lon="-111.44114358">
<ele>1656.400</ele>
</trkpt>
<trkpt lat="34.36871118" lon="-111.44119440">
<ele>1655.400</ele>
</trkpt>
<trkpt lat="34.36871118" lon="-111.44119440">
<ele>1655.400</ele>
</trkpt>
<trkpt lat="34.36871303" lon="-111.44124393">
<ele>1655.400</ele>
</trkpt>
<trkpt lat="34.36871303" lon="-111.44124393">
<ele>1655.400</ele>
</trkpt>
<trkpt lat="34.36871238" lon="-111.44129066">
<ele>1654.400</ele>
</trkpt>
<trkpt lat="34.36871238" lon="-111.44129066">
<ele>1654.400</ele>
</trkpt>
<trkpt lat="34.36871288" lon="-111.44133265">
<ele>1654.400</ele>
</trkpt>
<trkpt lat="34.36871288" lon="-111.44133265">
<ele>1654.400</ele>
</trkpt>
<trkpt lat="34.36872077" lon="-111.44138096">
<ele>1653.200</ele>
</trkpt>
<trkpt lat="34.36872077" lon="-111.44138096">
<ele>1653.200</ele>
</trkpt>
<trkpt lat="34.36873103" lon="-111.44145332">
<ele>1652.400</ele>
</trkpt>
<trkpt lat="34.36873103" lon="-111.44145332">
<ele>1652.400</ele>
</trkpt>
<trkpt lat="34.36873069" lon="-111.44150647">
<ele>1652.400</ele>
</trkpt>
<trkpt lat="34.36873069" lon="-111.44150647">
<ele>1652.400</ele>
</trkpt>
<trkpt lat="34.36873047" lon="-111.44155544">
<ele>1651.600</ele>
</trkpt>
<trkpt lat="34.36873047" lon="-111.44155544">
<ele>1651.600</ele>
</trkpt>
<trkpt lat="34.36873502" lon="-111.44160470">
<ele>1651.200</ele>
</trkpt>
<trkpt lat="34.36873502" lon="-111.44160470">
<ele>1651.200</ele>
</trkpt>
<trkpt lat="34.36872841" lon="-111.44165218">
<ele>1650.800</ele>
</trkpt>
<trkpt lat="34.36872841" lon="-111.44165218">
<ele>1650.800</ele>
</trkpt>
<trkpt lat="34.36872274" lon="-111.44169680">
<ele>1650.800</ele>
</trkpt>
<trkpt lat="34.36872274" lon="-111.44169680">
<ele>1650.800</ele>
</trkpt>
<trkpt lat="34.36872016" lon="-111.44173872">
<ele>1650.000</ele>
</trkpt>
<trkpt lat="34.36872016" lon="-111.44173872">
<ele>1650.000</ele>
</trkpt>
<trkpt lat="34.36871360" lon="-111.44178094">
<ele>1650.000</ele>
</trkpt>
<trkpt lat="34.36871360" lon="-111.44178094">
<ele>1650.000</ele>
</trkpt>
<trkpt lat="34.36869431" lon="-111.44183468">
<ele>1649.400</ele>
</trkpt>
<trkpt lat="34.36869431" lon="-111.44183468">
<ele>1649.400</ele>
</trkpt>
<trkpt lat="34.36869149" lon="-111.44187575">
<ele>1649.400</ele>
</trkpt>
<trkpt lat="34.36869149" lon="-111.44187575">
<ele>1649.400</ele>
</trkpt>
<trkpt lat="34.36868007" lon="-111.44192000">
<ele>1648.800</ele>
</trkpt>
<trkpt lat="34.36868007" lon="-111.44192000">
<ele>1648.800</ele>
</trkpt>
<trkpt lat="34.36867242" lon="-111.44196583">
<ele>1648.200</ele>
</trkpt>
<trkpt lat="34.36867242" lon="-111.44196583">
<ele>1648.200</ele>
</trkpt>
<trkpt lat="34.36867172" lon="-111.44201360">
<ele>1648.200</ele>
</trkpt>
<trkpt lat="34.36867172" lon="-111.44201360">
<ele>1648.200</ele>
</trkpt>
<trkpt lat="34.36868846" lon="-111.44206149">
<ele>1648.000</ele>
</trkpt>
<trkpt lat="34.36868846" lon="-111.44206149">
<ele>1648.000</ele>
</trkpt>
<trkpt lat="34.36870083" lon="-111.44210669">
<ele>1648.000</ele>
</trkpt>
<trkpt lat="34.36870083" lon="-111.44210669">
<ele>1648.000</ele>
</trkpt>
<trkpt lat="34.36870979" lon="-111.44214926">
<ele>1647.600</ele>
</trkpt>
<trkpt lat="34.36870979" lon="-111.44214926">
<ele>1647.600</ele>
</trkpt>
<trkpt lat="34.36871985" lon="-111.44218397">
<ele>1647.600</ele>
</trkpt>
<trkpt lat="34.36871985" lon="-111.44218397">
<ele>1647.600</ele>
</trkpt>
<trkpt lat="34.36872995" lon="-111.44222344">
<ele>1647.400</ele>
</trkpt>
<trkpt lat="34.36872995" lon="-111.44222344">
<ele>1647.400</ele>
</trkpt>
<trkpt lat="34.36875486" lon="-111.44226127">
<ele>1647.200</ele>
</trkpt>
<trkpt lat="34.36875486" lon="-111.44226127">
<ele>1647.200</ele>
</trkpt>
<trkpt lat="34.36877016" lon="-111.44229844">
<ele>1647.200</ele>
</trkpt>
<trkpt lat="34.36877016" lon="-111.44229844">
<ele>1647.200</ele>
</trkpt>
<trkpt lat="34.36879007" lon="-111.44234017">
<ele>1647.000</ele>
</trkpt>
<trkpt lat="34.36879007" lon="-111.44234017">
<ele>1647.000</ele>
</trkpt>
<trkpt lat="34.36880276" lon="-111.44237487">
<ele>1647.000</ele>
</trkpt>
<trkpt lat="34.36880276" lon="-111.44237487">
<ele>1647.000</ele>
</trkpt>
<trkpt lat="34.36880325" lon="-111.44241486">
<ele>1646.800</ele>
</trkpt>
<trkpt lat="34.36880325" lon="-111.44241486">
<ele>1646.800</ele>
</trkpt>
<trkpt lat="34.36880535" lon="-111.44244869">
<ele>1646.800</ele>
</trkpt>
<trkpt lat="34.36880535" lon="-111.44244869">
<ele>1646.800</ele>
</trkpt>
<trkpt lat="34.36882037" lon="-111.44249866">
<ele>1646.800</ele>
</trkpt>
<trkpt lat="34.36882037" lon="-111.44249866">
<ele>1646.800</ele>
</trkpt>
<trkpt lat="34.36881034" lon="-111.44255443">
<ele>1646.800</ele>
</trkpt>
<trkpt lat="34.36881034" lon="-111.44255443">
<ele>1646.800</ele>
</trkpt>
<trkpt lat="34.36880525" lon="-111.44259242">
<ele>1646.600</ele>
</trkpt>
<trkpt lat="34.36880525" lon="-111.44259242">
<ele>1646.600</ele>
</trkpt>
<trkpt lat="34.36879094" lon="-111.44262302">
<ele>1646.600</ele>
</trkpt>
<trkpt lat="34.36879094" lon="-111.44262302">
<ele>1646.600</ele>
</trkpt>
<trkpt lat="34.36877280" lon="-111.44265583">
<ele>1646.200</ele>
</trkpt>
<trkpt lat="34.36877280" lon="-111.44265583">
<ele>1646.200</ele>
</trkpt>
<trkpt lat="34.36875955" lon="-111.44268796">
<ele>1646.200</ele>
</trkpt>
<trkpt lat="34.36875955" lon="-111.44268796">
<ele>1646.200</ele>
</trkpt>
<trkpt lat="34.36872921" lon="-111.44272507">
<ele>1646.200</ele>
</trkpt>
<trkpt lat="34.36872921" lon="-111.44272507">
<ele>1646.200</ele>
</trkpt>
<trkpt lat="34.36870567" lon="-111.44275028">
<ele>1646.000</ele>
</trkpt>
<trkpt lat="34.36870567" lon="-111.44275028">
<ele>1646.000</ele>
</trkpt>
<trkpt lat="34.36868343" lon="-111.44280464">
<ele>1646.000</ele>
</trkpt>
<trkpt lat="34.36868343" lon="-111.44280464">
<ele>1646.000</ele>
</trkpt>
<trkpt lat="34.36865968" lon="-111.44283253">
<ele>1645.600</ele>
</trkpt>
<trkpt lat="34.36865968" lon="-111.44283253">
<ele>1645.600</ele>
</trkpt>
<trkpt lat="34.36863231" lon="-111.44286459">
<ele>1645.600</ele>
</trkpt>
<trkpt lat="34.36863231" lon="-111.44286459">
<ele>1645.600</ele>
</trkpt>
<trkpt lat="34.36859877" lon="-111.44289543">
<ele>1645.600</ele>
</trkpt>
<trkpt lat="34.36859877" lon="-111.44289543">
<ele>1645.600</ele>
</trkpt>
<trkpt lat="34.36856663" lon="-111.44292331">
<ele>1645.000</ele>
</trkpt>
<trkpt lat="34.36856663" lon="-111.44292331">
<ele>1645.000</ele>
</trkpt>
<trkpt lat="34.36853230" lon="-111.44295484">
<ele>1645.000</ele>
</trkpt>
<trkpt lat="34.36853230" lon="-111.44295484">
<ele>1645.000</ele>
</trkpt>
<trkpt lat="34.36850544" lon="-111.44298318">
<ele>1645.200</ele>
</trkpt>
<trkpt lat="34.36850544" lon="-111.44298318">
<ele>1645.200</ele>
</trkpt>
<trkpt lat="34.36847874" lon="-111.44301154">
<ele>1644.800</ele>
</trkpt>
<trkpt lat="34.36847874" lon="-111.44301154">
<ele>1644.800</ele>
</trkpt>
<trkpt lat="34.36845421" lon="-111.44304225">
<ele>1644.800</ele>
</trkpt>
<trkpt lat="34.36845421" lon="-111.44304225">
<ele>1644.800</ele>
</trkpt>
<trkpt lat="34.36843522" lon="-111.44307500">
<ele>1644.800</ele>
</trkpt>
<trkpt lat="34.36843522" lon="-111.44307500">
<ele>1644.800</ele>
</trkpt>
<trkpt lat="34.36841820" lon="-111.44311011">
<ele>1644.400</ele>
</trkpt>
<trkpt lat="34.36841820" lon="-111.44311011">
<ele>1644.400</ele>
</trkpt>
<trkpt lat="34.36840003" lon="-111.44314691">
<ele>1644.400</ele>
</trkpt>
<trkpt lat="34.36840003" lon="-111.44314691">
<ele>1644.400</ele>
</trkpt>
<trkpt lat="34.36836916" lon="-111.44319823">
<ele>1644.400</ele>
</trkpt>
<trkpt lat="34.36836916" lon="-111.44319823">
<ele>1644.400</ele>
</trkpt>
<trkpt lat="34.36833770" lon="-111.44325056">
<ele>1644.400</ele>
</trkpt>
<trkpt lat="34.36833770" lon="-111.44325056">
<ele>1644.400</ele>
</trkpt>
<trkpt lat="34.36831157" lon="-111.44328453">
<ele>1644.000</ele>
</trkpt>
<trkpt lat="34.36831157" lon="-111.44328453">
<ele>1644.000</ele>
</trkpt>
<trkpt lat="34.36828743" lon="-111.44334063">
<ele>1644.400</ele>
</trkpt>
<trkpt lat="34.36828743" lon="-111.44334063">
<ele>1644.400</ele>
</trkpt>
<trkpt lat="34.36827469" lon="-111.44339032">
<ele>1644.400</ele>
</trkpt>
<trkpt lat="34.36827469" lon="-111.44339032">
<ele>1644.400</ele>
</trkpt>
<trkpt lat="34.36827577" lon="-111.44344863">
<ele>1644.400</ele>
</trkpt>
<trkpt lat="34.36827577" lon="-111.44344863">
<ele>1644.400</ele>
</trkpt>
<trkpt lat="34.36824910" lon="-111.44351480">
<ele>1644.400</ele>
</trkpt>
<trkpt lat="34.36824910" lon="-111.44351480">
<ele>1644.400</ele>
</trkpt>
<trkpt lat="34.36823182" lon="-111.44348996">
<ele>1645.200</ele>
</trkpt>
<trkpt lat="34.36823182" lon="-111.44348996">
<ele>1645.200</ele>
</trkpt>
<trkpt lat="34.36820620" lon="-111.44345731">
<ele>1645.200</ele>
</trkpt>
<trkpt lat="34.36820620" lon="-111.44345731">
<ele>1645.200</ele>
</trkpt>
<trkpt lat="34.36818514" lon="-111.44341767">
<ele>1645.000</ele>
</trkpt>
<trkpt lat="34.36818514" lon="-111.44341767">
<ele>1645.000</ele>
</trkpt>
<trkpt lat="34.36816854" lon="-111.44337884">
<ele>1645.000</ele>
</trkpt>
<trkpt lat="34.36816854" lon="-111.44337884">
<ele>1645.000</ele>
</trkpt>
<trkpt lat="34.36815171" lon="-111.44335218">
<ele>1645.400</ele>
</trkpt>
<trkpt lat="34.36815171" lon="-111.44335218">
<ele>1645.400</ele>
</trkpt>
<trkpt lat="34.36812361" lon="-111.44333217">
<ele>1645.400</ele>
</trkpt>
<trkpt lat="34.36812361" lon="-111.44333217">
<ele>1645.400</ele>
</trkpt>
<trkpt lat="34.36809988" lon="-111.44331301">
<ele>1645.400</ele>
</trkpt>
<trkpt lat="34.36809988" lon="-111.44331301">
<ele>1645.400</ele>
</trkpt>
<trkpt lat="34.36805904" lon="-111.44327438">
<ele>1646.000</ele>
</trkpt>
<trkpt lat="34.36805904" lon="-111.44327438">
<ele>1646.000</ele>
</trkpt>
<trkpt lat="34.36802828" lon="-111.44325899">
<ele>1646.000</ele>
</trkpt>
<trkpt lat="34.36802828" lon="-111.44325899">
<ele>1646.000</ele>
</trkpt>
<trkpt lat="34.36798620" lon="-111.44323912">
<ele>1646.600</ele>
</trkpt>
<trkpt lat="34.36798620" lon="-111.44323912">
<ele>1646.600</ele>
</trkpt>
<trkpt lat="34.36795584" lon="-111.44322549">
<ele>1646.600</ele>
</trkpt>
<trkpt lat="34.36795584" lon="-111.44322549">
<ele>1646.600</ele>
</trkpt>
<trkpt lat="34.36791936" lon="-111.44321275">
<ele>1647.200</ele>
</trkpt>
<trkpt lat="34.36791936" lon="-111.44321275">
<ele>1647.200</ele>
</trkpt>
<trkpt lat="34.36788595" lon="-111.44320086">
<ele>1647.200</ele>
</trkpt>
<trkpt lat="34.36788595" lon="-111.44320086">
<ele>1647.200</ele>
</trkpt>
<trkpt lat="34.36785487" lon="-111.44318942">
<ele>1647.800</ele>
</trkpt>
<trkpt lat="34.36785487" lon="-111.44318942">
<ele>1647.800</ele>
</trkpt>
<trkpt lat="34.36782323" lon="-111.44316579">
<ele>1647.800</ele>
</trkpt>
<trkpt lat="34.36782323" lon="-111.44316579">
<ele>1647.800</ele>
</trkpt>
<trkpt lat="34.36778971" lon="-111.44314789">
<ele>1648.600</ele>
</trkpt>
<trkpt lat="34.36778971" lon="-111.44314789">
<ele>1648.600</ele>
</trkpt>
<trkpt lat="34.36775503" lon="-111.44311932">
<ele>1648.600</ele>
</trkpt>
<trkpt lat="34.36775503" lon="-111.44311932">
<ele>1648.600</ele>
</trkpt>
<trkpt lat="34.36772008" lon="-111.44308862">
<ele>1649.200</ele>
</trkpt>
<trkpt lat="34.36772008" lon="-111.44308862">
<ele>1649.200</ele>
</trkpt>
<trkpt lat="34.36769080" lon="-111.44306273">
<ele>1649.200</ele>
</trkpt>
<trkpt lat="34.36769080" lon="-111.44306273">
<ele>1649.200</ele>
</trkpt>
<trkpt lat="34.36767024" lon="-111.44303121">
<ele>1649.200</ele>
</trkpt>
<trkpt lat="34.36767024" lon="-111.44303121">
<ele>1649.200</ele>
</trkpt>
<trkpt lat="34.36764608" lon="-111.44300432">
<ele>1650.000</ele>
</trkpt>
<trkpt lat="34.36764608" lon="-111.44300432">
<ele>1650.000</ele>
</trkpt>
<trkpt lat="34.36761543" lon="-111.44298215">
<ele>1650.200</ele>
</trkpt>
<trkpt lat="34.36761543" lon="-111.44298215">
<ele>1650.200</ele>
</trkpt>
<trkpt lat="34.36758707" lon="-111.44295024">
<ele>1651.000</ele>
</trkpt>
<trkpt lat="34.36758707" lon="-111.44295024">
<ele>1651.000</ele>
</trkpt>
<trkpt lat="34.36755577" lon="-111.44290850">
<ele>1651.200</ele>
</trkpt>
<trkpt lat="34.36755577" lon="-111.44290850">
<ele>1651.200</ele>
</trkpt>
<trkpt lat="34.36753670" lon="-111.44287277">
<ele>1651.200</ele>
</trkpt>
<trkpt lat="34.36753670" lon="-111.44287277">
<ele>1651.200</ele>
</trkpt>
<trkpt lat="34.36751241" lon="-111.44283236">
<ele>1651.800</ele>
</trkpt>
<trkpt lat="34.36751241" lon="-111.44283236">
<ele>1651.800</ele>
</trkpt>
<trkpt lat="34.36747878" lon="-111.44279171">
<ele>1652.000</ele>
</trkpt>
<trkpt lat="34.36747878" lon="-111.44279171">
<ele>1652.000</ele>
</trkpt>
<trkpt lat="34.36744922" lon="-111.44275344">
<ele>1652.600</ele>
</trkpt>
<trkpt lat="34.36744922" lon="-111.44275344">
<ele>1652.600</ele>
</trkpt>
<trkpt lat="34.36742140" lon="-111.44271954">
<ele>1652.600</ele>
</trkpt>
<trkpt lat="34.36742140" lon="-111.44271954">
<ele>1652.600</ele>
</trkpt>
<trkpt lat="34.36739394" lon="-111.44267407">
<ele>1652.600</ele>
</trkpt>
<trkpt lat="34.36739394" lon="-111.44267407">
<ele>1652.600</ele>
</trkpt>
<trkpt lat="34.36735917" lon="-111.44263290">
<ele>1653.200</ele>
</trkpt>
<trkpt lat="34.36735917" lon="-111.44263290">
<ele>1653.200</ele>
</trkpt>
<trkpt lat="34.36732538" lon="-111.44260535">
<ele>1653.200</ele>
</trkpt>
<trkpt lat="34.36732538" lon="-111.44260535">
<ele>1653.200</ele>
</trkpt>
<trkpt lat="34.36728861" lon="-111.44259548">
<ele>1653.800</ele>
</trkpt>
<trkpt lat="34.36728861" lon="-111.44259548">
<ele>1653.800</ele>
</trkpt>
<trkpt lat="34.36725248" lon="-111.44259431">
<ele>1653.800</ele>
</trkpt>
<trkpt lat="34.36725248" lon="-111.44259431">
<ele>1653.800</ele>
</trkpt>
<trkpt lat="34.36722223" lon="-111.44259933">
<ele>1654.400</ele>
</trkpt>
<trkpt lat="34.36722223" lon="-111.44259933">
<ele>1654.400</ele>
</trkpt>
<trkpt lat="34.36719461" lon="-111.44260863">
<ele>1654.400</ele>
</trkpt>
<trkpt lat="34.36719461" lon="-111.44260863">
<ele>1654.400</ele>
</trkpt>
<trkpt lat="34.36716665" lon="-111.44262381">
<ele>1655.000</ele>
</trkpt>
<trkpt lat="34.36716665" lon="-111.44262381">
<ele>1655.000</ele>
</trkpt>
<trkpt lat="34.36713944" lon="-111.44263719">
<ele>1655.000</ele>
</trkpt>
<trkpt lat="34.36713944" lon="-111.44263719">
<ele>1655.000</ele>
</trkpt>
<trkpt lat="34.36711371" lon="-111.44265215">
<ele>1655.000</ele>
</trkpt>
<trkpt lat="34.36711371" lon="-111.44265215">
<ele>1655.000</ele>
</trkpt>
<trkpt lat="34.36707718" lon="-111.44265263">
<ele>1655.600</ele>
</trkpt>
<trkpt lat="34.36707718" lon="-111.44265263">
<ele>1655.600</ele>
</trkpt>
<trkpt lat="34.36704730" lon="-111.44265353">
<ele>1655.600</ele>
</trkpt>
<trkpt lat="34.36704730" lon="-111.44265353">
<ele>1655.600</ele>
</trkpt>
<trkpt lat="34.36701672" lon="-111.44265894">
<ele>1655.800</ele>
</trkpt>
<trkpt lat="34.36701672" lon="-111.44265894">
<ele>1655.800</ele>
</trkpt>
<trkpt lat="34.36698667" lon="-111.44265080">
<ele>1655.800</ele>
</trkpt>
<trkpt lat="34.36698667" lon="-111.44265080">
<ele>1655.800</ele>
</trkpt>
<trkpt lat="34.36695426" lon="-111.44264177">
<ele>1656.200</ele>
</trkpt>
<trkpt lat="34.36695426" lon="-111.44264177">
<ele>1656.200</ele>
</trkpt>
<trkpt lat="34.36689782" lon="-111.44261814">
<ele>1656.200</ele>
</trkpt>
<trkpt lat="34.36689782" lon="-111.44261814">
<ele>1656.200</ele>
</trkpt>
<trkpt lat="34.36684678" lon="-111.44261562">
<ele>1656.400</ele>
</trkpt>
<trkpt lat="34.36684678" lon="-111.44261562">
<ele>1656.400</ele>
</trkpt>
<trkpt lat="34.36680907" lon="-111.44260410">
<ele>1656.600</ele>
</trkpt>
<trkpt lat="34.36680907" lon="-111.44260410">
<ele>1656.600</ele>
</trkpt>
<trkpt lat="34.36675543" lon="-111.44257601">
<ele>1656.600</ele>
</trkpt>
<trkpt lat="34.36675543" lon="-111.44257601">
<ele>1656.600</ele>
</trkpt>
<trkpt lat="34.36672739" lon="-111.44253337">
<ele>1656.600</ele>
</trkpt>
<trkpt lat="34.36672739" lon="-111.44253337">
<ele>1656.600</ele>
</trkpt>
<trkpt lat="34.36670173" lon="-111.44249495">
<ele>1656.600</ele>
</trkpt>
<trkpt lat="34.36670173" lon="-111.44249495">
<ele>1656.600</ele>
</trkpt>
<trkpt lat="34.36668151" lon="-111.44246556">
<ele>1656.200</ele>
</trkpt>
<trkpt lat="34.36668151" lon="-111.44246556">
<ele>1656.200</ele>
</trkpt>
<trkpt lat="34.36666324" lon="-111.44243023">
<ele>1656.200</ele>
</trkpt>
<trkpt lat="34.36666324" lon="-111.44243023">
<ele>1656.200</ele>
</trkpt>
<trkpt lat="34.36664400" lon="-111.44239372">
<ele>1656.200</ele>
</trkpt>
<trkpt lat="34.36664400" lon="-111.44239372">
<ele>1656.200</ele>
</trkpt>
<trkpt lat="34.36662268" lon="-111.44235675">
<ele>1656.200</ele>
</trkpt>
<trkpt lat="34.36662268" lon="-111.44235675">
<ele>1656.200</ele>
</trkpt>
<trkpt lat="34.36660589" lon="-111.44232539">
<ele>1656.000</ele>
</trkpt>
<trkpt lat="34.36660589" lon="-111.44232539">
<ele>1656.000</ele>
</trkpt>
<trkpt lat="34.36658610" lon="-111.44229646">
<ele>1656.000</ele>
</trkpt>
<trkpt lat="34.36658610" lon="-111.44229646">
<ele>1656.000</ele>
</trkpt>
<trkpt lat="34.36656609" lon="-111.44226589">
<ele>1656.000</ele>
</trkpt>
<trkpt lat="34.36656609" lon="-111.44226589">
<ele>1656.000</ele>
</trkpt>
<trkpt lat="34.36653860" lon="-111.44223654">
<ele>1656.000</ele>
</trkpt>
<trkpt lat="34.36653860" lon="-111.44223654">
<ele>1656.000</ele>
</trkpt>
<trkpt lat="34.36650975" lon="-111.44221590">
<ele>1655.600</ele>
</trkpt>
<trkpt lat="34.36650975" lon="-111.44221590">
<ele>1655.600</ele>
</trkpt>
<trkpt lat="34.36648282" lon="-111.44218758">
<ele>1655.600</ele>
</trkpt>
<trkpt lat="34.36648282" lon="-111.44218758">
<ele>1655.600</ele>
</trkpt>
<trkpt lat="34.36645754" lon="-111.44216658">
<ele>1655.200</ele>
</trkpt>
<trkpt lat="34.36645754" lon="-111.44216658">
<ele>1655.200</ele>
</trkpt>
<trkpt lat="34.36642940" lon="-111.44214921">
<ele>1655.200</ele>
</trkpt>
<trkpt lat="34.36642940" lon="-111.44214921">
<ele>1655.200</ele>
</trkpt>
<trkpt lat="34.36640966" lon="-111.44212614">
<ele>1655.200</ele>
</trkpt>
<trkpt lat="34.36640966" lon="-111.44212614">
<ele>1655.200</ele>
</trkpt>
<trkpt lat="34.36639281" lon="-111.44209626">
<ele>1654.600</ele>
</trkpt>
<trkpt lat="34.36639281" lon="-111.44209626">
<ele>1654.600</ele>
</trkpt>
<trkpt lat="34.36637080" lon="-111.44207463">
<ele>1654.600</ele>
</trkpt>
<trkpt lat="34.36637080" lon="-111.44207463">
<ele>1654.600</ele>
</trkpt>
<trkpt lat="34.36632661" lon="-111.44203412">
<ele>1654.600</ele>
</trkpt>
<trkpt lat="34.36632661" lon="-111.44203412">
<ele>1654.600</ele>
</trkpt>
<trkpt lat="34.36630223" lon="-111.44201004">
<ele>1654.200</ele>
</trkpt>
<trkpt lat="34.36630223" lon="-111.44201004">
<ele>1654.200</ele>
</trkpt>
<trkpt lat="34.36627550" lon="-111.44198328">
<ele>1654.200</ele>
</trkpt>
<trkpt lat="34.36627550" lon="-111.44198328">
<ele>1654.200</ele>
</trkpt>
<trkpt lat="34.36624479" lon="-111.44195535">
<ele>1654.000</ele>
</trkpt>
<trkpt lat="34.36624479" lon="-111.44195535">
<ele>1654.000</ele>
</trkpt>
<trkpt lat="34.36622262" lon="-111.44192233">
<ele>1654.000</ele>
</trkpt>
<trkpt lat="34.36622262" lon="-111.44192233">
<ele>1654.000</ele>
</trkpt>
<trkpt lat="34.36620252" lon="-111.44188439">
<ele>1654.000</ele>
</trkpt>
<trkpt lat="34.36620252" lon="-111.44188439">
<ele>1654.000</ele>
</trkpt>
<trkpt lat="34.36617829" lon="-111.44183744">
<ele>1653.600</ele>
</trkpt>
<trkpt lat="34.36617829" lon="-111.44183744">
<ele>1653.600</ele>
</trkpt>
<trkpt lat="34.36615392" lon="-111.44180533">
<ele>1653.600</ele>
</trkpt>
<trkpt lat="34.36615392" lon="-111.44180533">
<ele>1653.600</ele>
</trkpt>
<trkpt lat="34.36612145" lon="-111.44175858">
<ele>1654.000</ele>
</trkpt>
<trkpt lat="34.36612145" lon="-111.44175858">
<ele>1654.000</ele>
</trkpt>
<trkpt lat="34.36608438" lon="-111.44173188">
<ele>1653.400</ele>
</trkpt>
<trkpt lat="34.36608438" lon="-111.44173188">
<ele>1653.400</ele>
</trkpt>
<trkpt lat="34.36605462" lon="-111.44169173">
<ele>1653.800</ele>
</trkpt>
<trkpt lat="34.36605462" lon="-111.44169173">
<ele>1653.800</ele>
</trkpt>
<trkpt lat="34.36603294" lon="-111.44164798">
<ele>1653.200</ele>
</trkpt>
<trkpt lat="34.36603294" lon="-111.44164798">
<ele>1653.200</ele>
</trkpt>
<trkpt lat="34.36600962" lon="-111.44161445">
<ele>1653.800</ele>
</trkpt>
<trkpt lat="34.36600962" lon="-111.44161445">
<ele>1653.800</ele>
</trkpt>
<trkpt lat="34.36598627" lon="-111.44157985">
<ele>1653.800</ele>
</trkpt>
<trkpt lat="34.36598627" lon="-111.44157985">
<ele>1653.800</ele>
</trkpt>
<trkpt lat="34.36596391" lon="-111.44154303">
<ele>1653.200</ele>
</trkpt>
<trkpt lat="34.36596391" lon="-111.44154303">
<ele>1653.200</ele>
</trkpt>
<trkpt lat="34.36593687" lon="-111.44150934">
<ele>1653.800</ele>
</trkpt>
<trkpt lat="34.36593687" lon="-111.44150934">
<ele>1653.800</ele>
</trkpt>
<trkpt lat="34.36592022" lon="-111.44147481">
<ele>1653.800</ele>
</trkpt>
<trkpt lat="34.36592022" lon="-111.44147481">
<ele>1653.800</ele>
</trkpt>
<trkpt lat="34.36590401" lon="-111.44144074">
<ele>1654.400</ele>
</trkpt>
<trkpt lat="34.36590401" lon="-111.44144074">
<ele>1654.400</ele>
</trkpt>
<trkpt lat="34.36588247" lon="-111.44140138">
<ele>1654.000</ele>
</trkpt>
<trkpt lat="34.36588247" lon="-111.44140138">
<ele>1654.000</ele>
</trkpt>
<trkpt lat="34.36586401" lon="-111.44136153">
<ele>1654.600</ele>
</trkpt>
<trkpt lat="34.36586401" lon="-111.44136153">
<ele>1654.600</ele>
</trkpt>
<trkpt lat="34.36585683" lon="-111.44131913">
<ele>1654.600</ele>
</trkpt>
<trkpt lat="34.36585683" lon="-111.44131913">
<ele>1654.600</ele>
</trkpt>
<trkpt lat="34.36584889" lon="-111.44128335">
<ele>1654.600</ele>
</trkpt>
<trkpt lat="34.36584889" lon="-111.44128335">
<ele>1654.600</ele>
</trkpt>
<trkpt lat="34.36583694" lon="-111.44125065">
<ele>1655.400</ele>
</trkpt>
<trkpt lat="34.36583694" lon="-111.44125065">
<ele>1655.400</ele>
</trkpt>
<trkpt lat="34.36582103" lon="-111.44121910">
<ele>1655.000</ele>
</trkpt>
<trkpt lat="34.36582103" lon="-111.44121910">
<ele>1655.000</ele>
</trkpt>
<trkpt lat="34.36580425" lon="-111.44118930">
<ele>1655.800</ele>
</trkpt>
<trkpt lat="34.36580425" lon="-111.44118930">
<ele>1655.800</ele>
</trkpt>
<trkpt lat="34.36578902" lon="-111.44115423">
<ele>1655.800</ele>
</trkpt>
<trkpt lat="34.36578902" lon="-111.44115423">
<ele>1655.800</ele>
</trkpt>
<trkpt lat="34.36577349" lon="-111.44111980">
<ele>1655.800</ele>
</trkpt>
<trkpt lat="34.36577349" lon="-111.44111980">
<ele>1655.800</ele>
</trkpt>
<trkpt lat="34.36575843" lon="-111.44108917">
<ele>1656.400</ele>
</trkpt>
<trkpt lat="34.36575843" lon="-111.44108917">
<ele>1656.400</ele>
</trkpt>
<trkpt lat="34.36574616" lon="-111.44104789">
<ele>1656.200</ele>
</trkpt>
<trkpt lat="34.36574616" lon="-111.44104789">
<ele>1656.200</ele>
</trkpt>
<trkpt lat="34.36574018" lon="-111.44101177">
<ele>1656.800</ele>
</trkpt>
<trkpt lat="34.36574018" lon="-111.44101177">
<ele>1656.800</ele>
</trkpt>
<trkpt lat="34.36572152" lon="-111.44097799">
<ele>1656.800</ele>
</trkpt>
<trkpt lat="34.36572152" lon="-111.44097799">
<ele>1656.800</ele>
</trkpt>
<trkpt lat="34.36570729" lon="-111.44093881">
<ele>1656.800</ele>
</trkpt>
<trkpt lat="34.36570729" lon="-111.44093881">
<ele>1656.800</ele>
</trkpt>
<trkpt lat="34.36568861" lon="-111.44089252">
<ele>1657.000</ele>
</trkpt>
<trkpt lat="34.36568861" lon="-111.44089252">
<ele>1657.000</ele>
</trkpt>
<trkpt lat="34.36566679" lon="-111.44085172">
<ele>1657.000</ele>
</trkpt>
<trkpt lat="34.36566679" lon="-111.44085172">
<ele>1657.000</ele>
</trkpt>
<trkpt lat="34.36564330" lon="-111.44081335">
<ele>1657.200</ele>
</trkpt>
<trkpt lat="34.36564330" lon="-111.44081335">
<ele>1657.200</ele>
</trkpt>
<trkpt lat="34.36562461" lon="-111.44078129">
<ele>1657.200</ele>
</trkpt>
<trkpt lat="34.36562461" lon="-111.44078129">
<ele>1657.200</ele>
</trkpt>
<trkpt lat="34.36560842" lon="-111.44074329">
<ele>1657.400</ele>
</trkpt>
<trkpt lat="34.36560842" lon="-111.44074329">
<ele>1657.400</ele>
</trkpt>
<trkpt lat="34.36559424" lon="-111.44070970">
<ele>1657.400</ele>
</trkpt>
<trkpt lat="34.36559424" lon="-111.44070970">
<ele>1657.400</ele>
</trkpt>
<trkpt lat="34.36556948" lon="-111.44064998">
<ele>1657.600</ele>
</trkpt>
<trkpt lat="34.36556948" lon="-111.44064998">
<ele>1657.600</ele>
</trkpt>
<trkpt lat="34.36555752" lon="-111.44061726">
<ele>1657.600</ele>
</trkpt>
<trkpt lat="34.36555752" lon="-111.44061726">
<ele>1657.600</ele>
</trkpt>
<trkpt lat="34.36554757" lon="-111.44058331">
<ele>1657.600</ele>
</trkpt>
<trkpt lat="34.36554757" lon="-111.44058331">
<ele>1657.600</ele>
</trkpt>
<trkpt lat="34.36553791" lon="-111.44055021">
<ele>1657.800</ele>
</trkpt>
<trkpt lat="34.36553791" lon="-111.44055021">
<ele>1657.800</ele>
</trkpt>
<trkpt lat="34.36552763" lon="-111.44051934">
<ele>1657.800</ele>
</trkpt>
<trkpt lat="34.36552763" lon="-111.44051934">
<ele>1657.800</ele>
</trkpt>
<trkpt lat="34.36551501" lon="-111.44048790">
<ele>1657.800</ele>
</trkpt>
<trkpt lat="34.36551501" lon="-111.44048790">
<ele>1657.800</ele>
</trkpt>
<trkpt lat="34.36550151" lon="-111.44044442">
<ele>1657.800</ele>
</trkpt>
<trkpt lat="34.36550151" lon="-111.44044442">
<ele>1657.800</ele>
</trkpt>
<trkpt lat="34.36549286" lon="-111.44041080">
<ele>1658.000</ele>
</trkpt>
<trkpt lat="34.36549286" lon="-111.44041080">
<ele>1658.000</ele>
</trkpt>
<trkpt lat="34.36548517" lon="-111.44037077">
<ele>1658.000</ele>
</trkpt>
<trkpt lat="34.36548517" lon="-111.44037077">
<ele>1658.000</ele>
</trkpt>
<trkpt lat="34.36546372" lon="-111.44032561">
<ele>1657.800</ele>
</trkpt>
<trkpt lat="34.36546372" lon="-111.44032561">
<ele>1657.800</ele>
</trkpt>
<trkpt lat="34.36544938" lon="-111.44029089">
<ele>1657.800</ele>
</trkpt>
<trkpt lat="34.36544938" lon="-111.44029089">
<ele>1657.800</ele>
</trkpt>
<trkpt lat="34.36543925" lon="-111.44024630">
<ele>1657.800</ele>
</trkpt>
<trkpt lat="34.36543925" lon="-111.44024630">
<ele>1657.800</ele>
</trkpt>
<trkpt lat="34.36543389" lon="-111.44018068">
<ele>1657.800</ele>
</trkpt>
<trkpt lat="34.36543389" lon="-111.44018068">
<ele>1657.800</ele>
</trkpt>
<trkpt lat="34.36539657" lon="-111.44013676">
<ele>1657.800</ele>
</trkpt>
<trkpt lat="34.36539657" lon="-111.44013676">
<ele>1657.800</ele>
</trkpt>
<trkpt lat="34.36536340" lon="-111.44012693">
<ele>1657.800</ele>
</trkpt>
<trkpt lat="34.36536340" lon="-111.44012693">
<ele>1657.800</ele>
</trkpt>
<trkpt lat="34.36533518" lon="-111.44010649">
<ele>1657.800</ele>
</trkpt>
<trkpt lat="34.36533518" lon="-111.44010649">
<ele>1657.800</ele>
</trkpt>
<trkpt lat="34.36529966" lon="-111.44008759">
<ele>1657.800</ele>
</trkpt>
<trkpt lat="34.36529966" lon="-111.44008759">
<ele>1657.800</ele>
</trkpt>
<trkpt lat="34.36526236" lon="-111.44006938">
<ele>1657.800</ele>
</trkpt>
<trkpt lat="34.36526236" lon="-111.44006938">
<ele>1657.800</ele>
</trkpt>
<trkpt lat="34.36523468" lon="-111.44005271">
<ele>1657.800</ele>
</trkpt>
<trkpt lat="34.36523468" lon="-111.44005271">
<ele>1657.800</ele>
</trkpt>
<trkpt lat="34.36520454" lon="-111.44003319">
<ele>1657.800</ele>
</trkpt>
<trkpt lat="34.36520454" lon="-111.44003319">
<ele>1657.800</ele>
</trkpt>
<trkpt lat="34.36516375" lon="-111.44000487">
<ele>1657.800</ele>
</trkpt>
<trkpt lat="34.36516375" lon="-111.44000487">
<ele>1657.800</ele>
</trkpt>
<trkpt lat="34.36511368" lon="-111.43998016">
<ele>1657.800</ele>
</trkpt>
<trkpt lat="34.36511368" lon="-111.43998016">
<ele>1657.800</ele>
</trkpt>
<trkpt lat="34.36507862" lon="-111.43994636">
<ele>1657.800</ele>
</trkpt>
<trkpt lat="34.36507862" lon="-111.43994636">
<ele>1657.800</ele>
</trkpt>
<trkpt lat="34.36505169" lon="-111.43990635">
<ele>1657.800</ele>
</trkpt>
<trkpt lat="34.36505169" lon="-111.43990635">
<ele>1657.800</ele>
</trkpt>
<trkpt lat="34.36502656" lon="-111.43985887">
<ele>1657.800</ele>
</trkpt>
<trkpt lat="34.36502656" lon="-111.43985887">
<ele>1657.800</ele>
</trkpt>
<trkpt lat="34.36500286" lon="-111.43979699">
<ele>1657.800</ele>
</trkpt>
<trkpt lat="34.36500286" lon="-111.43979699">
<ele>1657.800</ele>
</trkpt>
<trkpt lat="34.36497534" lon="-111.43974610">
<ele>1657.800</ele>
</trkpt>
<trkpt lat="34.36497534" lon="-111.43974610">
<ele>1657.800</ele>
</trkpt>
<trkpt lat="34.36494833" lon="-111.43969991">
<ele>1657.800</ele>
</trkpt>
<trkpt lat="34.36494833" lon="-111.43969991">
<ele>1657.800</ele>
</trkpt>
<trkpt lat="34.36492884" lon="-111.43965669">
<ele>1657.800</ele>
</trkpt>
<trkpt lat="34.36492884" lon="-111.43965669">
<ele>1657.800</ele>
</trkpt>
<trkpt lat="34.36490609" lon="-111.43962215">
<ele>1657.800</ele>
</trkpt>
<trkpt lat="34.36490609" lon="-111.43962215">
<ele>1657.800</ele>
</trkpt>
<trkpt lat="34.36488085" lon="-111.43958509">
<ele>1657.800</ele>
</trkpt>
<trkpt lat="34.36488085" lon="-111.43958509">
<ele>1657.800</ele>
</trkpt>
<trkpt lat="34.36486072" lon="-111.43954153">
<ele>1657.800</ele>
</trkpt>
<trkpt lat="34.36486072" lon="-111.43954153">
<ele>1657.800</ele>
</trkpt>
<trkpt lat="34.36484335" lon="-111.43950671">
<ele>1657.800</ele>
</trkpt>
<trkpt lat="34.36484335" lon="-111.43950671">
<ele>1657.800</ele>
</trkpt>
<trkpt lat="34.36482912" lon="-111.43947506">
<ele>1657.800</ele>
</trkpt>
<trkpt lat="34.36482912" lon="-111.43947506">
<ele>1657.800</ele>
</trkpt>
<trkpt lat="34.36481210" lon="-111.43943825">
<ele>1657.800</ele>
</trkpt>
<trkpt lat="34.36481210" lon="-111.43943825">
<ele>1657.800</ele>
</trkpt>
<trkpt lat="34.36479376" lon="-111.43939384">
<ele>1657.800</ele>
</trkpt>
<trkpt lat="34.36479376" lon="-111.43939384">
<ele>1657.800</ele>
</trkpt>
<trkpt lat="34.36477739" lon="-111.43936083">
<ele>1657.800</ele>
</trkpt>
<trkpt lat="34.36477739" lon="-111.43936083">
<ele>1657.800</ele>
</trkpt>
<trkpt lat="34.36475800" lon="-111.43932187">
<ele>1657.800</ele>
</trkpt>
<trkpt lat="34.36475800" lon="-111.43932187">
<ele>1657.800</ele>
</trkpt>
<trkpt lat="34.36474227" lon="-111.43928349">
<ele>1657.800</ele>
</trkpt>
<trkpt lat="34.36474227" lon="-111.43928349">
<ele>1657.800</ele>
</trkpt>
<trkpt lat="34.36472155" lon="-111.43924688">
<ele>1657.800</ele>
</trkpt>
<trkpt lat="34.36472155" lon="-111.43924688">
<ele>1657.800</ele>
</trkpt>
<trkpt lat="34.36470067" lon="-111.43920525">
<ele>1657.800</ele>
</trkpt>
<trkpt lat="34.36470067" lon="-111.43920525">
<ele>1657.800</ele>
</trkpt>
<trkpt lat="34.36466732" lon="-111.43916231">
<ele>1657.800</ele>
</trkpt>
<trkpt lat="34.36466732" lon="-111.43916231">
<ele>1657.800</ele>
</trkpt>
<trkpt lat="34.36464106" lon="-111.43913269">
<ele>1657.800</ele>
</trkpt>
<trkpt lat="34.36464106" lon="-111.43913269">
<ele>1657.800</ele>
</trkpt>
<trkpt lat="34.36461874" lon="-111.43910329">
<ele>1657.800</ele>
</trkpt>
<trkpt lat="34.36461874" lon="-111.43910329">
<ele>1657.800</ele>
</trkpt>
<trkpt lat="34.36458715" lon="-111.43907000">
<ele>1657.800</ele>
</trkpt>
<trkpt lat="34.36458715" lon="-111.43907000">
<ele>1657.800</ele>
</trkpt>
<trkpt lat="34.36455676" lon="-111.43904766">
<ele>1657.800</ele>
</trkpt>
<trkpt lat="34.36455676" lon="-111.43904766">
<ele>1657.800</ele>
</trkpt>
<trkpt lat="34.36452852" lon="-111.43903071">
<ele>1657.800</ele>
</trkpt>
<trkpt lat="34.36452852" lon="-111.43903071">
<ele>1657.800</ele>
</trkpt>
<trkpt lat="34.36449793" lon="-111.43901545">
<ele>1657.800</ele>
</trkpt>
<trkpt lat="34.36449793" lon="-111.43901545">
<ele>1657.800</ele>
</trkpt>
<trkpt lat="34.36447432" lon="-111.43898569">
<ele>1657.800</ele>
</trkpt>
<trkpt lat="34.36447432" lon="-111.43898569">
<ele>1657.800</ele>
</trkpt>
<trkpt lat="34.36444932" lon="-111.43896029">
<ele>1657.800</ele>
</trkpt>
<trkpt lat="34.36444932" lon="-111.43896029">
<ele>1657.800</ele>
</trkpt>
<trkpt lat="34.36442312" lon="-111.43893683">
<ele>1657.800</ele>
</trkpt>
<trkpt lat="34.36442312" lon="-111.43893683">
<ele>1657.800</ele>
</trkpt>
<trkpt lat="34.36439223" lon="-111.43891274">
<ele>1657.800</ele>
</trkpt>
<trkpt lat="34.36439223" lon="-111.43891274">
<ele>1657.800</ele>
</trkpt>
<trkpt lat="34.36436353" lon="-111.43888826">
<ele>1657.800</ele>
</trkpt>
<trkpt lat="34.36436353" lon="-111.43888826">
<ele>1657.800</ele>
</trkpt>
<trkpt lat="34.36434155" lon="-111.43885631">
<ele>1657.800</ele>
</trkpt>
<trkpt lat="34.36434155" lon="-111.43885631">
<ele>1657.800</ele>
</trkpt>
<trkpt lat="34.36431586" lon="-111.43882340">
<ele>1657.800</ele>
</trkpt>
<trkpt lat="34.36431586" lon="-111.43882340">
<ele>1657.800</ele>
</trkpt>
<trkpt lat="34.36429127" lon="-111.43878979">
<ele>1657.800</ele>
</trkpt>
<trkpt lat="34.36429127" lon="-111.43878979">
<ele>1657.800</ele>
</trkpt>
<trkpt lat="34.36426350" lon="-111.43875445">
<ele>1657.800</ele>
</trkpt>
<trkpt lat="34.36426350" lon="-111.43875445">
<ele>1657.800</ele>
</trkpt>
<trkpt lat="34.36423545" lon="-111.43872685">
<ele>1657.800</ele>
</trkpt>
<trkpt lat="34.36423545" lon="-111.43872685">
<ele>1657.800</ele>
</trkpt>
<trkpt lat="34.36418992" lon="-111.43868848">
<ele>1657.800</ele>
</trkpt>
<trkpt lat="34.36418992" lon="-111.43868848">
<ele>1657.800</ele>
</trkpt>
<trkpt lat="34.36416261" lon="-111.43866291">
<ele>1657.800</ele>
</trkpt>
<trkpt lat="34.36416261" lon="-111.43866291">
<ele>1657.800</ele>
</trkpt>
<trkpt lat="34.36413939" lon="-111.43865114">
<ele>1657.800</ele>
</trkpt>
<trkpt lat="34.36413939" lon="-111.43865114">
<ele>1657.800</ele>
</trkpt>
<trkpt lat="34.36401977" lon="-111.43858938">
<ele>1657.800</ele>
</trkpt>
<trkpt lat="34.36401977" lon="-111.43858938">
<ele>1657.800</ele>
</trkpt>
<trkpt lat="34.36399823" lon="-111.43858213">
<ele>1657.800</ele>
</trkpt>
<trkpt lat="34.36399823" lon="-111.43858213">
<ele>1657.800</ele>
</trkpt>
<trkpt lat="34.36394818" lon="-111.43856177">
<ele>1657.800</ele>
</trkpt>
<trkpt lat="34.36394818" lon="-111.43856177">
<ele>1657.800</ele>
</trkpt>
<trkpt lat="34.36388797" lon="-111.43854798">
<ele>1657.800</ele>
</trkpt>
<trkpt lat="34.36388797" lon="-111.43854798">
<ele>1657.800</ele>
</trkpt>
<trkpt lat="34.36386157" lon="-111.43854120">
<ele>1657.800</ele>
</trkpt>
<trkpt lat="34.36386157" lon="-111.43854120">
<ele>1657.800</ele>
</trkpt>
<trkpt lat="34.36380672" lon="-111.43851790">
<ele>1658.000</ele>
</trkpt>
<trkpt lat="34.36380672" lon="-111.43851790">
<ele>1658.000</ele>
</trkpt>
<trkpt lat="34.36374548" lon="-111.43850008">
<ele>1658.200</ele>
</trkpt>
<trkpt lat="34.36374548" lon="-111.43850008">
<ele>1658.200</ele>
</trkpt>
<trkpt lat="34.36371478" lon="-111.43849738">
<ele>1658.200</ele>
</trkpt>
<trkpt lat="34.36371478" lon="-111.43849738">
<ele>1658.200</ele>
</trkpt>
<trkpt lat="34.36367258" lon="-111.43850823">
<ele>1658.200</ele>
</trkpt>
<trkpt lat="34.36367258" lon="-111.43850823">
<ele>1658.200</ele>
</trkpt>
<trkpt lat="34.36359567" lon="-111.43854283">
<ele>1658.200</ele>
</trkpt>
<trkpt lat="34.36359567" lon="-111.43854283">
<ele>1658.200</ele>
</trkpt>
<trkpt lat="34.36352603" lon="-111.43861992">
<ele>1658.400</ele>
</trkpt>
<trkpt lat="34.36352603" lon="-111.43861992">
<ele>1658.400</ele>
</trkpt>
<trkpt lat="34.36347123" lon="-111.43871858">
<ele>1658.600</ele>
</trkpt>
<trkpt lat="34.36347123" lon="-111.43871858">
<ele>1658.600</ele>
</trkpt>
<trkpt lat="34.36343990" lon="-111.43876683">
<ele>1658.600</ele>
</trkpt>
<trkpt lat="34.36343990" lon="-111.43876683">
<ele>1658.600</ele>
</trkpt>
<trkpt lat="34.36340998" lon="-111.43880997">
<ele>1658.600</ele>
</trkpt>
<trkpt lat="34.36340998" lon="-111.43880997">
<ele>1658.600</ele>
</trkpt>
<trkpt lat="34.36332235" lon="-111.43889523">
<ele>1658.400</ele>
</trkpt>
<trkpt lat="34.36332235" lon="-111.43889523">
<ele>1658.400</ele>
</trkpt>
<trkpt lat="34.36327372" lon="-111.43892248">
<ele>1658.400</ele>
</trkpt>
<trkpt lat="34.36327372" lon="-111.43892248">
<ele>1658.400</ele>
</trkpt>
<trkpt lat="34.36316847" lon="-111.43895372">
<ele>1658.400</ele>
</trkpt>
<trkpt lat="34.36316847" lon="-111.43895372">
<ele>1658.400</ele>
</trkpt>
<trkpt lat="34.36307570" lon="-111.43895717">
<ele>1658.600</ele>
</trkpt>
<trkpt lat="34.36307570" lon="-111.43895717">
<ele>1658.600</ele>
</trkpt>
<trkpt lat="34.36296715" lon="-111.43895002">
<ele>1658.600</ele>
</trkpt>
<trkpt lat="34.36296715" lon="-111.43895002">
<ele>1658.600</ele>
</trkpt>
<trkpt lat="34.36290640" lon="-111.43895558">
<ele>1658.400</ele>
</trkpt>
<trkpt lat="34.36290640" lon="-111.43895558">
<ele>1658.400</ele>
</trkpt>
<trkpt lat="34.36280572" lon="-111.43900258">
<ele>1658.400</ele>
</trkpt>
<trkpt lat="34.36280572" lon="-111.43900258">
<ele>1658.400</ele>
</trkpt>
<trkpt lat="34.36275148" lon="-111.43900745">
<ele>1658.200</ele>
</trkpt>
<trkpt lat="34.36275148" lon="-111.43900745">
<ele>1658.200</ele>
</trkpt>
<trkpt lat="34.36263972" lon="-111.43901242">
<ele>1658.200</ele>
</trkpt>
<trkpt lat="34.36263972" lon="-111.43901242">
<ele>1658.200</ele>
</trkpt>
<trkpt lat="34.36252392" lon="-111.43902592">
<ele>1658.400</ele>
</trkpt>
<trkpt lat="34.36252392" lon="-111.43902592">
<ele>1658.400</ele>
</trkpt>
<trkpt lat="34.36241623" lon="-111.43902613">
<ele>1658.600</ele>
</trkpt>
<trkpt lat="34.36241623" lon="-111.43902613">
<ele>1658.600</ele>
</trkpt>
<trkpt lat="34.36235998" lon="-111.43902368">
<ele>1658.600</ele>
</trkpt>
<trkpt lat="34.36235998" lon="-111.43902368">
<ele>1658.600</ele>
</trkpt>
<trkpt lat="34.36225288" lon="-111.43899320">
<ele>1658.600</ele>
</trkpt>
<trkpt lat="34.36225288" lon="-111.43899320">
<ele>1658.600</ele>
</trkpt>
<trkpt lat="34.36219327" lon="-111.43898270">
<ele>1658.600</ele>
</trkpt>
<trkpt lat="34.36219327" lon="-111.43898270">
<ele>1658.600</ele>
</trkpt>
<trkpt lat="34.36214478" lon="-111.43898528">
<ele>1658.600</ele>
</trkpt>
<trkpt lat="34.36214478" lon="-111.43898528">
<ele>1658.600</ele>
</trkpt>
<trkpt lat="34.36210167" lon="-111.43898572">
<ele>1658.600</ele>
</trkpt>
<trkpt lat="34.36210167" lon="-111.43898572">
<ele>1658.600</ele>
</trkpt>
<trkpt lat="34.36199873" lon="-111.43899838">
<ele>1658.600</ele>
</trkpt>
<trkpt lat="34.36199873" lon="-111.43899838">
<ele>1658.600</ele>
</trkpt>
<trkpt lat="34.36189498" lon="-111.43895338">
<ele>1658.600</ele>
</trkpt>
<trkpt lat="34.36189498" lon="-111.43895338">
<ele>1658.600</ele>
</trkpt>
<trkpt lat="34.36184858" lon="-111.43892733">
<ele>1658.600</ele>
</trkpt>
<trkpt lat="34.36184858" lon="-111.43892733">
<ele>1658.600</ele>
</trkpt>
<trkpt lat="34.36175908" lon="-111.43887072">
<ele>1658.600</ele>
</trkpt>
<trkpt lat="34.36175908" lon="-111.43887072">
<ele>1658.600</ele>
</trkpt>
<trkpt lat="34.36165518" lon="-111.43881348">
<ele>1658.600</ele>
</trkpt>
<trkpt lat="34.36165518" lon="-111.43881348">
<ele>1658.600</ele>
</trkpt>
<trkpt lat="34.36154387" lon="-111.43877700">
<ele>1658.600</ele>
</trkpt>
<trkpt lat="34.36154387" lon="-111.43877700">
<ele>1658.600</ele>
</trkpt>
<trkpt lat="34.36148277" lon="-111.43875167">
<ele>1658.600</ele>
</trkpt>
<trkpt lat="34.36148277" lon="-111.43875167">
<ele>1658.600</ele>
</trkpt>
<trkpt lat="34.36138048" lon="-111.43874762">
<ele>1658.600</ele>
</trkpt>
<trkpt lat="34.36138048" lon="-111.43874762">
<ele>1658.600</ele>
</trkpt>
<trkpt lat="34.36129328" lon="-111.43873762">
<ele>1658.600</ele>
</trkpt>
<trkpt lat="34.36129328" lon="-111.43873762">
<ele>1658.600</ele>
</trkpt>
<trkpt lat="34.36121427" lon="-111.43869852">
<ele>1658.600</ele>
</trkpt>
<trkpt lat="34.36121427" lon="-111.43869852">
<ele>1658.600</ele>
</trkpt>
<trkpt lat="34.36118088" lon="-111.43866348">
<ele>1658.600</ele>
</trkpt>
<trkpt lat="34.36118088" lon="-111.43866348">
<ele>1658.600</ele>
</trkpt>
<trkpt lat="34.36114052" lon="-111.43863438">
<ele>1658.800</ele>
</trkpt>
<trkpt lat="34.36114052" lon="-111.43863438">
<ele>1658.800</ele>
</trkpt>
<trkpt lat="34.36111525" lon="-111.43859970">
<ele>1659.200</ele>
</trkpt>
<trkpt lat="34.36111525" lon="-111.43859970">
<ele>1659.200</ele>
</trkpt>
<trkpt lat="34.36106978" lon="-111.43856052">
<ele>1659.600</ele>
</trkpt>
<trkpt lat="34.36106978" lon="-111.43856052">
<ele>1659.600</ele>
</trkpt>
<trkpt lat="34.36102362" lon="-111.43853053">
<ele>1660.000</ele>
</trkpt>
<trkpt lat="34.36102362" lon="-111.43853053">
<ele>1660.000</ele>
</trkpt>
<trkpt lat="34.36094287" lon="-111.43846382">
<ele>1660.400</ele>
</trkpt>
<trkpt lat="34.36094287" lon="-111.43846382">
<ele>1660.400</ele>
</trkpt>
<trkpt lat="34.36090470" lon="-111.43844243">
<ele>1661.000</ele>
</trkpt>
<trkpt lat="34.36090470" lon="-111.43844243">
<ele>1661.000</ele>
</trkpt>
<trkpt lat="34.36083578" lon="-111.43840815">
<ele>1661.600</ele>
</trkpt>
<trkpt lat="34.36083578" lon="-111.43840815">
<ele>1661.600</ele>
</trkpt>
<trkpt lat="34.36080343" lon="-111.43839893">
<ele>1661.600</ele>
</trkpt>
<trkpt lat="34.36080343" lon="-111.43839893">
<ele>1661.600</ele>
</trkpt>
<trkpt lat="34.36076957" lon="-111.43839020">
<ele>1662.000</ele>
</trkpt>
<trkpt lat="34.36076957" lon="-111.43839020">
<ele>1662.000</ele>
</trkpt>
<trkpt lat="34.36072103" lon="-111.43836117">
<ele>1662.600</ele>
</trkpt>
<trkpt lat="34.36072103" lon="-111.43836117">
<ele>1662.600</ele>
</trkpt>
<trkpt lat="34.36065425" lon="-111.43834077">
<ele>1663.600</ele>
</trkpt>
<trkpt lat="34.36065425" lon="-111.43834077">
<ele>1663.600</ele>
</trkpt>
<trkpt lat="34.36062248" lon="-111.43832148">
<ele>1663.600</ele>
</trkpt>
<trkpt lat="34.36062248" lon="-111.43832148">
<ele>1663.600</ele>
</trkpt>
<trkpt lat="34.36058307" lon="-111.43830187">
<ele>1664.400</ele>
</trkpt>
<trkpt lat="34.36058307" lon="-111.43830187">
<ele>1664.400</ele>
</trkpt>
<trkpt lat="34.36054438" lon="-111.43828615">
<ele>1664.400</ele>
</trkpt>
<trkpt lat="34.36054438" lon="-111.43828615">
<ele>1664.400</ele>
</trkpt>
<trkpt lat="34.36044920" lon="-111.43823238">
<ele>1665.000</ele>
</trkpt>
<trkpt lat="34.36044920" lon="-111.43823238">
<ele>1665.000</ele>
</trkpt>
<trkpt lat="34.36041358" lon="-111.43821763">
<ele>1665.400</ele>
</trkpt>
<trkpt lat="34.36041358" lon="-111.43821763">
<ele>1665.400</ele>
</trkpt>
<trkpt lat="34.36034572" lon="-111.43819503">
<ele>1665.800</ele>
</trkpt>
<trkpt lat="34.36034572" lon="-111.43819503">
<ele>1665.800</ele>
</trkpt>
<trkpt lat="34.36029012" lon="-111.43817498">
<ele>1666.200</ele>
</trkpt>
<trkpt lat="34.36029012" lon="-111.43817498">
<ele>1666.200</ele>
</trkpt>
<trkpt lat="34.36025807" lon="-111.43816727">
<ele>1666.200</ele>
</trkpt>
<trkpt lat="34.36025807" lon="-111.43816727">
<ele>1666.200</ele>
</trkpt>
<trkpt lat="34.36022653" lon="-111.43815600">
<ele>1666.800</ele>
</trkpt>
<trkpt lat="34.36022653" lon="-111.43815600">
<ele>1666.800</ele>
</trkpt>
<trkpt lat="34.36015608" lon="-111.43813580">
<ele>1667.200</ele>
</trkpt>
<trkpt lat="34.36015608" lon="-111.43813580">
<ele>1667.200</ele>
</trkpt>
<trkpt lat="34.36008713" lon="-111.43810100">
<ele>1667.600</ele>
</trkpt>
<trkpt lat="34.36008713" lon="-111.43810100">
<ele>1667.600</ele>
</trkpt>
<trkpt lat="34.36001067" lon="-111.43805478">
<ele>1668.000</ele>
</trkpt>
<trkpt lat="34.36001067" lon="-111.43805478">
<ele>1668.000</ele>
</trkpt>
<trkpt lat="34.35991737" lon="-111.43799423">
<ele>1668.000</ele>
</trkpt>
<trkpt lat="34.35991737" lon="-111.43799423">
<ele>1668.000</ele>
</trkpt>
<trkpt lat="34.35984047" lon="-111.43794403">
<ele>1668.400</ele>
</trkpt>
<trkpt lat="34.35984047" lon="-111.43794403">
<ele>1668.400</ele>
</trkpt>
<trkpt lat="34.35977593" lon="-111.43790277">
<ele>1668.600</ele>
</trkpt>
<trkpt lat="34.35977593" lon="-111.43790277">
<ele>1668.600</ele>
</trkpt>
<trkpt lat="34.35967513" lon="-111.43783112">
<ele>1668.800</ele>
</trkpt>
<trkpt lat="34.35967513" lon="-111.43783112">
<ele>1668.800</ele>
</trkpt>
<trkpt lat="34.35962687" lon="-111.43780142">
<ele>1669.000</ele>
</trkpt>
<trkpt lat="34.35962687" lon="-111.43780142">
<ele>1669.000</ele>
</trkpt>
<trkpt lat="34.35953053" lon="-111.43777315">
<ele>1669.200</ele>
</trkpt>
<trkpt lat="34.35953053" lon="-111.43777315">
<ele>1669.200</ele>
</trkpt>
<trkpt lat="34.35948218" lon="-111.43774637">
<ele>1669.200</ele>
</trkpt>
<trkpt lat="34.35948218" lon="-111.43774637">
<ele>1669.200</ele>
</trkpt>
<trkpt lat="34.35938437" lon="-111.43772452">
<ele>1669.400</ele>
</trkpt>
<trkpt lat="34.35938437" lon="-111.43772452">
<ele>1669.400</ele>
</trkpt>
<trkpt lat="34.35934772" lon="-111.43771227">
<ele>1669.600</ele>
</trkpt>
<trkpt lat="34.35934772" lon="-111.43771227">
<ele>1669.600</ele>
</trkpt>
<trkpt lat="34.35928162" lon="-111.43768648">
<ele>1669.800</ele>
</trkpt>
<trkpt lat="34.35928162" lon="-111.43768648">
<ele>1669.800</ele>
</trkpt>
<trkpt lat="34.35924852" lon="-111.43767390">
<ele>1669.800</ele>
</trkpt>
<trkpt lat="34.35924852" lon="-111.43767390">
<ele>1669.800</ele>
</trkpt>
<trkpt lat="34.35918387" lon="-111.43764723">
<ele>1669.800</ele>
</trkpt>
<trkpt lat="34.35918387" lon="-111.43764723">
<ele>1669.800</ele>
</trkpt>
<trkpt lat="34.35914908" lon="-111.43763232">
<ele>1670.200</ele>
</trkpt>
<trkpt lat="34.35914908" lon="-111.43763232">
<ele>1670.200</ele>
</trkpt>
<trkpt lat="34.35911450" lon="-111.43761413">
<ele>1670.200</ele>
</trkpt>
<trkpt lat="34.35911450" lon="-111.43761413">
<ele>1670.200</ele>
</trkpt>
<trkpt lat="34.35904343" lon="-111.43757772">
<ele>1670.000</ele>
</trkpt>
<trkpt lat="34.35904343" lon="-111.43757772">
<ele>1670.000</ele>
</trkpt>
<trkpt lat="34.35899447" lon="-111.43755393">
<ele>1670.200</ele>
</trkpt>
<trkpt lat="34.35899447" lon="-111.43755393">
<ele>1670.200</ele>
</trkpt>
<trkpt lat="34.35897632" lon="-111.43754977">
<ele>1670.200</ele>
</trkpt>
<trkpt lat="34.35897632" lon="-111.43754977">
<ele>1670.200</ele>
</trkpt>
<trkpt lat="34.35894433" lon="-111.43753618">
<ele>1670.400</ele>
</trkpt>
<trkpt lat="34.35894433" lon="-111.43753618">
<ele>1670.400</ele>
</trkpt>
<trkpt lat="34.35889272" lon="-111.43750930">
<ele>1670.400</ele>
</trkpt>
<trkpt lat="34.35889272" lon="-111.43750930">
<ele>1670.400</ele>
</trkpt>
<trkpt lat="34.35883200" lon="-111.43748357">
<ele>1670.200</ele>
</trkpt>
<trkpt lat="34.35883200" lon="-111.43748357">
<ele>1670.200</ele>
</trkpt>
<trkpt lat="34.35877257" lon="-111.43744823">
<ele>1670.400</ele>
</trkpt>
<trkpt lat="34.35877257" lon="-111.43744823">
<ele>1670.400</ele>
</trkpt>
<trkpt lat="34.35872608" lon="-111.43742292">
<ele>1670.400</ele>
</trkpt>
<trkpt lat="34.35872608" lon="-111.43742292">
<ele>1670.400</ele>
</trkpt>
<trkpt lat="34.35863332" lon="-111.43739963">
<ele>1670.200</ele>
</trkpt>
<trkpt lat="34.35863332" lon="-111.43739963">
<ele>1670.200</ele>
</trkpt>
<trkpt lat="34.35855688" lon="-111.43736650">
<ele>1670.200</ele>
</trkpt>
<trkpt lat="34.35855688" lon="-111.43736650">
<ele>1670.200</ele>
</trkpt>
<trkpt lat="34.35847328" lon="-111.43733607">
<ele>1670.200</ele>
</trkpt>
<trkpt lat="34.35847328" lon="-111.43733607">
<ele>1670.200</ele>
</trkpt>
<trkpt lat="34.35839418" lon="-111.43732573">
<ele>1670.000</ele>
</trkpt>
<trkpt lat="34.35839418" lon="-111.43732573">
<ele>1670.000</ele>
</trkpt>
<trkpt lat="34.35830248" lon="-111.43729703">
<ele>1670.000</ele>
</trkpt>
<trkpt lat="34.35830248" lon="-111.43729703">
<ele>1670.000</ele>
</trkpt>
<trkpt lat="34.35818833" lon="-111.43727682">
<ele>1670.200</ele>
</trkpt>
<trkpt lat="34.35818833" lon="-111.43727682">
<ele>1670.200</ele>
</trkpt>
<trkpt lat="34.35811983" lon="-111.43722487">
<ele>1670.800</ele>
</trkpt>
<trkpt lat="34.35811983" lon="-111.43722487">
<ele>1670.800</ele>
</trkpt>
<trkpt lat="34.35804532" lon="-111.43716137">
<ele>1671.000</ele>
</trkpt>
<trkpt lat="34.35804532" lon="-111.43716137">
<ele>1671.000</ele>
</trkpt>
<trkpt lat="34.35800682" lon="-111.43712928">
<ele>1671.600</ele>
</trkpt>
<trkpt lat="34.35800682" lon="-111.43712928">
<ele>1671.600</ele>
</trkpt>
<trkpt lat="34.35793240" lon="-111.43707197">
<ele>1672.400</ele>
</trkpt>
<trkpt lat="34.35793240" lon="-111.43707197">
<ele>1672.400</ele>
</trkpt>
<trkpt lat="34.35789728" lon="-111.43704687">
<ele>1672.400</ele>
</trkpt>
<trkpt lat="34.35789728" lon="-111.43704687">
<ele>1672.400</ele>
</trkpt>
<trkpt lat="34.35786200" lon="-111.43702568">
<ele>1673.000</ele>
</trkpt>
<trkpt lat="34.35786200" lon="-111.43702568">
<ele>1673.000</ele>
</trkpt>
<trkpt lat="34.35782598" lon="-111.43701020">
<ele>1673.000</ele>
</trkpt>
<trkpt lat="34.35782598" lon="-111.43701020">
<ele>1673.000</ele>
</trkpt>
<trkpt lat="34.35775967" lon="-111.43698922">
<ele>1673.600</ele>
</trkpt>
<trkpt lat="34.35775967" lon="-111.43698922">
<ele>1673.600</ele>
</trkpt>
<trkpt lat="34.35772633" lon="-111.43697897">
<ele>1674.200</ele>
</trkpt>
<trkpt lat="34.35772633" lon="-111.43697897">
<ele>1674.200</ele>
</trkpt>
<trkpt lat="34.35768968" lon="-111.43696750">
<ele>1674.200</ele>
</trkpt>
<trkpt lat="34.35768968" lon="-111.43696750">
<ele>1674.200</ele>
</trkpt>
<trkpt lat="34.35761912" lon="-111.43694547">
<ele>1674.600</ele>
</trkpt>
<trkpt lat="34.35761912" lon="-111.43694547">
<ele>1674.600</ele>
</trkpt>
<trkpt lat="34.35756343" lon="-111.43693628">
<ele>1675.200</ele>
</trkpt>
<trkpt lat="34.35756343" lon="-111.43693628">
<ele>1675.200</ele>
</trkpt>
<trkpt lat="34.35753453" lon="-111.43693940">
<ele>1675.600</ele>
</trkpt>
<trkpt lat="34.35753453" lon="-111.43693940">
<ele>1675.600</ele>
</trkpt>
<trkpt lat="34.35746655" lon="-111.43695417">
<ele>1676.200</ele>
</trkpt>
<trkpt lat="34.35746655" lon="-111.43695417">
<ele>1676.200</ele>
</trkpt>
<trkpt lat="34.35739312" lon="-111.43696165">
<ele>1677.000</ele>
</trkpt>
<trkpt lat="34.35739312" lon="-111.43696165">
<ele>1677.000</ele>
</trkpt>
<trkpt lat="34.35735942" lon="-111.43695297">
<ele>1677.000</ele>
</trkpt>
<trkpt lat="34.35735942" lon="-111.43695297">
<ele>1677.000</ele>
</trkpt>
<trkpt lat="34.35730247" lon="-111.43690288">
<ele>1677.600</ele>
</trkpt>
<trkpt lat="34.35730247" lon="-111.43690288">
<ele>1677.600</ele>
</trkpt>
<trkpt lat="34.35725793" lon="-111.43683897">
<ele>1677.800</ele>
</trkpt>
<trkpt lat="34.35725793" lon="-111.43683897">
<ele>1677.800</ele>
</trkpt>
<trkpt lat="34.35723160" lon="-111.43681318">
<ele>1678.800</ele>
</trkpt>
<trkpt lat="34.35723160" lon="-111.43681318">
<ele>1678.800</ele>
</trkpt>
<trkpt lat="34.35720252" lon="-111.43679118">
<ele>1678.800</ele>
</trkpt>
<trkpt lat="34.35720252" lon="-111.43679118">
<ele>1678.800</ele>
</trkpt>
<trkpt lat="34.35714765" lon="-111.43675897">
<ele>1679.200</ele>
</trkpt>
<trkpt lat="34.35714765" lon="-111.43675897">
<ele>1679.200</ele>
</trkpt>
<trkpt lat="34.35711193" lon="-111.43675790">
<ele>1679.600</ele>
</trkpt>
<trkpt lat="34.35711193" lon="-111.43675790">
<ele>1679.600</ele>
</trkpt>
<trkpt lat="34.35706528" lon="-111.43674005">
<ele>1679.600</ele>
</trkpt>
<trkpt lat="34.35706528" lon="-111.43674005">
<ele>1679.600</ele>
</trkpt>
<trkpt lat="34.35702537" lon="-111.43673257">
<ele>1680.000</ele>
</trkpt>
<trkpt lat="34.35702537" lon="-111.43673257">
<ele>1680.000</ele>
</trkpt>
<trkpt lat="34.35694182" lon="-111.43671362">
<ele>1680.800</ele>
</trkpt>
<trkpt lat="34.35694182" lon="-111.43671362">
<ele>1680.800</ele>
</trkpt>
<trkpt lat="34.35690548" lon="-111.43669162">
<ele>1680.800</ele>
</trkpt>
<trkpt lat="34.35690548" lon="-111.43669162">
<ele>1680.800</ele>
</trkpt>
<trkpt lat="34.35682683" lon="-111.43663748">
<ele>1682.000</ele>
</trkpt>
<trkpt lat="34.35682683" lon="-111.43663748">
<ele>1682.000</ele>
</trkpt>
<trkpt lat="34.35679282" lon="-111.43660782">
<ele>1682.000</ele>
</trkpt>
<trkpt lat="34.35679282" lon="-111.43660782">
<ele>1682.000</ele>
</trkpt>
<trkpt lat="34.35673663" lon="-111.43653797">
<ele>1682.600</ele>
</trkpt>
<trkpt lat="34.35673663" lon="-111.43653797">
<ele>1682.600</ele>
</trkpt>
<trkpt lat="34.35670870" lon="-111.43650592">
<ele>1682.600</ele>
</trkpt>
<trkpt lat="34.35670870" lon="-111.43650592">
<ele>1682.600</ele>
</trkpt>
<trkpt lat="34.35666535" lon="-111.43640767">
<ele>1683.200</ele>
</trkpt>
<trkpt lat="34.35666535" lon="-111.43640767">
<ele>1683.200</ele>
</trkpt>
<trkpt lat="34.35662627" lon="-111.43630078">
<ele>1683.200</ele>
</trkpt>
<trkpt lat="34.35662627" lon="-111.43630078">
<ele>1683.200</ele>
</trkpt>
<trkpt lat="34.35660578" lon="-111.43625342">
<ele>1683.400</ele>
</trkpt>
<trkpt lat="34.35660578" lon="-111.43625342">
<ele>1683.400</ele>
</trkpt>
<trkpt lat="34.35658033" lon="-111.43620567">
<ele>1683.400</ele>
</trkpt>
<trkpt lat="34.35658033" lon="-111.43620567">
<ele>1683.400</ele>
</trkpt>
<trkpt lat="34.35655123" lon="-111.43615992">
<ele>1683.400</ele>
</trkpt>
<trkpt lat="34.35655123" lon="-111.43615992">
<ele>1683.400</ele>
</trkpt>
<trkpt lat="34.35650473" lon="-111.43607142">
<ele>1683.600</ele>
</trkpt>
<trkpt lat="34.35650473" lon="-111.43607142">
<ele>1683.600</ele>
</trkpt>
<trkpt lat="34.35645905" lon="-111.43599498">
<ele>1684.000</ele>
</trkpt>
<trkpt lat="34.35645905" lon="-111.43599498">
<ele>1684.000</ele>
</trkpt>
<trkpt lat="34.35643192" lon="-111.43596382">
<ele>1684.000</ele>
</trkpt>
<trkpt lat="34.35643192" lon="-111.43596382">
<ele>1684.000</ele>
</trkpt>
<trkpt lat="34.35636697" lon="-111.43591575">
<ele>1684.400</ele>
</trkpt>
<trkpt lat="34.35636697" lon="-111.43591575">
<ele>1684.400</ele>
</trkpt>
<trkpt lat="34.35632983" lon="-111.43589467">
<ele>1685.000</ele>
</trkpt>
<trkpt lat="34.35632983" lon="-111.43589467">
<ele>1685.000</ele>
</trkpt>
<trkpt lat="34.35625252" lon="-111.43586228">
<ele>1685.800</ele>
</trkpt>
<trkpt lat="34.35625252" lon="-111.43586228">
<ele>1685.800</ele>
</trkpt>
<trkpt lat="34.35617737" lon="-111.43582537">
<ele>1686.400</ele>
</trkpt>
<trkpt lat="34.35617737" lon="-111.43582537">
<ele>1686.400</ele>
</trkpt>
<trkpt lat="34.35610577" lon="-111.43578127">
<ele>1687.400</ele>
</trkpt>
<trkpt lat="34.35610577" lon="-111.43578127">
<ele>1687.400</ele>
</trkpt>
<trkpt lat="34.35607052" lon="-111.43575275">
<ele>1687.400</ele>
</trkpt>
<trkpt lat="34.35607052" lon="-111.43575275">
<ele>1687.400</ele>
</trkpt>
<trkpt lat="34.35601097" lon="-111.43568137">
<ele>1688.600</ele>
</trkpt>
<trkpt lat="34.35601097" lon="-111.43568137">
<ele>1688.600</ele>
</trkpt>
<trkpt lat="34.35596358" lon="-111.43560352">
<ele>1689.800</ele>
</trkpt>
<trkpt lat="34.35596358" lon="-111.43560352">
<ele>1689.800</ele>
</trkpt>
<trkpt lat="34.35593455" lon="-111.43553843">
<ele>1689.800</ele>
</trkpt>
<trkpt lat="34.35593455" lon="-111.43553843">
<ele>1689.800</ele>
</trkpt>
<trkpt lat="34.35592583" lon="-111.43550893">
<ele>1690.000</ele>
</trkpt>
<trkpt lat="34.35592583" lon="-111.43550893">
<ele>1690.000</ele>
</trkpt>
<trkpt lat="34.35591843" lon="-111.43548153">
<ele>1690.000</ele>
</trkpt>
<trkpt lat="34.35591843" lon="-111.43548153">
<ele>1690.000</ele>
</trkpt>
<trkpt lat="34.35590182" lon="-111.43543233">
<ele>1691.000</ele>
</trkpt>
<trkpt lat="34.35590182" lon="-111.43543233">
<ele>1691.000</ele>
</trkpt>
<trkpt lat="34.35589317" lon="-111.43541017">
<ele>1691.000</ele>
</trkpt>
<trkpt lat="34.35589317" lon="-111.43541017">
<ele>1691.000</ele>
</trkpt>
<trkpt lat="34.35588167" lon="-111.43538897">
<ele>1691.000</ele>
</trkpt>
<trkpt lat="34.35588167" lon="-111.43538897">
<ele>1691.000</ele>
</trkpt>
<trkpt lat="34.35586967" lon="-111.43536897">
<ele>1691.000</ele>
</trkpt>
<trkpt lat="34.35586967" lon="-111.43536897">
<ele>1691.000</ele>
</trkpt>
<trkpt lat="34.35585588" lon="-111.43534922">
<ele>1691.200</ele>
</trkpt>
<trkpt lat="34.35585588" lon="-111.43534922">
<ele>1691.200</ele>
</trkpt>
<trkpt lat="34.35584182" lon="-111.43532923">
<ele>1691.200</ele>
</trkpt>
<trkpt lat="34.35584182" lon="-111.43532923">
<ele>1691.200</ele>
</trkpt>
<trkpt lat="34.35581330" lon="-111.43528843">
<ele>1692.000</ele>
</trkpt>
<trkpt lat="34.35581330" lon="-111.43528843">
<ele>1692.000</ele>
</trkpt>
<trkpt lat="34.35579578" lon="-111.43526295">
<ele>1692.200</ele>
</trkpt>
<trkpt lat="34.35579578" lon="-111.43526295">
<ele>1692.200</ele>
</trkpt>
<trkpt lat="34.35574827" lon="-111.43521252">
<ele>1693.000</ele>
</trkpt>
<trkpt lat="34.35574827" lon="-111.43521252">
<ele>1693.000</ele>
</trkpt>
<trkpt lat="34.35569563" lon="-111.43518803">
<ele>1693.000</ele>
</trkpt>
<trkpt lat="34.35569563" lon="-111.43518803">
<ele>1693.000</ele>
</trkpt>
<trkpt lat="34.35565510" lon="-111.43519597">
<ele>1693.600</ele>
</trkpt>
<trkpt lat="34.35565510" lon="-111.43519597">
<ele>1693.600</ele>
</trkpt>
<trkpt lat="34.35563605" lon="-111.43520843">
<ele>1693.600</ele>
</trkpt>
<trkpt lat="34.35563605" lon="-111.43520843">
<ele>1693.600</ele>
</trkpt>
<trkpt lat="34.35559947" lon="-111.43524153">
<ele>1694.400</ele>
</trkpt>
<trkpt lat="34.35559947" lon="-111.43524153">
<ele>1694.400</ele>
</trkpt>
<trkpt lat="34.35558263" lon="-111.43525985">
<ele>1694.400</ele>
</trkpt>
<trkpt lat="34.35558263" lon="-111.43525985">
<ele>1694.400</ele>
</trkpt>
<trkpt lat="34.35554487" lon="-111.43530135">
<ele>1695.600</ele>
</trkpt>
<trkpt lat="34.35554487" lon="-111.43530135">
<ele>1695.600</ele>
</trkpt>
<trkpt lat="34.35552397" lon="-111.43532383">
<ele>1695.600</ele>
</trkpt>
<trkpt lat="34.35552397" lon="-111.43532383">
<ele>1695.600</ele>
</trkpt>
<trkpt lat="34.35546903" lon="-111.43536795">
<ele>1697.000</ele>
</trkpt>
<trkpt lat="34.35546903" lon="-111.43536795">
<ele>1697.000</ele>
</trkpt>
<trkpt lat="34.35540297" lon="-111.43539563">
<ele>1698.000</ele>
</trkpt>
<trkpt lat="34.35540297" lon="-111.43539563">
<ele>1698.000</ele>
</trkpt>
<trkpt lat="34.35536982" lon="-111.43540155">
<ele>1698.000</ele>
</trkpt>
<trkpt lat="34.35536982" lon="-111.43540155">
<ele>1698.000</ele>
</trkpt>
<trkpt lat="34.35531012" lon="-111.43542187">
<ele>1699.000</ele>
</trkpt>
<trkpt lat="34.35531012" lon="-111.43542187">
<ele>1699.000</ele>
</trkpt>
<trkpt lat="34.35527192" lon="-111.43546437">
<ele>1699.800</ele>
</trkpt>
<trkpt lat="34.35527192" lon="-111.43546437">
<ele>1699.800</ele>
</trkpt>
<trkpt lat="34.35525697" lon="-111.43548588">
<ele>1701.200</ele>
</trkpt>
<trkpt lat="34.35525697" lon="-111.43548588">
<ele>1701.200</ele>
</trkpt>
<trkpt lat="34.35524387" lon="-111.43550860">
<ele>1701.200</ele>
</trkpt>
<trkpt lat="34.35524387" lon="-111.43550860">
<ele>1701.200</ele>
</trkpt>
<trkpt lat="34.35521872" lon="-111.43555692">
<ele>1702.400</ele>
</trkpt>
<trkpt lat="34.35521872" lon="-111.43555692">
<ele>1702.400</ele>
</trkpt>
<trkpt lat="34.35520212" lon="-111.43557970">
<ele>1702.400</ele>
</trkpt>
<trkpt lat="34.35520212" lon="-111.43557970">
<ele>1702.400</ele>
</trkpt>
<trkpt lat="34.35518313" lon="-111.43560202">
<ele>1703.800</ele>
</trkpt>
<trkpt lat="34.35518313" lon="-111.43560202">
<ele>1703.800</ele>
</trkpt>
<trkpt lat="34.35514310" lon="-111.43564323">
<ele>1704.800</ele>
</trkpt>
<trkpt lat="34.35514310" lon="-111.43564323">
<ele>1704.800</ele>
</trkpt>
<trkpt lat="34.35512765" lon="-111.43566012">
<ele>1706.200</ele>
</trkpt>
<trkpt lat="34.35512765" lon="-111.43566012">
<ele>1706.200</ele>
</trkpt>
<trkpt lat="34.35511310" lon="-111.43567575">
<ele>1706.200</ele>
</trkpt>
<trkpt lat="34.35511310" lon="-111.43567575">
<ele>1706.200</ele>
</trkpt>
<trkpt lat="34.35508233" lon="-111.43571023">
<ele>1707.000</ele>
</trkpt>
<trkpt lat="34.35508233" lon="-111.43571023">
<ele>1707.000</ele>
</trkpt>
<trkpt lat="34.35506100" lon="-111.43573107">
<ele>1707.000</ele>
</trkpt>
<trkpt lat="34.35506100" lon="-111.43573107">
<ele>1707.000</ele>
</trkpt>
<trkpt lat="34.35500813" lon="-111.43576573">
<ele>1708.200</ele>
</trkpt>
<trkpt lat="34.35500813" lon="-111.43576573">
<ele>1708.200</ele>
</trkpt>
<trkpt lat="34.35497378" lon="-111.43578190">
<ele>1709.600</ele>
</trkpt>
<trkpt lat="34.35497378" lon="-111.43578190">
<ele>1709.600</ele>
</trkpt>
<trkpt lat="34.35493558" lon="-111.43580027">
<ele>1710.600</ele>
</trkpt>
<trkpt lat="34.35493558" lon="-111.43580027">
<ele>1710.600</ele>
</trkpt>
<trkpt lat="34.35489593" lon="-111.43582077">
<ele>1711.600</ele>
</trkpt>
<trkpt lat="34.35489593" lon="-111.43582077">
<ele>1711.600</ele>
</trkpt>
<trkpt lat="34.35481532" lon="-111.43586633">
<ele>1712.600</ele>
</trkpt>
<trkpt lat="34.35481532" lon="-111.43586633">
<ele>1712.600</ele>
</trkpt>
<trkpt lat="34.35477400" lon="-111.43588925">
<ele>1714.600</ele>
</trkpt>
<trkpt lat="34.35477400" lon="-111.43588925">
<ele>1714.600</ele>
</trkpt>
<trkpt lat="34.35473643" lon="-111.43591072">
<ele>1714.600</ele>
</trkpt>
<trkpt lat="34.35473643" lon="-111.43591072">
<ele>1714.600</ele>
</trkpt>
<trkpt lat="34.35466487" lon="-111.43594932">
<ele>1715.600</ele>
</trkpt>
<trkpt lat="34.35466487" lon="-111.43594932">
<ele>1715.600</ele>
</trkpt>
<trkpt lat="34.35463063" lon="-111.43596148">
<ele>1717.200</ele>
</trkpt>
<trkpt lat="34.35463063" lon="-111.43596148">
<ele>1717.200</ele>
</trkpt>
<trkpt lat="34.35459657" lon="-111.43596898">
<ele>1717.200</ele>
</trkpt>
<trkpt lat="34.35459657" lon="-111.43596898">
<ele>1717.200</ele>
</trkpt>
<trkpt lat="34.35456222" lon="-111.43597557">
<ele>1717.200</ele>
</trkpt>
<trkpt lat="34.35456222" lon="-111.43597557">
<ele>1717.200</ele>
</trkpt>
<trkpt lat="34.35449407" lon="-111.43598747">
<ele>1717.800</ele>
</trkpt>
<trkpt lat="34.35449407" lon="-111.43598747">
<ele>1717.800</ele>
</trkpt>
<trkpt lat="34.35446033" lon="-111.43599515">
<ele>1718.600</ele>
</trkpt>
<trkpt lat="34.35446033" lon="-111.43599515">
<ele>1718.600</ele>
</trkpt>
<trkpt lat="34.35439138" lon="-111.43601317">
<ele>1719.200</ele>
</trkpt>
<trkpt lat="34.35439138" lon="-111.43601317">
<ele>1719.200</ele>
</trkpt>
<trkpt lat="34.35435767" lon="-111.43602133">
<ele>1719.200</ele>
</trkpt>
<trkpt lat="34.35435767" lon="-111.43602133">
<ele>1719.200</ele>
</trkpt>
<trkpt lat="34.35428953" lon="-111.43603377">
<ele>1719.800</ele>
</trkpt>
<trkpt lat="34.35428953" lon="-111.43603377">
<ele>1719.800</ele>
</trkpt>
<trkpt lat="34.35421747" lon="-111.43603160">
<ele>1720.600</ele>
</trkpt>
<trkpt lat="34.35421747" lon="-111.43603160">
<ele>1720.600</ele>
</trkpt>
<trkpt lat="34.35413907" lon="-111.43601432">
<ele>1721.200</ele>
</trkpt>
<trkpt lat="34.35413907" lon="-111.43601432">
<ele>1721.200</ele>
</trkpt>
<trkpt lat="34.35410235" lon="-111.43600353">
<ele>1721.800</ele>
</trkpt>
<trkpt lat="34.35410235" lon="-111.43600353">
<ele>1721.800</ele>
</trkpt>
<trkpt lat="34.35404678" lon="-111.43598927">
<ele>1722.400</ele>
</trkpt>
<trkpt lat="34.35404678" lon="-111.43598927">
<ele>1722.400</ele>
</trkpt>
<trkpt lat="34.35400068" lon="-111.43598682">
<ele>1722.400</ele>
</trkpt>
<trkpt lat="34.35400068" lon="-111.43598682">
<ele>1722.400</ele>
</trkpt>
<trkpt lat="34.35396730" lon="-111.43599292">
<ele>1722.600</ele>
</trkpt>
<trkpt lat="34.35396730" lon="-111.43599292">
<ele>1722.600</ele>
</trkpt>
<trkpt lat="34.35394547" lon="-111.43600263">
<ele>1722.600</ele>
</trkpt>
<trkpt lat="34.35394547" lon="-111.43600263">
<ele>1722.600</ele>
</trkpt>
<trkpt lat="34.35394203" lon="-111.43602193">
<ele>1722.600</ele>
</trkpt>
<trkpt lat="34.35394203" lon="-111.43602193">
<ele>1722.600</ele>
</trkpt>
<trkpt lat="34.35391885" lon="-111.43603372">
<ele>1723.000</ele>
</trkpt>
<trkpt lat="34.35391885" lon="-111.43603372">
<ele>1723.000</ele>
</trkpt>
<trkpt lat="34.35390435" lon="-111.43604192">
<ele>1723.000</ele>
</trkpt>
<trkpt lat="34.35390435" lon="-111.43604192">
<ele>1723.000</ele>
</trkpt>
<trkpt lat="34.35387962" lon="-111.43605640">
<ele>1724.000</ele>
</trkpt>
<trkpt lat="34.35387962" lon="-111.43605640">
<ele>1724.000</ele>
</trkpt>
<trkpt lat="34.35386423" lon="-111.43606838">
<ele>1724.000</ele>
</trkpt>
<trkpt lat="34.35386423" lon="-111.43606838">
<ele>1724.000</ele>
</trkpt>
<trkpt lat="34.35383082" lon="-111.43607025">
<ele>1724.200</ele>
</trkpt>
<trkpt lat="34.35383082" lon="-111.43607025">
<ele>1724.200</ele>
</trkpt>
<trkpt lat="34.35379837" lon="-111.43605955">
<ele>1724.200</ele>
</trkpt>
<trkpt lat="34.35379837" lon="-111.43605955">
<ele>1724.200</ele>
</trkpt>
<trkpt lat="34.35373573" lon="-111.43602177">
<ele>1723.600</ele>
</trkpt>
<trkpt lat="34.35373573" lon="-111.43602177">
<ele>1723.600</ele>
</trkpt>
<trkpt lat="34.35370532" lon="-111.43600615">
<ele>1724.000</ele>
</trkpt>
<trkpt lat="34.35370532" lon="-111.43600615">
<ele>1724.000</ele>
</trkpt>
<trkpt lat="34.35364153" lon="-111.43598595">
<ele>1724.000</ele>
</trkpt>
<trkpt lat="34.35364153" lon="-111.43598595">
<ele>1724.000</ele>
</trkpt>
<trkpt lat="34.35357558" lon="-111.43597063">
<ele>1724.200</ele>
</trkpt>
<trkpt lat="34.35357558" lon="-111.43597063">
<ele>1724.200</ele>
</trkpt>
<trkpt lat="34.35350412" lon="-111.43594692">
<ele>1723.600</ele>
</trkpt>
<trkpt lat="34.35350412" lon="-111.43594692">
<ele>1723.600</ele>
</trkpt>
<trkpt lat="34.35346633" lon="-111.43593578">
<ele>1723.800</ele>
</trkpt>
<trkpt lat="34.35346633" lon="-111.43593578">
<ele>1723.800</ele>
</trkpt>
<trkpt lat="34.35342932" lon="-111.43592442">
<ele>1723.800</ele>
</trkpt>
<trkpt lat="34.35342932" lon="-111.43592442">
<ele>1723.800</ele>
</trkpt>
<trkpt lat="34.35335265" lon="-111.43590903">
<ele>1724.600</ele>
</trkpt>
<trkpt lat="34.35335265" lon="-111.43590903">
<ele>1724.600</ele>
</trkpt>
<trkpt lat="34.35327092" lon="-111.43590453">
<ele>1724.800</ele>
</trkpt>
<trkpt lat="34.35327092" lon="-111.43590453">
<ele>1724.800</ele>
</trkpt>
<trkpt lat="34.35322942" lon="-111.43590740">
<ele>1724.800</ele>
</trkpt>
<trkpt lat="34.35322942" lon="-111.43590740">
<ele>1724.800</ele>
</trkpt>
<trkpt lat="34.35318835" lon="-111.43591383">
<ele>1725.200</ele>
</trkpt>
<trkpt lat="34.35318835" lon="-111.43591383">
<ele>1725.200</ele>
</trkpt>
<trkpt lat="34.35314762" lon="-111.43592402">
<ele>1725.200</ele>
</trkpt>
<trkpt lat="34.35314762" lon="-111.43592402">
<ele>1725.200</ele>
</trkpt>
<trkpt lat="34.35310675" lon="-111.43593628">
<ele>1725.600</ele>
</trkpt>
<trkpt lat="34.35310675" lon="-111.43593628">
<ele>1725.600</ele>
</trkpt>
<trkpt lat="34.35302685" lon="-111.43596485">
<ele>1726.400</ele>
</trkpt>
<trkpt lat="34.35302685" lon="-111.43596485">
<ele>1726.400</ele>
</trkpt>
<trkpt lat="34.35298683" lon="-111.43597583">
<ele>1726.600</ele>
</trkpt>
<trkpt lat="34.35298683" lon="-111.43597583">
<ele>1726.600</ele>
</trkpt>
<trkpt lat="34.35291213" lon="-111.43598090">
<ele>1726.800</ele>
</trkpt>
<trkpt lat="34.35291213" lon="-111.43598090">
<ele>1726.800</ele>
</trkpt>
<trkpt lat="34.35284183" lon="-111.43597363">
<ele>1727.000</ele>
</trkpt>
<trkpt lat="34.35284183" lon="-111.43597363">
<ele>1727.000</ele>
</trkpt>
<trkpt lat="34.35277142" lon="-111.43595860">
<ele>1727.200</ele>
</trkpt>
<trkpt lat="34.35277142" lon="-111.43595860">
<ele>1727.200</ele>
</trkpt>
<trkpt lat="34.35269317" lon="-111.43594477">
<ele>1727.400</ele>
</trkpt>
<trkpt lat="34.35269317" lon="-111.43594477">
<ele>1727.400</ele>
</trkpt>
<trkpt lat="34.35260917" lon="-111.43594415">
<ele>1727.600</ele>
</trkpt>
<trkpt lat="34.35260917" lon="-111.43594415">
<ele>1727.600</ele>
</trkpt>
<trkpt lat="34.35256785" lon="-111.43594852">
<ele>1727.800</ele>
</trkpt>
<trkpt lat="34.35256785" lon="-111.43594852">
<ele>1727.800</ele>
</trkpt>
<trkpt lat="34.35252863" lon="-111.43595485">
<ele>1727.800</ele>
</trkpt>
<trkpt lat="34.35252863" lon="-111.43595485">
<ele>1727.800</ele>
</trkpt>
<trkpt lat="34.35245508" lon="-111.43596967">
<ele>1728.000</ele>
</trkpt>
<trkpt lat="34.35245508" lon="-111.43596967">
<ele>1728.000</ele>
</trkpt>
<trkpt lat="34.35238860" lon="-111.43599407">
<ele>1727.800</ele>
</trkpt>
<trkpt lat="34.35238860" lon="-111.43599407">
<ele>1727.800</ele>
</trkpt>
<trkpt lat="34.35232803" lon="-111.43603445">
<ele>1727.800</ele>
</trkpt>
<trkpt lat="34.35232803" lon="-111.43603445">
<ele>1727.800</ele>
</trkpt>
<trkpt lat="34.35229522" lon="-111.43605558">
<ele>1727.600</ele>
</trkpt>
<trkpt lat="34.35229522" lon="-111.43605558">
<ele>1727.600</ele>
</trkpt>
<trkpt lat="34.35222207" lon="-111.43608812">
<ele>1727.600</ele>
</trkpt>
<trkpt lat="34.35222207" lon="-111.43608812">
<ele>1727.600</ele>
</trkpt>
<trkpt lat="34.35214262" lon="-111.43610982">
<ele>1727.400</ele>
</trkpt>
<trkpt lat="34.35214262" lon="-111.43610982">
<ele>1727.400</ele>
</trkpt>
<trkpt lat="34.35210145" lon="-111.43611895">
<ele>1727.400</ele>
</trkpt>
<trkpt lat="34.35210145" lon="-111.43611895">
<ele>1727.400</ele>
</trkpt>
<trkpt lat="34.35201818" lon="-111.43613315">
<ele>1727.000</ele>
</trkpt>
<trkpt lat="34.35201818" lon="-111.43613315">
<ele>1727.000</ele>
</trkpt>
<trkpt lat="34.35197647" lon="-111.43613865">
<ele>1726.600</ele>
</trkpt>
<trkpt lat="34.35197647" lon="-111.43613865">
<ele>1726.600</ele>
</trkpt>
<trkpt lat="34.35193517" lon="-111.43614552">
<ele>1726.400</ele>
</trkpt>
<trkpt lat="34.35193517" lon="-111.43614552">
<ele>1726.400</ele>
</trkpt>
<trkpt lat="34.35185462" lon="-111.43616563">
<ele>1726.200</ele>
</trkpt>
<trkpt lat="34.35185462" lon="-111.43616563">
<ele>1726.200</ele>
</trkpt>
<trkpt lat="34.35177328" lon="-111.43618652">
<ele>1725.800</ele>
</trkpt>
<trkpt lat="34.35177328" lon="-111.43618652">
<ele>1725.800</ele>
</trkpt>
<trkpt lat="34.35168807" lon="-111.43620728">
<ele>1725.600</ele>
</trkpt>
<trkpt lat="34.35168807" lon="-111.43620728">
<ele>1725.600</ele>
</trkpt>
<trkpt lat="34.35164465" lon="-111.43621567">
<ele>1724.800</ele>
</trkpt>
<trkpt lat="34.35164465" lon="-111.43621567">
<ele>1724.800</ele>
</trkpt>
<trkpt lat="34.35155768" lon="-111.43622982">
<ele>1724.200</ele>
</trkpt>
<trkpt lat="34.35155768" lon="-111.43622982">
<ele>1724.200</ele>
</trkpt>
<trkpt lat="34.35147878" lon="-111.43624547">
<ele>1723.600</ele>
</trkpt>
<trkpt lat="34.35147878" lon="-111.43624547">
<ele>1723.600</ele>
</trkpt>
<trkpt lat="34.35141028" lon="-111.43626472">
<ele>1723.000</ele>
</trkpt>
<trkpt lat="34.35141028" lon="-111.43626472">
<ele>1723.000</ele>
</trkpt>
<trkpt lat="34.35137623" lon="-111.43627480">
<ele>1723.000</ele>
</trkpt>
<trkpt lat="34.35137623" lon="-111.43627480">
<ele>1723.000</ele>
</trkpt>
<trkpt lat="34.35131030" lon="-111.43629300">
<ele>1722.200</ele>
</trkpt>
<trkpt lat="34.35131030" lon="-111.43629300">
<ele>1722.200</ele>
</trkpt>
<trkpt lat="34.35124792" lon="-111.43631262">
<ele>1720.800</ele>
</trkpt>
<trkpt lat="34.35124792" lon="-111.43631262">
<ele>1720.800</ele>
</trkpt>
<trkpt lat="34.35121637" lon="-111.43631995">
<ele>1720.000</ele>
</trkpt>
<trkpt lat="34.35121637" lon="-111.43631995">
<ele>1720.000</ele>
</trkpt>
<trkpt lat="34.35118433" lon="-111.43632367">
<ele>1720.000</ele>
</trkpt>
<trkpt lat="34.35118433" lon="-111.43632367">
<ele>1720.000</ele>
</trkpt>
<trkpt lat="34.35115547" lon="-111.43632113">
<ele>1719.200</ele>
</trkpt>
<trkpt lat="34.35115547" lon="-111.43632113">
<ele>1719.200</ele>
</trkpt>
<trkpt lat="34.35111303" lon="-111.43629132">
<ele>1719.800</ele>
</trkpt>
<trkpt lat="34.35111303" lon="-111.43629132">
<ele>1719.800</ele>
</trkpt>
<trkpt lat="34.35107205" lon="-111.43624673">
<ele>1719.000</ele>
</trkpt>
<trkpt lat="34.35107205" lon="-111.43624673">
<ele>1719.000</ele>
</trkpt>
<trkpt lat="34.35104922" lon="-111.43622608">
<ele>1719.000</ele>
</trkpt>
<trkpt lat="34.35104922" lon="-111.43622608">
<ele>1719.000</ele>
</trkpt>
<trkpt lat="34.35099277" lon="-111.43618158">
<ele>1718.200</ele>
</trkpt>
<trkpt lat="34.35099277" lon="-111.43618158">
<ele>1718.200</ele>
</trkpt>
<trkpt lat="34.35096250" lon="-111.43615808">
<ele>1718.200</ele>
</trkpt>
<trkpt lat="34.35096250" lon="-111.43615808">
<ele>1718.200</ele>
</trkpt>
<trkpt lat="34.35093477" lon="-111.43613545">
<ele>1716.800</ele>
</trkpt>
<trkpt lat="34.35093477" lon="-111.43613545">
<ele>1716.800</ele>
</trkpt>
<trkpt lat="34.35090133" lon="-111.43610270">
<ele>1717.400</ele>
</trkpt>
<trkpt lat="34.35090133" lon="-111.43610270">
<ele>1717.400</ele>
</trkpt>
<trkpt lat="34.35088390" lon="-111.43607977">
<ele>1717.400</ele>
</trkpt>
<trkpt lat="34.35088390" lon="-111.43607977">
<ele>1717.400</ele>
</trkpt>
<trkpt lat="34.35082972" lon="-111.43603007">
<ele>1716.400</ele>
</trkpt>
<trkpt lat="34.35082972" lon="-111.43603007">
<ele>1716.400</ele>
</trkpt>
<trkpt lat="34.35083133" lon="-111.43595913">
<ele>1716.400</ele>
</trkpt>
<trkpt lat="34.35083133" lon="-111.43595913">
<ele>1716.400</ele>
</trkpt>
<trkpt lat="34.35085272" lon="-111.43588227">
<ele>1716.800</ele>
</trkpt>
<trkpt lat="34.35085272" lon="-111.43588227">
<ele>1716.800</ele>
</trkpt>
<trkpt lat="34.35086747" lon="-111.43584240">
<ele>1717.000</ele>
</trkpt>
<trkpt lat="34.35086747" lon="-111.43584240">
<ele>1717.000</ele>
</trkpt>
<trkpt lat="34.35089768" lon="-111.43576972">
<ele>1718.800</ele>
</trkpt>
<trkpt lat="34.35089768" lon="-111.43576972">
<ele>1718.800</ele>
</trkpt>
<trkpt lat="34.35092017" lon="-111.43569657">
<ele>1719.000</ele>
</trkpt>
<trkpt lat="34.35092017" lon="-111.43569657">
<ele>1719.000</ele>
</trkpt>
<trkpt lat="34.35092628" lon="-111.43565852">
<ele>1719.000</ele>
</trkpt>
<trkpt lat="34.35092628" lon="-111.43565852">
<ele>1719.000</ele>
</trkpt>
<trkpt lat="34.35093530" lon="-111.43558148">
<ele>1719.400</ele>
</trkpt>
<trkpt lat="34.35093530" lon="-111.43558148">
<ele>1719.400</ele>
</trkpt>
<trkpt lat="34.35094610" lon="-111.43550143">
<ele>1720.000</ele>
</trkpt>
<trkpt lat="34.35094610" lon="-111.43550143">
<ele>1720.000</ele>
</trkpt>
<trkpt lat="34.35094977" lon="-111.43542303">
<ele>1722.200</ele>
</trkpt>
<trkpt lat="34.35094977" lon="-111.43542303">
<ele>1722.200</ele>
</trkpt>
<trkpt lat="34.35094018" lon="-111.43534077">
<ele>1721.000</ele>
</trkpt>
<trkpt lat="34.35094018" lon="-111.43534077">
<ele>1721.000</ele>
</trkpt>
<trkpt lat="34.35091312" lon="-111.43525793">
<ele>1721.200</ele>
</trkpt>
<trkpt lat="34.35091312" lon="-111.43525793">
<ele>1721.200</ele>
</trkpt>
<trkpt lat="34.35086983" lon="-111.43516713">
<ele>1720.200</ele>
</trkpt>
<trkpt lat="34.35086983" lon="-111.43516713">
<ele>1720.200</ele>
</trkpt>
<trkpt lat="34.35084493" lon="-111.43512535">
<ele>1720.200</ele>
</trkpt>
<trkpt lat="34.35084493" lon="-111.43512535">
<ele>1720.200</ele>
</trkpt>
<trkpt lat="34.35078732" lon="-111.43507462">
<ele>1720.600</ele>
</trkpt>
<trkpt lat="34.35078732" lon="-111.43507462">
<ele>1720.600</ele>
</trkpt>
<trkpt lat="34.35075372" lon="-111.43506488">
<ele>1720.600</ele>
</trkpt>
<trkpt lat="34.35075372" lon="-111.43506488">
<ele>1720.600</ele>
</trkpt>
<trkpt lat="34.35068305" lon="-111.43507242">
<ele>1720.400</ele>
</trkpt>
<trkpt lat="34.35068305" lon="-111.43507242">
<ele>1720.400</ele>
</trkpt>
<trkpt lat="34.35062258" lon="-111.43510772">
<ele>1718.200</ele>
</trkpt>
<trkpt lat="34.35062258" lon="-111.43510772">
<ele>1718.200</ele>
</trkpt>
<trkpt lat="34.35056757" lon="-111.43515228">
<ele>1718.000</ele>
</trkpt>
<trkpt lat="34.35056757" lon="-111.43515228">
<ele>1718.000</ele>
</trkpt>
<trkpt lat="34.35054305" lon="-111.43517092">
<ele>1718.000</ele>
</trkpt>
<trkpt lat="34.35054305" lon="-111.43517092">
<ele>1718.000</ele>
</trkpt>
<trkpt lat="34.35049462" lon="-111.43520495">
<ele>1716.000</ele>
</trkpt>
<trkpt lat="34.35049462" lon="-111.43520495">
<ele>1716.000</ele>
</trkpt>
<trkpt lat="34.35044930" lon="-111.43523785">
<ele>1715.800</ele>
</trkpt>
<trkpt lat="34.35044930" lon="-111.43523785">
<ele>1715.800</ele>
</trkpt>
<trkpt lat="34.35042418" lon="-111.43525648">
<ele>1715.800</ele>
</trkpt>
<trkpt lat="34.35042418" lon="-111.43525648">
<ele>1715.800</ele>
</trkpt>
<trkpt lat="34.35036973" lon="-111.43529458">
<ele>1713.800</ele>
</trkpt>
<trkpt lat="34.35036973" lon="-111.43529458">
<ele>1713.800</ele>
</trkpt>
<trkpt lat="34.35033902" lon="-111.43531367">
<ele>1713.800</ele>
</trkpt>
<trkpt lat="34.35033902" lon="-111.43531367">
<ele>1713.800</ele>
</trkpt>
<trkpt lat="34.35028333" lon="-111.43534518">
<ele>1713.800</ele>
</trkpt>
<trkpt lat="34.35028333" lon="-111.43534518">
<ele>1713.800</ele>
</trkpt>
<trkpt lat="34.35025530" lon="-111.43536103">
<ele>1712.000</ele>
</trkpt>
<trkpt lat="34.35025530" lon="-111.43536103">
<ele>1712.000</ele>
</trkpt>
<trkpt lat="34.35020477" lon="-111.43539340">
<ele>1712.000</ele>
</trkpt>
<trkpt lat="34.35020477" lon="-111.43539340">
<ele>1712.000</ele>
</trkpt>
<trkpt lat="34.35015168" lon="-111.43542732">
<ele>1712.000</ele>
</trkpt>
<trkpt lat="34.35015168" lon="-111.43542732">
<ele>1712.000</ele>
</trkpt>
<trkpt lat="34.35009520" lon="-111.43545378">
<ele>1710.800</ele>
</trkpt>
<trkpt lat="34.35009520" lon="-111.43545378">
<ele>1710.800</ele>
</trkpt>
<trkpt lat="34.35004303" lon="-111.43547337">
<ele>1710.800</ele>
</trkpt>
<trkpt lat="34.35004303" lon="-111.43547337">
<ele>1710.800</ele>
</trkpt>
<trkpt lat="34.35001527" lon="-111.43548350">
<ele>1710.800</ele>
</trkpt>
<trkpt lat="34.35001527" lon="-111.43548350">
<ele>1710.800</ele>
</trkpt>
<trkpt lat="34.34995320" lon="-111.43549467">
<ele>1710.800</ele>
</trkpt>
<trkpt lat="34.34995320" lon="-111.43549467">
<ele>1710.800</ele>
</trkpt>
<trkpt lat="34.34990413" lon="-111.43549308">
<ele>1710.800</ele>
</trkpt>
<trkpt lat="34.34990413" lon="-111.43549308">
<ele>1710.800</ele>
</trkpt>
<trkpt lat="34.34987757" lon="-111.43549997">
<ele>1710.400</ele>
</trkpt>
<trkpt lat="34.34987757" lon="-111.43549997">
<ele>1710.400</ele>
</trkpt>
<trkpt lat="34.34985420" lon="-111.43551515">
<ele>1710.400</ele>
</trkpt>
<trkpt lat="34.34985420" lon="-111.43551515">
<ele>1710.400</ele>
</trkpt>
<trkpt lat="34.34981743" lon="-111.43553918">
<ele>1708.600</ele>
</trkpt>
<trkpt lat="34.34981743" lon="-111.43553918">
<ele>1708.600</ele>
</trkpt>
<trkpt lat="34.34975822" lon="-111.43557997">
<ele>1708.000</ele>
</trkpt>
<trkpt lat="34.34975822" lon="-111.43557997">
<ele>1708.000</ele>
</trkpt>
<trkpt lat="34.34969668" lon="-111.43562997">
<ele>1705.400</ele>
</trkpt>
<trkpt lat="34.34969668" lon="-111.43562997">
<ele>1705.400</ele>
</trkpt>
<trkpt lat="34.34963852" lon="-111.43568747">
<ele>1704.600</ele>
</trkpt>
<trkpt lat="34.34963852" lon="-111.43568747">
<ele>1704.600</ele>
</trkpt>
<trkpt lat="34.34958050" lon="-111.43574542">
<ele>1702.200</ele>
</trkpt>
<trkpt lat="34.34958050" lon="-111.43574542">
<ele>1702.200</ele>
</trkpt>
<trkpt lat="34.34951390" lon="-111.43578703">
<ele>1699.800</ele>
</trkpt>
<trkpt lat="34.34951390" lon="-111.43578703">
<ele>1699.800</ele>
</trkpt>
<trkpt lat="34.34944490" lon="-111.43580717">
<ele>1699.000</ele>
</trkpt>
<trkpt lat="34.34944490" lon="-111.43580717">
<ele>1699.000</ele>
</trkpt>
<trkpt lat="34.34940817" lon="-111.43581108">
<ele>1699.000</ele>
</trkpt>
<trkpt lat="34.34940817" lon="-111.43581108">
<ele>1699.000</ele>
</trkpt>
<trkpt lat="34.34933767" lon="-111.43581555">
<ele>1698.000</ele>
</trkpt>
<trkpt lat="34.34933767" lon="-111.43581555">
<ele>1698.000</ele>
</trkpt>
<trkpt lat="34.34927412" lon="-111.43581137">
<ele>1696.800</ele>
</trkpt>
<trkpt lat="34.34927412" lon="-111.43581137">
<ele>1696.800</ele>
</trkpt>
<trkpt lat="34.34924512" lon="-111.43580905">
<ele>1695.200</ele>
</trkpt>
<trkpt lat="34.34924512" lon="-111.43580905">
<ele>1695.200</ele>
</trkpt>
<trkpt lat="34.34921837" lon="-111.43580823">
<ele>1695.200</ele>
</trkpt>
<trkpt lat="34.34921837" lon="-111.43580823">
<ele>1695.200</ele>
</trkpt>
<trkpt lat="34.34916347" lon="-111.43581138">
<ele>1693.800</ele>
</trkpt>
<trkpt lat="34.34916347" lon="-111.43581138">
<ele>1693.800</ele>
</trkpt>
<trkpt lat="34.34910287" lon="-111.43581317">
<ele>1692.600</ele>
</trkpt>
<trkpt lat="34.34910287" lon="-111.43581317">
<ele>1692.600</ele>
</trkpt>
<trkpt lat="34.34907023" lon="-111.43581042">
<ele>1692.600</ele>
</trkpt>
<trkpt lat="34.34907023" lon="-111.43581042">
<ele>1692.600</ele>
</trkpt>
<trkpt lat="34.34903577" lon="-111.43580715">
<ele>1692.600</ele>
</trkpt>
<trkpt lat="34.34903577" lon="-111.43580715">
<ele>1692.600</ele>
</trkpt>
<trkpt lat="34.34896688" lon="-111.43580157">
<ele>1691.400</ele>
</trkpt>
<trkpt lat="34.34896688" lon="-111.43580157">
<ele>1691.400</ele>
</trkpt>
<trkpt lat="34.34893043" lon="-111.43579848">
<ele>1690.200</ele>
</trkpt>
<trkpt lat="34.34893043" lon="-111.43579848">
<ele>1690.200</ele>
</trkpt>
<trkpt lat="34.34886325" lon="-111.43579657">
<ele>1689.000</ele>
</trkpt>
<trkpt lat="34.34886325" lon="-111.43579657">
<ele>1689.000</ele>
</trkpt>
<trkpt lat="34.34880423" lon="-111.43580078">
<ele>1687.800</ele>
</trkpt>
<trkpt lat="34.34880423" lon="-111.43580078">
<ele>1687.800</ele>
</trkpt>
<trkpt lat="34.34877013" lon="-111.43580292">
<ele>1687.800</ele>
</trkpt>
<trkpt lat="34.34877013" lon="-111.43580292">
<ele>1687.800</ele>
</trkpt>
<trkpt lat="34.34873582" lon="-111.43580657">
<ele>1686.800</ele>
</trkpt>
<trkpt lat="34.34873582" lon="-111.43580657">
<ele>1686.800</ele>
</trkpt>
<trkpt lat="34.34866553" lon="-111.43581322">
<ele>1686.000</ele>
</trkpt>
<trkpt lat="34.34866553" lon="-111.43581322">
<ele>1686.000</ele>
</trkpt>
<trkpt lat="34.34859617" lon="-111.43582515">
<ele>1685.200</ele>
</trkpt>
<trkpt lat="34.34859617" lon="-111.43582515">
<ele>1685.200</ele>
</trkpt>
<trkpt lat="34.34853372" lon="-111.43583452">
<ele>1684.600</ele>
</trkpt>
<trkpt lat="34.34853372" lon="-111.43583452">
<ele>1684.600</ele>
</trkpt>
<trkpt lat="34.34847090" lon="-111.43583813">
<ele>1684.600</ele>
</trkpt>
<trkpt lat="34.34847090" lon="-111.43583813">
<ele>1684.600</ele>
</trkpt>
<trkpt lat="34.34843983" lon="-111.43583838">
<ele>1683.600</ele>
</trkpt>
<trkpt lat="34.34843983" lon="-111.43583838">
<ele>1683.600</ele>
</trkpt>
<trkpt lat="34.34841222" lon="-111.43583707">
<ele>1683.600</ele>
</trkpt>
<trkpt lat="34.34841222" lon="-111.43583707">
<ele>1683.600</ele>
</trkpt>
<trkpt lat="34.34835365" lon="-111.43583033">
<ele>1682.400</ele>
</trkpt>
<trkpt lat="34.34835365" lon="-111.43583033">
<ele>1682.400</ele>
</trkpt>
<trkpt lat="34.34829022" lon="-111.43581558">
<ele>1681.000</ele>
</trkpt>
<trkpt lat="34.34829022" lon="-111.43581558">
<ele>1681.000</ele>
</trkpt>
<trkpt lat="34.34822373" lon="-111.43579613">
<ele>1679.200</ele>
</trkpt>
<trkpt lat="34.34822373" lon="-111.43579613">
<ele>1679.200</ele>
</trkpt>
<trkpt lat="34.34815537" lon="-111.43577983">
<ele>1677.000</ele>
</trkpt>
<trkpt lat="34.34815537" lon="-111.43577983">
<ele>1677.000</ele>
</trkpt>
<trkpt lat="34.34812278" lon="-111.43577227">
<ele>1677.000</ele>
</trkpt>
<trkpt lat="34.34812278" lon="-111.43577227">
<ele>1677.000</ele>
</trkpt>
<trkpt lat="34.34806497" lon="-111.43574993">
<ele>1674.800</ele>
</trkpt>
<trkpt lat="34.34806497" lon="-111.43574993">
<ele>1674.800</ele>
</trkpt>
<trkpt lat="34.34801998" lon="-111.43571952">
<ele>1673.000</ele>
</trkpt>
<trkpt lat="34.34801998" lon="-111.43571952">
<ele>1673.000</ele>
</trkpt>
<trkpt lat="34.34800172" lon="-111.43570482">
<ele>1673.000</ele>
</trkpt>
<trkpt lat="34.34800172" lon="-111.43570482">
<ele>1673.000</ele>
</trkpt>
<trkpt lat="34.34798550" lon="-111.43569237">
<ele>1673.200</ele>
</trkpt>
<trkpt lat="34.34798550" lon="-111.43569237">
<ele>1673.200</ele>
</trkpt>
<trkpt lat="34.34796245" lon="-111.43567767">
<ele>1671.800</ele>
</trkpt>
<trkpt lat="34.34796245" lon="-111.43567767">
<ele>1671.800</ele>
</trkpt>
<trkpt lat="34.34794085" lon="-111.43566722">
<ele>1671.800</ele>
</trkpt>
<trkpt lat="34.34794085" lon="-111.43566722">
<ele>1671.800</ele>
</trkpt>
<trkpt lat="34.34792237" lon="-111.43565978">
<ele>1671.800</ele>
</trkpt>
<trkpt lat="34.34792237" lon="-111.43565978">
<ele>1671.800</ele>
</trkpt>
<trkpt lat="34.34789900" lon="-111.43565603">
<ele>1670.400</ele>
</trkpt>
<trkpt lat="34.34789900" lon="-111.43565603">
<ele>1670.400</ele>
</trkpt>
<trkpt lat="34.34786983" lon="-111.43565087">
<ele>1670.400</ele>
</trkpt>
<trkpt lat="34.34786983" lon="-111.43565087">
<ele>1670.400</ele>
</trkpt>
<trkpt lat="34.34783860" lon="-111.43563967">
<ele>1670.400</ele>
</trkpt>
<trkpt lat="34.34783860" lon="-111.43563967">
<ele>1670.400</ele>
</trkpt>
<trkpt lat="34.34779377" lon="-111.43562067">
<ele>1669.200</ele>
</trkpt>
<trkpt lat="34.34779377" lon="-111.43562067">
<ele>1669.200</ele>
</trkpt>
<trkpt lat="34.34774758" lon="-111.43559682">
<ele>1668.200</ele>
</trkpt>
<trkpt lat="34.34774758" lon="-111.43559682">
<ele>1668.200</ele>
</trkpt>
<trkpt lat="34.34769933" lon="-111.43556028">
<ele>1668.200</ele>
</trkpt>
<trkpt lat="34.34769933" lon="-111.43556028">
<ele>1668.200</ele>
</trkpt>
<trkpt lat="34.34765535" lon="-111.43552328">
<ele>1667.200</ele>
</trkpt>
<trkpt lat="34.34765535" lon="-111.43552328">
<ele>1667.200</ele>
</trkpt>
<trkpt lat="34.34763508" lon="-111.43550997">
<ele>1667.200</ele>
</trkpt>
<trkpt lat="34.34763508" lon="-111.43550997">
<ele>1667.200</ele>
</trkpt>
<trkpt lat="34.34761162" lon="-111.43549798">
<ele>1666.000</ele>
</trkpt>
<trkpt lat="34.34761162" lon="-111.43549798">
<ele>1666.000</ele>
</trkpt>
<trkpt lat="34.34755423" lon="-111.43547057">
<ele>1666.000</ele>
</trkpt>
<trkpt lat="34.34755423" lon="-111.43547057">
<ele>1666.000</ele>
</trkpt>
<trkpt lat="34.34752338" lon="-111.43545615">
<ele>1664.600</ele>
</trkpt>
<trkpt lat="34.34752338" lon="-111.43545615">
<ele>1664.600</ele>
</trkpt>
<trkpt lat="34.34745857" lon="-111.43542598">
<ele>1663.400</ele>
</trkpt>
<trkpt lat="34.34745857" lon="-111.43542598">
<ele>1663.400</ele>
</trkpt>
<trkpt lat="34.34739468" lon="-111.43540553">
<ele>1662.200</ele>
</trkpt>
<trkpt lat="34.34739468" lon="-111.43540553">
<ele>1662.200</ele>
</trkpt>
<trkpt lat="34.34732973" lon="-111.43539163">
<ele>1661.000</ele>
</trkpt>
<trkpt lat="34.34732973" lon="-111.43539163">
<ele>1661.000</ele>
</trkpt>
<trkpt lat="34.34726437" lon="-111.43536973">
<ele>1661.000</ele>
</trkpt>
<trkpt lat="34.34726437" lon="-111.43536973">
<ele>1661.000</ele>
</trkpt>
<trkpt lat="34.34720195" lon="-111.43533322">
<ele>1659.400</ele>
</trkpt>
<trkpt lat="34.34720195" lon="-111.43533322">
<ele>1659.400</ele>
</trkpt>
<trkpt lat="34.34717022" lon="-111.43531218">
<ele>1658.000</ele>
</trkpt>
<trkpt lat="34.34717022" lon="-111.43531218">
<ele>1658.000</ele>
</trkpt>
<trkpt lat="34.34713388" lon="-111.43529102">
<ele>1658.000</ele>
</trkpt>
<trkpt lat="34.34713388" lon="-111.43529102">
<ele>1658.000</ele>
</trkpt>
<trkpt lat="34.34705945" lon="-111.43526048">
<ele>1656.200</ele>
</trkpt>
<trkpt lat="34.34705945" lon="-111.43526048">
<ele>1656.200</ele>
</trkpt>
<trkpt lat="34.34698515" lon="-111.43523773">
<ele>1654.800</ele>
</trkpt>
<trkpt lat="34.34698515" lon="-111.43523773">
<ele>1654.800</ele>
</trkpt>
<trkpt lat="34.34694977" lon="-111.43522612">
<ele>1653.800</ele>
</trkpt>
<trkpt lat="34.34694977" lon="-111.43522612">
<ele>1653.800</ele>
</trkpt>
<trkpt lat="34.34688692" lon="-111.43518747">
<ele>1652.800</ele>
</trkpt>
<trkpt lat="34.34688692" lon="-111.43518747">
<ele>1652.800</ele>
</trkpt>
<trkpt lat="34.34686063" lon="-111.43515780">
<ele>1652.600</ele>
</trkpt>
<trkpt lat="34.34686063" lon="-111.43515780">
<ele>1652.600</ele>
</trkpt>
<trkpt lat="34.34683795" lon="-111.43512185">
<ele>1652.600</ele>
</trkpt>
<trkpt lat="34.34683795" lon="-111.43512185">
<ele>1652.600</ele>
</trkpt>
<trkpt lat="34.34680187" lon="-111.43504310">
<ele>1651.400</ele>
</trkpt>
<trkpt lat="34.34680187" lon="-111.43504310">
<ele>1651.400</ele>
</trkpt>
<trkpt lat="34.34678527" lon="-111.43500388">
<ele>1651.000</ele>
</trkpt>
<trkpt lat="34.34678527" lon="-111.43500388">
<ele>1651.000</ele>
</trkpt>
<trkpt lat="34.34674623" lon="-111.43493022">
<ele>1650.000</ele>
</trkpt>
<trkpt lat="34.34674623" lon="-111.43493022">
<ele>1650.000</ele>
</trkpt>
<trkpt lat="34.34672470" lon="-111.43489208">
<ele>1650.000</ele>
</trkpt>
<trkpt lat="34.34672470" lon="-111.43489208">
<ele>1650.000</ele>
</trkpt>
<trkpt lat="34.34670208" lon="-111.43485275">
<ele>1650.000</ele>
</trkpt>
<trkpt lat="34.34670208" lon="-111.43485275">
<ele>1650.000</ele>
</trkpt>
<trkpt lat="34.34668332" lon="-111.43481247">
<ele>1648.800</ele>
</trkpt>
<trkpt lat="34.34668332" lon="-111.43481247">
<ele>1648.800</ele>
</trkpt>
<trkpt lat="34.34666528" lon="-111.43477227">
<ele>1648.800</ele>
</trkpt>
<trkpt lat="34.34666528" lon="-111.43477227">
<ele>1648.800</ele>
</trkpt>
<trkpt lat="34.34662668" lon="-111.43469188">
<ele>1649.000</ele>
</trkpt>
<trkpt lat="34.34662668" lon="-111.43469188">
<ele>1649.000</ele>
</trkpt>
<trkpt lat="34.34660858" lon="-111.43465742">
<ele>1648.400</ele>
</trkpt>
<trkpt lat="34.34660858" lon="-111.43465742">
<ele>1648.400</ele>
</trkpt>
<trkpt lat="34.34657388" lon="-111.43459277">
<ele>1648.400</ele>
</trkpt>
<trkpt lat="34.34657388" lon="-111.43459277">
<ele>1648.400</ele>
</trkpt>
<trkpt lat="34.34652960" lon="-111.43452782">
<ele>1648.000</ele>
</trkpt>
<trkpt lat="34.34652960" lon="-111.43452782">
<ele>1648.000</ele>
</trkpt>
<trkpt lat="34.34651493" lon="-111.43449177">
<ele>1648.800</ele>
</trkpt>
<trkpt lat="34.34651493" lon="-111.43449177">
<ele>1648.800</ele>
</trkpt>
<trkpt lat="34.34646772" lon="-111.43442447">
<ele>1648.000</ele>
</trkpt>
<trkpt lat="34.34646772" lon="-111.43442447">
<ele>1648.000</ele>
</trkpt>
<trkpt lat="34.34643948" lon="-111.43439015">
<ele>1648.600</ele>
</trkpt>
<trkpt lat="34.34643948" lon="-111.43439015">
<ele>1648.600</ele>
</trkpt>
<trkpt lat="34.34641492" lon="-111.43434802">
<ele>1648.600</ele>
</trkpt>
<trkpt lat="34.34641492" lon="-111.43434802">
<ele>1648.600</ele>
</trkpt>
<trkpt lat="34.34636683" lon="-111.43427003">
<ele>1648.400</ele>
</trkpt>
<trkpt lat="34.34636683" lon="-111.43427003">
<ele>1648.400</ele>
</trkpt>
<trkpt lat="34.34634380" lon="-111.43423230">
<ele>1649.000</ele>
</trkpt>
<trkpt lat="34.34634380" lon="-111.43423230">
<ele>1649.000</ele>
</trkpt>
<trkpt lat="34.34628927" lon="-111.43414478">
<ele>1649.000</ele>
</trkpt>
<trkpt lat="34.34628927" lon="-111.43414478">
<ele>1649.000</ele>
</trkpt>
<trkpt lat="34.34626183" lon="-111.43409202">
<ele>1648.600</ele>
</trkpt>
<trkpt lat="34.34626183" lon="-111.43409202">
<ele>1648.600</ele>
</trkpt>
<trkpt lat="34.34621410" lon="-111.43400133">
<ele>1649.200</ele>
</trkpt>
<trkpt lat="34.34621410" lon="-111.43400133">
<ele>1649.200</ele>
</trkpt>
<trkpt lat="34.34617582" lon="-111.43391942">
<ele>1649.200</ele>
</trkpt>
<trkpt lat="34.34617582" lon="-111.43391942">
<ele>1649.200</ele>
</trkpt>
<trkpt lat="34.34613917" lon="-111.43382597">
<ele>1649.600</ele>
</trkpt>
<trkpt lat="34.34613917" lon="-111.43382597">
<ele>1649.600</ele>
</trkpt>
<trkpt lat="34.34611743" lon="-111.43377950">
<ele>1650.000</ele>
</trkpt>
<trkpt lat="34.34611743" lon="-111.43377950">
<ele>1650.000</ele>
</trkpt>
<trkpt lat="34.34608625" lon="-111.43370053">
<ele>1650.600</ele>
</trkpt>
<trkpt lat="34.34608625" lon="-111.43370053">
<ele>1650.600</ele>
</trkpt>
<trkpt lat="34.34605175" lon="-111.43361143">
<ele>1650.600</ele>
</trkpt>
<trkpt lat="34.34605175" lon="-111.43361143">
<ele>1650.600</ele>
</trkpt>
<trkpt lat="34.34600378" lon="-111.43352528">
<ele>1651.200</ele>
</trkpt>
<trkpt lat="34.34600378" lon="-111.43352528">
<ele>1651.200</ele>
</trkpt>
<trkpt lat="34.34594498" lon="-111.43344797">
<ele>1651.400</ele>
</trkpt>
<trkpt lat="34.34594498" lon="-111.43344797">
<ele>1651.400</ele>
</trkpt>
<trkpt lat="34.34592257" lon="-111.43340520">
<ele>1651.400</ele>
</trkpt>
<trkpt lat="34.34592257" lon="-111.43340520">
<ele>1651.400</ele>
</trkpt>
<trkpt lat="34.34588928" lon="-111.43332027">
<ele>1651.600</ele>
</trkpt>
<trkpt lat="34.34588928" lon="-111.43332027">
<ele>1651.600</ele>
</trkpt>
<trkpt lat="34.34587827" lon="-111.43328340">
<ele>1652.400</ele>
</trkpt>
<trkpt lat="34.34587827" lon="-111.43328340">
<ele>1652.400</ele>
</trkpt>
<trkpt lat="34.34587062" lon="-111.43325467">
<ele>1652.400</ele>
</trkpt>
<trkpt lat="34.34587062" lon="-111.43325467">
<ele>1652.400</ele>
</trkpt>
<trkpt lat="34.34585872" lon="-111.43320222">
<ele>1652.800</ele>
</trkpt>
<trkpt lat="34.34585872" lon="-111.43320222">
<ele>1652.800</ele>
</trkpt>
<trkpt lat="34.34585263" lon="-111.43318437">
<ele>1652.800</ele>
</trkpt>
<trkpt lat="34.34585263" lon="-111.43318437">
<ele>1652.800</ele>
</trkpt>
<trkpt lat="34.34584183" lon="-111.43314987">
<ele>1652.200</ele>
</trkpt>
<trkpt lat="34.34584183" lon="-111.43314987">
<ele>1652.200</ele>
</trkpt>
<trkpt lat="34.34582632" lon="-111.43310803">
<ele>1652.600</ele>
</trkpt>
<trkpt lat="34.34582632" lon="-111.43310803">
<ele>1652.600</ele>
</trkpt>
<trkpt lat="34.34581097" lon="-111.43305893">
<ele>1652.600</ele>
</trkpt>
<trkpt lat="34.34581097" lon="-111.43305893">
<ele>1652.600</ele>
</trkpt>
<trkpt lat="34.34578878" lon="-111.43299655">
<ele>1652.800</ele>
</trkpt>
<trkpt lat="34.34578878" lon="-111.43299655">
<ele>1652.800</ele>
</trkpt>
<trkpt lat="34.34576907" lon="-111.43295690">
<ele>1652.400</ele>
</trkpt>
<trkpt lat="34.34576907" lon="-111.43295690">
<ele>1652.400</ele>
</trkpt>
<trkpt lat="34.34575295" lon="-111.43290783">
<ele>1652.400</ele>
</trkpt>
<trkpt lat="34.34575295" lon="-111.43290783">
<ele>1652.400</ele>
</trkpt>
<trkpt lat="34.34571898" lon="-111.43280542">
<ele>1652.600</ele>
</trkpt>
<trkpt lat="34.34571898" lon="-111.43280542">
<ele>1652.600</ele>
</trkpt>
<trkpt lat="34.34568183" lon="-111.43270668">
<ele>1652.000</ele>
</trkpt>
<trkpt lat="34.34568183" lon="-111.43270668">
<ele>1652.000</ele>
</trkpt>
<trkpt lat="34.34565862" lon="-111.43265735">
<ele>1651.800</ele>
</trkpt>
<trkpt lat="34.34565862" lon="-111.43265735">
<ele>1651.800</ele>
</trkpt>
<trkpt lat="34.34557867" lon="-111.43259660">
<ele>1650.800</ele>
</trkpt>
<trkpt lat="34.34557867" lon="-111.43259660">
<ele>1650.800</ele>
</trkpt>
<trkpt lat="34.34551733" lon="-111.43253168">
<ele>1650.200</ele>
</trkpt>
<trkpt lat="34.34551733" lon="-111.43253168">
<ele>1650.200</ele>
</trkpt>
<trkpt lat="34.34549882" lon="-111.43249397">
<ele>1650.000</ele>
</trkpt>
<trkpt lat="34.34549882" lon="-111.43249397">
<ele>1650.000</ele>
</trkpt>
<trkpt lat="34.34547393" lon="-111.43241010">
<ele>1649.000</ele>
</trkpt>
<trkpt lat="34.34547393" lon="-111.43241010">
<ele>1649.000</ele>
</trkpt>
<trkpt lat="34.34545928" lon="-111.43236885">
<ele>1649.000</ele>
</trkpt>
<trkpt lat="34.34545928" lon="-111.43236885">
<ele>1649.000</ele>
</trkpt>
<trkpt lat="34.34541587" lon="-111.43228685">
<ele>1647.800</ele>
</trkpt>
<trkpt lat="34.34541587" lon="-111.43228685">
<ele>1647.800</ele>
</trkpt>
<trkpt lat="34.34537523" lon="-111.43220782">
<ele>1647.200</ele>
</trkpt>
<trkpt lat="34.34537523" lon="-111.43220782">
<ele>1647.200</ele>
</trkpt>
<trkpt lat="34.34535918" lon="-111.43217045">
<ele>1646.600</ele>
</trkpt>
<trkpt lat="34.34535918" lon="-111.43217045">
<ele>1646.600</ele>
</trkpt>
<trkpt lat="34.34533732" lon="-111.43209808">
<ele>1645.600</ele>
</trkpt>
<trkpt lat="34.34533732" lon="-111.43209808">
<ele>1645.600</ele>
</trkpt>
<trkpt lat="34.34533250" lon="-111.43206378">
<ele>1644.600</ele>
</trkpt>
<trkpt lat="34.34533250" lon="-111.43206378">
<ele>1644.600</ele>
</trkpt>
<trkpt lat="34.34533542" lon="-111.43199878">
<ele>1643.600</ele>
</trkpt>
<trkpt lat="34.34533542" lon="-111.43199878">
<ele>1643.600</ele>
</trkpt>
<trkpt lat="34.34534157" lon="-111.43196192">
<ele>1643.600</ele>
</trkpt>
<trkpt lat="34.34534157" lon="-111.43196192">
<ele>1643.600</ele>
</trkpt>
<trkpt lat="34.34535698" lon="-111.43187522">
<ele>1643.400</ele>
</trkpt>
<trkpt lat="34.34535698" lon="-111.43187522">
<ele>1643.400</ele>
</trkpt>
<trkpt lat="34.34536365" lon="-111.43183050">
<ele>1642.400</ele>
</trkpt>
<trkpt lat="34.34536365" lon="-111.43183050">
<ele>1642.400</ele>
</trkpt>
<trkpt lat="34.34537810" lon="-111.43173880">
<ele>1641.400</ele>
</trkpt>
<trkpt lat="34.34537810" lon="-111.43173880">
<ele>1641.400</ele>
</trkpt>
<trkpt lat="34.34540478" lon="-111.43164903">
<ele>1640.400</ele>
</trkpt>
<trkpt lat="34.34540478" lon="-111.43164903">
<ele>1640.400</ele>
</trkpt>
<trkpt lat="34.34544080" lon="-111.43155942">
<ele>1640.800</ele>
</trkpt>
<trkpt lat="34.34544080" lon="-111.43155942">
<ele>1640.800</ele>
</trkpt>
<trkpt lat="34.34548097" lon="-111.43147658">
<ele>1639.600</ele>
</trkpt>
<trkpt lat="34.34548097" lon="-111.43147658">
<ele>1639.600</ele>
</trkpt>
<trkpt lat="34.34550247" lon="-111.43143938">
<ele>1641.200</ele>
</trkpt>
<trkpt lat="34.34550247" lon="-111.43143938">
<ele>1641.200</ele>
</trkpt>
<trkpt lat="34.34552467" lon="-111.43140090">
<ele>1640.000</ele>
</trkpt>
<trkpt lat="34.34552467" lon="-111.43140090">
<ele>1640.000</ele>
</trkpt>
<trkpt lat="34.34554408" lon="-111.43136142">
<ele>1640.000</ele>
</trkpt>
<trkpt lat="34.34554408" lon="-111.43136142">
<ele>1640.000</ele>
</trkpt>
<trkpt lat="34.34555367" lon="-111.43132263">
<ele>1640.000</ele>
</trkpt>
<trkpt lat="34.34555367" lon="-111.43132263">
<ele>1640.000</ele>
</trkpt>
<trkpt lat="34.34554675" lon="-111.43125843">
<ele>1638.600</ele>
</trkpt>
<trkpt lat="34.34554675" lon="-111.43125843">
<ele>1638.600</ele>
</trkpt>
<trkpt lat="34.34553398" lon="-111.43123253">
<ele>1637.800</ele>
</trkpt>
<trkpt lat="34.34553398" lon="-111.43123253">
<ele>1637.800</ele>
</trkpt>
<trkpt lat="34.34551332" lon="-111.43120808">
<ele>1637.800</ele>
</trkpt>
<trkpt lat="34.34551332" lon="-111.43120808">
<ele>1637.800</ele>
</trkpt>
<trkpt lat="34.34546250" lon="-111.43115005">
<ele>1635.800</ele>
</trkpt>
<trkpt lat="34.34546250" lon="-111.43115005">
<ele>1635.800</ele>
</trkpt>
<trkpt lat="34.34541898" lon="-111.43109810">
<ele>1634.600</ele>
</trkpt>
<trkpt lat="34.34541898" lon="-111.43109810">
<ele>1634.600</ele>
</trkpt>
<trkpt lat="34.34540293" lon="-111.43108030">
<ele>1634.600</ele>
</trkpt>
<trkpt lat="34.34540293" lon="-111.43108030">
<ele>1634.600</ele>
</trkpt>
<trkpt lat="34.34537913" lon="-111.43105032">
<ele>1634.600</ele>
</trkpt>
<trkpt lat="34.34537913" lon="-111.43105032">
<ele>1634.600</ele>
</trkpt>
<trkpt lat="34.34537365" lon="-111.43103023">
<ele>1634.600</ele>
</trkpt>
<trkpt lat="34.34537365" lon="-111.43103023">
<ele>1634.600</ele>
</trkpt>
<trkpt lat="34.34536680" lon="-111.43101435">
<ele>1634.600</ele>
</trkpt>
<trkpt lat="34.34536680" lon="-111.43101435">
<ele>1634.600</ele>
</trkpt>
<trkpt lat="34.34535193" lon="-111.43099150">
<ele>1634.600</ele>
</trkpt>
<trkpt lat="34.34535193" lon="-111.43099150">
<ele>1634.600</ele>
</trkpt>
<trkpt lat="34.34534467" lon="-111.43096543">
<ele>1634.800</ele>
</trkpt>
<trkpt lat="34.34534467" lon="-111.43096543">
<ele>1634.800</ele>
</trkpt>
<trkpt lat="34.34533250" lon="-111.43094362">
<ele>1634.800</ele>
</trkpt>
<trkpt lat="34.34533250" lon="-111.43094362">
<ele>1634.800</ele>
</trkpt>
<trkpt lat="34.34532742" lon="-111.43091440">
<ele>1634.800</ele>
</trkpt>
<trkpt lat="34.34532742" lon="-111.43091440">
<ele>1634.800</ele>
</trkpt>
<trkpt lat="34.34532790" lon="-111.43091166">
<ele>1634.800</ele>
</trkpt>
<trkpt lat="34.34532790" lon="-111.43091166">
<ele>1634.800</ele>
</trkpt>
<trkpt lat="34.34532592" lon="-111.43089357">
<ele>1634.800</ele>
</trkpt>
<trkpt lat="34.34532592" lon="-111.43089357">
<ele>1634.800</ele>
</trkpt>
<trkpt lat="34.34532859" lon="-111.43086234">
<ele>1636.000</ele>
</trkpt>
<trkpt lat="34.34532859" lon="-111.43086234">
<ele>1636.000</ele>
</trkpt>
<trkpt lat="34.34531944" lon="-111.43084271">
<ele>1636.000</ele>
</trkpt>
<trkpt lat="34.34531944" lon="-111.43084271">
<ele>1636.000</ele>
</trkpt>
<trkpt lat="34.34531057" lon="-111.43082386">
<ele>1636.000</ele>
</trkpt>
<trkpt lat="34.34531057" lon="-111.43082386">
<ele>1636.000</ele>
</trkpt>
<trkpt lat="34.34529200" lon="-111.43080014">
<ele>1637.600</ele>
</trkpt>
<trkpt lat="34.34529200" lon="-111.43080014">
<ele>1637.600</ele>
</trkpt>
<trkpt lat="34.34526645" lon="-111.43077714">
<ele>1637.800</ele>
</trkpt>
<trkpt lat="34.34526645" lon="-111.43077714">
<ele>1637.800</ele>
</trkpt>
<trkpt lat="34.34525287" lon="-111.43076547">
<ele>1637.800</ele>
</trkpt>
<trkpt lat="34.34525287" lon="-111.43076547">
<ele>1637.800</ele>
</trkpt>
<trkpt lat="34.34523707" lon="-111.43075407">
<ele>1637.800</ele>
</trkpt>
<trkpt lat="34.34523707" lon="-111.43075407">
<ele>1637.800</ele>
</trkpt>
<trkpt lat="34.34522022" lon="-111.43074387">
<ele>1637.800</ele>
</trkpt>
<trkpt lat="34.34522022" lon="-111.43074387">
<ele>1637.800</ele>
</trkpt>
<trkpt lat="34.34520247" lon="-111.43073476">
<ele>1638.000</ele>
</trkpt>
<trkpt lat="34.34520247" lon="-111.43073476">
<ele>1638.000</ele>
</trkpt>
<trkpt lat="34.34518444" lon="-111.43072776">
<ele>1638.000</ele>
</trkpt>
<trkpt lat="34.34518444" lon="-111.43072776">
<ele>1638.000</ele>
</trkpt>
<trkpt lat="34.34516439" lon="-111.43072368">
<ele>1638.000</ele>
</trkpt>
<trkpt lat="34.34516439" lon="-111.43072368">
<ele>1638.000</ele>
</trkpt>
<trkpt lat="34.34514345" lon="-111.43072207">
<ele>1638.000</ele>
</trkpt>
<trkpt lat="34.34514345" lon="-111.43072207">
<ele>1638.000</ele>
</trkpt>
<trkpt lat="34.34512315" lon="-111.43072379">
<ele>1638.600</ele>
</trkpt>
<trkpt lat="34.34512315" lon="-111.43072379">
<ele>1638.600</ele>
</trkpt>
<trkpt lat="34.34508592" lon="-111.43073138">
<ele>1638.600</ele>
</trkpt>
<trkpt lat="34.34508592" lon="-111.43073138">
<ele>1638.600</ele>
</trkpt>
<trkpt lat="34.34506677" lon="-111.43073574">
<ele>1638.600</ele>
</trkpt>
<trkpt lat="34.34506677" lon="-111.43073574">
<ele>1638.600</ele>
</trkpt>
<trkpt lat="34.34504537" lon="-111.43074151">
<ele>1639.400</ele>
</trkpt>
<trkpt lat="34.34504537" lon="-111.43074151">
<ele>1639.400</ele>
</trkpt>
<trkpt lat="34.34502267" lon="-111.43074731">
<ele>1639.400</ele>
</trkpt>
<trkpt lat="34.34502267" lon="-111.43074731">
<ele>1639.400</ele>
</trkpt>
<trkpt lat="34.34497844" lon="-111.43075614">
<ele>1640.400</ele>
</trkpt>
<trkpt lat="34.34497844" lon="-111.43075614">
<ele>1640.400</ele>
</trkpt>
<trkpt lat="34.34492985" lon="-111.43075952">
<ele>1640.400</ele>
</trkpt>
<trkpt lat="34.34492985" lon="-111.43075952">
<ele>1640.400</ele>
</trkpt>
<trkpt lat="34.34490427" lon="-111.43075981">
<ele>1641.600</ele>
</trkpt>
<trkpt lat="34.34490427" lon="-111.43075981">
<ele>1641.600</ele>
</trkpt>
<trkpt lat="34.34485582" lon="-111.43075556">
<ele>1641.600</ele>
</trkpt>
<trkpt lat="34.34485582" lon="-111.43075556">
<ele>1641.600</ele>
</trkpt>
<trkpt lat="34.34483445" lon="-111.43075286">
<ele>1642.600</ele>
</trkpt>
<trkpt lat="34.34483445" lon="-111.43075286">
<ele>1642.600</ele>
</trkpt>
<trkpt lat="34.34478584" lon="-111.43074831">
<ele>1642.600</ele>
</trkpt>
<trkpt lat="34.34478584" lon="-111.43074831">
<ele>1642.600</ele>
</trkpt>
<trkpt lat="34.34474074" lon="-111.43075111">
<ele>1643.400</ele>
</trkpt>
<trkpt lat="34.34474074" lon="-111.43075111">
<ele>1643.400</ele>
</trkpt>
<trkpt lat="34.34469950" lon="-111.43075919">
<ele>1644.400</ele>
</trkpt>
<trkpt lat="34.34469950" lon="-111.43075919">
<ele>1644.400</ele>
</trkpt>
<trkpt lat="34.34466102" lon="-111.43076596">
<ele>1644.400</ele>
</trkpt>
<trkpt lat="34.34466102" lon="-111.43076596">
<ele>1644.400</ele>
</trkpt>
<trkpt lat="34.34462730" lon="-111.43076711">
<ele>1645.400</ele>
</trkpt>
<trkpt lat="34.34462730" lon="-111.43076711">
<ele>1645.400</ele>
</trkpt>
<trkpt lat="34.34458345" lon="-111.43076121">
<ele>1645.400</ele>
</trkpt>
<trkpt lat="34.34458345" lon="-111.43076121">
<ele>1645.400</ele>
</trkpt>
<trkpt lat="34.34455014" lon="-111.43075481">
<ele>1646.400</ele>
</trkpt>
<trkpt lat="34.34455014" lon="-111.43075481">
<ele>1646.400</ele>
</trkpt>
<trkpt lat="34.34451715" lon="-111.43074656">
<ele>1646.400</ele>
</trkpt>
<trkpt lat="34.34451715" lon="-111.43074656">
<ele>1646.400</ele>
</trkpt>
<trkpt lat="34.34447757" lon="-111.43073216">
<ele>1647.000</ele>
</trkpt>
<trkpt lat="34.34447757" lon="-111.43073216">
<ele>1647.000</ele>
</trkpt>
<trkpt lat="34.34445278" lon="-111.43071863">
<ele>1649.200</ele>
</trkpt>
<trkpt lat="34.34445278" lon="-111.43071863">
<ele>1649.200</ele>
</trkpt>
<trkpt lat="34.34443612" lon="-111.43070954">
<ele>1649.200</ele>
</trkpt>
<trkpt lat="34.34443612" lon="-111.43070954">
<ele>1649.200</ele>
</trkpt>
<trkpt lat="34.34439322" lon="-111.43069006">
<ele>1649.800</ele>
</trkpt>
<trkpt lat="34.34439322" lon="-111.43069006">
<ele>1649.800</ele>
</trkpt>
<trkpt lat="34.34434790" lon="-111.43067707">
<ele>1649.800</ele>
</trkpt>
<trkpt lat="34.34434790" lon="-111.43067707">
<ele>1649.800</ele>
</trkpt>
<trkpt lat="34.34432670" lon="-111.43067012">
<ele>1649.800</ele>
</trkpt>
<trkpt lat="34.34432670" lon="-111.43067012">
<ele>1649.800</ele>
</trkpt>
<trkpt lat="34.34428989" lon="-111.43065287">
<ele>1649.800</ele>
</trkpt>
<trkpt lat="34.34428989" lon="-111.43065287">
<ele>1649.800</ele>
</trkpt>
<trkpt lat="34.34425375" lon="-111.43062926">
<ele>1652.200</ele>
</trkpt>
<trkpt lat="34.34425375" lon="-111.43062926">
<ele>1652.200</ele>
</trkpt>
<trkpt lat="34.34421759" lon="-111.43060059">
<ele>1652.200</ele>
</trkpt>
<trkpt lat="34.34421759" lon="-111.43060059">
<ele>1652.200</ele>
</trkpt>
<trkpt lat="34.34419980" lon="-111.43058627">
<ele>1652.600</ele>
</trkpt>
<trkpt lat="34.34419980" lon="-111.43058627">
<ele>1652.600</ele>
</trkpt>
<trkpt lat="34.34418145" lon="-111.43057176">
<ele>1652.600</ele>
</trkpt>
<trkpt lat="34.34418145" lon="-111.43057176">
<ele>1652.600</ele>
</trkpt>
<trkpt lat="34.34415144" lon="-111.43054034">
<ele>1654.400</ele>
</trkpt>
<trkpt lat="34.34415144" lon="-111.43054034">
<ele>1654.400</ele>
</trkpt>
<trkpt lat="34.34413897" lon="-111.43052501">
<ele>1654.800</ele>
</trkpt>
<trkpt lat="34.34413897" lon="-111.43052501">
<ele>1654.800</ele>
</trkpt>
<trkpt lat="34.34412710" lon="-111.43050792">
<ele>1654.800</ele>
</trkpt>
<trkpt lat="34.34412710" lon="-111.43050792">
<ele>1654.800</ele>
</trkpt>
<trkpt lat="34.34410220" lon="-111.43047576">
<ele>1654.800</ele>
</trkpt>
<trkpt lat="34.34410220" lon="-111.43047576">
<ele>1654.800</ele>
</trkpt>
<trkpt lat="34.34408805" lon="-111.43046064">
<ele>1656.400</ele>
</trkpt>
<trkpt lat="34.34408805" lon="-111.43046064">
<ele>1656.400</ele>
</trkpt>
<trkpt lat="34.34407297" lon="-111.43044389">
<ele>1657.000</ele>
</trkpt>
<trkpt lat="34.34407297" lon="-111.43044389">
<ele>1657.000</ele>
</trkpt>
<trkpt lat="34.34404440" lon="-111.43040547">
<ele>1657.000</ele>
</trkpt>
<trkpt lat="34.34404440" lon="-111.43040547">
<ele>1657.000</ele>
</trkpt>
<trkpt lat="34.34401599" lon="-111.43036466">
<ele>1658.600</ele>
</trkpt>
<trkpt lat="34.34401599" lon="-111.43036466">
<ele>1658.600</ele>
</trkpt>
<trkpt lat="34.34398997" lon="-111.43032162">
<ele>1659.200</ele>
</trkpt>
<trkpt lat="34.34398997" lon="-111.43032162">
<ele>1659.200</ele>
</trkpt>
<trkpt lat="34.34396707" lon="-111.43027691">
<ele>1660.800</ele>
</trkpt>
<trkpt lat="34.34396707" lon="-111.43027691">
<ele>1660.800</ele>
</trkpt>
<trkpt lat="34.34394685" lon="-111.43022981">
<ele>1660.800</ele>
</trkpt>
<trkpt lat="34.34394685" lon="-111.43022981">
<ele>1660.800</ele>
</trkpt>
<trkpt lat="34.34393914" lon="-111.43020696">
<ele>1660.800</ele>
</trkpt>
<trkpt lat="34.34393914" lon="-111.43020696">
<ele>1660.800</ele>
</trkpt>
<trkpt lat="34.34393265" lon="-111.43018527">
<ele>1662.400</ele>
</trkpt>
<trkpt lat="34.34393265" lon="-111.43018527">
<ele>1662.400</ele>
</trkpt>
<trkpt lat="34.34392220" lon="-111.43014572">
<ele>1663.200</ele>
</trkpt>
<trkpt lat="34.34392220" lon="-111.43014572">
<ele>1663.200</ele>
</trkpt>
<trkpt lat="34.34391482" lon="-111.43010942">
<ele>1665.000</ele>
</trkpt>
<trkpt lat="34.34391482" lon="-111.43010942">
<ele>1665.000</ele>
</trkpt>
<trkpt lat="34.34391067" lon="-111.43007789">
<ele>1665.000</ele>
</trkpt>
<trkpt lat="34.34391067" lon="-111.43007789">
<ele>1665.000</ele>
</trkpt>
<trkpt lat="34.34390192" lon="-111.43001931">
<ele>1666.600</ele>
</trkpt>
<trkpt lat="34.34390192" lon="-111.43001931">
<ele>1666.600</ele>
</trkpt>
<trkpt lat="34.34388907" lon="-111.42997767">
<ele>1666.600</ele>
</trkpt>
<trkpt lat="34.34388907" lon="-111.42997767">
<ele>1666.600</ele>
</trkpt>
<trkpt lat="34.34387075" lon="-111.42996917">
<ele>1666.600</ele>
</trkpt>
<trkpt lat="34.34387075" lon="-111.42996917">
<ele>1666.600</ele>
</trkpt>
<trkpt lat="34.34385702" lon="-111.42993837">
<ele>1668.400</ele>
</trkpt>
<trkpt lat="34.34385702" lon="-111.42993837">
<ele>1668.400</ele>
</trkpt>
<trkpt lat="34.34383512" lon="-111.42989836">
<ele>1668.400</ele>
</trkpt>
<trkpt lat="34.34383512" lon="-111.42989836">
<ele>1668.400</ele>
</trkpt>
<trkpt lat="34.34381170" lon="-111.42985341">
<ele>1669.400</ele>
</trkpt>
<trkpt lat="34.34381170" lon="-111.42985341">
<ele>1669.400</ele>
</trkpt>
<trkpt lat="34.34380179" lon="-111.42983349">
<ele>1669.400</ele>
</trkpt>
<trkpt lat="34.34380179" lon="-111.42983349">
<ele>1669.400</ele>
</trkpt>
<trkpt lat="34.34378204" lon="-111.42979901">
<ele>1669.800</ele>
</trkpt>
<trkpt lat="34.34378204" lon="-111.42979901">
<ele>1669.800</ele>
</trkpt>
<trkpt lat="34.34377100" lon="-111.42978202">
<ele>1669.800</ele>
</trkpt>
<trkpt lat="34.34377100" lon="-111.42978202">
<ele>1669.800</ele>
</trkpt>
<trkpt lat="34.34375942" lon="-111.42976439">
<ele>1670.600</ele>
</trkpt>
<trkpt lat="34.34375942" lon="-111.42976439">
<ele>1670.600</ele>
</trkpt>
<trkpt lat="34.34373657" lon="-111.42972799">
<ele>1670.600</ele>
</trkpt>
<trkpt lat="34.34373657" lon="-111.42972799">
<ele>1670.600</ele>
</trkpt>
<trkpt lat="34.34372594" lon="-111.42970894">
<ele>1670.600</ele>
</trkpt>
<trkpt lat="34.34372594" lon="-111.42970894">
<ele>1670.600</ele>
</trkpt>
<trkpt lat="34.34370307" lon="-111.42966602">
<ele>1671.600</ele>
</trkpt>
<trkpt lat="34.34370307" lon="-111.42966602">
<ele>1671.600</ele>
</trkpt>
<trkpt lat="34.34368590" lon="-111.42963062">
<ele>1671.600</ele>
</trkpt>
<trkpt lat="34.34368590" lon="-111.42963062">
<ele>1671.600</ele>
</trkpt>
<trkpt lat="34.34365432" lon="-111.42957007">
<ele>1672.000</ele>
</trkpt>
<trkpt lat="34.34365432" lon="-111.42957007">
<ele>1672.000</ele>
</trkpt>
<trkpt lat="34.34363637" lon="-111.42954534">
<ele>1672.200</ele>
</trkpt>
<trkpt lat="34.34363637" lon="-111.42954534">
<ele>1672.200</ele>
</trkpt>
<trkpt lat="34.34359985" lon="-111.42950481">
<ele>1672.600</ele>
</trkpt>
<trkpt lat="34.34359985" lon="-111.42950481">
<ele>1672.600</ele>
</trkpt>
<trkpt lat="34.34356400" lon="-111.42946941">
<ele>1672.600</ele>
</trkpt>
<trkpt lat="34.34356400" lon="-111.42946941">
<ele>1672.600</ele>
</trkpt>
<trkpt lat="34.34355189" lon="-111.42945460">
<ele>1672.600</ele>
</trkpt>
<trkpt lat="34.34355189" lon="-111.42945460">
<ele>1672.600</ele>
</trkpt>
<trkpt lat="34.34352227" lon="-111.42944166">
<ele>1672.600</ele>
</trkpt>
<trkpt lat="34.34352227" lon="-111.42944166">
<ele>1672.600</ele>
</trkpt>
<trkpt lat="34.34349520" lon="-111.42944278">
<ele>1672.600</ele>
</trkpt>
<trkpt lat="34.34349520" lon="-111.42944278">
<ele>1672.600</ele>
</trkpt>
<trkpt lat="34.34346320" lon="-111.42945162">
<ele>1672.600</ele>
</trkpt>
<trkpt lat="34.34346320" lon="-111.42945162">
<ele>1672.600</ele>
</trkpt>
<trkpt lat="34.34344605" lon="-111.42946002">
<ele>1672.600</ele>
</trkpt>
<trkpt lat="34.34344605" lon="-111.42946002">
<ele>1672.600</ele>
</trkpt>
<trkpt lat="34.34341747" lon="-111.42947579">
<ele>1672.200</ele>
</trkpt>
<trkpt lat="34.34341747" lon="-111.42947579">
<ele>1672.200</ele>
</trkpt>
<trkpt lat="34.34338725" lon="-111.42948852">
<ele>1672.200</ele>
</trkpt>
<trkpt lat="34.34338725" lon="-111.42948852">
<ele>1672.200</ele>
</trkpt>
<trkpt lat="34.34335957" lon="-111.42950019">
<ele>1672.000</ele>
</trkpt>
<trkpt lat="34.34335957" lon="-111.42950019">
<ele>1672.000</ele>
</trkpt>
<trkpt lat="34.34334584" lon="-111.42950131">
<ele>1672.000</ele>
</trkpt>
<trkpt lat="34.34334584" lon="-111.42950131">
<ele>1672.000</ele>
</trkpt>
<trkpt lat="34.34330889" lon="-111.42949034">
<ele>1672.000</ele>
</trkpt>
<trkpt lat="34.34330889" lon="-111.42949034">
<ele>1672.000</ele>
</trkpt>
<trkpt lat="34.34330455" lon="-111.42948871">
<ele>1672.000</ele>
</trkpt>
<trkpt lat="34.34330455" lon="-111.42948871">
<ele>1672.000</ele>
</trkpt>
<trkpt lat="34.34326794" lon="-111.42947492">
<ele>1671.600</ele>
</trkpt>
<trkpt lat="34.34326794" lon="-111.42947492">
<ele>1671.600</ele>
</trkpt>
<trkpt lat="34.34324707" lon="-111.42946836">
<ele>1671.600</ele>
</trkpt>
<trkpt lat="34.34324707" lon="-111.42946836">
<ele>1671.600</ele>
</trkpt>
<trkpt lat="34.34322824" lon="-111.42946231">
<ele>1671.600</ele>
</trkpt>
<trkpt lat="34.34322824" lon="-111.42946231">
<ele>1671.600</ele>
</trkpt>
<trkpt lat="34.34320667" lon="-111.42945711">
<ele>1671.200</ele>
</trkpt>
<trkpt lat="34.34320667" lon="-111.42945711">
<ele>1671.200</ele>
</trkpt>
<trkpt lat="34.34318220" lon="-111.42945187">
<ele>1671.200</ele>
</trkpt>
<trkpt lat="34.34318220" lon="-111.42945187">
<ele>1671.200</ele>
</trkpt>
<trkpt lat="34.34313200" lon="-111.42944356">
<ele>1670.800</ele>
</trkpt>
<trkpt lat="34.34313200" lon="-111.42944356">
<ele>1670.800</ele>
</trkpt>
<trkpt lat="34.34307807" lon="-111.42943757">
<ele>1670.400</ele>
</trkpt>
<trkpt lat="34.34307807" lon="-111.42943757">
<ele>1670.400</ele>
</trkpt>
<trkpt lat="34.34302389" lon="-111.42943577">
<ele>1670.400</ele>
</trkpt>
<trkpt lat="34.34302389" lon="-111.42943577">
<ele>1670.400</ele>
</trkpt>
<trkpt lat="34.34296265" lon="-111.42944296">
<ele>1669.800</ele>
</trkpt>
<trkpt lat="34.34296265" lon="-111.42944296">
<ele>1669.800</ele>
</trkpt>
<trkpt lat="34.34293194" lon="-111.42944981">
<ele>1669.000</ele>
</trkpt>
<trkpt lat="34.34293194" lon="-111.42944981">
<ele>1669.000</ele>
</trkpt>
<trkpt lat="34.34290039" lon="-111.42945892">
<ele>1669.000</ele>
</trkpt>
<trkpt lat="34.34290039" lon="-111.42945892">
<ele>1669.000</ele>
</trkpt>
<trkpt lat="34.34283420" lon="-111.42948109">
<ele>1668.400</ele>
</trkpt>
<trkpt lat="34.34283420" lon="-111.42948109">
<ele>1668.400</ele>
</trkpt>
<trkpt lat="34.34280162" lon="-111.42949387">
<ele>1668.400</ele>
</trkpt>
<trkpt lat="34.34280162" lon="-111.42949387">
<ele>1668.400</ele>
</trkpt>
<trkpt lat="34.34274164" lon="-111.42952886">
<ele>1667.400</ele>
</trkpt>
<trkpt lat="34.34274164" lon="-111.42952886">
<ele>1667.400</ele>
</trkpt>
<trkpt lat="34.34269360" lon="-111.42956722">
<ele>1666.600</ele>
</trkpt>
<trkpt lat="34.34269360" lon="-111.42956722">
<ele>1666.600</ele>
</trkpt>
<trkpt lat="34.34267319" lon="-111.42958532">
<ele>1666.600</ele>
</trkpt>
<trkpt lat="34.34267319" lon="-111.42958532">
<ele>1666.600</ele>
</trkpt>
<trkpt lat="34.34263084" lon="-111.42962692">
<ele>1665.400</ele>
</trkpt>
<trkpt lat="34.34263084" lon="-111.42962692">
<ele>1665.400</ele>
</trkpt>
<trkpt lat="34.34258795" lon="-111.42966672">
<ele>1665.400</ele>
</trkpt>
<trkpt lat="34.34258795" lon="-111.42966672">
<ele>1665.400</ele>
</trkpt>
<trkpt lat="34.34256650" lon="-111.42968431">
<ele>1664.800</ele>
</trkpt>
<trkpt lat="34.34256650" lon="-111.42968431">
<ele>1664.800</ele>
</trkpt>
<trkpt lat="34.34254430" lon="-111.42969807">
<ele>1664.400</ele>
</trkpt>
<trkpt lat="34.34254430" lon="-111.42969807">
<ele>1664.400</ele>
</trkpt>
<trkpt lat="34.34252055" lon="-111.42970792">
<ele>1664.400</ele>
</trkpt>
<trkpt lat="34.34252055" lon="-111.42970792">
<ele>1664.400</ele>
</trkpt>
<trkpt lat="34.34249564" lon="-111.42971594">
<ele>1663.600</ele>
</trkpt>
<trkpt lat="34.34249564" lon="-111.42971594">
<ele>1663.600</ele>
</trkpt>
<trkpt lat="34.34245104" lon="-111.42972901">
<ele>1663.600</ele>
</trkpt>
<trkpt lat="34.34245104" lon="-111.42972901">
<ele>1663.600</ele>
</trkpt>
<trkpt lat="34.34242844" lon="-111.42973374">
<ele>1662.800</ele>
</trkpt>
<trkpt lat="34.34242844" lon="-111.42973374">
<ele>1662.800</ele>
</trkpt>
<trkpt lat="34.34241817" lon="-111.42973346">
<ele>1662.800</ele>
</trkpt>
<trkpt lat="34.34241817" lon="-111.42973346">
<ele>1662.800</ele>
</trkpt>
<trkpt lat="34.34238080" lon="-111.42973244">
<ele>1662.800</ele>
</trkpt>
<trkpt lat="34.34238080" lon="-111.42973244">
<ele>1662.800</ele>
</trkpt>
<trkpt lat="34.34235757" lon="-111.42972849">
<ele>1662.000</ele>
</trkpt>
<trkpt lat="34.34235757" lon="-111.42972849">
<ele>1662.000</ele>
</trkpt>
<trkpt lat="34.34233325" lon="-111.42972029">
<ele>1662.000</ele>
</trkpt>
<trkpt lat="34.34233325" lon="-111.42972029">
<ele>1662.000</ele>
</trkpt>
<trkpt lat="34.34227925" lon="-111.42968826">
<ele>1661.600</ele>
</trkpt>
<trkpt lat="34.34227925" lon="-111.42968826">
<ele>1661.600</ele>
</trkpt>
<trkpt lat="34.34221800" lon="-111.42964586">
<ele>1660.600</ele>
</trkpt>
<trkpt lat="34.34221800" lon="-111.42964586">
<ele>1660.600</ele>
</trkpt>
<trkpt lat="34.34215405" lon="-111.42961047">
<ele>1659.600</ele>
</trkpt>
<trkpt lat="34.34215405" lon="-111.42961047">
<ele>1659.600</ele>
</trkpt>
<trkpt lat="34.34212417" lon="-111.42959194">
<ele>1659.600</ele>
</trkpt>
<trkpt lat="34.34212417" lon="-111.42959194">
<ele>1659.600</ele>
</trkpt>
<trkpt lat="34.34209714" lon="-111.42957037">
<ele>1659.600</ele>
</trkpt>
<trkpt lat="34.34209714" lon="-111.42957037">
<ele>1659.600</ele>
</trkpt>
<trkpt lat="34.34207197" lon="-111.42954487">
<ele>1658.600</ele>
</trkpt>
<trkpt lat="34.34207197" lon="-111.42954487">
<ele>1658.600</ele>
</trkpt>
<trkpt lat="34.34202477" lon="-111.42948404">
<ele>1659.000</ele>
</trkpt>
<trkpt lat="34.34202477" lon="-111.42948404">
<ele>1659.000</ele>
</trkpt>
<trkpt lat="34.34197822" lon="-111.42942457">
<ele>1658.400</ele>
</trkpt>
<trkpt lat="34.34197822" lon="-111.42942457">
<ele>1658.400</ele>
</trkpt>
<trkpt lat="34.34195392" lon="-111.42939896">
<ele>1658.400</ele>
</trkpt>
<trkpt lat="34.34195392" lon="-111.42939896">
<ele>1658.400</ele>
</trkpt>
<trkpt lat="34.34191052" lon="-111.42935402">
<ele>1657.400</ele>
</trkpt>
<trkpt lat="34.34191052" lon="-111.42935402">
<ele>1657.400</ele>
</trkpt>
<trkpt lat="34.34188822" lon="-111.42933557">
<ele>1657.400</ele>
</trkpt>
<trkpt lat="34.34188822" lon="-111.42933557">
<ele>1657.400</ele>
</trkpt>
<trkpt lat="34.34186687" lon="-111.42931787">
<ele>1656.200</ele>
</trkpt>
<trkpt lat="34.34186687" lon="-111.42931787">
<ele>1656.200</ele>
</trkpt>
<trkpt lat="34.34184650" lon="-111.42930076">
<ele>1656.200</ele>
</trkpt>
<trkpt lat="34.34184650" lon="-111.42930076">
<ele>1656.200</ele>
</trkpt>
<trkpt lat="34.34180114" lon="-111.42926647">
<ele>1655.200</ele>
</trkpt>
<trkpt lat="34.34180114" lon="-111.42926647">
<ele>1655.200</ele>
</trkpt>
<trkpt lat="34.34177562" lon="-111.42925242">
<ele>1655.400</ele>
</trkpt>
<trkpt lat="34.34177562" lon="-111.42925242">
<ele>1655.400</ele>
</trkpt>
<trkpt lat="34.34172300" lon="-111.42923167">
<ele>1654.400</ele>
</trkpt>
<trkpt lat="34.34172300" lon="-111.42923167">
<ele>1654.400</ele>
</trkpt>
<trkpt lat="34.34169477" lon="-111.42922231">
<ele>1654.400</ele>
</trkpt>
<trkpt lat="34.34169477" lon="-111.42922231">
<ele>1654.400</ele>
</trkpt>
<trkpt lat="34.34166645" lon="-111.42921342">
<ele>1654.400</ele>
</trkpt>
<trkpt lat="34.34166645" lon="-111.42921342">
<ele>1654.400</ele>
</trkpt>
<trkpt lat="34.34160969" lon="-111.42919056">
<ele>1653.200</ele>
</trkpt>
<trkpt lat="34.34160969" lon="-111.42919056">
<ele>1653.200</ele>
</trkpt>
<trkpt lat="34.34155484" lon="-111.42916001">
<ele>1652.200</ele>
</trkpt>
<trkpt lat="34.34155484" lon="-111.42916001">
<ele>1652.200</ele>
</trkpt>
<trkpt lat="34.34150414" lon="-111.42911961">
<ele>1651.000</ele>
</trkpt>
<trkpt lat="34.34150414" lon="-111.42911961">
<ele>1651.000</ele>
</trkpt>
<trkpt lat="34.34148232" lon="-111.42909591">
<ele>1651.000</ele>
</trkpt>
<trkpt lat="34.34148232" lon="-111.42909591">
<ele>1651.000</ele>
</trkpt>
<trkpt lat="34.34144572" lon="-111.42904574">
<ele>1650.000</ele>
</trkpt>
<trkpt lat="34.34144572" lon="-111.42904574">
<ele>1650.000</ele>
</trkpt>
<trkpt lat="34.34142825" lon="-111.42901811">
<ele>1650.000</ele>
</trkpt>
<trkpt lat="34.34142825" lon="-111.42901811">
<ele>1650.000</ele>
</trkpt>
<trkpt lat="34.34139227" lon="-111.42896306">
<ele>1650.200</ele>
</trkpt>
<trkpt lat="34.34139227" lon="-111.42896306">
<ele>1650.200</ele>
</trkpt>
<trkpt lat="34.34135370" lon="-111.42891516">
<ele>1649.600</ele>
</trkpt>
<trkpt lat="34.34135370" lon="-111.42891516">
<ele>1649.600</ele>
</trkpt>
<trkpt lat="34.34131602" lon="-111.42887582">
<ele>1649.600</ele>
</trkpt>
<trkpt lat="34.34131602" lon="-111.42887582">
<ele>1649.600</ele>
</trkpt>
<trkpt lat="34.34129667" lon="-111.42885707">
<ele>1648.400</ele>
</trkpt>
<trkpt lat="34.34129667" lon="-111.42885707">
<ele>1648.400</ele>
</trkpt>
<trkpt lat="34.34125150" lon="-111.42882516">
<ele>1648.600</ele>
</trkpt>
<trkpt lat="34.34125150" lon="-111.42882516">
<ele>1648.600</ele>
</trkpt>
<trkpt lat="34.34122665" lon="-111.42881176">
<ele>1647.400</ele>
</trkpt>
<trkpt lat="34.34122665" lon="-111.42881176">
<ele>1647.400</ele>
</trkpt>
<trkpt lat="34.34117085" lon="-111.42878281">
<ele>1647.400</ele>
</trkpt>
<trkpt lat="34.34117085" lon="-111.42878281">
<ele>1647.400</ele>
</trkpt>
<trkpt lat="34.34110860" lon="-111.42874751">
<ele>1646.000</ele>
</trkpt>
<trkpt lat="34.34110860" lon="-111.42874751">
<ele>1646.000</ele>
</trkpt>
<trkpt lat="34.34104617" lon="-111.42870456">
<ele>1644.800</ele>
</trkpt>
<trkpt lat="34.34104617" lon="-111.42870456">
<ele>1644.800</ele>
</trkpt>
<trkpt lat="34.34100432" lon="-111.42866922">
<ele>1643.400</ele>
</trkpt>
<trkpt lat="34.34100432" lon="-111.42866922">
<ele>1643.400</ele>
</trkpt>
<trkpt lat="34.34096830" lon="-111.42864321">
<ele>1643.800</ele>
</trkpt>
<trkpt lat="34.34096830" lon="-111.42864321">
<ele>1643.800</ele>
</trkpt>
<trkpt lat="34.34091592" lon="-111.42861592">
<ele>1642.600</ele>
</trkpt>
<trkpt lat="34.34091592" lon="-111.42861592">
<ele>1642.600</ele>
</trkpt>
<trkpt lat="34.34089217" lon="-111.42860391">
<ele>1642.600</ele>
</trkpt>
<trkpt lat="34.34089217" lon="-111.42860391">
<ele>1642.600</ele>
</trkpt>
<trkpt lat="34.34087640" lon="-111.42859544">
<ele>1641.600</ele>
</trkpt>
<trkpt lat="34.34087640" lon="-111.42859544">
<ele>1641.600</ele>
</trkpt>
<trkpt lat="34.34084172" lon="-111.42857481">
<ele>1641.600</ele>
</trkpt>
<trkpt lat="34.34084172" lon="-111.42857481">
<ele>1641.600</ele>
</trkpt>
<trkpt lat="34.34082157" lon="-111.42856117">
<ele>1641.600</ele>
</trkpt>
<trkpt lat="34.34082157" lon="-111.42856117">
<ele>1641.600</ele>
</trkpt>
<trkpt lat="34.34080049" lon="-111.42854702">
<ele>1640.400</ele>
</trkpt>
<trkpt lat="34.34080049" lon="-111.42854702">
<ele>1640.400</ele>
</trkpt>
<trkpt lat="34.34075727" lon="-111.42852046">
<ele>1640.400</ele>
</trkpt>
<trkpt lat="34.34075727" lon="-111.42852046">
<ele>1640.400</ele>
</trkpt>
<trkpt lat="34.34071982" lon="-111.42848617">
<ele>1639.200</ele>
</trkpt>
<trkpt lat="34.34071982" lon="-111.42848617">
<ele>1639.200</ele>
</trkpt>
<trkpt lat="34.34068282" lon="-111.42845276">
<ele>1639.200</ele>
</trkpt>
<trkpt lat="34.34068282" lon="-111.42845276">
<ele>1639.200</ele>
</trkpt>
<trkpt lat="34.34064387" lon="-111.42842216">
<ele>1638.200</ele>
</trkpt>
<trkpt lat="34.34064387" lon="-111.42842216">
<ele>1638.200</ele>
</trkpt>
<trkpt lat="34.34060320" lon="-111.42838912">
<ele>1638.400</ele>
</trkpt>
<trkpt lat="34.34060320" lon="-111.42838912">
<ele>1638.400</ele>
</trkpt>
<trkpt lat="34.34056090" lon="-111.42836107">
<ele>1637.200</ele>
</trkpt>
<trkpt lat="34.34056090" lon="-111.42836107">
<ele>1637.200</ele>
</trkpt>
<trkpt lat="34.34052445" lon="-111.42832686">
<ele>1636.200</ele>
</trkpt>
<trkpt lat="34.34052445" lon="-111.42832686">
<ele>1636.200</ele>
</trkpt>
<trkpt lat="34.34048377" lon="-111.42829096">
<ele>1636.400</ele>
</trkpt>
<trkpt lat="34.34048377" lon="-111.42829096">
<ele>1636.400</ele>
</trkpt>
<trkpt lat="34.34043480" lon="-111.42825121">
<ele>1635.600</ele>
</trkpt>
<trkpt lat="34.34043480" lon="-111.42825121">
<ele>1635.600</ele>
</trkpt>
<trkpt lat="34.34038335" lon="-111.42821401">
<ele>1635.200</ele>
</trkpt>
<trkpt lat="34.34038335" lon="-111.42821401">
<ele>1635.200</ele>
</trkpt>
<trkpt lat="34.34033295" lon="-111.42817811">
<ele>1635.200</ele>
</trkpt>
<trkpt lat="34.34033295" lon="-111.42817811">
<ele>1635.200</ele>
</trkpt>
<trkpt lat="34.34028005" lon="-111.42813857">
<ele>1634.800</ele>
</trkpt>
<trkpt lat="34.34028005" lon="-111.42813857">
<ele>1634.800</ele>
</trkpt>
<trkpt lat="34.34025237" lon="-111.42811799">
<ele>1634.800</ele>
</trkpt>
<trkpt lat="34.34025237" lon="-111.42811799">
<ele>1634.800</ele>
</trkpt>
<trkpt lat="34.34022605" lon="-111.42809736">
<ele>1634.000</ele>
</trkpt>
<trkpt lat="34.34022605" lon="-111.42809736">
<ele>1634.000</ele>
</trkpt>
<trkpt lat="34.34017545" lon="-111.42805051">
<ele>1633.600</ele>
</trkpt>
<trkpt lat="34.34017545" lon="-111.42805051">
<ele>1633.600</ele>
</trkpt>
<trkpt lat="34.34012687" lon="-111.42800609">
<ele>1633.600</ele>
</trkpt>
<trkpt lat="34.34012687" lon="-111.42800609">
<ele>1633.600</ele>
</trkpt>
<trkpt lat="34.34010337" lon="-111.42798652">
<ele>1632.800</ele>
</trkpt>
<trkpt lat="34.34010337" lon="-111.42798652">
<ele>1632.800</ele>
</trkpt>
<trkpt lat="34.34008139" lon="-111.42796711">
<ele>1633.200</ele>
</trkpt>
<trkpt lat="34.34008139" lon="-111.42796711">
<ele>1633.200</ele>
</trkpt>
<trkpt lat="34.34004152" lon="-111.42793054">
<ele>1633.200</ele>
</trkpt>
<trkpt lat="34.34004152" lon="-111.42793054">
<ele>1633.200</ele>
</trkpt>
<trkpt lat="34.34000424" lon="-111.42789981">
<ele>1632.600</ele>
</trkpt>
<trkpt lat="34.34000424" lon="-111.42789981">
<ele>1632.600</ele>
</trkpt>
<trkpt lat="34.33996519" lon="-111.42787051">
<ele>1633.200</ele>
</trkpt>
<trkpt lat="34.33996519" lon="-111.42787051">
<ele>1633.200</ele>
</trkpt>
<trkpt lat="34.33994619" lon="-111.42785697">
<ele>1632.600</ele>
</trkpt>
<trkpt lat="34.33994619" lon="-111.42785697">
<ele>1632.600</ele>
</trkpt>
<trkpt lat="34.33990792" lon="-111.42782736">
<ele>1632.600</ele>
</trkpt>
<trkpt lat="34.33990792" lon="-111.42782736">
<ele>1632.600</ele>
</trkpt>
<trkpt lat="34.33988815" lon="-111.42781236">
<ele>1632.000</ele>
</trkpt>
<trkpt lat="34.33988815" lon="-111.42781236">
<ele>1632.000</ele>
</trkpt>
<trkpt lat="34.33984977" lon="-111.42777969">
<ele>1632.400</ele>
</trkpt>
<trkpt lat="34.33984977" lon="-111.42777969">
<ele>1632.400</ele>
</trkpt>
<trkpt lat="34.33982980" lon="-111.42776377">
<ele>1632.400</ele>
</trkpt>
<trkpt lat="34.33982980" lon="-111.42776377">
<ele>1632.400</ele>
</trkpt>
<trkpt lat="34.33979017" lon="-111.42773476">
<ele>1631.800</ele>
</trkpt>
<trkpt lat="34.33979017" lon="-111.42773476">
<ele>1631.800</ele>
</trkpt>
<trkpt lat="34.33975554" lon="-111.42770399">
<ele>1632.200</ele>
</trkpt>
<trkpt lat="34.33975554" lon="-111.42770399">
<ele>1632.200</ele>
</trkpt>
<trkpt lat="34.33973830" lon="-111.42768917">
<ele>1631.600</ele>
</trkpt>
<trkpt lat="34.33973830" lon="-111.42768917">
<ele>1631.600</ele>
</trkpt>
<trkpt lat="34.33971992" lon="-111.42767506">
<ele>1631.600</ele>
</trkpt>
<trkpt lat="34.33971992" lon="-111.42767506">
<ele>1631.600</ele>
</trkpt>
<trkpt lat="34.33968424" lon="-111.42764637">
<ele>1631.600</ele>
</trkpt>
<trkpt lat="34.33968424" lon="-111.42764637">
<ele>1631.600</ele>
</trkpt>
<trkpt lat="34.33966615" lon="-111.42763082">
<ele>1631.600</ele>
</trkpt>
<trkpt lat="34.33966615" lon="-111.42763082">
<ele>1631.600</ele>
</trkpt>
<trkpt lat="34.33962905" lon="-111.42759941">
<ele>1631.600</ele>
</trkpt>
<trkpt lat="34.33962905" lon="-111.42759941">
<ele>1631.600</ele>
</trkpt>
<trkpt lat="34.33961119" lon="-111.42758557">
<ele>1631.600</ele>
</trkpt>
<trkpt lat="34.33961119" lon="-111.42758557">
<ele>1631.600</ele>
</trkpt>
<trkpt lat="34.33957777" lon="-111.42755502">
<ele>1631.000</ele>
</trkpt>
<trkpt lat="34.33957777" lon="-111.42755502">
<ele>1631.000</ele>
</trkpt>
<trkpt lat="34.33954305" lon="-111.42752246">
<ele>1631.400</ele>
</trkpt>
<trkpt lat="34.33954305" lon="-111.42752246">
<ele>1631.400</ele>
</trkpt>
<trkpt lat="34.33952375" lon="-111.42750972">
<ele>1630.800</ele>
</trkpt>
<trkpt lat="34.33952375" lon="-111.42750972">
<ele>1630.800</ele>
</trkpt>
<trkpt lat="34.33950225" lon="-111.42749902">
<ele>1630.800</ele>
</trkpt>
<trkpt lat="34.33950225" lon="-111.42749902">
<ele>1630.800</ele>
</trkpt>
<trkpt lat="34.33945410" lon="-111.42748351">
<ele>1630.200</ele>
</trkpt>
<trkpt lat="34.33945410" lon="-111.42748351">
<ele>1630.200</ele>
</trkpt>
<trkpt lat="34.33942859" lon="-111.42747757">
<ele>1630.200</ele>
</trkpt>
<trkpt lat="34.33942859" lon="-111.42747757">
<ele>1630.200</ele>
</trkpt>
<trkpt lat="34.33940477" lon="-111.42747062">
<ele>1630.200</ele>
</trkpt>
<trkpt lat="34.33940477" lon="-111.42747062">
<ele>1630.200</ele>
</trkpt>
<trkpt lat="34.33936385" lon="-111.42744351">
<ele>1629.800</ele>
</trkpt>
<trkpt lat="34.33936385" lon="-111.42744351">
<ele>1629.800</ele>
</trkpt>
<trkpt lat="34.33934369" lon="-111.42742612">
<ele>1629.800</ele>
</trkpt>
<trkpt lat="34.33934369" lon="-111.42742612">
<ele>1629.800</ele>
</trkpt>
<trkpt lat="34.33932023" lon="-111.42740511">
<ele>1629.400</ele>
</trkpt>
<trkpt lat="34.33932023" lon="-111.42740511">
<ele>1629.400</ele>
</trkpt>
<trkpt lat="34.33930500" lon="-111.42739147">
<ele>1629.400</ele>
</trkpt>
<trkpt lat="34.33930500" lon="-111.42739147">
<ele>1629.400</ele>
</trkpt>
<trkpt lat="34.33927279" lon="-111.42734741">
<ele>1629.600</ele>
</trkpt>
<trkpt lat="34.33927279" lon="-111.42734741">
<ele>1629.600</ele>
</trkpt>
<trkpt lat="34.33924127" lon="-111.42730851">
<ele>1629.200</ele>
</trkpt>
<trkpt lat="34.33924127" lon="-111.42730851">
<ele>1629.200</ele>
</trkpt>
<trkpt lat="34.33922234" lon="-111.42729219">
<ele>1629.200</ele>
</trkpt>
<trkpt lat="34.33922234" lon="-111.42729219">
<ele>1629.200</ele>
</trkpt>
<trkpt lat="34.33918107" lon="-111.42726716">
<ele>1628.800</ele>
</trkpt>
<trkpt lat="34.33918107" lon="-111.42726716">
<ele>1628.800</ele>
</trkpt>
<trkpt lat="34.33916120" lon="-111.42725909">
<ele>1628.800</ele>
</trkpt>
<trkpt lat="34.33916120" lon="-111.42725909">
<ele>1628.800</ele>
</trkpt>
<trkpt lat="34.33914895" lon="-111.42724486">
<ele>1628.800</ele>
</trkpt>
<trkpt lat="34.33914895" lon="-111.42724486">
<ele>1628.800</ele>
</trkpt>
<trkpt lat="34.33913352" lon="-111.42723734">
<ele>1628.800</ele>
</trkpt>
<trkpt lat="34.33913352" lon="-111.42723734">
<ele>1628.800</ele>
</trkpt>
<trkpt lat="34.33911720" lon="-111.42723062">
<ele>1628.800</ele>
</trkpt>
<trkpt lat="34.33911720" lon="-111.42723062">
<ele>1628.800</ele>
</trkpt>
<trkpt lat="34.33910297" lon="-111.42722441">
<ele>1628.200</ele>
</trkpt>
<trkpt lat="34.33910297" lon="-111.42722441">
<ele>1628.200</ele>
</trkpt>
<trkpt lat="34.33908370" lon="-111.42721949">
<ele>1628.200</ele>
</trkpt>
<trkpt lat="34.33908370" lon="-111.42721949">
<ele>1628.200</ele>
</trkpt>
<trkpt lat="34.33907105" lon="-111.42721247">
<ele>1628.200</ele>
</trkpt>
<trkpt lat="34.33907105" lon="-111.42721247">
<ele>1628.200</ele>
</trkpt>
<trkpt lat="34.33904612" lon="-111.42719776">
<ele>1628.600</ele>
</trkpt>
<trkpt lat="34.33904612" lon="-111.42719776">
<ele>1628.600</ele>
</trkpt>
<trkpt lat="34.33902120" lon="-111.42717882">
<ele>1628.000</ele>
</trkpt>
<trkpt lat="34.33902120" lon="-111.42717882">
<ele>1628.000</ele>
</trkpt>
<trkpt lat="34.33900777" lon="-111.42717071">
<ele>1628.000</ele>
</trkpt>
<trkpt lat="34.33900777" lon="-111.42717071">
<ele>1628.000</ele>
</trkpt>
<trkpt lat="34.33899204" lon="-111.42716181">
<ele>1628.000</ele>
</trkpt>
<trkpt lat="34.33899204" lon="-111.42716181">
<ele>1628.000</ele>
</trkpt>
<trkpt lat="34.33895745" lon="-111.42713706">
<ele>1627.600</ele>
</trkpt>
<trkpt lat="34.33895745" lon="-111.42713706">
<ele>1627.600</ele>
</trkpt>
<trkpt lat="34.33891785" lon="-111.42710646">
<ele>1627.800</ele>
</trkpt>
<trkpt lat="34.33891785" lon="-111.42710646">
<ele>1627.800</ele>
</trkpt>
<trkpt lat="34.33889477" lon="-111.42709046">
<ele>1627.400</ele>
</trkpt>
<trkpt lat="34.33889477" lon="-111.42709046">
<ele>1627.400</ele>
</trkpt>
<trkpt lat="34.33885702" lon="-111.42706226">
<ele>1627.400</ele>
</trkpt>
<trkpt lat="34.33885702" lon="-111.42706226">
<ele>1627.400</ele>
</trkpt>
<trkpt lat="34.33884187" lon="-111.42704886">
<ele>1627.400</ele>
</trkpt>
<trkpt lat="34.33884187" lon="-111.42704886">
<ele>1627.400</ele>
</trkpt>
<trkpt lat="34.33882884" lon="-111.42703507">
<ele>1627.000</ele>
</trkpt>
<trkpt lat="34.33882884" lon="-111.42703507">
<ele>1627.000</ele>
</trkpt>
<trkpt lat="34.33880519" lon="-111.42700516">
<ele>1627.200</ele>
</trkpt>
<trkpt lat="34.33880519" lon="-111.42700516">
<ele>1627.200</ele>
</trkpt>
<trkpt lat="34.33877992" lon="-111.42697317">
<ele>1627.200</ele>
</trkpt>
<trkpt lat="34.33877992" lon="-111.42697317">
<ele>1627.200</ele>
</trkpt>
<trkpt lat="34.33876530" lon="-111.42695712">
<ele>1627.200</ele>
</trkpt>
<trkpt lat="34.33876530" lon="-111.42695712">
<ele>1627.200</ele>
</trkpt>
<trkpt lat="34.33875012" lon="-111.42694134">
<ele>1627.000</ele>
</trkpt>
<trkpt lat="34.33875012" lon="-111.42694134">
<ele>1627.000</ele>
</trkpt>
<trkpt lat="34.33872037" lon="-111.42691076">
<ele>1627.000</ele>
</trkpt>
<trkpt lat="34.33872037" lon="-111.42691076">
<ele>1627.000</ele>
</trkpt>
<trkpt lat="34.33868985" lon="-111.42688361">
<ele>1627.000</ele>
</trkpt>
<trkpt lat="34.33868985" lon="-111.42688361">
<ele>1627.000</ele>
</trkpt>
<trkpt lat="34.33866464" lon="-111.42686157">
<ele>1626.600</ele>
</trkpt>
<trkpt lat="34.33866464" lon="-111.42686157">
<ele>1626.600</ele>
</trkpt>
<trkpt lat="34.33865665" lon="-111.42685459">
<ele>1626.800</ele>
</trkpt>
<trkpt lat="34.33865665" lon="-111.42685459">
<ele>1626.800</ele>
</trkpt>
<trkpt lat="34.33864040" lon="-111.42684007">
<ele>1626.800</ele>
</trkpt>
<trkpt lat="34.33864040" lon="-111.42684007">
<ele>1626.800</ele>
</trkpt>
<trkpt lat="34.33860949" lon="-111.42681557">
<ele>1626.200</ele>
</trkpt>
<trkpt lat="34.33860949" lon="-111.42681557">
<ele>1626.200</ele>
</trkpt>
<trkpt lat="34.33859554" lon="-111.42680754">
<ele>1626.200</ele>
</trkpt>
<trkpt lat="34.33859554" lon="-111.42680754">
<ele>1626.200</ele>
</trkpt>
<trkpt lat="34.33856675" lon="-111.42679517">
<ele>1626.200</ele>
</trkpt>
<trkpt lat="34.33856675" lon="-111.42679517">
<ele>1626.200</ele>
</trkpt>
<trkpt lat="34.33853805" lon="-111.42677821">
<ele>1625.800</ele>
</trkpt>
<trkpt lat="34.33853805" lon="-111.42677821">
<ele>1625.800</ele>
</trkpt>
<trkpt lat="34.33850104" lon="-111.42673679">
<ele>1625.800</ele>
</trkpt>
<trkpt lat="34.33850104" lon="-111.42673679">
<ele>1625.800</ele>
</trkpt>
<trkpt lat="34.33846415" lon="-111.42674921">
<ele>1625.600</ele>
</trkpt>
<trkpt lat="34.33846415" lon="-111.42674921">
<ele>1625.600</ele>
</trkpt>
<trkpt lat="34.33843209" lon="-111.42676102">
<ele>1625.600</ele>
</trkpt>
<trkpt lat="34.33843209" lon="-111.42676102">
<ele>1625.600</ele>
</trkpt>
<trkpt lat="34.33839727" lon="-111.42677737">
<ele>1625.200</ele>
</trkpt>
<trkpt lat="34.33839727" lon="-111.42677737">
<ele>1625.200</ele>
</trkpt>
<trkpt lat="34.33836480" lon="-111.42680576">
<ele>1625.200</ele>
</trkpt>
<trkpt lat="34.33836480" lon="-111.42680576">
<ele>1625.200</ele>
</trkpt>
<trkpt lat="34.33835125" lon="-111.42682236">
<ele>1625.200</ele>
</trkpt>
<trkpt lat="34.33835125" lon="-111.42682236">
<ele>1625.200</ele>
</trkpt>
<trkpt lat="34.33832674" lon="-111.42685739">
<ele>1625.000</ele>
</trkpt>
<trkpt lat="34.33832674" lon="-111.42685739">
<ele>1625.000</ele>
</trkpt>
<trkpt lat="34.33830400" lon="-111.42689157">
<ele>1624.800</ele>
</trkpt>
<trkpt lat="34.33830400" lon="-111.42689157">
<ele>1624.800</ele>
</trkpt>
<trkpt lat="34.33829843" lon="-111.42690125">
<ele>1624.800</ele>
</trkpt>
<trkpt lat="34.33829843" lon="-111.42690125">
<ele>1624.800</ele>
</trkpt>
<trkpt lat="34.33829362" lon="-111.42690961">
<ele>1624.800</ele>
</trkpt>
<trkpt lat="34.33829362" lon="-111.42690961">
<ele>1624.800</ele>
</trkpt>
<trkpt lat="34.33828362" lon="-111.42692831">
<ele>1624.800</ele>
</trkpt>
<trkpt lat="34.33828362" lon="-111.42692831">
<ele>1624.800</ele>
</trkpt>
<trkpt lat="34.33826085" lon="-111.42696521">
<ele>1624.600</ele>
</trkpt>
<trkpt lat="34.33826085" lon="-111.42696521">
<ele>1624.600</ele>
</trkpt>
<trkpt lat="34.33823620" lon="-111.42699782">
<ele>1624.600</ele>
</trkpt>
<trkpt lat="34.33823620" lon="-111.42699782">
<ele>1624.600</ele>
</trkpt>
<trkpt lat="34.33821175" lon="-111.42703027">
<ele>1624.600</ele>
</trkpt>
<trkpt lat="34.33821175" lon="-111.42703027">
<ele>1624.600</ele>
</trkpt>
<trkpt lat="34.33819985" lon="-111.42704326">
<ele>1624.600</ele>
</trkpt>
<trkpt lat="34.33819985" lon="-111.42704326">
<ele>1624.600</ele>
</trkpt>
<trkpt lat="34.33817519" lon="-111.42706496">
<ele>1624.400</ele>
</trkpt>
<trkpt lat="34.33817519" lon="-111.42706496">
<ele>1624.400</ele>
</trkpt>
<trkpt lat="34.33816130" lon="-111.42707864">
<ele>1624.400</ele>
</trkpt>
<trkpt lat="34.33816130" lon="-111.42707864">
<ele>1624.400</ele>
</trkpt>
<trkpt lat="34.33813355" lon="-111.42711467">
<ele>1624.400</ele>
</trkpt>
<trkpt lat="34.33813355" lon="-111.42711467">
<ele>1624.400</ele>
</trkpt>
<trkpt lat="34.33811147" lon="-111.42716156">
<ele>1624.000</ele>
</trkpt>
<trkpt lat="34.33811147" lon="-111.42716156">
<ele>1624.000</ele>
</trkpt>
<trkpt lat="34.33808979" lon="-111.42720786">
<ele>1623.800</ele>
</trkpt>
<trkpt lat="34.33808979" lon="-111.42720786">
<ele>1623.800</ele>
</trkpt>
<trkpt lat="34.33806002" lon="-111.42725597">
<ele>1623.800</ele>
</trkpt>
<trkpt lat="34.33806002" lon="-111.42725597">
<ele>1623.800</ele>
</trkpt>
<trkpt lat="34.33801092" lon="-111.42731012">
<ele>1623.200</ele>
</trkpt>
<trkpt lat="34.33801092" lon="-111.42731012">
<ele>1623.200</ele>
</trkpt>
<trkpt lat="34.33798270" lon="-111.42733224">
<ele>1623.200</ele>
</trkpt>
<trkpt lat="34.33798270" lon="-111.42733224">
<ele>1623.200</ele>
</trkpt>
<trkpt lat="34.33795419" lon="-111.42734751">
<ele>1623.200</ele>
</trkpt>
<trkpt lat="34.33795419" lon="-111.42734751">
<ele>1623.200</ele>
</trkpt>
<trkpt lat="34.33790082" lon="-111.42736081">
<ele>1623.200</ele>
</trkpt>
<trkpt lat="34.33790082" lon="-111.42736081">
<ele>1623.200</ele>
</trkpt>
<trkpt lat="34.33787497" lon="-111.42736272">
<ele>1623.200</ele>
</trkpt>
<trkpt lat="34.33787497" lon="-111.42736272">
<ele>1623.200</ele>
</trkpt>
<trkpt lat="34.33784585" lon="-111.42736037">
<ele>1623.200</ele>
</trkpt>
<trkpt lat="34.33784585" lon="-111.42736037">
<ele>1623.200</ele>
</trkpt>
<trkpt lat="34.33777164" lon="-111.42733722">
<ele>1623.200</ele>
</trkpt>
<trkpt lat="34.33777164" lon="-111.42733722">
<ele>1623.200</ele>
</trkpt>
<trkpt lat="34.33773265" lon="-111.42732106">
<ele>1623.200</ele>
</trkpt>
<trkpt lat="34.33773265" lon="-111.42732106">
<ele>1623.200</ele>
</trkpt>
<trkpt lat="34.33765325" lon="-111.42728931">
<ele>1623.200</ele>
</trkpt>
<trkpt lat="34.33765325" lon="-111.42728931">
<ele>1623.200</ele>
</trkpt>
<trkpt lat="34.33761527" lon="-111.42727819">
<ele>1623.200</ele>
</trkpt>
<trkpt lat="34.33761527" lon="-111.42727819">
<ele>1623.200</ele>
</trkpt>
<trkpt lat="34.33754470" lon="-111.42726237">
<ele>1623.200</ele>
</trkpt>
<trkpt lat="34.33754470" lon="-111.42726237">
<ele>1623.200</ele>
</trkpt>
<trkpt lat="34.33751115" lon="-111.42725652">
<ele>1623.200</ele>
</trkpt>
<trkpt lat="34.33751115" lon="-111.42725652">
<ele>1623.200</ele>
</trkpt>
<trkpt lat="34.33744900" lon="-111.42725507">
<ele>1623.200</ele>
</trkpt>
<trkpt lat="34.33744900" lon="-111.42725507">
<ele>1623.200</ele>
</trkpt>
<trkpt lat="34.33738272" lon="-111.42727251">
<ele>1623.200</ele>
</trkpt>
<trkpt lat="34.33738272" lon="-111.42727251">
<ele>1623.200</ele>
</trkpt>
<trkpt lat="34.33730992" lon="-111.42730057">
<ele>1623.000</ele>
</trkpt>
<trkpt lat="34.33730992" lon="-111.42730057">
<ele>1623.000</ele>
</trkpt>
<trkpt lat="34.33723085" lon="-111.42733352">
<ele>1623.000</ele>
</trkpt>
<trkpt lat="34.33723085" lon="-111.42733352">
<ele>1623.000</ele>
</trkpt>
<trkpt lat="34.33715199" lon="-111.42737617">
<ele>1622.800</ele>
</trkpt>
<trkpt lat="34.33715199" lon="-111.42737617">
<ele>1622.800</ele>
</trkpt>
<trkpt lat="34.33711392" lon="-111.42739707">
<ele>1622.800</ele>
</trkpt>
<trkpt lat="34.33711392" lon="-111.42739707">
<ele>1622.800</ele>
</trkpt>
<trkpt lat="34.33707704" lon="-111.42741396">
<ele>1622.800</ele>
</trkpt>
<trkpt lat="34.33707704" lon="-111.42741396">
<ele>1622.800</ele>
</trkpt>
<trkpt lat="34.33700875" lon="-111.42743341">
<ele>1622.800</ele>
</trkpt>
<trkpt lat="34.33700875" lon="-111.42743341">
<ele>1622.800</ele>
</trkpt>
<trkpt lat="34.33697834" lon="-111.42743607">
<ele>1622.800</ele>
</trkpt>
<trkpt lat="34.33697834" lon="-111.42743607">
<ele>1622.800</ele>
</trkpt>
<trkpt lat="34.33694870" lon="-111.42743631">
<ele>1622.800</ele>
</trkpt>
<trkpt lat="34.33694870" lon="-111.42743631">
<ele>1622.800</ele>
</trkpt>
<trkpt lat="34.33688465" lon="-111.42743591">
<ele>1622.800</ele>
</trkpt>
<trkpt lat="34.33688465" lon="-111.42743591">
<ele>1622.800</ele>
</trkpt>
<trkpt lat="34.33681482" lon="-111.42743912">
<ele>1622.800</ele>
</trkpt>
<trkpt lat="34.33681482" lon="-111.42743912">
<ele>1622.800</ele>
</trkpt>
<trkpt lat="34.33674575" lon="-111.42744692">
<ele>1622.800</ele>
</trkpt>
<trkpt lat="34.33674575" lon="-111.42744692">
<ele>1622.800</ele>
</trkpt>
<trkpt lat="34.33667495" lon="-111.42745681">
<ele>1622.600</ele>
</trkpt>
<trkpt lat="34.33667495" lon="-111.42745681">
<ele>1622.600</ele>
</trkpt>
<trkpt lat="34.33659520" lon="-111.42745407">
<ele>1622.600</ele>
</trkpt>
<trkpt lat="34.33659520" lon="-111.42745407">
<ele>1622.600</ele>
</trkpt>
<trkpt lat="34.33650667" lon="-111.42741700">
<ele>1622.400</ele>
</trkpt>
<trkpt lat="34.33650667" lon="-111.42741700">
<ele>1622.400</ele>
</trkpt>
<trkpt lat="34.33646440" lon="-111.42740369">
<ele>1622.400</ele>
</trkpt>
<trkpt lat="34.33646440" lon="-111.42740369">
<ele>1622.400</ele>
</trkpt>
<trkpt lat="34.33638227" lon="-111.42735997">
<ele>1622.600</ele>
</trkpt>
<trkpt lat="34.33638227" lon="-111.42735997">
<ele>1622.600</ele>
</trkpt>
<trkpt lat="34.33633335" lon="-111.42734752">
<ele>1622.600</ele>
</trkpt>
<trkpt lat="34.33633335" lon="-111.42734752">
<ele>1622.600</ele>
</trkpt>
<trkpt lat="34.33628577" lon="-111.42734014">
<ele>1622.600</ele>
</trkpt>
<trkpt lat="34.33628577" lon="-111.42734014">
<ele>1622.600</ele>
</trkpt>
<trkpt lat="34.33616052" lon="-111.42733399">
<ele>1622.400</ele>
</trkpt>
<trkpt lat="34.33616052" lon="-111.42733399">
<ele>1622.400</ele>
</trkpt>
<trkpt lat="34.33610117" lon="-111.42732274">
<ele>1622.200</ele>
</trkpt>
<trkpt lat="34.33610117" lon="-111.42732274">
<ele>1622.200</ele>
</trkpt>
<trkpt lat="34.33600340" lon="-111.42729279">
<ele>1622.200</ele>
</trkpt>
<trkpt lat="34.33600340" lon="-111.42729279">
<ele>1622.200</ele>
</trkpt>
<trkpt lat="34.33588495" lon="-111.42723537">
<ele>1622.200</ele>
</trkpt>
<trkpt lat="34.33588495" lon="-111.42723537">
<ele>1622.200</ele>
</trkpt>
<trkpt lat="34.33583025" lon="-111.42719731">
<ele>1622.200</ele>
</trkpt>
<trkpt lat="34.33583025" lon="-111.42719731">
<ele>1622.200</ele>
</trkpt>
<trkpt lat="34.33578040" lon="-111.42717410">
<ele>1622.000</ele>
</trkpt>
<trkpt lat="34.33578040" lon="-111.42717410">
<ele>1622.000</ele>
</trkpt>
<trkpt lat="34.33571697" lon="-111.42714457">
<ele>1622.000</ele>
</trkpt>
<trkpt lat="34.33571697" lon="-111.42714457">
<ele>1622.000</ele>
</trkpt>
<trkpt lat="34.33560627" lon="-111.42713716">
<ele>1621.800</ele>
</trkpt>
<trkpt lat="34.33560627" lon="-111.42713716">
<ele>1621.800</ele>
</trkpt>
<trkpt lat="34.33555747" lon="-111.42714451">
<ele>1621.800</ele>
</trkpt>
<trkpt lat="34.33555747" lon="-111.42714451">
<ele>1621.800</ele>
</trkpt>
<trkpt lat="34.33545012" lon="-111.42716817">
<ele>1621.600</ele>
</trkpt>
<trkpt lat="34.33545012" lon="-111.42716817">
<ele>1621.600</ele>
</trkpt>
<trkpt lat="34.33532655" lon="-111.42717886">
<ele>1621.000</ele>
</trkpt>
<trkpt lat="34.33532655" lon="-111.42717886">
<ele>1621.000</ele>
</trkpt>
<trkpt lat="34.33520927" lon="-111.42722117">
<ele>1620.600</ele>
</trkpt>
<trkpt lat="34.33520927" lon="-111.42722117">
<ele>1620.600</ele>
</trkpt>
<trkpt lat="34.33510806" lon="-111.42724695">
<ele>1620.400</ele>
</trkpt>
<trkpt lat="34.33510806" lon="-111.42724695">
<ele>1620.400</ele>
</trkpt>
<trkpt lat="34.33506323" lon="-111.42725180">
<ele>1620.200</ele>
</trkpt>
<trkpt lat="34.33506323" lon="-111.42725180">
<ele>1620.200</ele>
</trkpt>
<trkpt lat="34.33496675" lon="-111.42724947">
<ele>1619.600</ele>
</trkpt>
<trkpt lat="34.33496675" lon="-111.42724947">
<ele>1619.600</ele>
</trkpt>
<trkpt lat="34.33490532" lon="-111.42724411">
<ele>1619.200</ele>
</trkpt>
<trkpt lat="34.33490532" lon="-111.42724411">
<ele>1619.200</ele>
</trkpt>
<trkpt lat="34.33477375" lon="-111.42725682">
<ele>1618.800</ele>
</trkpt>
<trkpt lat="34.33477375" lon="-111.42725682">
<ele>1618.800</ele>
</trkpt>
<trkpt lat="34.33465669" lon="-111.42725797">
<ele>1618.600</ele>
</trkpt>
<trkpt lat="34.33465669" lon="-111.42725797">
<ele>1618.600</ele>
</trkpt>
<trkpt lat="34.33455105" lon="-111.42726490">
<ele>1618.000</ele>
</trkpt>
<trkpt lat="34.33455105" lon="-111.42726490">
<ele>1618.000</ele>
</trkpt>
<trkpt lat="34.33450322" lon="-111.42727977">
<ele>1617.800</ele>
</trkpt>
<trkpt lat="34.33450322" lon="-111.42727977">
<ele>1617.800</ele>
</trkpt>
<trkpt lat="34.33442519" lon="-111.42731207">
<ele>1617.400</ele>
</trkpt>
<trkpt lat="34.33442519" lon="-111.42731207">
<ele>1617.400</ele>
</trkpt>
<trkpt lat="34.33440023" lon="-111.42732364">
<ele>1617.400</ele>
</trkpt>
<trkpt lat="34.33440023" lon="-111.42732364">
<ele>1617.400</ele>
</trkpt>
<trkpt lat="34.33414204" lon="-111.42735161">
<ele>1616.000</ele>
</trkpt>
<trkpt lat="34.33414204" lon="-111.42735161">
<ele>1616.000</ele>
</trkpt>
<trkpt lat="34.33411667" lon="-111.42775912">
<ele>1615.200</ele>
</trkpt>
<trkpt lat="34.33411667" lon="-111.42775912">
<ele>1615.200</ele>
</trkpt>
<trkpt lat="34.33414157" lon="-111.42807466">
<ele>1614.600</ele>
</trkpt>
<trkpt lat="34.33414157" lon="-111.42807466">
<ele>1614.600</ele>
</trkpt>
<trkpt lat="34.33417652" lon="-111.42830601">
<ele>1614.400</ele>
</trkpt>
<trkpt lat="34.33417652" lon="-111.42830601">
<ele>1614.400</ele>
</trkpt>
<trkpt lat="34.33426483" lon="-111.42861209">
<ele>1613.600</ele>
</trkpt>
<trkpt lat="34.33426483" lon="-111.42861209">
<ele>1613.600</ele>
</trkpt>
<trkpt lat="34.33436770" lon="-111.42893978">
<ele>1612.600</ele>
</trkpt>
<trkpt lat="34.33436770" lon="-111.42893978">
<ele>1612.600</ele>
</trkpt>
<trkpt lat="34.33449120" lon="-111.42940668">
<ele>1611.000</ele>
</trkpt>
<trkpt lat="34.33449120" lon="-111.42940668">
<ele>1611.000</ele>
</trkpt>
<trkpt lat="34.33457896" lon="-111.42986948">
<ele>1608.800</ele>
</trkpt>
<trkpt lat="34.33457896" lon="-111.42986948">
<ele>1608.800</ele>
</trkpt>
<trkpt lat="34.33464564" lon="-111.43032042">
<ele>1606.600</ele>
</trkpt>
<trkpt lat="34.33464564" lon="-111.43032042">
<ele>1606.600</ele>
</trkpt>
<trkpt lat="34.33472939" lon="-111.43099870">
<ele>1603.200</ele>
</trkpt>
<trkpt lat="34.33472939" lon="-111.43099870">
<ele>1603.200</ele>
</trkpt>
<trkpt lat="34.33480853" lon="-111.43160056">
<ele>1600.200</ele>
</trkpt>
<trkpt lat="34.33480853" lon="-111.43160056">
<ele>1600.200</ele>
</trkpt>
<trkpt lat="34.33489400" lon="-111.43224947">
<ele>1598.200</ele>
</trkpt>
<trkpt lat="34.33489400" lon="-111.43224947">
<ele>1598.200</ele>
</trkpt>
<trkpt lat="34.33497207" lon="-111.43284011">
<ele>1599.200</ele>
</trkpt>
<trkpt lat="34.33497207" lon="-111.43284011">
<ele>1599.200</ele>
</trkpt>
<trkpt lat="34.33497721" lon="-111.43287798">
<ele>1599.400</ele>
</trkpt>
<trkpt lat="34.33497721" lon="-111.43287798">
<ele>1599.400</ele>
</trkpt>
<trkpt lat="34.33494484" lon="-111.43289258">
<ele>1599.400</ele>
</trkpt>
<trkpt lat="34.33494484" lon="-111.43289258">
<ele>1599.400</ele>
</trkpt>
<trkpt lat="34.33491324" lon="-111.43290415">
<ele>1599.000</ele>
</trkpt>
<trkpt lat="34.33491324" lon="-111.43290415">
<ele>1599.000</ele>
</trkpt>
<trkpt lat="34.33487632" lon="-111.43291798">
<ele>1599.000</ele>
</trkpt>
<trkpt lat="34.33487632" lon="-111.43291798">
<ele>1599.000</ele>
</trkpt>
<trkpt lat="34.33483450" lon="-111.43293173">
<ele>1598.600</ele>
</trkpt>
<trkpt lat="34.33446827" lon="-111.43308974"/>
<trkpt lat="34.33428359" lon="-111.43319703"/>
<trkpt lat="34.33412784" lon="-111.43319435"/>
<trkpt lat="34.33388753" lon="-111.43337406"/>
<trkpt lat="34.33375625" lon="-111.43340893"/>
<trkpt lat="34.33353820" lon="-111.43341697"/>
<trkpt lat="34.33336909" lon="-111.43344380"/>
<trkpt lat="34.33324004" lon="-111.43341161"/>
<trkpt lat="34.33317106" lon="-111.43327482"/>
<trkpt lat="34.33310208" lon="-111.43307365"/>
<trkpt lat="34.33299528" lon="-111.43311657"/>
<trkpt lat="34.33287068" lon="-111.43315143"/>
<trkpt lat="34.33276832" lon="-111.43311925"/>
<trkpt lat="34.33270602" lon="-111.43300928"/>
<trkpt lat="34.33263259" lon="-111.43283493"/>
<trkpt lat="34.33257251" lon="-111.43270887"/>
<trkpt lat="34.33241676" lon="-111.43248088"/>
<trkpt lat="34.33227213" lon="-111.43231727"/>
<trkpt lat="34.33225991" lon="-111.43230784"/>
<trkpt lat="34.33213862" lon="-111.43222071"/>
<trkpt lat="34.33212861" lon="-111.43221534"/>
<trkpt lat="34.33211637" lon="-111.43219389"/>
<trkpt lat="34.33198731" lon="-111.43218182"/>
<trkpt lat="34.33183044" lon="-111.43218316"/>
<trkpt lat="34.33162017" lon="-111.43218450"/>
<trkpt lat="34.33152227" lon="-111.43210269"/>
<trkpt lat="34.33145106" lon="-111.43203295"/>
<trkpt lat="34.33138765" lon="-111.43202222"/>
<trkpt lat="34.33127973" lon="-111.43205173"/>
<trkpt lat="34.33121965" lon="-111.43213622"/>
<trkpt lat="34.33114400" lon="-111.43221132"/>
<trkpt lat="34.33099491" lon="-111.43223948"/>
<trkpt lat="34.33089478" lon="-111.43222607"/>
<trkpt lat="34.33080689" lon="-111.43222607"/>
<trkpt lat="34.33070565" lon="-111.43221534"/>
<trkpt lat="34.33060551" lon="-111.43212817"/>
<trkpt lat="34.33051095" lon="-111.43205709"/>
<trkpt lat="34.33036186" lon="-111.43205978"/>
<trkpt lat="34.33026173" lon="-111.43208526"/>
<trkpt lat="34.33011598" lon="-111.43217511"/>
<trkpt lat="34.32996356" lon="-111.43226496"/>
<trkpt lat="34.32986565" lon="-111.43229179"/>
<trkpt lat="34.32975662" lon="-111.43222071"/>
<trkpt lat="34.32971879" lon="-111.43214024"/>
<trkpt lat="34.32960976" lon="-111.43208794"/>
<trkpt lat="34.32941617" lon="-111.43206916"/>
<trkpt lat="34.32927042" lon="-111.43205039"/>
<trkpt lat="34.32914581" lon="-111.43202222"/>
<trkpt lat="34.32904011" lon="-111.43189884"/>
<trkpt lat="34.32894999" lon="-111.43178351"/>
<trkpt lat="34.32887768" lon="-111.43155016"/>
<trkpt lat="34.32879868" lon="-111.43135704"/>
<trkpt lat="34.32869076" lon="-111.43122963"/>
<trkpt lat="34.32857950" lon="-111.43094264"/>
<trkpt lat="34.32857171" lon="-111.43090777"/>
<trkpt lat="34.32850718" lon="-111.43068648"/>
<trkpt lat="34.32841595" lon="-111.43045045"/>
<trkpt lat="34.32830358" lon="-111.43018089"/>
<trkpt lat="34.32818119" lon="-111.42996229"/>
<trkpt lat="34.32808328" lon="-111.42976515"/>
<trkpt lat="34.32807661" lon="-111.42975173"/>
<trkpt lat="34.32807104" lon="-111.42973832"/>
<trkpt lat="34.32797091" lon="-111.42967797"/>
<trkpt lat="34.32783962" lon="-111.42956800"/>
<trkpt lat="34.32773615" lon="-111.42944865"/>
<trkpt lat="34.32761932" lon="-111.42940573"/>
<trkpt lat="34.32747246" lon="-111.42936684"/>
<trkpt lat="34.32735230" lon="-111.42927832"/>
<trkpt lat="34.32714535" lon="-111.42908521"/>
<trkpt lat="34.32699515" lon="-111.42894707"/>
<trkpt lat="34.32688055" lon="-111.42882637"/>
<trkpt lat="34.32673257" lon="-111.42877005"/>
<trkpt lat="34.32641770" lon="-111.42860375"/>
<trkpt lat="34.32607501" lon="-111.42845086"/>
<trkpt lat="34.32585916" lon="-111.42833285"/>
<trkpt lat="34.32569671" lon="-111.42822690"/>
<trkpt lat="34.32553093" lon="-111.42796538"/>
<trkpt lat="34.32528615" lon="-111.42763413"/>
<trkpt lat="34.32515152" lon="-111.42733372"/>
<trkpt lat="34.32498907" lon="-111.42713792"/>
<trkpt lat="34.32469978" lon="-111.42703868"/>
<trkpt lat="34.32437489" lon="-111.42688311"/>
<trkpt lat="34.32400549" lon="-111.42666854"/>
<trkpt lat="34.32372510" lon="-111.42644323"/>
<trkpt lat="34.32337127" lon="-111.42622597"/>
<trkpt lat="34.32287279" lon="-111.42612941"/>
<trkpt lat="34.32216736" lon="-111.42594434"/>
<trkpt lat="34.32182910" lon="-111.42589874"/>
<trkpt lat="34.32148639" lon="-111.42595507"/>
<trkpt lat="34.32118596" lon="-111.42600335"/>
<trkpt lat="34.32096788" lon="-111.42589606"/>
<trkpt lat="34.32072753" lon="-111.42567880"/>
<trkpt lat="34.32053392" lon="-111.42549373"/>
<trkpt lat="34.32021346" lon="-111.42533280"/>
<trkpt lat="34.31988410" lon="-111.42504312"/>
<trkpt lat="34.31960592" lon="-111.42488487"/>
<trkpt lat="34.31940118" lon="-111.42486877"/>
<trkpt lat="34.31907181" lon="-111.42464079"/>
<trkpt lat="34.31870461" lon="-111.42445303"/>
<trkpt lat="34.31847317" lon="-111.42440475"/>
<trkpt lat="34.31835299" lon="-111.42448522"/>
<trkpt lat="34.31809484" lon="-111.42442353"/>
<trkpt lat="34.31789454" lon="-111.42414189"/>
<trkpt lat="34.31770315" lon="-111.42396755"/>
<trkpt lat="34.31753624" lon="-111.42393000"/>
<trkpt lat="34.31729144" lon="-111.42352230"/>
<trkpt lat="34.31705998" lon="-111.42319507"/>
<trkpt lat="34.31690643" lon="-111.42291344"/>
<trkpt lat="34.31670390" lon="-111.42269350"/>
<trkpt lat="34.31648135" lon="-111.42254866"/>
<trkpt lat="34.31629663" lon="-111.42229117"/>
<trkpt lat="34.31605183" lon="-111.42213560"/>
<trkpt lat="34.31580257" lon="-111.42200954"/>
<trkpt lat="34.31562007" lon="-111.42178692"/>
<trkpt lat="34.31542422" lon="-111.42156161"/>
<trkpt lat="34.31502752" lon="-111.42090112"/>
<trkpt lat="34.31443552" lon="-111.41924083"/>
<trkpt lat="34.31429976" lon="-111.41902893"/>
<trkpt lat="34.31421742" lon="-111.41873657"/>
<trkpt lat="34.31409279" lon="-111.41829669"/>
<trkpt lat="34.31316026" lon="-111.41589611"/>
<trkpt lat="34.31262389" lon="-111.41655325"/>
<trkpt lat="34.31235681" lon="-111.41699045"/>
<trkpt lat="34.31207861" lon="-111.41736060"/>
<trkpt lat="34.31195620" lon="-111.41756177"/>
<trkpt lat="34.31196065" lon="-111.41768246"/>
<trkpt lat="34.31203632" lon="-111.41810357"/>
<trkpt lat="34.31193394" lon="-111.41835302"/>
<trkpt lat="34.31163348" lon="-111.41946077"/>
<trkpt lat="34.31138866" lon="-111.42019569"/>
<trkpt lat="34.31118390" lon="-111.42056316"/>
<trkpt lat="34.31101030" lon="-111.42078846"/>
<trkpt lat="34.31081666" lon="-111.42095208"/>
<trkpt lat="34.31076770" lon="-111.42101645"/>
<trkpt lat="34.31078551" lon="-111.42127126"/>
<trkpt lat="34.31072986" lon="-111.42157971"/>
<trkpt lat="34.31054736" lon="-111.42191499"/>
<trkpt lat="34.31043162" lon="-111.42212152"/>
<trkpt lat="34.31021128" lon="-111.42260432"/>
<trkpt lat="34.30990859" lon="-111.42307370"/>
<trkpt lat="34.30969492" lon="-111.42340898"/>
<trkpt lat="34.30964818" lon="-111.42368257"/>
<trkpt lat="34.30977282" lon="-111.42416000"/>
<trkpt lat="34.30999984" lon="-111.42467498"/>
<trkpt lat="34.31030476" lon="-111.42519265"/>
<trkpt lat="34.31039601" lon="-111.42558962"/>
<trkpt lat="34.31035818" lon="-111.42594099"/>
<trkpt lat="34.31023354" lon="-111.42624408"/>
<trkpt lat="34.30998871" lon="-111.42654717"/>
<trkpt lat="34.30967934" lon="-111.42669469"/>
<trkpt lat="34.30937442" lon="-111.42676711"/>
<trkpt lat="34.30908062" lon="-111.42698973"/>
<trkpt lat="34.30892482" lon="-111.42723381"/>
<trkpt lat="34.30880909" lon="-111.42758786"/>
<trkpt lat="34.30876902" lon="-111.42779976"/>
<trkpt lat="34.30875567" lon="-111.42806261"/>
<trkpt lat="34.30850194" lon="-111.42785340"/>
<trkpt lat="34.30827269" lon="-111.42746716"/>
<trkpt lat="34.30808572" lon="-111.42705679"/>
<trkpt lat="34.30799892" lon="-111.42672419"/>
<trkpt lat="34.30778747" lon="-111.42647206"/>
<trkpt lat="34.30780750" lon="-111.42634667"/>
<trkpt lat="34.30780917" lon="-111.42618104"/>
<trkpt lat="34.30780417" lon="-111.42608113"/>
<trkpt lat="34.30771068" lon="-111.42603352"/>
<trkpt lat="34.30765615" lon="-111.42605699"/>
<trkpt lat="34.30757491" lon="-111.42611600"/>
<trkpt lat="34.30750146" lon="-111.42624542"/>
<trkpt lat="34.30747309" lon="-111.42636746"/>
<trkpt lat="34.30745305" lon="-111.42652839"/>
<trkpt lat="34.30742356" lon="-111.42670542"/>
<trkpt lat="34.30743692" lon="-111.42681673"/>
<trkpt lat="34.30740464" lon="-111.42695285"/>
<trkpt lat="34.30734956" lon="-111.42711445"/>
<trkpt lat="34.30731172" lon="-111.42729483"/>
<trkpt lat="34.30729669" lon="-111.42750941"/>
<trkpt lat="34.30729336" lon="-111.42775483"/>
<trkpt lat="34.30729558" lon="-111.42799355"/>
<trkpt lat="34.30723326" lon="-111.42815046"/>
<trkpt lat="34.30709415" lon="-111.42828323"/>
<trkpt lat="34.30702626" lon="-111.42836503"/>
<trkpt lat="34.30697841" lon="-111.42857156"/>
<trkpt lat="34.30696728" lon="-111.42868422"/>
<trkpt lat="34.30690385" lon="-111.42878212"/>
<trkpt lat="34.30666012" lon="-111.42880223"/>
<trkpt lat="34.30641751" lon="-111.42885454"/>
<trkpt lat="34.30612260" lon="-111.42889209"/>
<trkpt lat="34.30597013" lon="-111.42889879"/>
<trkpt lat="34.30579652" lon="-111.42887331"/>
<trkpt lat="34.30567298" lon="-111.42913751"/>
<trkpt lat="34.30558395" lon="-111.42938830"/>
<trkpt lat="34.30550494" lon="-111.42958141"/>
<trkpt lat="34.30543260" lon="-111.42982147"/>
<trkpt lat="34.30522114" lon="-111.43003337"/>
<trkpt lat="34.30504642" lon="-111.43021978"/>
<trkpt lat="34.30493735" lon="-111.43044106"/>
<trkpt lat="34.30468806" lon="-111.43053092"/>
<trkpt lat="34.30446993" lon="-111.43061675"/>
<trkpt lat="34.30437310" lon="-111.43076695"/>
<trkpt lat="34.30424400" lon="-111.43103651"/>
<trkpt lat="34.30419392" lon="-111.43130339"/>
<trkpt lat="34.30412937" lon="-111.43159039"/>
<trkpt lat="34.30408040" lon="-111.43189884"/>
<trkpt lat="34.30398024" lon="-111.43218048"/>
<trkpt lat="34.30386561" lon="-111.43256671"/>
<trkpt lat="34.30372649" lon="-111.43275447"/>
<trkpt lat="34.30363746" lon="-111.43281884"/>
<trkpt lat="34.30363523" lon="-111.43303208"/>
<trkpt lat="34.30353841" lon="-111.43321313"/>
<trkpt lat="34.30344047" lon="-111.43342502"/>
<trkpt lat="34.30322790" lon="-111.43361412"/>
<trkpt lat="34.30300754" lon="-111.43378712"/>
<trkpt lat="34.30286619" lon="-111.43395744"/>
<trkpt lat="34.30267811" lon="-111.43413983"/>
<trkpt lat="34.30236023" lon="-111.43445838"/>
<trkpt lat="34.30219825" lon="-111.43486197"/>
<trkpt lat="34.30224218" lon="-111.43514647"/>
<trkpt lat="34.30225316" lon="-111.43535488"/>
<trkpt lat="34.30219551" lon="-111.43555668"/>
<trkpt lat="34.30204177" lon="-111.43561953"/>
<trkpt lat="34.30174802" lon="-111.43584118"/>
<trkpt lat="34.30176723" lon="-111.43621500"/>
<trkpt lat="34.30176998" lon="-111.43669798"/>
<trkpt lat="34.30169860" lon="-111.43707511"/>
<trkpt lat="34.30140210" lon="-111.43760110"/>
<trkpt lat="34.30120718" lon="-111.43794184"/>
<trkpt lat="34.30108364" lon="-111.43821972"/>
<trkpt lat="34.30089146" lon="-111.43850092"/>
<trkpt lat="34.30040827" lon="-111.43886481"/>
<trkpt lat="34.30014471" lon="-111.43889127"/>
<trkpt lat="34.29969996" lon="-111.43875895"/>
<trkpt lat="34.29943365" lon="-111.43864647"/>
<trkpt lat="34.29930337" lon="-111.43850166"/>
<trkpt lat="34.29912651" lon="-111.43848644"/>
<trkpt lat="34.29889555" lon="-111.43867294"/>
<trkpt lat="34.29859904" lon="-111.43881188"/>
<trkpt lat="34.29829155" lon="-111.43895413"/>
<trkpt lat="34.29798954" lon="-111.43902029"/>
<trkpt lat="34.29773970" lon="-111.43907322"/>
<trkpt lat="34.29760243" lon="-111.43924855"/>
<trkpt lat="34.29744868" lon="-111.43935441"/>
<trkpt lat="34.29726748" lon="-111.43942058"/>
<trkpt lat="34.29706431" lon="-111.43958267"/>
<trkpt lat="34.29684193" lon="-111.44005243"/>
<trkpt lat="34.29662778" lon="-111.44032370"/>
<trkpt lat="34.29644108" lon="-111.44056188"/>
<trkpt lat="34.29622418" lon="-111.44068428"/>
<trkpt lat="34.29608416" lon="-111.44078683"/>
<trkpt lat="34.29594139" lon="-111.44105148"/>
<trkpt lat="34.29586177" lon="-111.44126320"/>
<trkpt lat="34.29567782" lon="-111.44141538"/>
<trkpt lat="34.29539777" lon="-111.44138561"/>
<trkpt lat="34.29516440" lon="-111.44144515"/>
<trkpt lat="34.29504634" lon="-111.44153778"/>
<trkpt lat="34.29502438" lon="-111.44168665"/>
<trkpt lat="34.29509027" lon="-111.44185205"/>
<trkpt lat="34.29509851" lon="-111.44202738"/>
<trkpt lat="34.29501339" lon="-111.44219941"/>
<trkpt lat="34.29487337" lon="-111.44226557"/>
<trkpt lat="34.29467843" lon="-111.44229865"/>
<trkpt lat="34.29456861" lon="-111.44208031"/>
<trkpt lat="34.29458234" lon="-111.44176604"/>
<trkpt lat="34.29451095" lon="-111.44142861"/>
<trkpt lat="34.29434896" lon="-111.44130952"/>
<trkpt lat="34.29392065" lon="-111.44124336"/>
<trkpt lat="34.29361588" lon="-111.44123012"/>
<trkpt lat="34.29334681" lon="-111.44109780"/>
<trkpt lat="34.29310794" lon="-111.44104487"/>
<trkpt lat="34.29281690" lon="-111.44120035"/>
<trkpt lat="34.29259451" lon="-111.44138230"/>
<trkpt lat="34.29235838" lon="-111.44163702"/>
<trkpt lat="34.29216344" lon="-111.44172634"/>
<trkpt lat="34.29204263" lon="-111.44168334"/>
<trkpt lat="34.29180650" lon="-111.44164033"/>
<trkpt lat="34.29157037" lon="-111.44185205"/>
<trkpt lat="34.29136170" lon="-111.44192814"/>
<trkpt lat="34.29113381" lon="-111.44199761"/>
<trkpt lat="34.29087296" lon="-111.44197776"/>
<trkpt lat="34.29062310" lon="-111.44185536"/>
<trkpt lat="34.29038972" lon="-111.44189175"/>
<trkpt lat="34.29020026" lon="-111.44198107"/>
<trkpt lat="34.28991470" lon="-111.44209355"/>
<trkpt lat="34.28957698" lon="-111.44223580"/>
<trkpt lat="34.28940058" lon="-111.44242995"/>
<trkpt lat="34.28924975" lon="-111.44251313"/>
<trkpt lat="34.28901135" lon="-111.44250706"/>
<trkpt lat="34.28879443" lon="-111.44255338"/>
<trkpt lat="34.28866813" lon="-111.44271878"/>
<trkpt lat="34.28839355" lon="-111.44280479"/>
<trkpt lat="34.28809975" lon="-111.44297682"/>
<trkpt lat="34.28780869" lon="-111.44325139"/>
<trkpt lat="34.28759177" lon="-111.44337379"/>
<trkpt lat="34.28745998" lon="-111.44317200"/>
<trkpt lat="34.28733092" lon="-111.44298674"/>
<trkpt lat="34.28710412" lon="-111.44280392"/>
<trkpt lat="34.28672684" lon="-111.44260300"/>
<trkpt lat="34.28653463" lon="-111.44246406"/>
<trkpt lat="34.28626004" lon="-111.44242105"/>
<trkpt lat="34.28605959" lon="-111.44241113"/>
<trkpt lat="34.28591955" lon="-111.44244421"/>
<trkpt lat="34.28559279" lon="-111.44234166"/>
<trkpt lat="34.28534017" lon="-111.44239459"/>
<trkpt lat="34.28524132" lon="-111.44252691"/>
<trkpt lat="34.28509853" lon="-111.44261954"/>
<trkpt lat="34.28491181" lon="-111.44255668"/>
<trkpt lat="34.28480472" lon="-111.44244090"/>
<trkpt lat="34.28457132" lon="-111.44246075"/>
<trkpt lat="34.28443128" lon="-111.44246075"/>
<trkpt lat="34.28426378" lon="-111.44253022"/>
<trkpt lat="34.28403861" lon="-111.44245744"/>
<trkpt lat="34.28392603" lon="-111.44227880"/>
<trkpt lat="34.28385738" lon="-111.44208362"/>
<trkpt lat="34.28376676" lon="-111.44192152"/>
<trkpt lat="34.28354159" lon="-111.44184544"/>
<trkpt lat="34.28324778" lon="-111.44174950"/>
<trkpt lat="34.28303908" lon="-111.44144184"/>
<trkpt lat="34.28295945" lon="-111.44123012"/>
<trkpt lat="34.28282764" lon="-111.44111103"/>
<trkpt lat="34.28269309" lon="-111.44090593"/>
<trkpt lat="34.28259149" lon="-111.44060819"/>
<trkpt lat="34.28253382" lon="-111.44026415"/>
<trkpt lat="34.28259698" lon="-111.44005243"/>
<trkpt lat="34.28280018" lon="-111.43990025"/>
<trkpt lat="34.28284137" lon="-111.43977124"/>
<trkpt lat="34.28281391" lon="-111.43959921"/>
<trkpt lat="34.28272879" lon="-111.43948012"/>
<trkpt lat="34.28264244" lon="-111.43936589"/>
<trkpt lat="34.28260184" lon="-111.43919816"/>
<trkpt lat="34.28266837" lon="-111.43888135"/>
<trkpt lat="34.28272879" lon="-111.43858362"/>
<trkpt lat="34.28279194" lon="-111.43822965"/>
<trkpt lat="34.28275075" lon="-111.43802124"/>
<trkpt lat="34.28253559" lon="-111.43786071"/>
<trkpt lat="34.28228394" lon="-111.43775328"/>
<trkpt lat="34.28216860" lon="-111.43760772"/>
<trkpt lat="34.28214389" lon="-111.43739269"/>
<trkpt lat="34.28217298" lon="-111.43706993"/>
<trkpt lat="34.28216586" lon="-111.43694279"/>
<trkpt lat="34.28189950" lon="-111.43670791"/>
<trkpt lat="34.28201208" lon="-111.43647303"/>
<trkpt lat="34.28210545" lon="-111.43621500"/>
<trkpt lat="34.28220156" lon="-111.43599666"/>
<trkpt lat="34.28233062" lon="-111.43587757"/>
<trkpt lat="34.28257776" lon="-111.43588418"/>
<trkpt lat="34.28287432" lon="-111.43585441"/>
<trkpt lat="34.28310224" lon="-111.43577502"/>
<trkpt lat="34.28333015" lon="-111.43548059"/>
<trkpt lat="34.28333565" lon="-111.43516632"/>
<trkpt lat="34.28333839" lon="-111.43494467"/>
<trkpt lat="34.28334388" lon="-111.43478919"/>
<trkpt lat="34.28336585" lon="-111.43456755"/>
<trkpt lat="34.28338233" lon="-111.43445507"/>
<trkpt lat="34.28331093" lon="-111.43438560"/>
<trkpt lat="34.28305556" lon="-111.43436244"/>
<trkpt lat="34.28306380" lon="-111.43423343"/>
<trkpt lat="34.28305556" lon="-111.43412095"/>
<trkpt lat="34.28283313" lon="-111.43387946"/>
<trkpt lat="34.28267387" lon="-111.43363796"/>
<trkpt lat="34.28245144" lon="-111.43350564"/>
<trkpt lat="34.28227295" lon="-111.43335016"/>
<trkpt lat="34.28214389" lon="-111.43314836"/>
<trkpt lat="34.28208565" lon="-111.43301241"/>
<trkpt lat="34.28190224" lon="-111.43307227"/>
<trkpt lat="34.28174023" lon="-111.43302265"/>
<trkpt lat="34.28161117" lon="-111.43290356"/>
<trkpt lat="34.28157821" lon="-111.43279439"/>
<trkpt lat="34.28152604" lon="-111.43267530"/>
<trkpt lat="34.28141620" lon="-111.43273154"/>
<trkpt lat="34.28125693" lon="-111.43278116"/>
<trkpt lat="34.28115258" lon="-111.43267861"/>
<trkpt lat="34.28107294" lon="-111.43254628"/>
<trkpt lat="34.28090818" lon="-111.43246688"/>
<trkpt lat="34.28070497" lon="-111.43235441"/>
<trkpt lat="34.28062087" lon="-111.43223602"/>
<trkpt lat="34.28059239" lon="-111.43210134"/>
<trkpt lat="34.28040154" lon="-111.43205337"/>
<trkpt lat="34.28011595" lon="-111.43213276"/>
<trkpt lat="34.27986056" lon="-111.43222208"/>
<trkpt lat="34.27964362" lon="-111.43236433"/>
<trkpt lat="34.27944865" lon="-111.43249997"/>
<trkpt lat="34.27926611" lon="-111.43272482"/>
<trkpt lat="34.27913512" lon="-111.43287276"/>
<trkpt lat="34.27912176" lon="-111.43287276"/>
<trkpt lat="34.27884122" lon="-111.43295859"/>
<trkpt lat="34.27882379" lon="-111.43295376"/>
<trkpt lat="34.27871424" lon="-111.43292343">
<ele>1361.865</ele>
</trkpt>
<trkpt lat="34.27845380" lon="-111.43285130">
<ele>1360.266</ele>
</trkpt>
<trkpt lat="34.27807974" lon="-111.43278156">
<ele>1359.070</ele>
</trkpt>
<trkpt lat="34.27772795" lon="-111.43274401">
<ele>1358.590</ele>
</trkpt>
<trkpt lat="34.27742959" lon="-111.43263136">
<ele>1360.160</ele>
</trkpt>
<trkpt lat="34.27726483" lon="-111.43255089">
<ele>1359.797</ele>
</trkpt>
<trkpt lat="34.27725147" lon="-111.43255089">
<ele>1359.758</ele>
</trkpt>
<trkpt lat="34.27706889" lon="-111.43256162">
<ele>1358.898</ele>
</trkpt>
<trkpt lat="34.27689076" lon="-111.43240605">
<ele>1358.602</ele>
</trkpt>
<trkpt lat="34.27689522" lon="-111.43238996">
<ele>1358.816</ele>
</trkpt>
<trkpt lat="34.27674381" lon="-111.43234704">
<ele>1356.992</ele>
</trkpt>
<trkpt lat="34.27673490" lon="-111.43234168">
<ele>1356.930</ele>
</trkpt>
<trkpt lat="34.27663248" lon="-111.43215392">
<ele>1356.078</ele>
</trkpt>
<trkpt lat="34.27653006" lon="-111.43199299">
<ele>1353.703</ele>
</trkpt>
<trkpt lat="34.27652115" lon="-111.43198763">
<ele>1353.523</ele>
</trkpt>
<trkpt lat="34.27633412" lon="-111.43182669">
<ele>1349.203</ele>
</trkpt>
<trkpt lat="34.27614263" lon="-111.43173013">
<ele>1345.664</ele>
</trkpt>
<trkpt lat="34.27600903" lon="-111.43177841">
<ele>1343.289</ele>
</trkpt>
<trkpt lat="34.27591106" lon="-111.43211101">
<ele>1340.930</ele>
</trkpt>
<trkpt lat="34.27582200" lon="-111.43243824">
<ele>1339.398</ele>
</trkpt>
<trkpt lat="34.27571957" lon="-111.43272792">
<ele>1337.410</ele>
</trkpt>
<trkpt lat="34.27571067" lon="-111.43273328">
<ele>1337.180</ele>
</trkpt>
<trkpt lat="34.27558152" lon="-111.43293176">
<ele>1336.121</ele>
</trkpt>
<trkpt lat="34.27549246" lon="-111.43313025">
<ele>1336.008</ele>
</trkpt>
<trkpt lat="34.27526980" lon="-111.43336628">
<ele>1334.098</ele>
</trkpt>
<trkpt lat="34.27503378" lon="-111.43360768">
<ele>1331.527</ele>
</trkpt>
<trkpt lat="34.27479775" lon="-111.43374716">
<ele>1330.199</ele>
</trkpt>
<trkpt lat="34.27466416" lon="-111.43382762">
<ele>1330.137</ele>
</trkpt>
<trkpt lat="34.27453946" lon="-111.43391345">
<ele>1330.598</ele>
</trkpt>
<trkpt lat="34.27433461" lon="-111.43392418">
<ele>1330.242</ele>
</trkpt>
<trkpt lat="34.27401843" lon="-111.43389736">
<ele>1330.523</ele>
</trkpt>
<trkpt lat="34.27383139" lon="-111.43390809">
<ele>1330.465</ele>
</trkpt>
<trkpt lat="34.27362654" lon="-111.43385444">
<ele>1329.105</ele>
</trkpt>
<trkpt lat="34.27346176" lon="-111.43373106">
<ele>1327.445</ele>
</trkpt>
<trkpt lat="34.27328808" lon="-111.43354331">
<ele>1326.180</ele>
</trkpt>
<trkpt lat="34.27313667" lon="-111.43335555">
<ele>1325.617</ele>
</trkpt>
<trkpt lat="34.27292736" lon="-111.43318926">
<ele>1324.813</ele>
</trkpt>
<trkpt lat="34.27291400" lon="-111.43318389">
<ele>1324.688</ele>
</trkpt>
<trkpt lat="34.27290064" lon="-111.43317853">
<ele>1324.637</ele>
</trkpt>
<trkpt lat="34.27289174" lon="-111.43317316">
<ele>1324.570</ele>
</trkpt>
<trkpt lat="34.27274477" lon="-111.43309806">
<ele>1323.613</ele>
</trkpt>
<trkpt lat="34.27273587" lon="-111.43309270">
<ele>1323.605</ele>
</trkpt>
<trkpt lat="34.27272696" lon="-111.43308733">
<ele>1323.504</ele>
</trkpt>
<trkpt lat="34.27271805" lon="-111.43308197">
<ele>1323.391</ele>
</trkpt>
<trkpt lat="34.27254437" lon="-111.43306587">
<ele>1321.473</ele>
</trkpt>
<trkpt lat="34.27253101" lon="-111.43306587">
<ele>1321.367</ele>
</trkpt>
<trkpt lat="34.27231280" lon="-111.43320535">
<ele>1319.730</ele>
</trkpt>
<trkpt lat="34.27216138" lon="-111.43340383">
<ele>1316.828</ele>
</trkpt>
<trkpt lat="34.27206341" lon="-111.43364523">
<ele>1313.516</ele>
</trkpt>
<trkpt lat="34.27197879" lon="-111.43384371">
<ele>1312.113</ele>
</trkpt>
<trkpt lat="34.27190754" lon="-111.43409584">
<ele>1309.535</ele>
</trkpt>
<trkpt lat="34.27191199" lon="-111.43420850">
<ele>1308.563</ele>
</trkpt>
<trkpt lat="34.27206341" lon="-111.43443380">
<ele>1306.293</ele>
</trkpt>
<trkpt lat="34.27216583" lon="-111.43469666">
<ele>1304.281</ele>
</trkpt>
<trkpt lat="34.27218365" lon="-111.43484150">
<ele>1303.727</ele>
</trkpt>
<trkpt lat="34.27225045" lon="-111.43502925">
<ele>1302.875</ele>
</trkpt>
<trkpt lat="34.27233952" lon="-111.43510972">
<ele>1302.238</ele>
</trkpt>
<trkpt lat="34.27241077" lon="-111.43530820">
<ele>1300.855</ele>
</trkpt>
<trkpt lat="34.27250429" lon="-111.43557106">
<ele>1299.051</ele>
</trkpt>
<trkpt lat="34.27254437" lon="-111.43581782">
<ele>1299.668</ele>
</trkpt>
<trkpt lat="34.27262453" lon="-111.43599485">
<ele>1299.133</ele>
</trkpt>
<trkpt lat="34.27265571" lon="-111.43622552">
<ele>1298.418</ele>
</trkpt>
<trkpt lat="34.27268688" lon="-111.43638108">
<ele>1297.660</ele>
</trkpt>
<trkpt lat="34.27283384" lon="-111.43664931">
<ele>1296.621</ele>
</trkpt>
<trkpt lat="34.27284720" lon="-111.43687461">
<ele>1295.855</ele>
</trkpt>
<trkpt lat="34.27290064" lon="-111.43731986">
<ele>1290.984</ele>
</trkpt>
<trkpt lat="34.27288728" lon="-111.43731986">
<ele>1291.008</ele>
</trkpt>
<trkpt lat="34.27296299" lon="-111.43763099">
<ele>1287.590</ele>
</trkpt>
<trkpt lat="34.27304760" lon="-111.43777583">
<ele>1286.016</ele>
</trkpt>
<trkpt lat="34.27316784" lon="-111.43823717">
<ele>1288.973</ele>
</trkpt>
<trkpt lat="34.27324355" lon="-111.43849467">
<ele>1292.348</ele>
</trkpt>
<trkpt lat="34.27331926" lon="-111.43884872">
<ele>1294.887</ele>
</trkpt>
<trkpt lat="34.27331035" lon="-111.43910084">
<ele>1294.895</ele>
</trkpt>
<trkpt lat="34.27330145" lon="-111.43937979">
<ele>1294.203</ele>
</trkpt>
<trkpt lat="34.27329254" lon="-111.43961046">
<ele>1294.316</ele>
</trkpt>
<trkpt lat="34.27328363" lon="-111.43975530">
<ele>1294.504</ele>
</trkpt>
<trkpt lat="34.27303424" lon="-111.44005035">
<ele>1290.195</ele>
</trkpt>
<trkpt lat="34.27284275" lon="-111.44035075">
<ele>1285.574</ele>
</trkpt>
<trkpt lat="34.27269579" lon="-111.44047414">
<ele>1283.465</ele>
</trkpt>
<trkpt lat="34.27259781" lon="-111.44064043">
<ele>1281.773</ele>
</trkpt>
<trkpt lat="34.27253547" lon="-111.44081746">
<ele>1280.477</ele>
</trkpt>
<trkpt lat="34.27250875" lon="-111.44100521">
<ele>1280.105</ele>
</trkpt>
<trkpt lat="34.27257109" lon="-111.44126271">
<ele>1279.816</ele>
</trkpt>
<trkpt lat="34.27265571" lon="-111.44141291">
<ele>1280.313</ele>
</trkpt>
<trkpt lat="34.27267352" lon="-111.44155238">
<ele>1280.574</ele>
</trkpt>
<trkpt lat="34.27261117" lon="-111.44174550">
<ele>1279.074</ele>
</trkpt>
<trkpt lat="34.27251765" lon="-111.44195471">
<ele>1276.430</ele>
</trkpt>
<trkpt lat="34.27247757" lon="-111.44218538">
<ele>1275.918</ele>
</trkpt>
<trkpt lat="34.27246867" lon="-111.44218002">
<ele>1275.875</ele>
</trkpt>
<trkpt lat="34.27248648" lon="-111.44236778">
<ele>1277.027</ele>
</trkpt>
<trkpt lat="34.27257555" lon="-111.44261454">
<ele>1278.582</ele>
</trkpt>
<trkpt lat="34.27262008" lon="-111.44282375">
<ele>1278.574</ele>
</trkpt>
<trkpt lat="34.27273142" lon="-111.44303833">
<ele>1279.367</ele>
</trkpt>
<trkpt lat="34.27276259" lon="-111.44329046">
<ele>1278.109</ele>
</trkpt>
<trkpt lat="34.27285166" lon="-111.44353185">
<ele>1277.363</ele>
</trkpt>
<trkpt lat="34.27288283" lon="-111.44364987">
<ele>1276.770</ele>
</trkpt>
<trkpt lat="34.27289619" lon="-111.44382153">
<ele>1275.484</ele>
</trkpt>
<trkpt lat="34.27303425" lon="-111.44405220">
<ele>1274.707</ele>
</trkpt>
<trkpt lat="34.27311441" lon="-111.44426678">
<ele>1274.855</ele>
</trkpt>
<trkpt lat="34.27315894" lon="-111.44439553">
<ele>1275.816</ele>
</trkpt>
<trkpt lat="34.27308769" lon="-111.44467447">
<ele>1277.156</ele>
</trkpt>
<trkpt lat="34.27301198" lon="-111.44490514">
<ele>1277.125</ele>
</trkpt>
<trkpt lat="34.27296744" lon="-111.44509826">
<ele>1277.016</ele>
</trkpt>
<trkpt lat="34.27296299" lon="-111.44510899">
<ele>1276.883</ele>
</trkpt>
<trkpt lat="34.27294963" lon="-111.44511436">
<ele>1276.723</ele>
</trkpt>
<trkpt lat="34.27294072" lon="-111.44511972">
<ele>1276.586</ele>
</trkpt>
<trkpt lat="34.27290064" lon="-111.44542549">
<ele>1277.055</ele>
</trkpt>
<trkpt lat="34.27280267" lon="-111.44579027">
<ele>1278.008</ele>
</trkpt>
<trkpt lat="34.27256664" lon="-111.44604240">
<ele>1277.992</ele>
</trkpt>
<trkpt lat="34.27222818" lon="-111.44642864">
<ele>1279.352</ele>
</trkpt>
<trkpt lat="34.27190308" lon="-111.44680951">
<ele>1279.629</ele>
</trkpt>
<trkpt lat="34.27189418" lon="-111.44681488">
<ele>1279.535</ele>
</trkpt>
<trkpt lat="34.27176503" lon="-111.44705091">
<ele>1279.637</ele>
</trkpt>
<trkpt lat="34.27175612" lon="-111.44705628">
<ele>1279.563</ele>
</trkpt>
<trkpt lat="34.27167151" lon="-111.44724940">
<ele>1279.148</ele>
</trkpt>
<trkpt lat="34.27157353" lon="-111.44747470">
<ele>1279.230</ele>
</trkpt>
<trkpt lat="34.27139985" lon="-111.44767855">
<ele>1278.828</ele>
</trkpt>
<trkpt lat="34.27099458" lon="-111.44785557">
<ele>1275.461</ele>
</trkpt>
<trkpt lat="34.27072292" lon="-111.44816671">
<ele>1273.426</ele>
</trkpt>
<trkpt lat="34.27053142" lon="-111.44837056">
<ele>1271.895</ele>
</trkpt>
<trkpt lat="34.27028202" lon="-111.44864414">
<ele>1270.223</ele>
</trkpt>
<trkpt lat="34.27027757" lon="-111.44865487">
<ele>1270.297</ele>
</trkpt>
<trkpt lat="34.26998364" lon="-111.44883190">
<ele>1270.715</ele>
</trkpt>
<trkpt lat="34.26979659" lon="-111.44898210">
<ele>1270.789</ele>
</trkpt>
<trkpt lat="34.26964517" lon="-111.44914840">
<ele>1270.434</ele>
</trkpt>
<trkpt lat="34.26950711" lon="-111.44928787">
<ele>1269.680</ele>
</trkpt>
<trkpt lat="34.26923099" lon="-111.44941126">
<ele>1265.910</ele>
</trkpt>
<trkpt lat="34.26921318" lon="-111.44942198">
<ele>1265.621</ele>
</trkpt>
<trkpt lat="34.26890143" lon="-111.44970093">
<ele>1263.113</ele>
</trkpt>
<trkpt lat="34.26860749" lon="-111.44984041">
<ele>1261.836</ele>
</trkpt>
<trkpt lat="34.26831355" lon="-111.45021592">
<ele>1259.574</ele>
</trkpt>
<trkpt lat="34.26809978" lon="-111.45058070">
<ele>1258.715</ele>
</trkpt>
<trkpt lat="34.26785037" lon="-111.45089184">
<ele>1259.133</ele>
</trkpt>
<trkpt lat="34.26760988" lon="-111.45106350">
<ele>1256.832</ele>
</trkpt>
<trkpt lat="34.26744955" lon="-111.45121370">
<ele>1254.992</ele>
</trkpt>
<trkpt lat="34.26728031" lon="-111.45175014">
<ele>1254.715</ele>
</trkpt>
<trkpt lat="34.26700418" lon="-111.45203982">
<ele>1253.855</ele>
</trkpt>
<trkpt lat="34.26678149" lon="-111.45224367">
<ele>1253.063</ele>
</trkpt>
<trkpt lat="34.26676368" lon="-111.45226513">
<ele>1253.172</ele>
</trkpt>
<trkpt lat="34.26658553" lon="-111.45243679">
<ele>1253.289</ele>
</trkpt>
<trkpt lat="34.26648755" lon="-111.45282303">
<ele>1252.934</ele>
</trkpt>
<trkpt lat="34.26648755" lon="-111.45325218">
<ele>1254.535</ele>
</trkpt>
<trkpt lat="34.26646973" lon="-111.45374571">
<ele>1256.789</ele>
</trkpt>
<trkpt lat="34.26635394" lon="-111.45400320">
<ele>1257.855</ele>
</trkpt>
<trkpt lat="34.26610453" lon="-111.45434652">
<ele>1260.656</ele>
</trkpt>
<trkpt lat="34.26606890" lon="-111.45456110">
<ele>1260.938</ele>
</trkpt>
<trkpt lat="34.26611344" lon="-111.45476495">
<ele>1260.586</ele>
</trkpt>
<trkpt lat="34.26592638" lon="-111.45481859">
<ele>1259.059</ele>
</trkpt>
<trkpt lat="34.26562353" lon="-111.45479713">
<ele>1255.805</ele>
</trkpt>
<trkpt lat="34.26542756" lon="-111.45479713">
<ele>1252.871</ele>
</trkpt>
<trkpt lat="34.26540974" lon="-111.45478640">
<ele>1252.656</ele>
</trkpt>
<trkpt lat="34.26519596" lon="-111.45502244">
<ele>1248.387</ele>
</trkpt>
<trkpt lat="34.26486638" lon="-111.45512973">
<ele>1246.063</ele>
</trkpt>
<trkpt lat="34.26448336" lon="-111.45514045">
<ele>1244.125</ele>
</trkpt>
<trkpt lat="34.26393108" lon="-111.45511900">
<ele>1241.863</ele>
</trkpt>
<trkpt lat="34.26368167" lon="-111.45524774">
<ele>1240.949</ele>
</trkpt>
<trkpt lat="34.26327191" lon="-111.45521556">
<ele>1242.375</ele>
</trkpt>
<trkpt lat="34.26306703" lon="-111.45518337">
<ele>1241.941</ele>
</trkpt>
<trkpt lat="34.26271963" lon="-111.45537649">
<ele>1242.035</ele>
</trkpt>
<trkpt lat="34.26230096" lon="-111.45564471">
<ele>1239.863</ele>
</trkpt>
<trkpt lat="34.26176648" lon="-111.45597730">
<ele>1237.844</ele>
</trkpt>
<trkpt lat="34.26129436" lon="-111.45622407">
<ele>1235.859</ele>
</trkpt>
<trkpt lat="34.26128545" lon="-111.45624552">
<ele>1235.820</ele>
</trkpt>
<trkpt lat="34.26126764" lon="-111.45625625">
<ele>1235.770</ele>
</trkpt>
<trkpt lat="34.26124982" lon="-111.45626698">
<ele>1235.711</ele>
</trkpt>
<trkpt lat="34.26069753" lon="-111.45644937">
<ele>1232.297</ele>
</trkpt>
<trkpt lat="34.26043919" lon="-111.45656739">
<ele>1231.906</ele>
</trkpt>
<trkpt lat="34.25999379" lon="-111.45721112">
<ele>1232.078</ele>
</trkpt>
<trkpt lat="34.25950384" lon="-111.45770465">
<ele>1232.156</ele>
</trkpt>
<trkpt lat="34.25903171" lon="-111.45817672">
<ele>1230.586</ele>
</trkpt>
<trkpt lat="34.25880009" lon="-111.45850931">
<ele>1231.438</ele>
</trkpt>
<trkpt lat="34.25865756" lon="-111.45880972">
<ele>1231.754</ele>
</trkpt>
<trkpt lat="34.25846158" lon="-111.45905648">
<ele>1232.469</ele>
</trkpt>
<trkpt lat="34.25832795" lon="-111.45951782">
<ele>1231.758</ele>
</trkpt>
<trkpt lat="34.25821215" lon="-111.45970021">
<ele>1232.000</ele>
</trkpt>
<trkpt lat="34.25790036" lon="-111.45998989">
<ele>1232.191</ele>
</trkpt>
<trkpt lat="34.25779345" lon="-111.46035467">
<ele>1229.895</ele>
</trkpt>
<trkpt lat="34.25763310" lon="-111.46056925">
<ele>1227.980</ele>
</trkpt>
<trkpt lat="34.25744603" lon="-111.46081601">
<ele>1227.633</ele>
</trkpt>
<trkpt lat="34.25737476" lon="-111.46125589">
<ele>1230.008</ele>
</trkpt>
<trkpt lat="34.25735694" lon="-111.46160994">
<ele>1232.203</ele>
</trkpt>
<trkpt lat="34.25720550" lon="-111.46172796">
<ele>1233.586</ele>
</trkpt>
<trkpt lat="34.25687589" lon="-111.46186743">
<ele>1233.176</ele>
</trkpt>
<trkpt lat="34.25684916" lon="-111.46187816">
<ele>1232.965</ele>
</trkpt>
<trkpt lat="34.25654628" lon="-111.46203910">
<ele>1230.684</ele>
</trkpt>
<trkpt lat="34.25621666" lon="-111.46240388">
<ele>1228.781</ele>
</trkpt>
<trkpt lat="34.25601177" lon="-111.46265064">
<ele>1226.906</ele>
</trkpt>
<trkpt lat="34.25571778" lon="-111.46330510">
<ele>1224.930</ele>
</trkpt>
<trkpt lat="34.25546834" lon="-111.46366988">
<ele>1226.113</ele>
</trkpt>
<trkpt lat="34.25524563" lon="-111.46404539">
<ele>1227.535</ele>
</trkpt>
<trkpt lat="34.25509418" lon="-111.46434580">
<ele>1228.656</ele>
</trkpt>
<trkpt lat="34.25506746" lon="-111.46434580">
<ele>1228.656</ele>
</trkpt>
<trkpt lat="34.25485365" lon="-111.46452819">
<ele>1229.000</ele>
</trkpt>
<trkpt lat="34.25459530" lon="-111.46461402">
<ele>1229.438</ele>
</trkpt>
<trkpt lat="34.25417659" lon="-111.46456037">
<ele>1229.207</ele>
</trkpt>
<trkpt lat="34.25374006" lon="-111.46442090">
<ele>1227.504</ele>
</trkpt>
<trkpt lat="34.25346389" lon="-111.46422778">
<ele>1226.453</ele>
</trkpt>
<trkpt lat="34.25313426" lon="-111.46417413">
<ele>1225.980</ele>
</trkpt>
<trkpt lat="34.25285808" lon="-111.46433507">
<ele>1224.313</ele>
</trkpt>
<trkpt lat="34.25265318" lon="-111.46467839">
<ele>1219.465</ele>
</trkpt>
<trkpt lat="34.25262645" lon="-111.46531139">
<ele>1220.520</ele>
</trkpt>
<trkpt lat="34.25246609" lon="-111.46589075">
<ele>1220.516</ele>
</trkpt>
<trkpt lat="34.25224337" lon="-111.46637355">
<ele>1220.809</ele>
</trkpt>
<trkpt lat="34.25200283" lon="-111.46653448">
<ele>1221.508</ele>
</trkpt>
<trkpt lat="34.25158411" lon="-111.46650229">
<ele>1220.051</ele>
</trkpt>
<trkpt lat="34.25106738" lon="-111.46664177">
<ele>1216.578</ele>
</trkpt>
<trkpt lat="34.25056847" lon="-111.46679197">
<ele>1214.914</ele>
</trkpt>
<trkpt lat="34.24994483" lon="-111.46688853">
<ele>1213.586</ele>
</trkpt>
<trkpt lat="34.24935682" lon="-111.46710311">
<ele>1211.305</ele>
</trkpt>
<trkpt lat="34.24885790" lon="-111.46717821">
<ele>1211.117</ele>
</trkpt>
<trkpt lat="34.24850153" lon="-111.46714602">
<ele>1212.555</ele>
</trkpt>
<trkpt lat="34.24802933" lon="-111.46695290">
<ele>1210.758</ele>
</trkpt>
<trkpt lat="34.24767296" lon="-111.46689926">
<ele>1209.035</ele>
</trkpt>
<trkpt lat="34.24731658" lon="-111.46687780">
<ele>1207.621</ele>
</trkpt>
<trkpt lat="34.24729876" lon="-111.46689926">
<ele>1207.512</ele>
</trkpt>
<trkpt lat="34.24727203" lon="-111.46689926">
<ele>1207.316</ele>
</trkpt>
<trkpt lat="34.24678201" lon="-111.46684561">
<ele>1205.680</ele>
</trkpt>
<trkpt lat="34.24643454" lon="-111.46687780">
<ele>1204.414</ele>
</trkpt>
<trkpt lat="34.24625635" lon="-111.46692072">
<ele>1203.117</ele>
</trkpt>
<trkpt lat="34.24623853" lon="-111.46689926">
<ele>1203.000</ele>
</trkpt>
<trkpt lat="34.24598015" lon="-111.46686707">
<ele>1201.527</ele>
</trkpt>
<trkpt lat="34.24557031" lon="-111.46696363">
<ele>1200.996</ele>
</trkpt>
<trkpt lat="34.24491099" lon="-111.46700655">
<ele>1203.246</ele>
</trkpt>
<trkpt lat="34.24426949" lon="-111.46716748">
<ele>1202.066</ele>
</trkpt>
<trkpt lat="34.24381508" lon="-111.46743570">
<ele>1201.727</ele>
</trkpt>
<trkpt lat="34.24358343" lon="-111.46760736">
<ele>1202.066</ele>
</trkpt>
<trkpt lat="34.24356561" lon="-111.46759663">
<ele>1202.094</ele>
</trkpt>
<trkpt lat="34.24302210" lon="-111.46765028">
<ele>1202.059</ele>
</trkpt>
<trkpt lat="34.24263898" lon="-111.46765028">
<ele>1202.496</ele>
</trkpt>
<trkpt lat="34.24205092" lon="-111.46840130">
<ele>1199.195</ele>
</trkpt>
<trkpt lat="34.24151631" lon="-111.46907721">
<ele>1197.141</ele>
</trkpt>
<trkpt lat="34.24107081" lon="-111.46940981">
<ele>1196.477</ele>
</trkpt>
<trkpt lat="34.24080350" lon="-111.46976386">
<ele>1195.848</ele>
</trkpt>
<trkpt lat="34.24024216" lon="-111.47013937">
<ele>1192.652</ele>
</trkpt>
<trkpt lat="34.24001049" lon="-111.47040759">
<ele>1191.035</ele>
</trkpt>
<trkpt lat="34.23964072" lon="-111.47052561">
<ele>1186.270</ele>
</trkpt>
<trkpt lat="34.23915956" lon="-111.47067581">
<ele>1180.980</ele>
</trkpt>
<trkpt lat="34.23913283" lon="-111.47067581">
<ele>1180.910</ele>
</trkpt>
<trkpt lat="34.23910610" lon="-111.47067581">
<ele>1180.863</ele>
</trkpt>
<trkpt lat="34.23854475" lon="-111.47104059">
<ele>1182.422</ele>
</trkpt>
<trkpt lat="34.23851802" lon="-111.47104059">
<ele>1182.332</ele>
</trkpt>
<trkpt lat="34.23814378" lon="-111.47140537">
<ele>1181.535</ele>
</trkpt>
<trkpt lat="34.23780518" lon="-111.47168432">
<ele>1180.051</ele>
</trkpt>
<trkpt lat="34.23741312" lon="-111.47189890">
<ele>1180.461</ele>
</trkpt>
<trkpt lat="34.23738639" lon="-111.47189890">
<ele>1180.379</ele>
</trkpt>
<trkpt lat="34.23713689" lon="-111.47221003">
<ele>1178.734</ele>
</trkpt>
<trkpt lat="34.23674483" lon="-111.47238169">
<ele>1176.395</ele>
</trkpt>
<trkpt lat="34.23624583" lon="-111.47280012">
<ele>1174.379</ele>
</trkpt>
<trkpt lat="34.23599633" lon="-111.47312198">
<ele>1172.504</ele>
</trkpt>
<trkpt lat="34.23583594" lon="-111.47370134">
<ele>1167.297</ele>
</trkpt>
<trkpt lat="34.23535476" lon="-111.47419487">
<ele>1163.078</ele>
</trkpt>
<trkpt lat="34.23465081" lon="-111.47464548">
<ele>1162.285</ele>
</trkpt>
<trkpt lat="34.23391121" lon="-111.47479568">
<ele>1158.871</ele>
</trkpt>
<trkpt lat="34.23341220" lon="-111.47475277">
<ele>1157.273</ele>
</trkpt>
<trkpt lat="34.23292209" lon="-111.47472058">
<ele>1155.496</ele>
</trkpt>
<trkpt lat="34.23265476" lon="-111.47480641">
<ele>1154.512</ele>
</trkpt>
<trkpt lat="34.23245872" lon="-111.47494589">
<ele>1154.793</ele>
</trkpt>
<trkpt lat="34.23219139" lon="-111.47505317">
<ele>1154.332</ele>
</trkpt>
<trkpt lat="34.23141612" lon="-111.47512828">
<ele>1151.875</ele>
</trkpt>
<trkpt lat="34.23118443" lon="-111.47516046">
<ele>1152.035</ele>
</trkpt>
<trkpt lat="34.23097947" lon="-111.47493516">
<ele>1151.668</ele>
</trkpt>
<trkpt lat="34.23079233" lon="-111.47470985">
<ele>1150.711</ele>
</trkpt>
<trkpt lat="34.23036459" lon="-111.47454892">
<ele>1146.195</ele>
</trkpt>
<trkpt lat="34.22983883" lon="-111.47446309">
<ele>1142.301</ele>
</trkpt>
<trkpt lat="34.22932197" lon="-111.47445236">
<ele>1138.574</ele>
</trkpt>
<trkpt lat="34.22879619" lon="-111.47442017">
<ele>1134.770</ele>
</trkpt>
<trkpt lat="34.22840409" lon="-111.47453819">
<ele>1132.574</ele>
</trkpt>
<trkpt lat="34.22798525" lon="-111.47476350">
<ele>1132.051</ele>
</trkpt>
<trkpt lat="34.22766443" lon="-111.47519265">
<ele>1125.273</ele>
</trkpt>
<trkpt lat="34.22734362" lon="-111.47555743">
<ele>1120.672</ele>
</trkpt>
<trkpt lat="34.22710300" lon="-111.47596513">
<ele>1117.121</ele>
</trkpt>
<trkpt lat="34.22672871" lon="-111.47632991">
<ele>1113.043</ele>
</trkpt>
<trkpt lat="34.22600686" lon="-111.47698436">
<ele>1110.660</ele>
</trkpt>
<trkpt lat="34.22553454" lon="-111.47720967">
<ele>1103.758</ele>
</trkpt>
<trkpt lat="34.22527833" lon="-111.47727136">
<ele>1099.477</ele>
</trkpt>
<trkpt lat="34.22509564" lon="-111.47724990">
<ele>1097.219</ele>
</trkpt>
<trkpt lat="34.22508673" lon="-111.47723917">
<ele>1097.258</ele>
</trkpt>
<trkpt lat="34.22507782" lon="-111.47723381">
<ele>1097.285</ele>
</trkpt>
<trkpt lat="34.22507336" lon="-111.47722308">
<ele>1097.230</ele>
</trkpt>
<trkpt lat="34.22485948" lon="-111.47721772">
<ele>1092.941</ele>
</trkpt>
<trkpt lat="34.22460994" lon="-111.47729818">
<ele>1087.305</ele>
</trkpt>
<trkpt lat="34.22440051" lon="-111.47734110">
<ele>1082.539</ele>
</trkpt>
<trkpt lat="34.22429803" lon="-111.47727673">
<ele>1080.625</ele>
</trkpt>
<trkpt lat="34.22434259" lon="-111.47706215">
<ele>1082.000</ele>
</trkpt>
<trkpt lat="34.22440497" lon="-111.47677783">
<ele>1080.859</ele>
</trkpt>
<trkpt lat="34.22453419" lon="-111.47654180">
<ele>1079.238</ele>
</trkpt>
<trkpt lat="34.22460103" lon="-111.47631113">
<ele>1077.137</ele>
</trkpt>
<trkpt lat="34.22460994" lon="-111.47613410">
<ele>1074.832</ele>
</trkpt>
<trkpt lat="34.22445844" lon="-111.47595171">
<ele>1070.078</ele>
</trkpt>
<trkpt lat="34.22421336" lon="-111.47588734">
<ele>1066.203</ele>
</trkpt>
<trkpt lat="34.22398165" lon="-111.47583370">
<ele>1060.902</ele>
</trkpt>
<trkpt lat="34.22379004" lon="-111.47581760">
<ele>1055.910</ele>
</trkpt>
<trkpt lat="34.22358952" lon="-111.47599463">
<ele>1053.656</ele>
</trkpt>
<trkpt lat="34.22336672" lon="-111.47605900">
<ele>1047.375</ele>
</trkpt>
<trkpt lat="34.22309045" lon="-111.47608582">
<ele>1039.676</ele>
</trkpt>
<trkpt lat="34.22275179" lon="-111.47629504">
<ele>1039.297</ele>
</trkpt>
<trkpt lat="34.22273842" lon="-111.47629504">
<ele>1039.262</ele>
</trkpt>
<trkpt lat="34.22272951" lon="-111.47630577">
<ele>1039.406</ele>
</trkpt>
<trkpt lat="34.22240422" lon="-111.47654180">
<ele>1042.879</ele>
</trkpt>
<trkpt lat="34.22205219" lon="-111.47682611">
<ele>1043.316</ele>
</trkpt>
<trkpt lat="34.22184275" lon="-111.47702460">
<ele>1043.297</ele>
</trkpt>
<trkpt lat="34.22149072" lon="-111.47723381">
<ele>1040.949</ele>
</trkpt>
<trkpt lat="34.22148181" lon="-111.47723917">
<ele>1040.938</ele>
</trkpt>
<trkpt lat="34.22108522" lon="-111.47745375">
<ele>1038.215</ele>
</trkpt>
<trkpt lat="34.22088915" lon="-111.47764687">
<ele>1039.504</ele>
</trkpt>
<trkpt lat="34.22055048" lon="-111.47790973">
<ele>1042.797</ele>
</trkpt>
<trkpt lat="34.22015833" lon="-111.47808139">
<ele>1041.078</ele>
</trkpt>
<trkpt lat="34.21984194" lon="-111.47817258">
<ele>1040.492</ele>
</trkpt>
<trkpt lat="34.21963250" lon="-111.47814040">
<ele>1039.113</ele>
</trkpt>
<trkpt lat="34.21946762" lon="-111.47807066">
<ele>1038.160</ele>
</trkpt>
<trkpt lat="34.21917351" lon="-111.47822086">
<ele>1037.215</ele>
</trkpt>
<trkpt lat="34.21878137" lon="-111.47844080">
<ele>1034.449</ele>
</trkpt>
<trkpt lat="34.21847389" lon="-111.47877340">
<ele>1036.340</ele>
</trkpt>
<trkpt lat="34.21814858" lon="-111.47906844">
<ele>1040.035</ele>
</trkpt>
<trkpt lat="34.21784555" lon="-111.47918646">
<ele>1038.898</ele>
</trkpt>
<trkpt lat="34.21724840" lon="-111.47911136">
<ele>1029.500</ele>
</trkpt>
<trkpt lat="34.21720829" lon="-111.47781853">
<ele>1026.934</ele>
</trkpt>
<trkpt lat="34.21719492" lon="-111.47781853">
<ele>1027.078</ele>
</trkpt>
<trkpt lat="34.21677603" lon="-111.47745375">
<ele>1031.773</ele>
</trkpt>
<trkpt lat="34.21657995" lon="-111.47743229">
<ele>1033.078</ele>
</trkpt>
<trkpt lat="34.21679385" lon="-111.47694413">
<ele>1032.602</ele>
</trkpt>
<trkpt lat="34.21740437" lon="-111.47610728">
<ele>1037.371</ele>
</trkpt>
<trkpt lat="34.21739546" lon="-111.47611265">
<ele>1037.371</ele>
</trkpt>
<trkpt lat="34.21782772" lon="-111.47545819">
<ele>1042.934</ele>
</trkpt>
<trkpt lat="34.21793913" lon="-111.47502903">
<ele>1043.156</ele>
</trkpt>
<trkpt lat="34.21809064" lon="-111.47472326">
<ele>1043.656</ele>
</trkpt>
<trkpt lat="34.21809513" lon="-111.47466425">
<ele>1044.305</ele>
</trkpt>
<trkpt lat="34.21825556" lon="-111.47438530">
<ele>1044.035</ele>
</trkpt>
<trkpt lat="34.21903986" lon="-111.47382740">
<ele>1039.430</ele>
</trkpt>
<trkpt lat="34.21944983" lon="-111.47273306">
<ele>1042.922</ele>
</trkpt>
<trkpt lat="34.21991328" lon="-111.47155289">
<ele>1045.691</ele>
</trkpt>
<trkpt lat="34.22012718" lon="-111.47093062">
<ele>1048.594</ele>
</trkpt>
<trkpt lat="34.22018065" lon="-111.46957879">
<ele>1053.914</ele>
</trkpt>
<trkpt lat="34.22035890" lon="-111.46824841">
<ele>1048.934</ele>
</trkpt>
<trkpt lat="34.22007370" lon="-111.46691803">
<ele>1047.402</ele>
</trkpt>
<trkpt lat="34.21939636" lon="-111.46623139">
<ele>1049.137</ele>
</trkpt>
<trkpt lat="34.21861206" lon="-111.46578078">
<ele>1052.379</ele>
</trkpt>
<trkpt lat="34.21775645" lon="-111.46554474">
<ele>1056.102</ele>
</trkpt>
<trkpt lat="34.21684736" lon="-111.46558766">
<ele>1055.578</ele>
</trkpt>
<trkpt lat="34.21620564" lon="-111.46537308">
<ele>1060.176</ele>
</trkpt>
<trkpt lat="34.21577783" lon="-111.46528725">
<ele>1063.207</ele>
</trkpt>
<trkpt lat="34.21504697" lon="-111.46537308">
<ele>1068.371</ele>
</trkpt>
<trkpt lat="34.21504697" lon="-111.46537308">
<ele>1068.371</ele>
</trkpt>
<trkpt lat="34.21511827" lon="-111.46464352">
<ele>1084.199</ele>
</trkpt>
<trkpt lat="34.21529653" lon="-111.46417145">
<ele>1092.551</ele>
</trkpt>
<trkpt lat="34.21552827" lon="-111.46384959">
<ele>1092.449</ele>
</trkpt>
<trkpt lat="34.21595608" lon="-111.46361355">
<ele>1095.000</ele>
</trkpt>
<trkpt lat="34.21595608" lon="-111.46361355">
<ele>1095.000</ele>
</trkpt>
<trkpt lat="34.21586696" lon="-111.46318440">
<ele>1092.789</ele>
</trkpt>
<trkpt lat="34.21527871" lon="-111.46327023">
<ele>1090.336</ele>
</trkpt>
<trkpt lat="34.21428046" lon="-111.46331315">
<ele>1088.699</ele>
</trkpt>
<trkpt lat="34.21371002" lon="-111.46279816">
<ele>1082.789</ele>
</trkpt>
<trkpt lat="34.21347828" lon="-111.46206860">
<ele>1079.953</ele>
</trkpt>
<trkpt lat="34.21319306" lon="-111.46110301">
<ele>1075.523</ele>
</trkpt>
<trkpt lat="34.21296132" lon="-111.46056656">
<ele>1077.875</ele>
</trkpt>
<trkpt lat="34.21294350" lon="-111.45981554">
<ele>1081.559</ele>
</trkpt>
<trkpt lat="34.21299698" lon="-111.45893578">
<ele>1082.020</ele>
</trkpt>
<trkpt lat="34.21319306" lon="-111.45839934">
<ele>1081.875</ele>
</trkpt>
<trkpt lat="34.21378133" lon="-111.45784144">
<ele>1085.215</ele>
</trkpt>
<trkpt lat="34.21476176" lon="-111.45721917">
<ele>1089.254</ele>
</trkpt>
<trkpt lat="34.21520740" lon="-111.45666127">
<ele>1089.266</ele>
</trkpt>
<trkpt lat="34.21579565" lon="-111.45573859">
<ele>1087.781</ele>
</trkpt>
<trkpt lat="34.21625912" lon="-111.45533089">
<ele>1090.273</ele>
</trkpt>
<trkpt lat="34.21641955" lon="-111.45473008">
<ele>1092.836</ele>
</trkpt>
<trkpt lat="34.21643737" lon="-111.45380740">
<ele>1092.391</ele>
</trkpt>
<trkpt lat="34.21604521" lon="-111.45282034">
<ele>1093.992</ele>
</trkpt>
<trkpt lat="34.21613434" lon="-111.45221953">
<ele>1092.938</ele>
</trkpt>
<trkpt lat="34.21631260" lon="-111.45140414">
<ele>1097.793</ele>
</trkpt>
<trkpt lat="34.21611651" lon="-111.45046000">
<ele>1104.984</ele>
</trkpt>
<trkpt lat="34.21524305" lon="-111.44953732">
<ele>1104.531</ele>
</trkpt>
<trkpt lat="34.21494002" lon="-111.44885067">
<ele>1105.336</ele>
</trkpt>
<trkpt lat="34.21510045" lon="-111.44764904">
<ele>1120.340</ele>
</trkpt>
<trkpt lat="34.21531436" lon="-111.44687657">
<ele>1122.855</ele>
</trkpt>
<trkpt lat="34.21629477" lon="-111.44612555">
<ele>1134.160</ele>
</trkpt>
<trkpt lat="34.21723952" lon="-111.44475226">
<ele>1142.297</ele>
</trkpt>
<trkpt lat="34.21793471" lon="-111.44370083">
<ele>1145.949</ele>
</trkpt>
<trkpt lat="34.21873684" lon="-111.44262795">
<ele>1147.031</ele>
</trkpt>
<trkpt lat="34.21961026" lon="-111.44131903">
<ele>1155.289</ele>
</trkpt>
<trkpt lat="34.21989546" lon="-111.44076113">
<ele>1157.090</ele>
</trkpt>
<trkpt lat="34.22003805" lon="-111.43981699">
<ele>1160.984</ele>
</trkpt>
<trkpt lat="34.22046585" lon="-111.43880848">
<ele>1164.039</ele>
</trkpt>
<trkpt lat="34.22087581" lon="-111.43758540">
<ele>1173.180</ele>
</trkpt>
<trkpt lat="34.22137490" lon="-111.43636231">
<ele>1183.137</ele>
</trkpt>
<trkpt lat="34.22128578" lon="-111.43531088">
<ele>1186.195</ele>
</trkpt>
<trkpt lat="34.22153532" lon="-111.43430237">
<ele>1194.063</ele>
</trkpt>
<trkpt lat="34.22132143" lon="-111.43372302">
<ele>1195.816</ele>
</trkpt>
<trkpt lat="34.22089364" lon="-111.43333678">
<ele>1195.992</ele>
</trkpt>
<trkpt lat="34.22132143" lon="-111.43211369">
<ele>1198.098</ele>
</trkpt>
<trkpt lat="34.22100059" lon="-111.43089060">
<ele>1199.113</ele>
</trkpt>
<trkpt lat="34.22094711" lon="-111.42996792">
<ele>1194.578</ele>
</trkpt>
<trkpt lat="34.22101841" lon="-111.42895941">
<ele>1193.555</ele>
</trkpt>
<trkpt lat="34.22112536" lon="-111.42827277">
<ele>1195.438</ele>
</trkpt>
<trkpt lat="34.22108971" lon="-111.42752175">
<ele>1191.141</ele>
</trkpt>
<trkpt lat="34.22121448" lon="-111.42694239">
<ele>1190.969</ele>
</trkpt>
<trkpt lat="34.22105406" lon="-111.42554764">
<ele>1194.629</ele>
</trkpt>
<trkpt lat="34.22082234" lon="-111.42438893">
<ele>1204.012</ele>
</trkpt>
<trkpt lat="34.22051932" lon="-111.42372374">
<ele>1208.098</ele>
</trkpt>
<trkpt lat="34.22044802" lon="-111.42316584">
<ele>1210.512</ele>
</trkpt>
<trkpt lat="34.22075104" lon="-111.42265086">
<ele>1213.094</ele>
</trkpt>
<trkpt lat="34.22117883" lon="-111.42245774">
<ele>1216.172</ele>
</trkpt>
<trkpt lat="34.22164227" lon="-111.42226462">
<ele>1216.969</ele>
</trkpt>
<trkpt lat="34.22174922" lon="-111.42189984">
<ele>1220.043</ele>
</trkpt>
<trkpt lat="34.22190964" lon="-111.42114882">
<ele>1227.750</ele>
</trkpt>
<trkpt lat="34.22253349" lon="-111.42076258">
<ele>1230.027</ele>
</trkpt>
<trkpt lat="34.22313951" lon="-111.42054800">
<ele>1232.363</ele>
</trkpt>
<trkpt lat="34.22353164" lon="-111.41953949">
<ele>1234.684</ele>
</trkpt>
<trkpt lat="34.22331775" lon="-111.41846661">
<ele>1233.285</ele>
</trkpt>
<trkpt lat="34.22290779" lon="-111.41722207">
<ele>1239.137</ele>
</trkpt>
<trkpt lat="34.22272955" lon="-111.41690020">
<ele>1241.844</ele>
</trkpt>
<trkpt lat="34.22281867" lon="-111.41595606">
<ele>1241.176</ele>
</trkpt>
<trkpt lat="34.22278302" lon="-111.41524796">
<ele>1243.914</ele>
</trkpt>
<trkpt lat="34.22280085" lon="-111.41445403">
<ele>1249.840</ele>
</trkpt>
<trkpt lat="34.22248001" lon="-111.41284470">
<ele>1255.438</ele>
</trkpt>
<trkpt lat="34.22215918" lon="-111.41132121">
<ele>1264.078</ele>
</trkpt>
<trkpt lat="34.22166009" lon="-111.40992646">
<ele>1270.723</ele>
</trkpt>
<trkpt lat="34.22130360" lon="-111.40885357">
<ele>1281.324</ele>
</trkpt>
<trkpt lat="34.22085799" lon="-111.40838150">
<ele>1283.695</ele>
</trkpt>
<trkpt lat="34.22051932" lon="-111.40769486">
<ele>1288.188</ele>
</trkpt>
<trkpt lat="34.22050150" lon="-111.40614991">
<ele>1295.059</ele>
</trkpt>
<trkpt lat="34.22035890" lon="-111.40406851">
<ele>1306.887</ele>
</trkpt>
<trkpt lat="34.21978851" lon="-111.40224461">
<ele>1316.137</ele>
</trkpt>
<trkpt lat="34.21891509" lon="-111.40095715">
<ele>1315.109</ele>
</trkpt>
<trkpt lat="34.21818426" lon="-111.40020613">
<ele>1323.355</ele>
</trkpt>
<trkpt lat="34.21782776" lon="-111.39966969">
<ele>1329.035</ele>
</trkpt>
<trkpt lat="34.21780993" lon="-111.39848952">
<ele>1339.016</ele>
</trkpt>
<trkpt lat="34.21759603" lon="-111.39767413">
<ele>1342.102</ele>
</trkpt>
<trkpt lat="34.21736430" lon="-111.39700894">
<ele>1346.531</ele>
</trkpt>
<trkpt lat="34.21695432" lon="-111.39657979">
<ele>1354.898</ele>
</trkpt>
<trkpt lat="34.21670476" lon="-111.39625792">
<ele>1357.926</ele>
</trkpt>
<trkpt lat="34.21691867" lon="-111.39529232">
<ele>1368.352</ele>
</trkpt>
<trkpt lat="34.21715040" lon="-111.39439110">
<ele>1378.844</ele>
</trkpt>
<trkpt lat="34.21763168" lon="-111.39364008">
<ele>1388.547</ele>
</trkpt>
<trkpt lat="34.21820209" lon="-111.39331822">
<ele>1392.461</ele>
</trkpt>
<trkpt lat="34.21852294" lon="-111.39301781">
<ele>1398.973</ele>
</trkpt>
<trkpt lat="34.21852294" lon="-111.39248137">
<ele>1406.363</ele>
</trkpt>
<trkpt lat="34.21813079" lon="-111.39203076">
<ele>1412.352</ele>
</trkpt>
<trkpt lat="34.21782776" lon="-111.39153723">
<ele>1419.148</ele>
</trkpt>
<trkpt lat="34.21763168" lon="-111.39097933">
<ele>1425.633</ele>
</trkpt>
<trkpt lat="34.21711474" lon="-111.39072184">
<ele>1423.984</ele>
</trkpt>
<trkpt lat="34.21665128" lon="-111.39022831">
<ele>1428.691</ele>
</trkpt>
<trkpt lat="34.21633042" lon="-111.38962750">
<ele>1436.531</ele>
</trkpt>
<trkpt lat="34.21638390" lon="-111.38913397">
<ele>1437.715</ele>
</trkpt>
<trkpt lat="34.21657998" lon="-111.38840441">
<ele>1439.777</ele>
</trkpt>
<trkpt lat="34.21661286" lon="-111.38815635">
<ele>1440.176</ele>
</trkpt>
<trkpt lat="34.21674655" lon="-111.38775938">
<ele>1440.277</ele>
</trkpt>
<trkpt lat="34.21693372" lon="-111.38721221">
<ele>1438.914</ele>
</trkpt>
<trkpt lat="34.21722783" lon="-111.38664358">
<ele>1435.645</ele>
</trkpt>
<trkpt lat="34.21761999" lon="-111.38627880">
<ele>1431.473</ele>
</trkpt>
<trkpt lat="34.21798541" lon="-111.38609641">
<ele>1428.949</ele>
</trkpt>
<trkpt lat="34.21797922" lon="-111.38606232">
<ele>1431.156</ele>
</trkpt>
</trkseg>
</trk>
</gpx>
